20.02.2026 09:56:00 - AlorPy - DEBUG - Запрос : /md/v2/Securities/MOEX/RIH6?format=Simple
20.02.2026 09:56:00 - AlorPy - DEBUG - Ответ  : {"symbol":"RTS-3.26","shortname":"RIH6","description":"RIH6","exchange":"MOEX","market":"FORTS","type":"Фьючерсный контракт RTS-3.26","lotsize":1,"facevalue":1,"cfiCode":"FFXCSX","cancellation":"2026-03-19T00:00:00.0000000","minstep":10,"rating":73665,"marginbuy":27239.99,"marginsell":27478.82,"marginrate":0,"priceMax":123930,"priceMin":108410,"theorPrice":0,"theorPriceLimit":0,"volatility":0,"currency":"USD","ISIN":null,"yield":null,"board":"RFUD","primary_board":"RFUD","tradingStatus":17,"tradingStatusInfo":"нормальный период торгов","complexProductCategory":"2","priceMultiplier":1,"priceShownUnits":1,"pricestep":15.3281}
20.02.2026 09:56:00 - Schedule.BarsStream - DEBUG - Текущая дата и время на бирже: 20.02.2026 09:56:00
20.02.2026 09:56:00 - Schedule.BarsStream - DEBUG - Нужно получить бар: 20.02.2026 00:00:00
20.02.2026 09:56:00 - Schedule.BarsStream - DEBUG - Время запроса бара: 23.02.2026 09:00:03
20.02.2026 09:56:00 - Schedule.BarsStream - DEBUG - Ожидание в секундах: 255843.0
20.02.2026 09:56:05 - AlorPy - DEBUG - Запрос : /md/v2/Securities/MOEX/SiH6?format=Simple
20.02.2026 09:56:05 - AlorPy - DEBUG - Ответ  : {"symbol":"SI-3.26","shortname":"SiH6","description":"SiH6","exchange":"MOEX","market":"FORTS","type":"Фьючерсный контракт Si-3.26","lotsize":1,"facevalue":1000,"cfiCode":"FFXCSX","cancellation":"2026-03-19T00:00:00.0000000","minstep":1,"rating":949564,"marginbuy":11782.55,"marginsell":11886.1,"marginrate":0,"priceMax":82691,"priceMin":69675,"theorPrice":0,"theorPriceLimit":0,"volatility":0,"currency":"RUB","ISIN":null,"yield":null,"board":"RFUD","primary_board":"RFUD","tradingStatus":17,"tradingStatusInfo":"нормальный период торгов","complexProductCategory":"2","priceMultiplier":1,"priceShownUnits":1,"pricestep":1}
20.02.2026 09:56:05 - Schedule.BarsStream - DEBUG - Текущая дата и время на бирже: 20.02.2026 09:56:05
20.02.2026 09:56:05 - Schedule.BarsStream - DEBUG - Нужно получить бар: 20.02.2026 00:00:00
20.02.2026 09:56:05 - Schedule.BarsStream - DEBUG - Время запроса бара: 23.02.2026 09:00:03
20.02.2026 09:56:05 - Schedule.BarsStream - DEBUG - Ожидание в секундах: 255838.0
20.02.2026 10:05:29 - AlorPy - DEBUG - Запрос : /md/v2/Securities/MOEX/RIH6?format=Simple
20.02.2026 10:05:29 - AlorPy - DEBUG - Ответ  : {"symbol":"RTS-3.26","shortname":"RIH6","description":"RIH6","exchange":"MOEX","market":"FORTS","type":"Фьючерсный контракт RTS-3.26","lotsize":1,"facevalue":1,"cfiCode":"FFXCSX","cancellation":"2026-03-19T00:00:00.0000000","minstep":10,"rating":73665,"marginbuy":27239.99,"marginsell":27478.82,"marginrate":0,"priceMax":123930,"priceMin":108410,"theorPrice":0,"theorPriceLimit":0,"volatility":0,"currency":"USD","ISIN":null,"yield":null,"board":"RFUD","primary_board":"RFUD","tradingStatus":17,"tradingStatusInfo":"нормальный период торгов","complexProductCategory":"2","priceMultiplier":1,"priceShownUnits":1,"pricestep":15.3281}
20.02.2026 10:05:29 - Schedule.BarsStream - DEBUG - Текущая дата и время на бирже: 20.02.2026 10:05:29
20.02.2026 10:05:29 - Schedule.BarsStream - DEBUG - Нужно получить бар: 20.02.2026 00:00:00
20.02.2026 10:05:29 - Schedule.BarsStream - DEBUG - Время запроса бара: 23.02.2026 09:00:03
20.02.2026 10:05:29 - Schedule.BarsStream - DEBUG - Ожидание в секундах: 255274.0
20.02.2026 10:05:35 - AlorPy - DEBUG - Запрос : /md/v2/Securities/MOEX/SiH6?format=Simple
20.02.2026 10:05:35 - AlorPy - DEBUG - Ответ  : {"symbol":"SI-3.26","shortname":"SiH6","description":"SiH6","exchange":"MOEX","market":"FORTS","type":"Фьючерсный контракт Si-3.26","lotsize":1,"facevalue":1000,"cfiCode":"FFXCSX","cancellation":"2026-03-19T00:00:00.0000000","minstep":1,"rating":949564,"marginbuy":11782.55,"marginsell":11886.1,"marginrate":0,"priceMax":82691,"priceMin":69675,"theorPrice":0,"theorPriceLimit":0,"volatility":0,"currency":"RUB","ISIN":null,"yield":null,"board":"RFUD","primary_board":"RFUD","tradingStatus":17,"tradingStatusInfo":"нормальный период торгов","complexProductCategory":"2","priceMultiplier":1,"priceShownUnits":1,"pricestep":1}
20.02.2026 10:05:35 - Schedule.BarsStream - DEBUG - Текущая дата и время на бирже: 20.02.2026 10:05:35
20.02.2026 10:05:35 - Schedule.BarsStream - DEBUG - Нужно получить бар: 20.02.2026 00:00:00
20.02.2026 10:05:35 - Schedule.BarsStream - DEBUG - Время запроса бара: 23.02.2026 09:00:03
20.02.2026 10:05:35 - Schedule.BarsStream - DEBUG - Ожидание в секундах: 255268.0
20.02.2026 10:10:38 - AlorPy - DEBUG - Запрос : /md/v2/Securities/MOEX/RIH6?format=Simple
20.02.2026 10:10:38 - AlorPy - DEBUG - Ответ  : {"symbol":"RTS-3.26","shortname":"RIH6","description":"RIH6","exchange":"MOEX","market":"FORTS","type":"Фьючерсный контракт RTS-3.26","lotsize":1,"facevalue":1,"cfiCode":"FFXCSX","cancellation":"2026-03-19T00:00:00.0000000","minstep":10,"rating":73665,"marginbuy":27239.99,"marginsell":27478.82,"marginrate":0,"priceMax":123930,"priceMin":108410,"theorPrice":0,"theorPriceLimit":0,"volatility":0,"currency":"USD","ISIN":null,"yield":null,"board":"RFUD","primary_board":"RFUD","tradingStatus":17,"tradingStatusInfo":"нормальный период торгов","complexProductCategory":"2","priceMultiplier":1,"priceShownUnits":1,"pricestep":15.3281}
20.02.2026 10:10:38 - Schedule.BarsStream - DEBUG - Текущая дата и время на бирже: 20.02.2026 10:10:38
20.02.2026 10:10:38 - Schedule.BarsStream - DEBUG - Нужно получить бар: 20.02.2026 00:00:00
20.02.2026 10:10:38 - Schedule.BarsStream - DEBUG - Время запроса бара: 23.02.2026 09:00:03
20.02.2026 10:10:38 - Schedule.BarsStream - DEBUG - Ожидание в секундах: 254965.0
20.02.2026 10:10:44 - AlorPy - DEBUG - Запрос : /md/v2/Securities/MOEX/SiH6?format=Simple
20.02.2026 10:10:44 - AlorPy - DEBUG - Ответ  : {"symbol":"SI-3.26","shortname":"SiH6","description":"SiH6","exchange":"MOEX","market":"FORTS","type":"Фьючерсный контракт Si-3.26","lotsize":1,"facevalue":1000,"cfiCode":"FFXCSX","cancellation":"2026-03-19T00:00:00.0000000","minstep":1,"rating":949564,"marginbuy":11782.55,"marginsell":11886.1,"marginrate":0,"priceMax":82691,"priceMin":69675,"theorPrice":0,"theorPriceLimit":0,"volatility":0,"currency":"RUB","ISIN":null,"yield":null,"board":"RFUD","primary_board":"RFUD","tradingStatus":17,"tradingStatusInfo":"нормальный период торгов","complexProductCategory":"2","priceMultiplier":1,"priceShownUnits":1,"pricestep":1}
20.02.2026 10:10:44 - Schedule.BarsStream - DEBUG - Текущая дата и время на бирже: 20.02.2026 10:10:44
20.02.2026 10:10:44 - Schedule.BarsStream - DEBUG - Нужно получить бар: 20.02.2026 00:00:00
20.02.2026 10:10:44 - Schedule.BarsStream - DEBUG - Время запроса бара: 23.02.2026 09:00:03
20.02.2026 10:10:44 - Schedule.BarsStream - DEBUG - Ожидание в секундах: 254959.0
20.02.2026 10:10:50 - AlorPy - DEBUG - Запрос : /md/v2/Securities/MOEX/RIM6?format=Simple
20.02.2026 10:10:50 - AlorPy - DEBUG - Ответ  : {"symbol":"RTS-6.26","shortname":"RIM6","description":"RIM6","exchange":"MOEX","market":"FORTS","type":"Фьючерсный контракт RTS-6.26","lotsize":1,"facevalue":1,"cfiCode":"FFXCSX","cancellation":"2026-06-18T00:00:00.0000000","minstep":10,"rating":665,"marginbuy":28089.37,"marginsell":28593.22,"marginrate":0,"priceMax":124620,"priceMin":108560,"theorPrice":0,"theorPriceLimit":0,"volatility":0,"currency":"USD","ISIN":null,"yield":null,"board":"RFUD","primary_board":"RFUD","tradingStatus":17,"tradingStatusInfo":"нормальный период торгов","complexProductCategory":"2","priceMultiplier":1,"priceShownUnits":1,"pricestep":15.3281}
20.02.2026 10:10:50 - Schedule.BarsStream - DEBUG - Текущая дата и время на бирже: 20.02.2026 10:10:50
20.02.2026 10:10:50 - Schedule.BarsStream - DEBUG - Нужно получить бар: 20.02.2026 00:00:00
20.02.2026 10:10:50 - Schedule.BarsStream - DEBUG - Время запроса бара: 23.02.2026 09:00:03
20.02.2026 10:10:50 - Schedule.BarsStream - DEBUG - Ожидание в секундах: 254953.0
20.02.2026 10:10:55 - AlorPy - DEBUG - Запрос : /md/v2/Securities/MOEX/SiM6?format=Simple
20.02.2026 10:10:55 - AlorPy - DEBUG - Ответ  : {"symbol":"SI-6.26","shortname":"SiM6","description":"SiM6","exchange":"MOEX","market":"FORTS","type":"Фьючерсный контракт Si-6.26","lotsize":1,"facevalue":1000,"cfiCode":"FFXCSX","cancellation":"2026-06-18T00:00:00.0000000","minstep":1,"rating":97401,"marginbuy":12103.02,"marginsell":12321.03,"marginrate":0,"priceMax":84518,"priceMin":71086,"theorPrice":0,"theorPriceLimit":0,"volatility":0,"currency":"RUB","ISIN":null,"yield":null,"board":"RFUD","primary_board":"RFUD","tradingStatus":17,"tradingStatusInfo":"нормальный период торгов","complexProductCategory":"2","priceMultiplier":1,"priceShownUnits":1,"pricestep":1}
20.02.2026 10:10:55 - Schedule.BarsStream - DEBUG - Текущая дата и время на бирже: 20.02.2026 10:10:55
20.02.2026 10:10:55 - Schedule.BarsStream - DEBUG - Нужно получить бар: 20.02.2026 00:00:00
20.02.2026 10:10:55 - Schedule.BarsStream - DEBUG - Время запроса бара: 23.02.2026 09:00:03
20.02.2026 10:10:55 - Schedule.BarsStream - DEBUG - Ожидание в секундах: 254948.0
20.02.2026 10:12:07 - AlorPy - DEBUG - Запрос : /md/v2/Securities/MOEX/RIH6?format=Simple
20.02.2026 10:12:07 - AlorPy - DEBUG - Ответ  : {"symbol":"RTS-3.26","shortname":"RIH6","description":"RIH6","exchange":"MOEX","market":"FORTS","type":"Фьючерсный контракт RTS-3.26","lotsize":1,"facevalue":1,"cfiCode":"FFXCSX","cancellation":"2026-03-19T00:00:00.0000000","minstep":10,"rating":73665,"marginbuy":27239.99,"marginsell":27478.82,"marginrate":0,"priceMax":123930,"priceMin":108410,"theorPrice":0,"theorPriceLimit":0,"volatility":0,"currency":"USD","ISIN":null,"yield":null,"board":"RFUD","primary_board":"RFUD","tradingStatus":17,"tradingStatusInfo":"нормальный период торгов","complexProductCategory":"2","priceMultiplier":1,"priceShownUnits":1,"pricestep":15.3281}
20.02.2026 10:12:07 - Schedule.BarsStream - DEBUG - Текущая дата и время на бирже: 20.02.2026 10:12:07
20.02.2026 10:12:07 - Schedule.BarsStream - DEBUG - Нужно получить бар: 20.02.2026 00:00:00
20.02.2026 10:12:07 - Schedule.BarsStream - DEBUG - Время запроса бара: 23.02.2026 09:00:03
20.02.2026 10:12:07 - Schedule.BarsStream - DEBUG - Ожидание в секундах: 254876.0
20.02.2026 10:12:13 - AlorPy - DEBUG - Запрос : /md/v2/Securities/MOEX/SiH6?format=Simple
20.02.2026 10:12:13 - AlorPy - DEBUG - Ответ  : {"symbol":"SI-3.26","shortname":"SiH6","description":"SiH6","exchange":"MOEX","market":"FORTS","type":"Фьючерсный контракт Si-3.26","lotsize":1,"facevalue":1000,"cfiCode":"FFXCSX","cancellation":"2026-03-19T00:00:00.0000000","minstep":1,"rating":949564,"marginbuy":11782.55,"marginsell":11886.1,"marginrate":0,"priceMax":82691,"priceMin":69675,"theorPrice":0,"theorPriceLimit":0,"volatility":0,"currency":"RUB","ISIN":null,"yield":null,"board":"RFUD","primary_board":"RFUD","tradingStatus":17,"tradingStatusInfo":"нормальный период торгов","complexProductCategory":"2","priceMultiplier":1,"priceShownUnits":1,"pricestep":1}
20.02.2026 10:12:13 - Schedule.BarsStream - DEBUG - Текущая дата и время на бирже: 20.02.2026 10:12:13
20.02.2026 10:12:13 - Schedule.BarsStream - DEBUG - Нужно получить бар: 20.02.2026 00:00:00
20.02.2026 10:12:13 - Schedule.BarsStream - DEBUG - Время запроса бара: 23.02.2026 09:00:03
20.02.2026 10:12:13 - Schedule.BarsStream - DEBUG - Ожидание в секундах: 254870.0
20.02.2026 10:21:10 - AlorPy - DEBUG - Запрос : /md/v2/Securities/MOEX/RIH6?format=Simple
20.02.2026 10:21:10 - AlorPy - DEBUG - Ответ  : {"symbol":"RTS-3.26","shortname":"RIH6","description":"RIH6","exchange":"MOEX","market":"FORTS","type":"Фьючерсный контракт RTS-3.26","lotsize":1,"facevalue":1,"cfiCode":"FFXCSX","cancellation":"2026-03-19T00:00:00.0000000","minstep":10,"rating":73665,"marginbuy":27239.99,"marginsell":27478.82,"marginrate":0,"priceMax":123930,"priceMin":108410,"theorPrice":0,"theorPriceLimit":0,"volatility":0,"currency":"USD","ISIN":null,"yield":null,"board":"RFUD","primary_board":"RFUD","tradingStatus":17,"tradingStatusInfo":"нормальный период торгов","complexProductCategory":"2","priceMultiplier":1,"priceShownUnits":1,"pricestep":15.3281}
20.02.2026 10:21:10 - Schedule.BarsStream - DEBUG - Текущая дата и время на бирже: 20.02.2026 10:21:10
20.02.2026 10:21:10 - Schedule.BarsStream - DEBUG - Нужно получить бар: 20.02.2026 00:00:00
20.02.2026 10:21:10 - Schedule.BarsStream - DEBUG - Время запроса бара: 23.02.2026 09:00:03
20.02.2026 10:21:10 - Schedule.BarsStream - DEBUG - Ожидание в секундах: 254333.0
20.02.2026 10:21:15 - AlorPy - DEBUG - Запрос : /md/v2/Securities/MOEX/SiH6?format=Simple
20.02.2026 10:21:15 - AlorPy - DEBUG - Ответ  : {"symbol":"SI-3.26","shortname":"SiH6","description":"SiH6","exchange":"MOEX","market":"FORTS","type":"Фьючерсный контракт Si-3.26","lotsize":1,"facevalue":1000,"cfiCode":"FFXCSX","cancellation":"2026-03-19T00:00:00.0000000","minstep":1,"rating":949564,"marginbuy":11782.55,"marginsell":11886.1,"marginrate":0,"priceMax":82691,"priceMin":69675,"theorPrice":0,"theorPriceLimit":0,"volatility":0,"currency":"RUB","ISIN":null,"yield":null,"board":"RFUD","primary_board":"RFUD","tradingStatus":17,"tradingStatusInfo":"нормальный период торгов","complexProductCategory":"2","priceMultiplier":1,"priceShownUnits":1,"pricestep":1}
20.02.2026 10:21:15 - Schedule.BarsStream - DEBUG - Текущая дата и время на бирже: 20.02.2026 10:21:15
20.02.2026 10:21:15 - Schedule.BarsStream - DEBUG - Нужно получить бар: 20.02.2026 00:00:00
20.02.2026 10:21:15 - Schedule.BarsStream - DEBUG - Время запроса бара: 23.02.2026 09:00:03
20.02.2026 10:21:15 - Schedule.BarsStream - DEBUG - Ожидание в секундах: 254328.0
20.02.2026 10:21:21 - AlorPy - DEBUG - Запрос : /md/v2/Securities/MOEX/RIM6?format=Simple
20.02.2026 10:21:21 - AlorPy - DEBUG - Ответ  : {"symbol":"RTS-6.26","shortname":"RIM6","description":"RIM6","exchange":"MOEX","market":"FORTS","type":"Фьючерсный контракт RTS-6.26","lotsize":1,"facevalue":1,"cfiCode":"FFXCSX","cancellation":"2026-06-18T00:00:00.0000000","minstep":10,"rating":665,"marginbuy":28089.37,"marginsell":28593.22,"marginrate":0,"priceMax":124620,"priceMin":108560,"theorPrice":0,"theorPriceLimit":0,"volatility":0,"currency":"USD","ISIN":null,"yield":null,"board":"RFUD","primary_board":"RFUD","tradingStatus":17,"tradingStatusInfo":"нормальный период торгов","complexProductCategory":"2","priceMultiplier":1,"priceShownUnits":1,"pricestep":15.3281}
20.02.2026 10:21:21 - Schedule.BarsStream - DEBUG - Текущая дата и время на бирже: 20.02.2026 10:21:21
20.02.2026 10:21:21 - Schedule.BarsStream - DEBUG - Нужно получить бар: 20.02.2026 00:00:00
20.02.2026 10:21:21 - Schedule.BarsStream - DEBUG - Время запроса бара: 23.02.2026 09:00:03
20.02.2026 10:21:21 - Schedule.BarsStream - DEBUG - Ожидание в секундах: 254322.0
20.02.2026 10:21:27 - AlorPy - DEBUG - Запрос : /md/v2/Securities/MOEX/SiM6?format=Simple
20.02.2026 10:21:27 - AlorPy - DEBUG - Ответ  : {"symbol":"SI-6.26","shortname":"SiM6","description":"SiM6","exchange":"MOEX","market":"FORTS","type":"Фьючерсный контракт Si-6.26","lotsize":1,"facevalue":1000,"cfiCode":"FFXCSX","cancellation":"2026-06-18T00:00:00.0000000","minstep":1,"rating":97401,"marginbuy":12103.02,"marginsell":12321.03,"marginrate":0,"priceMax":84518,"priceMin":71086,"theorPrice":0,"theorPriceLimit":0,"volatility":0,"currency":"RUB","ISIN":null,"yield":null,"board":"RFUD","primary_board":"RFUD","tradingStatus":17,"tradingStatusInfo":"нормальный период торгов","complexProductCategory":"2","priceMultiplier":1,"priceShownUnits":1,"pricestep":1}
20.02.2026 10:21:27 - Schedule.BarsStream - DEBUG - Текущая дата и время на бирже: 20.02.2026 10:21:27
20.02.2026 10:21:27 - Schedule.BarsStream - DEBUG - Нужно получить бар: 20.02.2026 00:00:00
20.02.2026 10:21:27 - Schedule.BarsStream - DEBUG - Время запроса бара: 23.02.2026 09:00:03
20.02.2026 10:21:27 - Schedule.BarsStream - DEBUG - Ожидание в секундах: 254316.0
20.02.2026 10:21:32 - AlorPy - DEBUG - Запрос : /md/v2/Securities/MOEX/SRH6?format=Simple
20.02.2026 10:21:32 - AlorPy - DEBUG - Ответ  : {"symbol":"SBRF-3.26","shortname":"SRH6","description":"SRH6","exchange":"MOEX","market":"FORTS","type":"Фьючерсный контракт SBRF-3.26","lotsize":1,"facevalue":100,"cfiCode":"FFXPSX","cancellation":"2026-03-20T00:00:00.0000000","minstep":1,"rating":155335,"marginbuy":5522.45,"marginsell":5605.95,"marginrate":0,"priceMax":34508,"priceMin":28944,"theorPrice":0,"theorPriceLimit":0,"volatility":0,"currency":"RUB","ISIN":null,"yield":null,"board":"RFUD","primary_board":"RFUD","tradingStatus":17,"tradingStatusInfo":"нормальный период торгов","complexProductCategory":"2","priceMultiplier":1,"priceShownUnits":1,"pricestep":1}
20.02.2026 10:21:32 - Schedule.BarsStream - DEBUG - Текущая дата и время на бирже: 20.02.2026 10:21:32
20.02.2026 10:21:32 - Schedule.BarsStream - DEBUG - Нужно получить бар: 20.02.2026 00:00:00
20.02.2026 10:21:32 - Schedule.BarsStream - DEBUG - Время запроса бара: 23.02.2026 09:00:03
20.02.2026 10:21:32 - Schedule.BarsStream - DEBUG - Ожидание в секундах: 254311.0
20.02.2026 10:21:38 - AlorPy - DEBUG - Запрос : /md/v2/Securities/MOEX/SRM6?format=Simple
20.02.2026 10:21:38 - AlorPy - DEBUG - Ответ  : {"symbol":"SBRF-6.26","shortname":"SRM6","description":"SRM6","exchange":"MOEX","market":"FORTS","type":"Фьючерсный контракт SBRF-6.26","lotsize":1,"facevalue":100,"cfiCode":"FFXPSX","cancellation":"2026-06-19T00:00:00.0000000","minstep":1,"rating":3895,"marginbuy":6068.2,"marginsell":6315.42,"marginrate":0,"priceMax":35782,"priceMin":29748,"theorPrice":0,"theorPriceLimit":0,"volatility":0,"currency":"RUB","ISIN":null,"yield":null,"board":"RFUD","primary_board":"RFUD","tradingStatus":17,"tradingStatusInfo":"нормальный период торгов","complexProductCategory":"2","priceMultiplier":1,"priceShownUnits":1,"pricestep":1}
20.02.2026 10:21:38 - Schedule.BarsStream - DEBUG - Текущая дата и время на бирже: 20.02.2026 10:21:38
20.02.2026 10:21:38 - Schedule.BarsStream - DEBUG - Нужно получить бар: 20.02.2026 00:00:00
20.02.2026 10:21:38 - Schedule.BarsStream - DEBUG - Время запроса бара: 23.02.2026 09:00:03
20.02.2026 10:21:38 - Schedule.BarsStream - DEBUG - Ожидание в секундах: 254305.0
20.02.2026 10:21:43 - FileStorage - DEBUG - Получение файла C:\Users\шадрин\PycharmProjects\CenterStrikeVolatility_API\FinLabPy\Storage\..\..\Data\Alor\SPBFUT.RIH6_M15.txt
20.02.2026 10:21:43 - FileStorage - DEBUG - Первый бар    : 02.10.2025 09:30
20.02.2026 10:21:43 - FileStorage - DEBUG - Последний бар : 19.02.2026 10:15
20.02.2026 10:21:43 - FileStorage - DEBUG - Кол-во бар    : 5574
20.02.2026 10:21:43 - FileStorage - DEBUG - Фильтр с 03.10.2025 10:21
20.02.2026 10:21:43 - FileStorage - DEBUG - Первый бар    : SPBFUT.RIH6 (M15) 2025-10-03 10:45:00 Open: 103860.0, High: 103860.0, Low: 103860.0, Close: 103860.0, Volume: 1.0
20.02.2026 10:21:43 - FileStorage - DEBUG - Последний бар : SPBFUT.RIH6 (M15) 2026-02-19 10:15:00 Open: 116530.0, High: 116600.0, Low: 116230.0, Close: 116260.0, Volume: 1803.0
20.02.2026 10:21:43 - FileStorage - DEBUG - Кол-во бар    : 5544
20.02.2026 10:21:44 - AlorPy - DEBUG - Запрос : /md/v2/history?exchange=MOEX&symbol=RIH6&tf=900&from=1771485300&to=1771572103&format=Simple
20.02.2026 10:21:44 - AlorPy - DEBUG - Ответ  : {"history":[{"time":1771485300,"close":116330.00000,"open":116530.00000,"high":116600.00000,"low":116230.00000,"volume":2982},{"time":1771486200,"close":116200.00000,"open":116350.00000,"high":116430.00000,"low":116110.00000,"volume":1852},{"time":1771487100,"close":116560.00000,"open":116200.00000,"high":116600.00000,"low":116140.00000,"volume":2083},{"time":1771488000,"close":116510.00000,"open":116550.00000,"high":116740.00000,"low":116440.00000,"volume":2301},{"time":1771488900,"close":116530.00000,"open":116520.00000,"high":116630.00000,"low":116380.00000,"volume":1018},{"time":1771489800,"close":116540.00000,"open":116550.00000,"high":116610.00000,"low":116360.00000,"volume":737},{"time":1771490700,"close":116680.00000,"open":116530.00000,"high":116690.00000,"low":116520.00000,"volume":756},{"time":1771491600,"close":116840.00000,"open":116680.00000,"high":116950.00000,"low":116680.00000,"volume":1921},{"time":1771492500,"close":116610.00000,"open":116860.00000,"high":116900.00000,"low":116610.00000,"volume":1065},{"time":1771493400,"close":116410.00000,"open":116600.00000,"high":116670.00000,"low":116380.00000,"volume":1128},{"time":1771494300,"close":116290.00000,"open":116430.00000,"high":116450.00000,"low":116290.00000,"volume":934},{"time":1771495200,"close":116100.00000,"open":116290.00000,"high":116300.00000,"low":116050.00000,"volume":1718},{"time":1771496100,"close":116230.00000,"open":116100.00000,"high":116240.00000,"low":116070.00000,"volume":771},{"time":1771497000,"close":116380.00000,"open":116230.00000,"high":116400.00000,"low":116060.00000,"volume":1412},{"time":1771497900,"close":116350.00000,"open":116380.00000,"high":116510.00000,"low":116280.00000,"volume":1130},{"time":1771498800,"close":116130.00000,"open":116360.00000,"high":116360.00000,"low":116080.00000,"volume":939},{"time":1771499700,"close":115970.00000,"open":116110.00000,"high":116200.00000,"low":115970.00000,"volume":942},{"time":1771500600,"close":115890.00000,"open":115970.00000,"high":116060.00000,"low":115840.00000,"volume":1101},{"time":1771501500,"close":115760.00000,"open":115870.00000,"high":116010.00000,"low":115710.00000,"volume":1056},{"time":1771502400,"close":115690.00000,"open":115770.00000,"high":115770.00000,"low":115540.00000,"volume":2207},{"time":1771503300,"close":115710.00000,"open":115680.00000,"high":115740.00000,"low":115620.00000,"volume":485},{"time":1771504200,"close":115640.00000,"open":115730.00000,"high":115810.00000,"low":115550.00000,"volume":1058},{"time":1771505100,"close":115690.00000,"open":115640.00000,"high":115690.00000,"low":115410.00000,"volume":1430},{"time":1771506000,"close":115680.00000,"open":115700.00000,"high":115810.00000,"low":115580.00000,"volume":1479},{"time":1771506900,"close":115920.00000,"open":115670.00000,"high":115960.00000,"low":115650.00000,"volume":1220},{"time":1771507800,"close":115980.00000,"open":115860.00000,"high":116020.00000,"low":115810.00000,"volume":843},{"time":1771508700,"close":116210.00000,"open":115970.00000,"high":116240.00000,"low":115910.00000,"volume":1257},{"time":1771509600,"close":116130.00000,"open":116240.00000,"high":116280.00000,"low":116070.00000,"volume":889},{"time":1771510500,"close":116150.00000,"open":116140.00000,"high":116180.00000,"low":116080.00000,"volume":583},{"time":1771511400,"close":116370.00000,"open":116140.00000,"high":116420.00000,"low":116070.00000,"volume":1100},{"time":1771512300,"close":116380.00000,"open":116350.00000,"high":116420.00000,"low":116280.00000,"volume":660},{"time":1771513200,"close":116350.00000,"open":116370.00000,"high":116390.00000,"low":116290.00000,"volume":528},{"time":1771514100,"close":116370.00000,"open":116350.00000,"high":116400.00000,"low":116310.00000,"volume":289},{"time":1771515000,"close":116210.00000,"open":116370.00000,"high":116390.00000,"low":116170.00000,"volume":596},{"time":1771515900,"close":116190.00000,"open":116190.00000,"high":116190.00000,"low":116130.00000,"volume":178},{"time":1771516800,"close":116180.00000,"open":116200.00000,"high":116240.00000,"low":116100.00000,"volume":393},{"time":1771517700,"close":116100.00000,"open":116170.00000,"high":116220.00000,"low":116080.00000,"volume":479},{"time":1771518600,"close":116160.00000,"open":116110.00000,"high":116180.00000,"low":116110.00000,"volume":133},{"time":1771519500,"close":116140.00000,"open":116150.00000,"high":116200.00000,"low":116130.00000,"volume":109},{"time":1771520400,"close":116270.00000,"open":116140.00000,"high":116330.00000,"low":116090.00000,"volume":696},{"time":1771521300,"close":116230.00000,"open":116270.00000,"high":116290.00000,"low":116200.00000,"volume":293},{"time":1771522200,"close":116220.00000,"open":116240.00000,"high":116280.00000,"low":116210.00000,"volume":143},{"time":1771523100,"close":116190.00000,"open":116230.00000,"high":116270.00000,"low":116180.00000,"volume":302},{"time":1771524000,"close":116220.00000,"open":116180.00000,"high":116230.00000,"low":116140.00000,"volume":168},{"time":1771524900,"close":116170.00000,"open":116220.00000,"high":116230.00000,"low":116170.00000,"volume":74},{"time":1771525800,"close":116240.00000,"open":116170.00000,"high":116240.00000,"low":116170.00000,"volume":36},{"time":1771526700,"close":116200.00000,"open":116240.00000,"high":116260.00000,"low":116200.00000,"volume":55},{"time":1771527600,"close":116190.00000,"open":116200.00000,"high":116210.00000,"low":116170.00000,"volume":63},{"time":1771528500,"close":116150.00000,"open":116190.00000,"high":116190.00000,"low":116150.00000,"volume":73},{"time":1771529400,"close":116130.00000,"open":116170.00000,"high":116170.00000,"low":116130.00000,"volume":93},{"time":1771530300,"close":116170.00000,"open":116130.00000,"high":116190.00000,"low":116130.00000,"volume":91},{"time":1771531200,"close":116220.00000,"open":116170.00000,"high":116240.00000,"low":116130.00000,"volume":110},{"time":1771532100,"close":116190.00000,"open":116190.00000,"high":116240.00000,"low":116190.00000,"volume":28},{"time":1771533000,"close":116160.00000,"open":116210.00000,"high":116220.00000,"low":116160.00000,"volume":140},{"time":1771533900,"close":116190.00000,"open":116160.00000,"high":116200.00000,"low":116150.00000,"volume":50},{"time":1771566300,"close":116130.00000,"open":116130.00000,"high":116130.00000,"low":116130.00000,"volume":3},{"time":1771567200,"close":116010.00000,"open":116130.00000,"high":116180.00000,"low":115940.00000,"volume":668},{"time":1771568100,"close":116130.00000,"open":116030.00000,"high":116210.00000,"low":116020.00000,"volume":496},{"time":1771569000,"close":116350.00000,"open":116160.00000,"high":116350.00000,"low":116140.00000,"volume":583},{"time":1771569900,"close":116320.00000,"open":116330.00000,"high":116400.00000,"low":116240.00000,"volume":612},{"time":1771570800,"close":115880.00000,"open":116280.00000,"high":116390.00000,"low":115870.00000,"volume":1708},{"time":1771571700,"close":116010.00000,"open":115880.00000,"high":116070.00000,"low":115810.00000,"volume":1091}],"next":null,"prev":1771484400}
20.02.2026 10:21:44 - FileStorage - DEBUG - Получение файла C:\Users\шадрин\PycharmProjects\CenterStrikeVolatility_API\FinLabPy\Storage\..\..\Data\Alor\SPBFUT.RIH6_M15.txt
20.02.2026 10:21:44 - FileStorage - DEBUG - Первый бар    : 02.10.2025 09:30
20.02.2026 10:21:44 - FileStorage - DEBUG - Последний бар : 19.02.2026 10:15
20.02.2026 10:21:44 - FileStorage - DEBUG - Кол-во бар    : 5574
20.02.2026 10:21:45 - FileStorage - DEBUG - Сохранение файла C:\Users\шадрин\PycharmProjects\CenterStrikeVolatility_API\FinLabPy\Storage\..\..\Data\Alor\SPBFUT.RIH6_M15.txt
20.02.2026 10:21:45 - FileStorage - DEBUG - Первый бар    : 02.10.2025 09:30
20.02.2026 10:21:45 - FileStorage - DEBUG - Последний бар : 20.02.2026 10:15
20.02.2026 10:21:45 - FileStorage - DEBUG - Кол-во бар    : 5635
20.02.2026 10:21:46 - FileStorage - DEBUG - Получение файла C:\Users\шадрин\PycharmProjects\CenterStrikeVolatility_API\FinLabPy\Storage\..\..\Data\Alor\SPBFUT.SiH6_M15.txt
20.02.2026 10:21:46 - FileStorage - DEBUG - Первый бар    : 02.10.2025 09:30
20.02.2026 10:21:46 - FileStorage - DEBUG - Последний бар : 19.02.2026 10:15
20.02.2026 10:21:46 - FileStorage - DEBUG - Кол-во бар    : 5788
20.02.2026 10:21:46 - FileStorage - DEBUG - Фильтр с 03.10.2025 10:21
20.02.2026 10:21:46 - FileStorage - DEBUG - Первый бар    : SPBFUT.SiH6 (M15) 2025-10-03 10:30:00 Open: 85.706, High: 85.71, Low: 85.558, Close: 85.628, Volume: 90.0
20.02.2026 10:21:46 - FileStorage - DEBUG - Последний бар : SPBFUT.SiH6 (M15) 2026-02-19 10:15:00 Open: 76.556, High: 76.666, Low: 76.537, Close: 76.661, Volume: 7300.0
20.02.2026 10:21:46 - FileStorage - DEBUG - Кол-во бар    : 5724
20.02.2026 10:21:47 - AlorPy - DEBUG - Запрос : /md/v2/history?exchange=MOEX&symbol=SiH6&tf=900&from=1771485300&to=1771572106&format=Simple
20.02.2026 10:21:47 - AlorPy - DEBUG - Ответ  : {"history":[{"time":1771485300,"close":76541.00000,"open":76556.00000,"high":76666.00000,"low":76512.00000,"volume":29322},{"time":1771486200,"close":76617.00000,"open":76543.00000,"high":76660.00000,"low":76490.00000,"volume":26430},{"time":1771487100,"close":76390.00000,"open":76620.00000,"high":76691.00000,"low":76365.00000,"volume":53957},{"time":1771488000,"close":76400.00000,"open":76390.00000,"high":76454.00000,"low":76224.00000,"volume":91063},{"time":1771488900,"close":76378.00000,"open":76400.00000,"high":76500.00000,"low":76344.00000,"volume":22254},{"time":1771489800,"close":76329.00000,"open":76380.00000,"high":76444.00000,"low":76315.00000,"volume":16841},{"time":1771490700,"close":76301.00000,"open":76330.00000,"high":76334.00000,"low":76253.00000,"volume":19433},{"time":1771491600,"close":76288.00000,"open":76301.00000,"high":76322.00000,"low":76210.00000,"volume":24212},{"time":1771492500,"close":76408.00000,"open":76288.00000,"high":76410.00000,"low":76260.00000,"volume":18729},{"time":1771493400,"close":76384.00000,"open":76403.00000,"high":76452.00000,"low":76361.00000,"volume":15006},{"time":1771494300,"close":76402.00000,"open":76380.00000,"high":76410.00000,"low":76336.00000,"volume":9913},{"time":1771495200,"close":76549.00000,"open":76404.00000,"high":76590.00000,"low":76399.00000,"volume":16999},{"time":1771496100,"close":76442.00000,"open":76547.00000,"high":76569.00000,"low":76436.00000,"volume":13021},{"time":1771497000,"close":76320.00000,"open":76442.00000,"high":76516.00000,"low":76252.00000,"volume":18593},{"time":1771497900,"close":76342.00000,"open":76320.00000,"high":76435.00000,"low":76282.00000,"volume":19880},{"time":1771498800,"close":76580.00000,"open":76360.00000,"high":76617.00000,"low":76360.00000,"volume":25401},{"time":1771499700,"close":76606.00000,"open":76583.00000,"high":76640.00000,"low":76530.00000,"volume":14383},{"time":1771500600,"close":76655.00000,"open":76606.00000,"high":76680.00000,"low":76583.00000,"volume":16851},{"time":1771501500,"close":76626.00000,"open":76656.00000,"high":76670.00000,"low":76606.00000,"volume":12856},{"time":1771502400,"close":76639.00000,"open":76627.00000,"high":76680.00000,"low":76617.00000,"volume":11434},{"time":1771503300,"close":76606.00000,"open":76639.00000,"high":76680.00000,"low":76555.00000,"volume":17377},{"time":1771504200,"close":76684.00000,"open":76606.00000,"high":76718.00000,"low":76568.00000,"volume":17692},{"time":1771505100,"close":76617.00000,"open":76684.00000,"high":76700.00000,"low":76615.00000,"volume":15071},{"time":1771506000,"close":76577.00000,"open":76617.00000,"high":76638.00000,"low":76495.00000,"volume":24685},{"time":1771506900,"close":76452.00000,"open":76577.00000,"high":76580.00000,"low":76428.00000,"volume":17194},{"time":1771507800,"close":76437.00000,"open":76452.00000,"high":76490.00000,"low":76382.00000,"volume":28587},{"time":1771508700,"close":76291.00000,"open":76441.00000,"high":76485.00000,"low":76289.00000,"volume":25220},{"time":1771509600,"close":76343.00000,"open":76294.00000,"high":76354.00000,"low":76260.00000,"volume":25271},{"time":1771510500,"close":76270.00000,"open":76343.00000,"high":76345.00000,"low":76267.00000,"volume":9040},{"time":1771511400,"close":76137.00000,"open":76271.00000,"high":76287.00000,"low":76106.00000,"volume":53175},{"time":1771512300,"close":76192.00000,"open":76137.00000,"high":76258.00000,"low":76133.00000,"volume":19736},{"time":1771513200,"close":76167.00000,"open":76193.00000,"high":76193.00000,"low":76131.00000,"volume":15973},{"time":1771514100,"close":76146.00000,"open":76166.00000,"high":76202.00000,"low":76120.00000,"volume":20426},{"time":1771515000,"close":76183.00000,"open":76147.00000,"high":76183.00000,"low":76144.00000,"volume":7241},{"time":1771515900,"close":76179.00000,"open":76183.00000,"high":76197.00000,"low":76176.00000,"volume":1814},{"time":1771516800,"close":76236.00000,"open":76195.00000,"high":76243.00000,"low":76178.00000,"volume":3983},{"time":1771517700,"close":76238.00000,"open":76236.00000,"high":76248.00000,"low":76190.00000,"volume":2476},{"time":1771518600,"close":76245.00000,"open":76238.00000,"high":76272.00000,"low":76212.00000,"volume":2053},{"time":1771519500,"close":76271.00000,"open":76247.00000,"high":76271.00000,"low":76236.00000,"volume":2245},{"time":1771520400,"close":76245.00000,"open":76272.00000,"high":76280.00000,"low":76243.00000,"volume":1489},{"time":1771521300,"close":76218.00000,"open":76248.00000,"high":76252.00000,"low":76212.00000,"volume":1150},{"time":1771522200,"close":76186.00000,"open":76219.00000,"high":76227.00000,"low":76173.00000,"volume":1640},{"time":1771523100,"close":76199.00000,"open":76186.00000,"high":76200.00000,"low":76177.00000,"volume":832},{"time":1771524000,"close":76203.00000,"open":76199.00000,"high":76219.00000,"low":76195.00000,"volume":835},{"time":1771524900,"close":76205.00000,"open":76202.00000,"high":76232.00000,"low":76190.00000,"volume":904},{"time":1771525800,"close":76212.00000,"open":76204.00000,"high":76229.00000,"low":76195.00000,"volume":620},{"time":1771526700,"close":76215.00000,"open":76211.00000,"high":76215.00000,"low":76197.00000,"volume":393},{"time":1771527600,"close":76236.00000,"open":76218.00000,"high":76254.00000,"low":76218.00000,"volume":1079},{"time":1771528500,"close":76257.00000,"open":76239.00000,"high":76265.00000,"low":76236.00000,"volume":662},{"time":1771529400,"close":76249.00000,"open":76255.00000,"high":76261.00000,"low":76243.00000,"volume":464},{"time":1771530300,"close":76230.00000,"open":76247.00000,"high":76259.00000,"low":76228.00000,"volume":1498},{"time":1771531200,"close":76215.00000,"open":76231.00000,"high":76250.00000,"low":76215.00000,"volume":968},{"time":1771532100,"close":76200.00000,"open":76214.00000,"high":76215.00000,"low":76196.00000,"volume":505},{"time":1771533000,"close":76226.00000,"open":76202.00000,"high":76236.00000,"low":76197.00000,"volume":1527},{"time":1771533900,"close":76210.00000,"open":76227.00000,"high":76234.00000,"low":76210.00000,"volume":434},{"time":1771566300,"close":76230.00000,"open":76230.00000,"high":76230.00000,"low":76230.00000,"volume":6},{"time":1771567200,"close":76304.00000,"open":76230.00000,"high":76339.00000,"low":76226.00000,"volume":6079},{"time":1771568100,"close":76260.00000,"open":76305.00000,"high":76341.00000,"low":76246.00000,"volume":3056},{"time":1771569000,"close":76183.00000,"open":76255.00000,"high":76277.00000,"low":76163.00000,"volume":3852},{"time":1771569900,"close":76207.00000,"open":76181.00000,"high":76244.00000,"low":76123.00000,"volume":5316},{"time":1771570800,"close":76440.00000,"open":76212.00000,"high":76442.00000,"low":76153.00000,"volume":30260},{"time":1771571700,"close":76447.00000,"open":76441.00000,"high":76500.00000,"low":76407.00000,"volume":17802}],"next":null,"prev":1771484400}
20.02.2026 10:21:47 - FileStorage - DEBUG - Получение файла C:\Users\шадрин\PycharmProjects\CenterStrikeVolatility_API\FinLabPy\Storage\..\..\Data\Alor\SPBFUT.SiH6_M15.txt
20.02.2026 10:21:47 - FileStorage - DEBUG - Первый бар    : 02.10.2025 09:30
20.02.2026 10:21:47 - FileStorage - DEBUG - Последний бар : 19.02.2026 10:15
20.02.2026 10:21:47 - FileStorage - DEBUG - Кол-во бар    : 5788
20.02.2026 10:21:48 - FileStorage - DEBUG - Сохранение файла C:\Users\шадрин\PycharmProjects\CenterStrikeVolatility_API\FinLabPy\Storage\..\..\Data\Alor\SPBFUT.SiH6_M15.txt
20.02.2026 10:21:48 - FileStorage - DEBUG - Первый бар    : 02.10.2025 09:30
20.02.2026 10:21:48 - FileStorage - DEBUG - Последний бар : 20.02.2026 10:15
20.02.2026 10:21:48 - FileStorage - DEBUG - Кол-во бар    : 5849
20.02.2026 10:21:49 - FileStorage - DEBUG - Получение файла C:\Users\шадрин\PycharmProjects\CenterStrikeVolatility_API\FinLabPy\Storage\..\..\Data\Alor\SPBFUT.RIM6_M15.txt
20.02.2026 10:21:49 - FileStorage - DEBUG - Первый бар    : 03.10.2025 12:15
20.02.2026 10:21:49 - FileStorage - DEBUG - Последний бар : 19.02.2026 10:15
20.02.2026 10:21:49 - FileStorage - DEBUG - Кол-во бар    : 1779
20.02.2026 10:21:49 - FileStorage - DEBUG - Фильтр с 03.10.2025 10:21
20.02.2026 10:21:49 - FileStorage - DEBUG - Первый бар    : SPBFUT.RIM6 (M15) 2025-10-03 12:15:00 Open: 104000.0, High: 104000.0, Low: 104000.0, Close: 104000.0, Volume: 2.0
20.02.2026 10:21:49 - FileStorage - DEBUG - Последний бар : SPBFUT.RIM6 (M15) 2026-02-19 10:15:00 Open: 116760.0, High: 116760.0, Low: 116710.0, Close: 116710.0, Volume: 4.0
20.02.2026 10:21:49 - FileStorage - DEBUG - Кол-во бар    : 1779
20.02.2026 10:21:50 - AlorPy - DEBUG - Запрос : /md/v2/history?exchange=MOEX&symbol=RIM6&tf=900&from=1771485300&to=1771572109&format=Simple
20.02.2026 10:21:50 - AlorPy - DEBUG - Ответ  : {"history":[{"time":1771485300,"close":116670.00000,"open":116760.00000,"high":116760.00000,"low":116670.00000,"volume":44},{"time":1771486200,"close":116560.00000,"open":116610.00000,"high":116670.00000,"low":116560.00000,"volume":20},{"time":1771487100,"close":116820.00000,"open":116880.00000,"high":116880.00000,"low":116820.00000,"volume":8},{"time":1771488000,"close":116880.00000,"open":116990.00000,"high":117020.00000,"low":116880.00000,"volume":9},{"time":1771491600,"close":117260.00000,"open":117030.00000,"high":117260.00000,"low":117030.00000,"volume":11},{"time":1771492500,"close":117000.00000,"open":117200.00000,"high":117200.00000,"low":116980.00000,"volume":9},{"time":1771493400,"close":116930.00000,"open":116920.00000,"high":116940.00000,"low":116920.00000,"volume":4},{"time":1771494300,"close":116660.00000,"open":116760.00000,"high":116760.00000,"low":116660.00000,"volume":3},{"time":1771495200,"close":116440.00000,"open":116570.00000,"high":116570.00000,"low":116440.00000,"volume":6},{"time":1771496100,"close":116540.00000,"open":116540.00000,"high":116540.00000,"low":116490.00000,"volume":3},{"time":1771498800,"close":116610.00000,"open":116700.00000,"high":116700.00000,"low":116600.00000,"volume":6},{"time":1771499700,"close":116430.00000,"open":116440.00000,"high":116440.00000,"low":116430.00000,"volume":7},{"time":1771500600,"close":116260.00000,"open":116330.00000,"high":116340.00000,"low":116260.00000,"volume":8},{"time":1771502400,"close":116070.00000,"open":116100.00000,"high":116100.00000,"low":116000.00000,"volume":9},{"time":1771503300,"close":116070.00000,"open":116110.00000,"high":116110.00000,"low":116070.00000,"volume":2},{"time":1771504200,"close":116000.00000,"open":116000.00000,"high":116000.00000,"low":116000.00000,"volume":7},{"time":1771505100,"close":115920.00000,"open":115920.00000,"high":115940.00000,"low":115920.00000,"volume":26},{"time":1771506000,"close":116180.00000,"open":116180.00000,"high":116180.00000,"low":116180.00000,"volume":1},{"time":1771506900,"close":116340.00000,"open":116340.00000,"high":116340.00000,"low":116340.00000,"volume":1},{"time":1771508700,"close":116600.00000,"open":116600.00000,"high":116600.00000,"low":116600.00000,"volume":1},{"time":1771510500,"close":116510.00000,"open":116560.00000,"high":116560.00000,"low":116510.00000,"volume":2},{"time":1771511400,"close":116670.00000,"open":116670.00000,"high":116670.00000,"low":116670.00000,"volume":2},{"time":1771515000,"close":116730.00000,"open":116730.00000,"high":116730.00000,"low":116730.00000,"volume":1},{"time":1771516800,"close":116580.00000,"open":116580.00000,"high":116580.00000,"low":116580.00000,"volume":1},{"time":1771518600,"close":116540.00000,"open":116540.00000,"high":116540.00000,"low":116540.00000,"volume":1},{"time":1771523100,"close":116610.00000,"open":116610.00000,"high":116610.00000,"low":116610.00000,"volume":1},{"time":1771526700,"close":116610.00000,"open":116610.00000,"high":116610.00000,"low":116610.00000,"volume":1},{"time":1771533000,"close":116580.00000,"open":116580.00000,"high":116580.00000,"low":116580.00000,"volume":1},{"time":1771568100,"close":116590.00000,"open":116470.00000,"high":116590.00000,"low":116470.00000,"volume":5},{"time":1771569000,"close":116690.00000,"open":116580.00000,"high":116690.00000,"low":116580.00000,"volume":10},{"time":1771569900,"close":116750.00000,"open":116760.00000,"high":116770.00000,"low":116730.00000,"volume":10},{"time":1771570800,"close":116420.00000,"open":116760.00000,"high":116760.00000,"low":116420.00000,"volume":12},{"time":1771571700,"close":116460.00000,"open":116300.00000,"high":116490.00000,"low":116290.00000,"volume":17}],"next":null,"prev":1771484400}
20.02.2026 10:21:50 - FileStorage - DEBUG - Получение файла C:\Users\шадрин\PycharmProjects\CenterStrikeVolatility_API\FinLabPy\Storage\..\..\Data\Alor\SPBFUT.RIM6_M15.txt
20.02.2026 10:21:50 - FileStorage - DEBUG - Первый бар    : 03.10.2025 12:15
20.02.2026 10:21:50 - FileStorage - DEBUG - Последний бар : 19.02.2026 10:15
20.02.2026 10:21:50 - FileStorage - DEBUG - Кол-во бар    : 1779
20.02.2026 10:21:50 - FileStorage - DEBUG - Сохранение файла C:\Users\шадрин\PycharmProjects\CenterStrikeVolatility_API\FinLabPy\Storage\..\..\Data\Alor\SPBFUT.RIM6_M15.txt
20.02.2026 10:21:50 - FileStorage - DEBUG - Первый бар    : 03.10.2025 12:15
20.02.2026 10:21:50 - FileStorage - DEBUG - Последний бар : 20.02.2026 10:15
20.02.2026 10:21:50 - FileStorage - DEBUG - Кол-во бар    : 1811
20.02.2026 10:21:51 - FileStorage - DEBUG - Получение файла C:\Users\шадрин\PycharmProjects\CenterStrikeVolatility_API\FinLabPy\Storage\..\..\Data\Alor\SPBFUT.SiM6_M15.txt
20.02.2026 10:21:51 - FileStorage - DEBUG - Первый бар    : 02.10.2025 09:30
20.02.2026 10:21:51 - FileStorage - DEBUG - Последний бар : 19.02.2026 10:15
20.02.2026 10:21:51 - FileStorage - DEBUG - Кол-во бар    : 4741
20.02.2026 10:21:51 - FileStorage - DEBUG - Фильтр с 03.10.2025 10:21
20.02.2026 10:21:51 - FileStorage - DEBUG - Первый бар    : SPBFUT.SiM6 (M15) 2025-10-03 10:45:00 Open: 88.4, High: 88.4, Low: 88.35, Close: 88.35, Volume: 17.0
20.02.2026 10:21:51 - FileStorage - DEBUG - Последний бар : SPBFUT.SiM6 (M15) 2026-02-19 10:15:00 Open: 78.43, High: 78.529, Low: 78.43, Close: 78.529, Volume: 245.0
20.02.2026 10:21:51 - FileStorage - DEBUG - Кол-во бар    : 4692
20.02.2026 10:21:52 - AlorPy - DEBUG - Запрос : /md/v2/history?exchange=MOEX&symbol=SiM6&tf=900&from=1771485300&to=1771572111&format=Simple
20.02.2026 10:21:52 - AlorPy - DEBUG - Ответ  : {"history":[{"time":1771485300,"close":78410.00000,"open":78430.00000,"high":78529.00000,"low":78400.00000,"volume":440},{"time":1771486200,"close":78550.00000,"open":78426.00000,"high":78551.00000,"low":78388.00000,"volume":1447},{"time":1771487100,"close":78338.00000,"open":78519.00000,"high":78592.00000,"low":78281.00000,"volume":565},{"time":1771488000,"close":78295.00000,"open":78301.00000,"high":78360.00000,"low":78148.00000,"volume":606},{"time":1771488900,"close":78283.00000,"open":78306.00000,"high":78382.00000,"low":78251.00000,"volume":1950},{"time":1771489800,"close":78202.00000,"open":78279.00000,"high":78323.00000,"low":78200.00000,"volume":3214},{"time":1771490700,"close":78143.00000,"open":78202.00000,"high":78203.00000,"low":78130.00000,"volume":2556},{"time":1771491600,"close":78131.00000,"open":78143.00000,"high":78230.00000,"low":78053.00000,"volume":3251},{"time":1771492500,"close":78253.00000,"open":78131.00000,"high":78270.00000,"low":78091.00000,"volume":5037},{"time":1771493400,"close":78225.00000,"open":78251.00000,"high":78304.00000,"low":78199.00000,"volume":5976},{"time":1771494300,"close":78226.00000,"open":78211.00000,"high":78252.00000,"low":78173.00000,"volume":3576},{"time":1771495200,"close":78354.00000,"open":78226.00000,"high":78386.00000,"low":78225.00000,"volume":2364},{"time":1771496100,"close":78191.00000,"open":78349.00000,"high":78379.00000,"low":78186.00000,"volume":2296},{"time":1771497000,"close":78063.00000,"open":78190.00000,"high":78264.00000,"low":78014.00000,"volume":2597},{"time":1771497900,"close":78075.00000,"open":78063.00000,"high":78172.00000,"low":78037.00000,"volume":2356},{"time":1771498800,"close":78311.00000,"open":78107.00000,"high":78344.00000,"low":78107.00000,"volume":1794},{"time":1771499700,"close":78347.00000,"open":78314.00000,"high":78368.00000,"low":78272.00000,"volume":2136},{"time":1771500600,"close":78403.00000,"open":78346.00000,"high":78420.00000,"low":78324.00000,"volume":2163},{"time":1771501500,"close":78357.00000,"open":78403.00000,"high":78415.00000,"low":78337.00000,"volume":2122},{"time":1771502400,"close":78357.00000,"open":78357.00000,"high":78400.00000,"low":78331.00000,"volume":2447},{"time":1771503300,"close":78314.00000,"open":78357.00000,"high":78387.00000,"low":78256.00000,"volume":3093},{"time":1771504200,"close":78362.00000,"open":78313.00000,"high":78413.00000,"low":78269.00000,"volume":3386},{"time":1771505100,"close":78279.00000,"open":78362.00000,"high":78383.00000,"low":78277.00000,"volume":2950},{"time":1771506000,"close":78245.00000,"open":78279.00000,"high":78300.00000,"low":78158.00000,"volume":3449},{"time":1771506900,"close":78103.00000,"open":78245.00000,"high":78250.00000,"low":78085.00000,"volume":2595},{"time":1771507800,"close":78080.00000,"open":78112.00000,"high":78120.00000,"low":78050.00000,"volume":3710},{"time":1771508700,"close":77937.00000,"open":78086.00000,"high":78119.00000,"low":77935.00000,"volume":4663},{"time":1771509600,"close":77990.00000,"open":77950.00000,"high":77999.00000,"low":77900.00000,"volume":2897},{"time":1771510500,"close":77925.00000,"open":77990.00000,"high":77991.00000,"low":77907.00000,"volume":2814},{"time":1771511400,"close":77780.00000,"open":77927.00000,"high":77956.00000,"low":77780.00000,"volume":5294},{"time":1771512300,"close":77813.00000,"open":77781.00000,"high":77894.00000,"low":77774.00000,"volume":3302},{"time":1771513200,"close":77772.00000,"open":77807.00000,"high":77813.00000,"low":77749.00000,"volume":2712},{"time":1771514100,"close":77758.00000,"open":77772.00000,"high":77822.00000,"low":77729.00000,"volume":3560},{"time":1771515000,"close":77800.00000,"open":77763.00000,"high":77823.00000,"low":77756.00000,"volume":968},{"time":1771515900,"close":77797.00000,"open":77810.00000,"high":77815.00000,"low":77795.00000,"volume":122},{"time":1771516800,"close":77823.00000,"open":77802.00000,"high":77850.00000,"low":77800.00000,"volume":504},{"time":1771517700,"close":77840.00000,"open":77823.00000,"high":77858.00000,"low":77777.00000,"volume":324},{"time":1771518600,"close":77859.00000,"open":77826.00000,"high":77859.00000,"low":77825.00000,"volume":123},{"time":1771519500,"close":77872.00000,"open":77864.00000,"high":77873.00000,"low":77849.00000,"volume":48},{"time":1771520400,"close":77886.00000,"open":77871.00000,"high":77886.00000,"low":77861.00000,"volume":103},{"time":1771521300,"close":77861.00000,"open":77886.00000,"high":77886.00000,"low":77861.00000,"volume":85},{"time":1771522200,"close":77835.00000,"open":77868.00000,"high":77874.00000,"low":77833.00000,"volume":152},{"time":1771523100,"close":77845.00000,"open":77832.00000,"high":77845.00000,"low":77827.00000,"volume":14},{"time":1771524000,"close":77856.00000,"open":77844.00000,"high":77869.00000,"low":77844.00000,"volume":54},{"time":1771524900,"close":77850.00000,"open":77850.00000,"high":77880.00000,"low":77850.00000,"volume":94},{"time":1771525800,"close":77865.00000,"open":77878.00000,"high":77879.00000,"low":77860.00000,"volume":60},{"time":1771526700,"close":77880.00000,"open":77869.00000,"high":77880.00000,"low":77867.00000,"volume":17},{"time":1771527600,"close":77882.00000,"open":77880.00000,"high":77898.00000,"low":77878.00000,"volume":71},{"time":1771528500,"close":77896.00000,"open":77891.00000,"high":77910.00000,"low":77891.00000,"volume":134},{"time":1771529400,"close":77894.00000,"open":77898.00000,"high":77904.00000,"low":77886.00000,"volume":60},{"time":1771530300,"close":77870.00000,"open":77894.00000,"high":77895.00000,"low":77863.00000,"volume":51},{"time":1771531200,"close":77854.00000,"open":77866.00000,"high":77876.00000,"low":77853.00000,"volume":30},{"time":1771532100,"close":77825.00000,"open":77846.00000,"high":77846.00000,"low":77825.00000,"volume":31},{"time":1771533000,"close":77843.00000,"open":77840.00000,"high":77859.00000,"low":77823.00000,"volume":75},{"time":1771533900,"close":77862.00000,"open":77864.00000,"high":77864.00000,"low":77862.00000,"volume":5},{"time":1771567200,"close":77937.00000,"open":77910.00000,"high":77950.00000,"low":77858.00000,"volume":231},{"time":1771568100,"close":77883.00000,"open":77928.00000,"high":77954.00000,"low":77805.00000,"volume":289},{"time":1771569000,"close":77820.00000,"open":77879.00000,"high":77896.00000,"low":77800.00000,"volume":171},{"time":1771569900,"close":77860.00000,"open":77790.00000,"high":77965.00000,"low":77770.00000,"volume":184},{"time":1771570800,"close":77955.00000,"open":77881.00000,"high":77960.00000,"low":77790.00000,"volume":1614},{"time":1771571700,"close":77930.00000,"open":77958.00000,"high":78015.00000,"low":77919.00000,"volume":2549}],"next":null,"prev":1771484400}
20.02.2026 10:21:52 - FileStorage - DEBUG - Получение файла C:\Users\шадрин\PycharmProjects\CenterStrikeVolatility_API\FinLabPy\Storage\..\..\Data\Alor\SPBFUT.SiM6_M15.txt
20.02.2026 10:21:52 - FileStorage - DEBUG - Первый бар    : 02.10.2025 09:30
20.02.2026 10:21:52 - FileStorage - DEBUG - Последний бар : 19.02.2026 10:15
20.02.2026 10:21:52 - FileStorage - DEBUG - Кол-во бар    : 4741
20.02.2026 10:21:52 - FileStorage - DEBUG - Сохранение файла C:\Users\шадрин\PycharmProjects\CenterStrikeVolatility_API\FinLabPy\Storage\..\..\Data\Alor\SPBFUT.SiM6_M15.txt
20.02.2026 10:21:52 - FileStorage - DEBUG - Первый бар    : 02.10.2025 09:30
20.02.2026 10:21:52 - FileStorage - DEBUG - Последний бар : 20.02.2026 10:15
20.02.2026 10:21:52 - FileStorage - DEBUG - Кол-во бар    : 4801
20.02.2026 10:21:53 - FileStorage - DEBUG - Получение файла C:\Users\шадрин\PycharmProjects\CenterStrikeVolatility_API\FinLabPy\Storage\..\..\Data\Alor\SPBFUT.SRH6_M15.txt
20.02.2026 10:21:53 - FileStorage - DEBUG - Первый бар    : 02.10.2025 09:30
20.02.2026 10:21:53 - FileStorage - DEBUG - Последний бар : 19.02.2026 10:15
20.02.2026 10:21:53 - FileStorage - DEBUG - Кол-во бар    : 5882
20.02.2026 10:21:54 - FileStorage - DEBUG - Фильтр с 03.10.2025 10:21
20.02.2026 10:21:54 - FileStorage - DEBUG - Первый бар    : SPBFUT.SRH6 (M15) 2025-10-03 10:30:00 Open: 309.2, High: 309.5, Low: 309.2, Close: 309.5, Volume: 2.0
20.02.2026 10:21:54 - FileStorage - DEBUG - Последний бар : SPBFUT.SRH6 (M15) 2026-02-19 10:15:00 Open: 318.75, High: 318.9, Low: 318.58, Close: 318.58, Volume: 855.0
20.02.2026 10:21:54 - FileStorage - DEBUG - Кол-во бар    : 5845
20.02.2026 10:21:55 - AlorPy - DEBUG - Запрос : /md/v2/history?exchange=MOEX&symbol=SRH6&tf=900&from=1771485300&to=1771572114&format=Simple
20.02.2026 10:21:55 - AlorPy - DEBUG - Ответ  : {"history":[{"time":1771485300,"close":31848.00000,"open":31875.00000,"high":31890.00000,"low":31830.00000,"volume":1777},{"time":1771486200,"close":31779.00000,"open":31846.00000,"high":31854.00000,"low":31734.00000,"volume":8590},{"time":1771487100,"close":31807.00000,"open":31779.00000,"high":31816.00000,"low":31769.00000,"volume":3087},{"time":1771488000,"close":31821.00000,"open":31807.00000,"high":31849.00000,"low":31790.00000,"volume":3376},{"time":1771488900,"close":31831.00000,"open":31821.00000,"high":31845.00000,"low":31803.00000,"volume":1832},{"time":1771489800,"close":31818.00000,"open":31830.00000,"high":31843.00000,"low":31790.00000,"volume":2978},{"time":1771490700,"close":31828.00000,"open":31815.00000,"high":31833.00000,"low":31805.00000,"volume":653},{"time":1771491600,"close":31845.00000,"open":31829.00000,"high":31857.00000,"low":31824.00000,"volume":1388},{"time":1771492500,"close":31845.00000,"open":31845.00000,"high":31860.00000,"low":31838.00000,"volume":909},{"time":1771493400,"close":31796.00000,"open":31847.00000,"high":31849.00000,"low":31788.00000,"volume":1453},{"time":1771494300,"close":31772.00000,"open":31795.00000,"high":31805.00000,"low":31754.00000,"volume":2326},{"time":1771495200,"close":31781.00000,"open":31772.00000,"high":31804.00000,"low":31757.00000,"volume":1849},{"time":1771496100,"close":31775.00000,"open":31781.00000,"high":31804.00000,"low":31769.00000,"volume":564},{"time":1771497000,"close":31717.00000,"open":31772.00000,"high":31774.00000,"low":31688.00000,"volume":5610},{"time":1771497900,"close":31745.00000,"open":31716.00000,"high":31775.00000,"low":31712.00000,"volume":1090},{"time":1771498800,"close":31758.00000,"open":31756.00000,"high":31775.00000,"low":31746.00000,"volume":271},{"time":1771499700,"close":31722.00000,"open":31759.00000,"high":31774.00000,"low":31720.00000,"volume":1304},{"time":1771500600,"close":31746.00000,"open":31722.00000,"high":31761.00000,"low":31720.00000,"volume":566},{"time":1771501500,"close":31710.00000,"open":31740.00000,"high":31767.00000,"low":31710.00000,"volume":706},{"time":1771502400,"close":31690.00000,"open":31709.00000,"high":31709.00000,"low":31654.00000,"volume":2497},{"time":1771503300,"close":31697.00000,"open":31690.00000,"high":31698.00000,"low":31676.00000,"volume":914},{"time":1771504200,"close":31690.00000,"open":31696.00000,"high":31718.00000,"low":31689.00000,"volume":700},{"time":1771505100,"close":31721.00000,"open":31690.00000,"high":31743.00000,"low":31657.00000,"volume":5790},{"time":1771506000,"close":31693.00000,"open":31718.00000,"high":31732.00000,"low":31670.00000,"volume":2210},{"time":1771506900,"close":31677.00000,"open":31693.00000,"high":31709.00000,"low":31677.00000,"volume":873},{"time":1771507800,"close":31676.00000,"open":31677.00000,"high":31681.00000,"low":31663.00000,"volume":913},{"time":1771508700,"close":31724.00000,"open":31676.00000,"high":31732.00000,"low":31676.00000,"volume":1186},{"time":1771509600,"close":31723.00000,"open":31725.00000,"high":31739.00000,"low":31691.00000,"volume":816},{"time":1771510500,"close":31704.00000,"open":31721.00000,"high":31729.00000,"low":31695.00000,"volume":406},{"time":1771511400,"close":31696.00000,"open":31703.00000,"high":31707.00000,"low":31682.00000,"volume":621},{"time":1771512300,"close":31716.00000,"open":31696.00000,"high":31727.00000,"low":31692.00000,"volume":663},{"time":1771513200,"close":31721.00000,"open":31716.00000,"high":31726.00000,"low":31699.00000,"volume":320},{"time":1771514100,"close":31725.00000,"open":31721.00000,"high":31725.00000,"low":31710.00000,"volume":674},{"time":1771515000,"close":31702.00000,"open":31725.00000,"high":31746.00000,"low":31699.00000,"volume":1377},{"time":1771515900,"close":31695.00000,"open":31703.00000,"high":31703.00000,"low":31692.00000,"volume":145},{"time":1771516800,"close":31720.00000,"open":31695.00000,"high":31730.00000,"low":31695.00000,"volume":402},{"time":1771517700,"close":31694.00000,"open":31716.00000,"high":31722.00000,"low":31694.00000,"volume":166},{"time":1771518600,"close":31722.00000,"open":31699.00000,"high":31722.00000,"low":31695.00000,"volume":317},{"time":1771519500,"close":31760.00000,"open":31725.00000,"high":31765.00000,"low":31724.00000,"volume":1102},{"time":1771520400,"close":31778.00000,"open":31760.00000,"high":31780.00000,"low":31746.00000,"volume":443},{"time":1771521300,"close":31755.00000,"open":31780.00000,"high":31780.00000,"low":31749.00000,"volume":331},{"time":1771522200,"close":31736.00000,"open":31747.00000,"high":31757.00000,"low":31729.00000,"volume":404},{"time":1771523100,"close":31733.00000,"open":31736.00000,"high":31754.00000,"low":31731.00000,"volume":261},{"time":1771524000,"close":31751.00000,"open":31733.00000,"high":31754.00000,"low":31725.00000,"volume":312},{"time":1771524900,"close":31742.00000,"open":31747.00000,"high":31754.00000,"low":31738.00000,"volume":163},{"time":1771525800,"close":31749.00000,"open":31742.00000,"high":31760.00000,"low":31742.00000,"volume":86},{"time":1771526700,"close":31755.00000,"open":31748.00000,"high":31766.00000,"low":31748.00000,"volume":221},{"time":1771527600,"close":31767.00000,"open":31753.00000,"high":31767.00000,"low":31744.00000,"volume":499},{"time":1771528500,"close":31762.00000,"open":31752.00000,"high":31762.00000,"low":31748.00000,"volume":47},{"time":1771529400,"close":31744.00000,"open":31749.00000,"high":31759.00000,"low":31744.00000,"volume":100},{"time":1771530300,"close":31752.00000,"open":31745.00000,"high":31753.00000,"low":31745.00000,"volume":44},{"time":1771531200,"close":31742.00000,"open":31751.00000,"high":31754.00000,"low":31738.00000,"volume":117},{"time":1771532100,"close":31735.00000,"open":31738.00000,"high":31738.00000,"low":31727.00000,"volume":136},{"time":1771533000,"close":31732.00000,"open":31736.00000,"high":31760.00000,"low":31731.00000,"volume":172},{"time":1771533900,"close":31728.00000,"open":31739.00000,"high":31739.00000,"low":31704.00000,"volume":195},{"time":1771566300,"close":31703.00000,"open":31703.00000,"high":31703.00000,"low":31703.00000,"volume":10},{"time":1771567200,"close":31709.00000,"open":31704.00000,"high":31730.00000,"low":31699.00000,"volume":1592},{"time":1771568100,"close":31696.00000,"open":31712.00000,"high":31728.00000,"low":31693.00000,"volume":1194},{"time":1771569000,"close":31729.00000,"open":31697.00000,"high":31729.00000,"low":31694.00000,"volume":1106},{"time":1771569900,"close":31750.00000,"open":31729.00000,"high":31763.00000,"low":31724.00000,"volume":1438},{"time":1771570800,"close":31723.00000,"open":31750.00000,"high":31765.00000,"low":31723.00000,"volume":2164},{"time":1771571700,"close":31733.00000,"open":31723.00000,"high":31758.00000,"low":31720.00000,"volume":805}],"next":null,"prev":1771484400}
20.02.2026 10:21:55 - FileStorage - DEBUG - Получение файла C:\Users\шадрин\PycharmProjects\CenterStrikeVolatility_API\FinLabPy\Storage\..\..\Data\Alor\SPBFUT.SRH6_M15.txt
20.02.2026 10:21:55 - FileStorage - DEBUG - Первый бар    : 02.10.2025 09:30
20.02.2026 10:21:55 - FileStorage - DEBUG - Последний бар : 19.02.2026 10:15
20.02.2026 10:21:55 - FileStorage - DEBUG - Кол-во бар    : 5882
20.02.2026 10:21:55 - FileStorage - DEBUG - Сохранение файла C:\Users\шадрин\PycharmProjects\CenterStrikeVolatility_API\FinLabPy\Storage\..\..\Data\Alor\SPBFUT.SRH6_M15.txt
20.02.2026 10:21:55 - FileStorage - DEBUG - Первый бар    : 02.10.2025 09:30
20.02.2026 10:21:55 - FileStorage - DEBUG - Последний бар : 20.02.2026 10:15
20.02.2026 10:21:55 - FileStorage - DEBUG - Кол-во бар    : 5943
20.02.2026 10:21:56 - FileStorage - DEBUG - Получение файла C:\Users\шадрин\PycharmProjects\CenterStrikeVolatility_API\FinLabPy\Storage\..\..\Data\Alor\SPBFUT.SRM6_M15.txt
20.02.2026 10:21:56 - FileStorage - DEBUG - Первый бар    : 02.10.2025 09:45
20.02.2026 10:21:56 - FileStorage - DEBUG - Последний бар : 19.02.2026 10:15
20.02.2026 10:21:56 - FileStorage - DEBUG - Кол-во бар    : 2260
20.02.2026 10:21:56 - FileStorage - DEBUG - Фильтр с 03.10.2025 10:21
20.02.2026 10:21:56 - FileStorage - DEBUG - Первый бар    : SPBFUT.SRM6 (M15) 2025-10-03 10:45:00 Open: 319.0, High: 319.0, Low: 319.0, Close: 319.0, Volume: 2.0
20.02.2026 10:21:56 - FileStorage - DEBUG - Последний бар : SPBFUT.SRM6 (M15) 2026-02-19 10:15:00 Open: 328.88, High: 328.88, Low: 328.88, Close: 328.88, Volume: 1.0
20.02.2026 10:21:56 - FileStorage - DEBUG - Кол-во бар    : 2253
20.02.2026 10:21:57 - AlorPy - DEBUG - Запрос : /md/v2/history?exchange=MOEX&symbol=SRM6&tf=900&from=1771485300&to=1771572116&format=Simple
20.02.2026 10:21:57 - AlorPy - DEBUG - Ответ  : {"history":[{"time":1771485300,"close":32847.00000,"open":32888.00000,"high":32888.00000,"low":32847.00000,"volume":4},{"time":1771486200,"close":32787.00000,"open":32842.00000,"high":32842.00000,"low":32768.00000,"volume":103},{"time":1771487100,"close":32815.00000,"open":32795.00000,"high":32815.00000,"low":32790.00000,"volume":15},{"time":1771488000,"close":32828.00000,"open":32822.00000,"high":32831.00000,"low":32809.00000,"volume":9},{"time":1771488900,"close":32831.00000,"open":32827.00000,"high":32887.00000,"low":32799.00000,"volume":210},{"time":1771489800,"close":32815.00000,"open":32834.00000,"high":32834.00000,"low":32797.00000,"volume":20},{"time":1771490700,"close":32814.00000,"open":32813.00000,"high":32815.00000,"low":32806.00000,"volume":17},{"time":1771491600,"close":32853.00000,"open":32852.00000,"high":32853.00000,"low":32852.00000,"volume":6},{"time":1771492500,"close":32856.00000,"open":32849.00000,"high":32864.00000,"low":32840.00000,"volume":11},{"time":1771493400,"close":32800.00000,"open":32846.00000,"high":32846.00000,"low":32800.00000,"volume":40},{"time":1771494300,"close":32780.00000,"open":32793.00000,"high":32793.00000,"low":32773.00000,"volume":29},{"time":1771495200,"close":32783.00000,"open":32783.00000,"high":32783.00000,"low":32783.00000,"volume":1},{"time":1771496100,"close":32779.00000,"open":32779.00000,"high":32779.00000,"low":32779.00000,"volume":1},{"time":1771497000,"close":32695.00000,"open":32757.00000,"high":32757.00000,"low":32692.00000,"volume":41},{"time":1771497900,"close":32750.00000,"open":32723.00000,"high":32756.00000,"low":32723.00000,"volume":48},{"time":1771498800,"close":32772.00000,"open":32758.00000,"high":32772.00000,"low":32750.00000,"volume":3},{"time":1771499700,"close":32734.00000,"open":32775.00000,"high":32776.00000,"low":32728.00000,"volume":14},{"time":1771500600,"close":32755.00000,"open":32755.00000,"high":32755.00000,"low":32755.00000,"volume":2},{"time":1771501500,"close":32722.00000,"open":32748.00000,"high":32748.00000,"low":32722.00000,"volume":16},{"time":1771502400,"close":32666.00000,"open":32712.00000,"high":32712.00000,"low":32666.00000,"volume":79},{"time":1771503300,"close":32700.00000,"open":32687.00000,"high":32700.00000,"low":32687.00000,"volume":6},{"time":1771504200,"close":32705.00000,"open":32721.00000,"high":32721.00000,"low":32705.00000,"volume":16},{"time":1771505100,"close":32782.00000,"open":32723.00000,"high":32782.00000,"low":32672.00000,"volume":1838},{"time":1771506000,"close":32724.00000,"open":32747.00000,"high":32755.00000,"low":32724.00000,"volume":12},{"time":1771506900,"close":32717.00000,"open":32731.00000,"high":32736.00000,"low":32716.00000,"volume":135},{"time":1771507800,"close":32713.00000,"open":32703.00000,"high":32719.00000,"low":32701.00000,"volume":5},{"time":1771508700,"close":32724.00000,"open":32726.00000,"high":32726.00000,"low":32724.00000,"volume":10},{"time":1771509600,"close":32770.00000,"open":32760.00000,"high":32770.00000,"low":32740.00000,"volume":66},{"time":1771510500,"close":32740.00000,"open":32754.00000,"high":32757.00000,"low":32740.00000,"volume":8},{"time":1771511400,"close":32741.00000,"open":32733.00000,"high":32741.00000,"low":32733.00000,"volume":5},{"time":1771512300,"close":32765.00000,"open":32725.00000,"high":32768.00000,"low":32725.00000,"volume":7},{"time":1771513200,"close":32744.00000,"open":32751.00000,"high":32751.00000,"low":32744.00000,"volume":32},{"time":1771514100,"close":32768.00000,"open":32767.00000,"high":32768.00000,"low":32767.00000,"volume":5},{"time":1771515000,"close":32756.00000,"open":32765.00000,"high":32765.00000,"low":32756.00000,"volume":2},{"time":1771516800,"close":32765.00000,"open":32751.00000,"high":32767.00000,"low":32751.00000,"volume":65},{"time":1771517700,"close":32755.00000,"open":32773.00000,"high":32773.00000,"low":32755.00000,"volume":20},{"time":1771518600,"close":32779.00000,"open":32755.00000,"high":32779.00000,"low":32754.00000,"volume":11},{"time":1771519500,"close":32795.00000,"open":32782.00000,"high":32795.00000,"low":32780.00000,"volume":69},{"time":1771520400,"close":32829.00000,"open":32809.00000,"high":32829.00000,"low":32809.00000,"volume":33},{"time":1771521300,"close":32800.00000,"open":32833.00000,"high":32833.00000,"low":32800.00000,"volume":23},{"time":1771522200,"close":32794.00000,"open":32800.00000,"high":32800.00000,"low":32794.00000,"volume":17},{"time":1771524000,"close":32794.00000,"open":32794.00000,"high":32794.00000,"low":32794.00000,"volume":3},{"time":1771524900,"close":32798.00000,"open":32798.00000,"high":32798.00000,"low":32798.00000,"volume":10},{"time":1771527600,"close":32798.00000,"open":32798.00000,"high":33146.00000,"low":32798.00000,"volume":449},{"time":1771528500,"close":32857.00000,"open":32841.00000,"high":32857.00000,"low":32841.00000,"volume":6},{"time":1771529400,"close":32845.00000,"open":32845.00000,"high":32845.00000,"low":32845.00000,"volume":8},{"time":1771530300,"close":32830.00000,"open":32837.00000,"high":32837.00000,"low":32830.00000,"volume":61},{"time":1771531200,"close":32820.00000,"open":32821.00000,"high":32821.00000,"low":32820.00000,"volume":3},{"time":1771532100,"close":32800.00000,"open":32800.00000,"high":32800.00000,"low":32800.00000,"volume":14},{"time":1771567200,"close":32782.00000,"open":32770.00000,"high":32788.00000,"low":32770.00000,"volume":111},{"time":1771568100,"close":32770.00000,"open":32790.00000,"high":32790.00000,"low":32770.00000,"volume":20},{"time":1771569000,"close":32804.00000,"open":32770.00000,"high":32821.00000,"low":32762.00000,"volume":50},{"time":1771569900,"close":32798.00000,"open":32804.00000,"high":32809.00000,"low":32798.00000,"volume":22},{"time":1771570800,"close":32800.00000,"open":32825.00000,"high":32840.00000,"low":32800.00000,"volume":79},{"time":1771571700,"close":32790.00000,"open":32793.00000,"high":32800.00000,"low":32790.00000,"volume":85}],"next":null,"prev":1771484400}
20.02.2026 10:21:57 - FileStorage - DEBUG - Получение файла C:\Users\шадрин\PycharmProjects\CenterStrikeVolatility_API\FinLabPy\Storage\..\..\Data\Alor\SPBFUT.SRM6_M15.txt
20.02.2026 10:21:57 - FileStorage - DEBUG - Первый бар    : 02.10.2025 09:45
20.02.2026 10:21:57 - FileStorage - DEBUG - Последний бар : 19.02.2026 10:15
20.02.2026 10:21:57 - FileStorage - DEBUG - Кол-во бар    : 2260
20.02.2026 10:21:57 - FileStorage - DEBUG - Сохранение файла C:\Users\шадрин\PycharmProjects\CenterStrikeVolatility_API\FinLabPy\Storage\..\..\Data\Alor\SPBFUT.SRM6_M15.txt
20.02.2026 10:21:57 - FileStorage - DEBUG - Первый бар    : 02.10.2025 09:45
20.02.2026 10:21:57 - FileStorage - DEBUG - Последний бар : 20.02.2026 10:15
20.02.2026 10:21:57 - FileStorage - DEBUG - Кол-во бар    : 2314
20.02.2026 10:22:49 - AlorPy - DEBUG - Запрос : /md/v2/Securities/MOEX/RIH6?format=Simple
20.02.2026 10:22:49 - AlorPy - DEBUG - Ответ  : {"symbol":"RTS-3.26","shortname":"RIH6","description":"RIH6","exchange":"MOEX","market":"FORTS","type":"Фьючерсный контракт RTS-3.26","lotsize":1,"facevalue":1,"cfiCode":"FFXCSX","cancellation":"2026-03-19T00:00:00.0000000","minstep":10,"rating":73665,"marginbuy":27239.99,"marginsell":27478.82,"marginrate":0,"priceMax":123930,"priceMin":108410,"theorPrice":0,"theorPriceLimit":0,"volatility":0,"currency":"USD","ISIN":null,"yield":null,"board":"RFUD","primary_board":"RFUD","tradingStatus":17,"tradingStatusInfo":"нормальный период торгов","complexProductCategory":"2","priceMultiplier":1,"priceShownUnits":1,"pricestep":15.3281}
20.02.2026 10:22:49 - Schedule.BarsStream - DEBUG - Текущая дата и время на бирже: 20.02.2026 10:22:49
20.02.2026 10:22:49 - Schedule.BarsStream - DEBUG - Нужно получить бар: 20.02.2026 00:00:00
20.02.2026 10:22:49 - Schedule.BarsStream - DEBUG - Время запроса бара: 23.02.2026 09:00:03
20.02.2026 10:22:49 - Schedule.BarsStream - DEBUG - Ожидание в секундах: 254234.0
20.02.2026 10:38:58 - Schedule.BarsStream - DEBUG - Текущая дата и время на бирже: 20.02.2026 10:38:58
20.02.2026 10:38:58 - Schedule.BarsStream - DEBUG - Нужно получить бар: 20.02.2026 00:00:00
20.02.2026 10:38:58 - Schedule.BarsStream - DEBUG - Время запроса бара: 23.02.2026 09:00:03
20.02.2026 10:38:58 - Schedule.BarsStream - DEBUG - Ожидание в секундах: 253265.0
20.02.2026 10:39:03 - Schedule.BarsStream - DEBUG - Текущая дата и время на бирже: 20.02.2026 10:39:03
20.02.2026 10:39:03 - Schedule.BarsStream - DEBUG - Нужно получить бар: 20.02.2026 00:00:00
20.02.2026 10:39:03 - Schedule.BarsStream - DEBUG - Время запроса бара: 23.02.2026 09:00:03
20.02.2026 10:39:03 - Schedule.BarsStream - DEBUG - Ожидание в секундах: 253260.0
20.02.2026 10:39:08 - Schedule.BarsStream - DEBUG - Текущая дата и время на бирже: 20.02.2026 10:39:08
20.02.2026 10:39:08 - Schedule.BarsStream - DEBUG - Нужно получить бар: 20.02.2026 00:00:00
20.02.2026 10:39:08 - Schedule.BarsStream - DEBUG - Время запроса бара: 23.02.2026 09:00:03
20.02.2026 10:39:08 - Schedule.BarsStream - DEBUG - Ожидание в секундах: 253255.0
20.02.2026 10:39:16 - Schedule.BarsStream - DEBUG - Текущая дата и время на бирже: 20.02.2026 10:39:16
20.02.2026 10:39:16 - Schedule.BarsStream - DEBUG - Нужно получить бар: 20.02.2026 00:00:00
20.02.2026 10:39:16 - Schedule.BarsStream - DEBUG - Время запроса бара: 23.02.2026 09:00:03
20.02.2026 10:39:16 - Schedule.BarsStream - DEBUG - Ожидание в секундах: 253247.0
20.02.2026 10:39:21 - Schedule.BarsStream - DEBUG - Текущая дата и время на бирже: 20.02.2026 10:39:21
20.02.2026 10:39:21 - Schedule.BarsStream - DEBUG - Нужно получить бар: 20.02.2026 00:00:00
20.02.2026 10:39:21 - Schedule.BarsStream - DEBUG - Время запроса бара: 23.02.2026 09:00:03
20.02.2026 10:39:21 - Schedule.BarsStream - DEBUG - Ожидание в секундах: 253242.0
20.02.2026 10:39:26 - Schedule.BarsStream - DEBUG - Текущая дата и время на бирже: 20.02.2026 10:39:26
20.02.2026 10:39:26 - Schedule.BarsStream - DEBUG - Нужно получить бар: 20.02.2026 00:00:00
20.02.2026 10:39:26 - Schedule.BarsStream - DEBUG - Время запроса бара: 23.02.2026 09:00:03
20.02.2026 10:39:26 - Schedule.BarsStream - DEBUG - Ожидание в секундах: 253237.0
20.02.2026 10:39:31 - Schedule.BarsStream - DEBUG - Текущая дата и время на бирже: 20.02.2026 10:39:31
20.02.2026 10:39:31 - Schedule.BarsStream - DEBUG - Нужно получить бар: 20.02.2026 00:00:00
20.02.2026 10:39:31 - Schedule.BarsStream - DEBUG - Время запроса бара: 23.02.2026 09:00:03
20.02.2026 10:39:31 - Schedule.BarsStream - DEBUG - Ожидание в секундах: 253232.0
20.02.2026 10:39:36 - Schedule.BarsStream - DEBUG - Текущая дата и время на бирже: 20.02.2026 10:39:36
20.02.2026 10:39:36 - Schedule.BarsStream - DEBUG - Нужно получить бар: 20.02.2026 00:00:00
20.02.2026 10:39:36 - Schedule.BarsStream - DEBUG - Время запроса бара: 23.02.2026 09:00:03
20.02.2026 10:39:36 - Schedule.BarsStream - DEBUG - Ожидание в секундах: 253227.0
20.02.2026 10:39:41 - Schedule.BarsStream - DEBUG - Текущая дата и время на бирже: 20.02.2026 10:39:41
20.02.2026 10:39:41 - Schedule.BarsStream - DEBUG - Нужно получить бар: 20.02.2026 00:00:00
20.02.2026 10:39:41 - Schedule.BarsStream - DEBUG - Время запроса бара: 23.02.2026 09:00:03
20.02.2026 10:39:41 - Schedule.BarsStream - DEBUG - Ожидание в секундах: 253222.0
20.02.2026 10:39:53 - Schedule.BarsStream - DEBUG - Текущая дата и время на бирже: 20.02.2026 10:39:53
20.02.2026 10:39:53 - Schedule.BarsStream - DEBUG - Нужно получить бар: 20.02.2026 00:00:00
20.02.2026 10:39:53 - Schedule.BarsStream - DEBUG - Время запроса бара: 23.02.2026 09:00:03
20.02.2026 10:39:53 - Schedule.BarsStream - DEBUG - Ожидание в секундах: 253210.0
20.02.2026 10:40:14 - Schedule.BarsStream - DEBUG - Текущая дата и время на бирже: 20.02.2026 10:40:14
20.02.2026 10:40:14 - Schedule.BarsStream - DEBUG - Нужно получить бар: 20.02.2026 00:00:00
20.02.2026 10:40:14 - Schedule.BarsStream - DEBUG - Время запроса бара: 23.02.2026 09:00:03
20.02.2026 10:40:14 - Schedule.BarsStream - DEBUG - Ожидание в секундах: 253189.0
20.02.2026 10:40:39 - Schedule.BarsStream - DEBUG - Текущая дата и время на бирже: 20.02.2026 10:40:39
20.02.2026 10:40:39 - Schedule.BarsStream - DEBUG - Нужно получить бар: 20.02.2026 00:00:00
20.02.2026 10:40:39 - Schedule.BarsStream - DEBUG - Время запроса бара: 23.02.2026 09:00:03
20.02.2026 10:40:39 - Schedule.BarsStream - DEBUG - Ожидание в секундах: 253164.0
20.02.2026 10:40:44 - Schedule.BarsStream - DEBUG - Текущая дата и время на бирже: 20.02.2026 10:40:44
20.02.2026 10:40:44 - Schedule.BarsStream - DEBUG - Нужно получить бар: 20.02.2026 00:00:00
20.02.2026 10:40:44 - Schedule.BarsStream - DEBUG - Время запроса бара: 23.02.2026 09:00:03
20.02.2026 10:40:44 - Schedule.BarsStream - DEBUG - Ожидание в секундах: 253159.0
20.02.2026 10:40:49 - Schedule.BarsStream - DEBUG - Текущая дата и время на бирже: 20.02.2026 10:40:49
20.02.2026 10:40:49 - Schedule.BarsStream - DEBUG - Нужно получить бар: 20.02.2026 00:00:00
20.02.2026 10:40:49 - Schedule.BarsStream - DEBUG - Время запроса бара: 23.02.2026 09:00:03
20.02.2026 10:40:49 - Schedule.BarsStream - DEBUG - Ожидание в секундах: 253154.0
20.02.2026 10:40:54 - Schedule.BarsStream - DEBUG - Текущая дата и время на бирже: 20.02.2026 10:40:54
20.02.2026 10:40:54 - Schedule.BarsStream - DEBUG - Нужно получить бар: 20.02.2026 00:00:00
20.02.2026 10:40:54 - Schedule.BarsStream - DEBUG - Время запроса бара: 23.02.2026 09:00:03
20.02.2026 10:40:54 - Schedule.BarsStream - DEBUG - Ожидание в секундах: 253149.0
20.02.2026 10:42:12 - Schedule.BarsStream - DEBUG - Текущая дата и время на бирже: 20.02.2026 10:42:12
20.02.2026 10:42:12 - Schedule.BarsStream - DEBUG - Нужно получить бар: 20.02.2026 00:00:00
20.02.2026 10:42:12 - Schedule.BarsStream - DEBUG - Время запроса бара: 23.02.2026 09:00:03
20.02.2026 10:42:12 - Schedule.BarsStream - DEBUG - Ожидание в секундах: 253071.0
20.02.2026 10:42:13 - AlorPy - DEBUG - Запрос : /md/v2/Securities/MOEX/RIH6?format=Simple
20.02.2026 10:42:13 - AlorPy - DEBUG - Ответ  : {"symbol":"RTS-3.26","shortname":"RIH6","description":"RIH6","exchange":"MOEX","market":"FORTS","type":"Фьючерсный контракт RTS-3.26","lotsize":1,"facevalue":1,"cfiCode":"FFXCSX","cancellation":"2026-03-19T00:00:00.0000000","minstep":10,"rating":73665,"marginbuy":27239.99,"marginsell":27478.82,"marginrate":0,"priceMax":123930,"priceMin":108410,"theorPrice":0,"theorPriceLimit":0,"volatility":0,"currency":"USD","ISIN":null,"yield":null,"board":"RFUD","primary_board":"RFUD","tradingStatus":17,"tradingStatusInfo":"нормальный период торгов","complexProductCategory":"2","priceMultiplier":1,"priceShownUnits":1,"pricestep":15.3281}
20.02.2026 10:42:13 - FileStorage - DEBUG - Получение файла C:\Users\шадрин\PycharmProjects\CenterStrikeVolatility_API\FinLabPy\Storage\..\..\Data\Alor\SPBFUT.RIH6_D1.txt
20.02.2026 10:42:13 - FileStorage - DEBUG - Первый бар    : 04.10.2025 00:00
20.02.2026 10:42:13 - FileStorage - DEBUG - Последний бар : 19.02.2026 00:00
20.02.2026 10:42:13 - FileStorage - DEBUG - Кол-во бар    : 121
20.02.2026 10:42:13 - FileStorage - DEBUG - Фильтр с 03.10.2025 10:42
20.02.2026 10:42:13 - FileStorage - DEBUG - Первый бар    : SPBFUT.RIH6 (D1) 2025-10-04 00:00:00 Open: 100060.0, High: 100060.0, Low: 98820.0, Close: 99270.0, Volume: 83.0
20.02.2026 10:42:13 - FileStorage - DEBUG - Последний бар : SPBFUT.RIH6 (D1) 2026-02-19 00:00:00 Open: 115880.0, High: 116600.0, Low: 115650.0, Close: 116460.0, Volume: 7108.0
20.02.2026 10:42:13 - FileStorage - DEBUG - Кол-во бар    : 121
20.02.2026 10:42:14 - AlorPy - DEBUG - Запрос : /md/v2/history?exchange=MOEX&symbol=RIH6&tf=D&from=1771459200&to=1771573333&format=Simple
20.02.2026 10:42:14 - AlorPy - DEBUG - Ответ  : {"history":[{"time":1771459200,"close":116190.00000,"open":115880.00000,"high":116950.00000,"low":115410.00000,"volume":50658},{"time":1771545600,"close":116020.00000,"open":116130.00000,"high":116400.00000,"low":115810.00000,"volume":6350}],"next":null,"prev":1771372800}
20.02.2026 10:42:14 - FileStorage - DEBUG - Получение файла C:\Users\шадрин\PycharmProjects\CenterStrikeVolatility_API\FinLabPy\Storage\..\..\Data\Alor\SPBFUT.RIH6_D1.txt
20.02.2026 10:42:14 - FileStorage - DEBUG - Первый бар    : 04.10.2025 00:00
20.02.2026 10:42:14 - FileStorage - DEBUG - Последний бар : 19.02.2026 00:00
20.02.2026 10:42:14 - FileStorage - DEBUG - Кол-во бар    : 121
20.02.2026 10:42:14 - FileStorage - DEBUG - Сохранение файла C:\Users\шадрин\PycharmProjects\CenterStrikeVolatility_API\FinLabPy\Storage\..\..\Data\Alor\SPBFUT.RIH6_D1.txt
20.02.2026 10:42:14 - FileStorage - DEBUG - Первый бар    : 04.10.2025 00:00
20.02.2026 10:42:14 - FileStorage - DEBUG - Последний бар : 20.02.2026 00:00
20.02.2026 10:42:14 - FileStorage - DEBUG - Кол-во бар    : 122
20.02.2026 10:42:14 - Schedule.BarsStream - DEBUG - Текущая дата и время на бирже: 20.02.2026 10:42:14
20.02.2026 10:42:14 - Schedule.BarsStream - DEBUG - Нужно получить бар: 20.02.2026 00:00:00
20.02.2026 10:42:14 - Schedule.BarsStream - DEBUG - Время запроса бара: 23.02.2026 09:00:03
20.02.2026 10:42:14 - Schedule.BarsStream - DEBUG - Ожидание в секундах: 253069.0
20.02.2026 10:42:14 - FileStorage - DEBUG - Получение файла C:\Users\шадрин\PycharmProjects\CenterStrikeVolatility_API\FinLabPy\Storage\..\..\Data\Alor\SPBFUT.RIH6_D1.txt
20.02.2026 10:42:14 - FileStorage - DEBUG - Первый бар    : 04.10.2025 00:00
20.02.2026 10:42:14 - FileStorage - DEBUG - Последний бар : 20.02.2026 00:00
20.02.2026 10:42:14 - FileStorage - DEBUG - Кол-во бар    : 122
20.02.2026 10:42:14 - FileStorage - DEBUG - Фильтр с 03.10.2025 10:42
20.02.2026 10:42:14 - FileStorage - DEBUG - Первый бар    : SPBFUT.RIH6 (D1) 2025-10-04 00:00:00 Open: 100060.0, High: 100060.0, Low: 98820.0, Close: 99270.0, Volume: 83.0
20.02.2026 10:42:14 - FileStorage - DEBUG - Последний бар : SPBFUT.RIH6 (D1) 2026-02-20 00:00:00 Open: 116130.0, High: 116400.0, Low: 115810.0, Close: 116020.0, Volume: 6350.0
20.02.2026 10:42:14 - FileStorage - DEBUG - Кол-во бар    : 122
20.02.2026 10:42:15 - AlorPy - DEBUG - Запрос : /md/v2/history?exchange=MOEX&symbol=RIH6&tf=D&from=1771545600&to=1771573334&format=Simple
20.02.2026 10:42:15 - AlorPy - DEBUG - Ответ  : {"history":[{"time":1771545600,"close":116020.00000,"open":116130.00000,"high":116400.00000,"low":115810.00000,"volume":6351}],"next":null,"prev":1771459200}
20.02.2026 10:42:15 - FileStorage - DEBUG - Получение файла C:\Users\шадрин\PycharmProjects\CenterStrikeVolatility_API\FinLabPy\Storage\..\..\Data\Alor\SPBFUT.RIH6_D1.txt
20.02.2026 10:42:15 - FileStorage - DEBUG - Первый бар    : 04.10.2025 00:00
20.02.2026 10:42:15 - FileStorage - DEBUG - Последний бар : 20.02.2026 00:00
20.02.2026 10:42:15 - FileStorage - DEBUG - Кол-во бар    : 122
20.02.2026 10:42:15 - FileStorage - DEBUG - Сохранение файла C:\Users\шадрин\PycharmProjects\CenterStrikeVolatility_API\FinLabPy\Storage\..\..\Data\Alor\SPBFUT.RIH6_D1.txt
20.02.2026 10:42:15 - FileStorage - DEBUG - Первый бар    : 04.10.2025 00:00
20.02.2026 10:42:15 - FileStorage - DEBUG - Последний бар : 20.02.2026 00:00
20.02.2026 10:42:15 - FileStorage - DEBUG - Кол-во бар    : 122
20.02.2026 10:42:15 - Schedule.BarsStream - DEBUG - Текущая дата и время на бирже: 20.02.2026 10:42:15
20.02.2026 10:42:15 - Schedule.BarsStream - DEBUG - Нужно получить бар: 20.02.2026 00:00:00
20.02.2026 10:42:15 - Schedule.BarsStream - DEBUG - Время запроса бара: 23.02.2026 09:00:03
20.02.2026 10:42:15 - Schedule.BarsStream - DEBUG - Ожидание в секундах: 253068.0
20.02.2026 10:42:15 - FileStorage - DEBUG - Получение файла C:\Users\шадрин\PycharmProjects\CenterStrikeVolatility_API\FinLabPy\Storage\..\..\Data\Alor\SPBFUT.RIH6_D1.txt
20.02.2026 10:42:15 - FileStorage - DEBUG - Первый бар    : 04.10.2025 00:00
20.02.2026 10:42:15 - FileStorage - DEBUG - Последний бар : 20.02.2026 00:00
20.02.2026 10:42:15 - FileStorage - DEBUG - Кол-во бар    : 122
20.02.2026 10:42:15 - FileStorage - DEBUG - Фильтр с 03.10.2025 10:42
20.02.2026 10:42:15 - FileStorage - DEBUG - Первый бар    : SPBFUT.RIH6 (D1) 2025-10-04 00:00:00 Open: 100060.0, High: 100060.0, Low: 98820.0, Close: 99270.0, Volume: 83.0
20.02.2026 10:42:15 - FileStorage - DEBUG - Последний бар : SPBFUT.RIH6 (D1) 2026-02-20 00:00:00 Open: 116130.0, High: 116400.0, Low: 115810.0, Close: 116020.0, Volume: 6351.0
20.02.2026 10:42:15 - FileStorage - DEBUG - Кол-во бар    : 122
20.02.2026 10:42:15 - AlorPy - DEBUG - Запрос : /md/v2/history?exchange=MOEX&symbol=RIH6&tf=D&from=1771545600&to=1771573335&format=Simple
20.02.2026 10:42:15 - AlorPy - DEBUG - Ответ  : {"history":[{"time":1771545600,"close":116030.00000,"open":116130.00000,"high":116400.00000,"low":115810.00000,"volume":6353}],"next":null,"prev":1771459200}
20.02.2026 10:42:15 - FileStorage - DEBUG - Получение файла C:\Users\шадрин\PycharmProjects\CenterStrikeVolatility_API\FinLabPy\Storage\..\..\Data\Alor\SPBFUT.RIH6_D1.txt
20.02.2026 10:42:15 - FileStorage - DEBUG - Первый бар    : 04.10.2025 00:00
20.02.2026 10:42:15 - FileStorage - DEBUG - Последний бар : 20.02.2026 00:00
20.02.2026 10:42:15 - FileStorage - DEBUG - Кол-во бар    : 122
20.02.2026 10:42:15 - FileStorage - DEBUG - Сохранение файла C:\Users\шадрин\PycharmProjects\CenterStrikeVolatility_API\FinLabPy\Storage\..\..\Data\Alor\SPBFUT.RIH6_D1.txt
20.02.2026 10:42:15 - FileStorage - DEBUG - Первый бар    : 04.10.2025 00:00
20.02.2026 10:42:15 - FileStorage - DEBUG - Последний бар : 20.02.2026 00:00
20.02.2026 10:42:15 - FileStorage - DEBUG - Кол-во бар    : 122
20.02.2026 10:42:15 - Schedule.BarsStream - DEBUG - Текущая дата и время на бирже: 20.02.2026 10:42:15
20.02.2026 10:42:15 - Schedule.BarsStream - DEBUG - Нужно получить бар: 20.02.2026 00:00:00
20.02.2026 10:42:15 - Schedule.BarsStream - DEBUG - Время запроса бара: 23.02.2026 09:00:03
20.02.2026 10:42:15 - Schedule.BarsStream - DEBUG - Ожидание в секундах: 253068.0
20.02.2026 10:42:15 - FileStorage - DEBUG - Получение файла C:\Users\шадрин\PycharmProjects\CenterStrikeVolatility_API\FinLabPy\Storage\..\..\Data\Alor\SPBFUT.RIH6_D1.txt
20.02.2026 10:42:15 - FileStorage - DEBUG - Первый бар    : 04.10.2025 00:00
20.02.2026 10:42:15 - FileStorage - DEBUG - Последний бар : 20.02.2026 00:00
20.02.2026 10:42:15 - FileStorage - DEBUG - Кол-во бар    : 122
20.02.2026 10:42:16 - FileStorage - DEBUG - Фильтр с 03.10.2025 10:42
20.02.2026 10:42:16 - FileStorage - DEBUG - Первый бар    : SPBFUT.RIH6 (D1) 2025-10-04 00:00:00 Open: 100060.0, High: 100060.0, Low: 98820.0, Close: 99270.0, Volume: 83.0
20.02.2026 10:42:16 - FileStorage - DEBUG - Последний бар : SPBFUT.RIH6 (D1) 2026-02-20 00:00:00 Open: 116130.0, High: 116400.0, Low: 115810.0, Close: 116030.0, Volume: 6353.0
20.02.2026 10:42:16 - FileStorage - DEBUG - Кол-во бар    : 122
20.02.2026 10:42:16 - AlorPy - DEBUG - Запрос : /md/v2/history?exchange=MOEX&symbol=RIH6&tf=D&from=1771545600&to=1771573336&format=Simple
20.02.2026 10:42:16 - AlorPy - DEBUG - Ответ  : {"history":[{"time":1771545600,"close":116030.00000,"open":116130.00000,"high":116400.00000,"low":115810.00000,"volume":6353}],"next":null,"prev":1771459200}
20.02.2026 10:42:16 - FileStorage - DEBUG - Получение файла C:\Users\шадрин\PycharmProjects\CenterStrikeVolatility_API\FinLabPy\Storage\..\..\Data\Alor\SPBFUT.RIH6_D1.txt
20.02.2026 10:42:16 - FileStorage - DEBUG - Первый бар    : 04.10.2025 00:00
20.02.2026 10:42:16 - FileStorage - DEBUG - Последний бар : 20.02.2026 00:00
20.02.2026 10:42:16 - FileStorage - DEBUG - Кол-во бар    : 122
20.02.2026 10:42:16 - FileStorage - DEBUG - Сохранение файла C:\Users\шадрин\PycharmProjects\CenterStrikeVolatility_API\FinLabPy\Storage\..\..\Data\Alor\SPBFUT.RIH6_D1.txt
20.02.2026 10:42:16 - FileStorage - DEBUG - Первый бар    : 04.10.2025 00:00
20.02.2026 10:42:16 - FileStorage - DEBUG - Последний бар : 20.02.2026 00:00
20.02.2026 10:42:16 - FileStorage - DEBUG - Кол-во бар    : 122
20.02.2026 10:42:16 - Schedule.BarsStream - DEBUG - Текущая дата и время на бирже: 20.02.2026 10:42:16
20.02.2026 10:42:16 - Schedule.BarsStream - DEBUG - Нужно получить бар: 20.02.2026 00:00:00
20.02.2026 10:42:16 - Schedule.BarsStream - DEBUG - Время запроса бара: 23.02.2026 09:00:03
20.02.2026 10:42:16 - Schedule.BarsStream - DEBUG - Ожидание в секундах: 253067.0
20.02.2026 10:42:16 - FileStorage - DEBUG - Получение файла C:\Users\шадрин\PycharmProjects\CenterStrikeVolatility_API\FinLabPy\Storage\..\..\Data\Alor\SPBFUT.RIH6_D1.txt
20.02.2026 10:42:16 - FileStorage - DEBUG - Первый бар    : 04.10.2025 00:00
20.02.2026 10:42:16 - FileStorage - DEBUG - Последний бар : 20.02.2026 00:00
20.02.2026 10:42:16 - FileStorage - DEBUG - Кол-во бар    : 122
20.02.2026 10:42:16 - FileStorage - DEBUG - Фильтр с 03.10.2025 10:42
20.02.2026 10:42:16 - FileStorage - DEBUG - Первый бар    : SPBFUT.RIH6 (D1) 2025-10-04 00:00:00 Open: 100060.0, High: 100060.0, Low: 98820.0, Close: 99270.0, Volume: 83.0
20.02.2026 10:42:16 - FileStorage - DEBUG - Последний бар : SPBFUT.RIH6 (D1) 2026-02-20 00:00:00 Open: 116130.0, High: 116400.0, Low: 115810.0, Close: 116030.0, Volume: 6353.0
20.02.2026 10:42:16 - FileStorage - DEBUG - Кол-во бар    : 122
20.02.2026 10:42:17 - AlorPy - DEBUG - Запрос : /md/v2/history?exchange=MOEX&symbol=RIH6&tf=D&from=1771545600&to=1771573336&format=Simple
20.02.2026 10:42:17 - AlorPy - DEBUG - Ответ  : {"history":[{"time":1771545600,"close":116030.00000,"open":116130.00000,"high":116400.00000,"low":115810.00000,"volume":6353}],"next":null,"prev":1771459200}
20.02.2026 10:42:17 - FileStorage - DEBUG - Получение файла C:\Users\шадрин\PycharmProjects\CenterStrikeVolatility_API\FinLabPy\Storage\..\..\Data\Alor\SPBFUT.RIH6_D1.txt
20.02.2026 10:42:17 - FileStorage - DEBUG - Первый бар    : 04.10.2025 00:00
20.02.2026 10:42:17 - FileStorage - DEBUG - Последний бар : 20.02.2026 00:00
20.02.2026 10:42:17 - FileStorage - DEBUG - Кол-во бар    : 122
20.02.2026 10:42:17 - FileStorage - DEBUG - Сохранение файла C:\Users\шадрин\PycharmProjects\CenterStrikeVolatility_API\FinLabPy\Storage\..\..\Data\Alor\SPBFUT.RIH6_D1.txt
20.02.2026 10:42:17 - FileStorage - DEBUG - Первый бар    : 04.10.2025 00:00
20.02.2026 10:42:17 - FileStorage - DEBUG - Последний бар : 20.02.2026 00:00
20.02.2026 10:42:17 - FileStorage - DEBUG - Кол-во бар    : 122
20.02.2026 10:42:17 - Schedule.BarsStream - DEBUG - Текущая дата и время на бирже: 20.02.2026 10:42:17
20.02.2026 10:42:17 - Schedule.BarsStream - DEBUG - Нужно получить бар: 20.02.2026 00:00:00
20.02.2026 10:42:17 - Schedule.BarsStream - DEBUG - Время запроса бара: 23.02.2026 09:00:03
20.02.2026 10:42:17 - Schedule.BarsStream - DEBUG - Ожидание в секундах: 253066.0
20.02.2026 10:42:17 - FileStorage - DEBUG - Получение файла C:\Users\шадрин\PycharmProjects\CenterStrikeVolatility_API\FinLabPy\Storage\..\..\Data\Alor\SPBFUT.RIH6_D1.txt
20.02.2026 10:42:17 - FileStorage - DEBUG - Первый бар    : 04.10.2025 00:00
20.02.2026 10:42:17 - FileStorage - DEBUG - Последний бар : 20.02.2026 00:00
20.02.2026 10:42:17 - FileStorage - DEBUG - Кол-во бар    : 122
20.02.2026 10:42:17 - FileStorage - DEBUG - Фильтр с 03.10.2025 10:42
20.02.2026 10:42:17 - FileStorage - DEBUG - Первый бар    : SPBFUT.RIH6 (D1) 2025-10-04 00:00:00 Open: 100060.0, High: 100060.0, Low: 98820.0, Close: 99270.0, Volume: 83.0
20.02.2026 10:42:17 - FileStorage - DEBUG - Последний бар : SPBFUT.RIH6 (D1) 2026-02-20 00:00:00 Open: 116130.0, High: 116400.0, Low: 115810.0, Close: 116030.0, Volume: 6353.0
20.02.2026 10:42:17 - FileStorage - DEBUG - Кол-во бар    : 122
20.02.2026 10:42:17 - Schedule.BarsStream - DEBUG - Текущая дата и время на бирже: 20.02.2026 10:42:17
20.02.2026 10:42:17 - Schedule.BarsStream - DEBUG - Нужно получить бар: 20.02.2026 00:00:00
20.02.2026 10:42:17 - Schedule.BarsStream - DEBUG - Время запроса бара: 23.02.2026 09:00:03
20.02.2026 10:42:17 - Schedule.BarsStream - DEBUG - Ожидание в секундах: 253066.0
20.02.2026 10:42:18 - AlorPy - DEBUG - Запрос : /md/v2/history?exchange=MOEX&symbol=RIH6&tf=D&from=1771545600&to=1771573337&format=Simple
20.02.2026 10:42:18 - AlorPy - DEBUG - Ответ  : {"history":[{"time":1771545600,"close":116030.00000,"open":116130.00000,"high":116400.00000,"low":115810.00000,"volume":6353}],"next":null,"prev":1771459200}
20.02.2026 10:42:18 - FileStorage - DEBUG - Получение файла C:\Users\шадрин\PycharmProjects\CenterStrikeVolatility_API\FinLabPy\Storage\..\..\Data\Alor\SPBFUT.RIH6_D1.txt
20.02.2026 10:42:18 - FileStorage - DEBUG - Первый бар    : 04.10.2025 00:00
20.02.2026 10:42:18 - FileStorage - DEBUG - Последний бар : 20.02.2026 00:00
20.02.2026 10:42:18 - FileStorage - DEBUG - Кол-во бар    : 122
20.02.2026 10:42:18 - FileStorage - DEBUG - Сохранение файла C:\Users\шадрин\PycharmProjects\CenterStrikeVolatility_API\FinLabPy\Storage\..\..\Data\Alor\SPBFUT.RIH6_D1.txt
20.02.2026 10:42:18 - FileStorage - DEBUG - Первый бар    : 04.10.2025 00:00
20.02.2026 10:42:18 - FileStorage - DEBUG - Последний бар : 20.02.2026 00:00
20.02.2026 10:42:18 - FileStorage - DEBUG - Кол-во бар    : 122
20.02.2026 10:42:18 - Schedule.BarsStream - DEBUG - Текущая дата и время на бирже: 20.02.2026 10:42:18
20.02.2026 10:42:18 - Schedule.BarsStream - DEBUG - Нужно получить бар: 20.02.2026 00:00:00
20.02.2026 10:42:18 - Schedule.BarsStream - DEBUG - Время запроса бара: 23.02.2026 09:00:03
20.02.2026 10:42:18 - Schedule.BarsStream - DEBUG - Ожидание в секундах: 253065.0
20.02.2026 10:42:18 - FileStorage - DEBUG - Получение файла C:\Users\шадрин\PycharmProjects\CenterStrikeVolatility_API\FinLabPy\Storage\..\..\Data\Alor\SPBFUT.RIH6_D1.txt
20.02.2026 10:42:18 - FileStorage - DEBUG - Первый бар    : 04.10.2025 00:00
20.02.2026 10:42:18 - FileStorage - DEBUG - Последний бар : 20.02.2026 00:00
20.02.2026 10:42:18 - FileStorage - DEBUG - Кол-во бар    : 122
20.02.2026 10:42:18 - FileStorage - DEBUG - Фильтр с 03.10.2025 10:42
20.02.2026 10:42:18 - FileStorage - DEBUG - Первый бар    : SPBFUT.RIH6 (D1) 2025-10-04 00:00:00 Open: 100060.0, High: 100060.0, Low: 98820.0, Close: 99270.0, Volume: 83.0
20.02.2026 10:42:18 - FileStorage - DEBUG - Последний бар : SPBFUT.RIH6 (D1) 2026-02-20 00:00:00 Open: 116130.0, High: 116400.0, Low: 115810.0, Close: 116030.0, Volume: 6353.0
20.02.2026 10:42:18 - FileStorage - DEBUG - Кол-во бар    : 122
20.02.2026 10:42:18 - AlorPy - DEBUG - Запрос : /md/v2/Securities/MOEX/SiH6?format=Simple
20.02.2026 10:42:18 - AlorPy - DEBUG - Ответ  : {"symbol":"SI-3.26","shortname":"SiH6","description":"SiH6","exchange":"MOEX","market":"FORTS","type":"Фьючерсный контракт Si-3.26","lotsize":1,"facevalue":1000,"cfiCode":"FFXCSX","cancellation":"2026-03-19T00:00:00.0000000","minstep":1,"rating":949564,"marginbuy":11782.55,"marginsell":11886.1,"marginrate":0,"priceMax":82691,"priceMin":69675,"theorPrice":0,"theorPriceLimit":0,"volatility":0,"currency":"RUB","ISIN":null,"yield":null,"board":"RFUD","primary_board":"RFUD","tradingStatus":17,"tradingStatusInfo":"нормальный период торгов","complexProductCategory":"2","priceMultiplier":1,"priceShownUnits":1,"pricestep":1}
20.02.2026 10:42:18 - FileStorage - DEBUG - Получение файла C:\Users\шадрин\PycharmProjects\CenterStrikeVolatility_API\FinLabPy\Storage\..\..\Data\Alor\SPBFUT.SiH6_D1.txt
20.02.2026 10:42:18 - FileStorage - DEBUG - Первый бар    : 06.10.2025 00:00
20.02.2026 10:42:18 - FileStorage - DEBUG - Последний бар : 19.02.2026 00:00
20.02.2026 10:42:18 - FileStorage - DEBUG - Кол-во бар    : 95
20.02.2026 10:42:18 - FileStorage - DEBUG - Фильтр с 03.10.2025 10:42
20.02.2026 10:42:18 - FileStorage - DEBUG - Первый бар    : SPBFUT.SiH6 (D1) 2025-10-06 00:00:00 Open: 87.101, High: 87.638, Low: 86.591, Close: 86.731, Volume: 10858.0
20.02.2026 10:42:18 - FileStorage - DEBUG - Последний бар : SPBFUT.SiH6 (D1) 2026-02-19 00:00:00 Open: 76.78, High: 76.964, Low: 76.537, Close: 76.613, Volume: 63763.0
20.02.2026 10:42:18 - FileStorage - DEBUG - Кол-во бар    : 95
20.02.2026 10:42:18 - AlorPy - DEBUG - Запрос : /md/v2/history?exchange=MOEX&symbol=RIH6&tf=D&from=1771545600&to=1771573338&format=Simple
20.02.2026 10:42:18 - AlorPy - DEBUG - Ответ  : {"history":[{"time":1771545600,"close":116030.00000,"open":116130.00000,"high":116400.00000,"low":115810.00000,"volume":6367}],"next":null,"prev":1771459200}
20.02.2026 10:42:18 - FileStorage - DEBUG - Получение файла C:\Users\шадрин\PycharmProjects\CenterStrikeVolatility_API\FinLabPy\Storage\..\..\Data\Alor\SPBFUT.RIH6_D1.txt
20.02.2026 10:42:18 - FileStorage - DEBUG - Первый бар    : 04.10.2025 00:00
20.02.2026 10:42:18 - FileStorage - DEBUG - Последний бар : 20.02.2026 00:00
20.02.2026 10:42:18 - FileStorage - DEBUG - Кол-во бар    : 122
20.02.2026 10:42:18 - FileStorage - DEBUG - Сохранение файла C:\Users\шадрин\PycharmProjects\CenterStrikeVolatility_API\FinLabPy\Storage\..\..\Data\Alor\SPBFUT.RIH6_D1.txt
20.02.2026 10:42:18 - FileStorage - DEBUG - Первый бар    : 04.10.2025 00:00
20.02.2026 10:42:18 - FileStorage - DEBUG - Последний бар : 20.02.2026 00:00
20.02.2026 10:42:18 - FileStorage - DEBUG - Кол-во бар    : 122
20.02.2026 10:42:18 - Schedule.BarsStream - DEBUG - Текущая дата и время на бирже: 20.02.2026 10:42:18
20.02.2026 10:42:18 - Schedule.BarsStream - DEBUG - Нужно получить бар: 20.02.2026 00:00:00
20.02.2026 10:42:18 - Schedule.BarsStream - DEBUG - Время запроса бара: 23.02.2026 09:00:03
20.02.2026 10:42:18 - Schedule.BarsStream - DEBUG - Ожидание в секундах: 253065.0
20.02.2026 10:42:18 - FileStorage - DEBUG - Получение файла C:\Users\шадрин\PycharmProjects\CenterStrikeVolatility_API\FinLabPy\Storage\..\..\Data\Alor\SPBFUT.RIH6_D1.txt
20.02.2026 10:42:18 - FileStorage - DEBUG - Первый бар    : 04.10.2025 00:00
20.02.2026 10:42:18 - FileStorage - DEBUG - Последний бар : 20.02.2026 00:00
20.02.2026 10:42:18 - FileStorage - DEBUG - Кол-во бар    : 122
20.02.2026 10:42:18 - FileStorage - DEBUG - Фильтр с 03.10.2025 10:42
20.02.2026 10:42:18 - FileStorage - DEBUG - Первый бар    : SPBFUT.RIH6 (D1) 2025-10-04 00:00:00 Open: 100060.0, High: 100060.0, Low: 98820.0, Close: 99270.0, Volume: 83.0
20.02.2026 10:42:18 - FileStorage - DEBUG - Последний бар : SPBFUT.RIH6 (D1) 2026-02-20 00:00:00 Open: 116130.0, High: 116400.0, Low: 115810.0, Close: 116030.0, Volume: 6367.0
20.02.2026 10:42:18 - FileStorage - DEBUG - Кол-во бар    : 122
20.02.2026 10:42:19 - AlorPy - DEBUG - Запрос : /md/v2/history?exchange=MOEX&symbol=SiH6&tf=D&from=1771459200&to=1771573338&format=Simple
20.02.2026 10:42:19 - AlorPy - DEBUG - Ответ  : {"history":[{"time":1771459200,"close":76210.00000,"open":76780.00000,"high":76964.00000,"low":76106.00000,"volume":860264},{"time":1771545600,"close":76446.00000,"open":76230.00000,"high":76500.00000,"low":76123.00000,"volume":91113}],"next":null,"prev":1771372800}
20.02.2026 10:42:19 - FileStorage - DEBUG - Получение файла C:\Users\шадрин\PycharmProjects\CenterStrikeVolatility_API\FinLabPy\Storage\..\..\Data\Alor\SPBFUT.SiH6_D1.txt
20.02.2026 10:42:19 - FileStorage - DEBUG - Первый бар    : 06.10.2025 00:00
20.02.2026 10:42:19 - FileStorage - DEBUG - Последний бар : 19.02.2026 00:00
20.02.2026 10:42:19 - FileStorage - DEBUG - Кол-во бар    : 95
20.02.2026 10:42:19 - FileStorage - DEBUG - Сохранение файла C:\Users\шадрин\PycharmProjects\CenterStrikeVolatility_API\FinLabPy\Storage\..\..\Data\Alor\SPBFUT.SiH6_D1.txt
20.02.2026 10:42:19 - FileStorage - DEBUG - Первый бар    : 06.10.2025 00:00
20.02.2026 10:42:19 - FileStorage - DEBUG - Последний бар : 20.02.2026 00:00
20.02.2026 10:42:19 - FileStorage - DEBUG - Кол-во бар    : 96
20.02.2026 10:42:19 - Schedule.BarsStream - DEBUG - Текущая дата и время на бирже: 20.02.2026 10:42:19
20.02.2026 10:42:19 - Schedule.BarsStream - DEBUG - Нужно получить бар: 20.02.2026 00:00:00
20.02.2026 10:42:19 - Schedule.BarsStream - DEBUG - Время запроса бара: 23.02.2026 09:00:03
20.02.2026 10:42:19 - Schedule.BarsStream - DEBUG - Ожидание в секундах: 253064.0
20.02.2026 10:42:19 - FileStorage - DEBUG - Получение файла C:\Users\шадрин\PycharmProjects\CenterStrikeVolatility_API\FinLabPy\Storage\..\..\Data\Alor\SPBFUT.SiH6_D1.txt
20.02.2026 10:42:19 - FileStorage - DEBUG - Первый бар    : 06.10.2025 00:00
20.02.2026 10:42:19 - FileStorage - DEBUG - Последний бар : 20.02.2026 00:00
20.02.2026 10:42:19 - FileStorage - DEBUG - Кол-во бар    : 96
20.02.2026 10:42:19 - FileStorage - DEBUG - Фильтр с 03.10.2025 10:42
20.02.2026 10:42:19 - FileStorage - DEBUG - Первый бар    : SPBFUT.SiH6 (D1) 2025-10-06 00:00:00 Open: 87.101, High: 87.638, Low: 86.591, Close: 86.731, Volume: 10858.0
20.02.2026 10:42:19 - FileStorage - DEBUG - Последний бар : SPBFUT.SiH6 (D1) 2026-02-20 00:00:00 Open: 76.23, High: 76.5, Low: 76.123, Close: 76.446, Volume: 91113.0
20.02.2026 10:42:19 - FileStorage - DEBUG - Кол-во бар    : 96
20.02.2026 10:42:19 - AlorPy - DEBUG - Запрос : /md/v2/history?exchange=MOEX&symbol=RIH6&tf=D&from=1771545600&to=1771573338&format=Simple
20.02.2026 10:42:19 - AlorPy - DEBUG - Ответ  : {"history":[{"time":1771545600,"close":116030.00000,"open":116130.00000,"high":116400.00000,"low":115810.00000,"volume":6367}],"next":null,"prev":1771459200}
20.02.2026 10:42:19 - FileStorage - DEBUG - Получение файла C:\Users\шадрин\PycharmProjects\CenterStrikeVolatility_API\FinLabPy\Storage\..\..\Data\Alor\SPBFUT.RIH6_D1.txt
20.02.2026 10:42:19 - FileStorage - DEBUG - Первый бар    : 04.10.2025 00:00
20.02.2026 10:42:19 - FileStorage - DEBUG - Последний бар : 20.02.2026 00:00
20.02.2026 10:42:19 - FileStorage - DEBUG - Кол-во бар    : 122
20.02.2026 10:42:19 - FileStorage - DEBUG - Сохранение файла C:\Users\шадрин\PycharmProjects\CenterStrikeVolatility_API\FinLabPy\Storage\..\..\Data\Alor\SPBFUT.RIH6_D1.txt
20.02.2026 10:42:19 - FileStorage - DEBUG - Первый бар    : 04.10.2025 00:00
20.02.2026 10:42:19 - FileStorage - DEBUG - Последний бар : 20.02.2026 00:00
20.02.2026 10:42:19 - FileStorage - DEBUG - Кол-во бар    : 122
20.02.2026 10:42:19 - Schedule.BarsStream - DEBUG - Текущая дата и время на бирже: 20.02.2026 10:42:19
20.02.2026 10:42:19 - Schedule.BarsStream - DEBUG - Нужно получить бар: 20.02.2026 00:00:00
20.02.2026 10:42:19 - Schedule.BarsStream - DEBUG - Время запроса бара: 23.02.2026 09:00:03
20.02.2026 10:42:19 - Schedule.BarsStream - DEBUG - Ожидание в секундах: 253064.0
20.02.2026 10:42:19 - FileStorage - DEBUG - Получение файла C:\Users\шадрин\PycharmProjects\CenterStrikeVolatility_API\FinLabPy\Storage\..\..\Data\Alor\SPBFUT.RIH6_D1.txt
20.02.2026 10:42:19 - FileStorage - DEBUG - Первый бар    : 04.10.2025 00:00
20.02.2026 10:42:19 - FileStorage - DEBUG - Последний бар : 20.02.2026 00:00
20.02.2026 10:42:19 - FileStorage - DEBUG - Кол-во бар    : 122
20.02.2026 10:42:19 - FileStorage - DEBUG - Фильтр с 03.10.2025 10:42
20.02.2026 10:42:19 - FileStorage - DEBUG - Первый бар    : SPBFUT.RIH6 (D1) 2025-10-04 00:00:00 Open: 100060.0, High: 100060.0, Low: 98820.0, Close: 99270.0, Volume: 83.0
20.02.2026 10:42:19 - FileStorage - DEBUG - Последний бар : SPBFUT.RIH6 (D1) 2026-02-20 00:00:00 Open: 116130.0, High: 116400.0, Low: 115810.0, Close: 116030.0, Volume: 6367.0
20.02.2026 10:42:19 - FileStorage - DEBUG - Кол-во бар    : 122
20.02.2026 10:42:19 - AlorPy - DEBUG - Запрос : /md/v2/history?exchange=MOEX&symbol=SiH6&tf=D&from=1771545600&to=1771573339&format=Simple
20.02.2026 10:42:19 - AlorPy - DEBUG - Ответ  : {"history":[{"time":1771545600,"close":76447.00000,"open":76230.00000,"high":76500.00000,"low":76123.00000,"volume":91115}],"next":null,"prev":1771459200}
20.02.2026 10:42:19 - FileStorage - DEBUG - Получение файла C:\Users\шадрин\PycharmProjects\CenterStrikeVolatility_API\FinLabPy\Storage\..\..\Data\Alor\SPBFUT.SiH6_D1.txt
20.02.2026 10:42:19 - FileStorage - DEBUG - Первый бар    : 06.10.2025 00:00
20.02.2026 10:42:19 - FileStorage - DEBUG - Последний бар : 20.02.2026 00:00
20.02.2026 10:42:19 - FileStorage - DEBUG - Кол-во бар    : 96
20.02.2026 10:42:19 - FileStorage - DEBUG - Сохранение файла C:\Users\шадрин\PycharmProjects\CenterStrikeVolatility_API\FinLabPy\Storage\..\..\Data\Alor\SPBFUT.SiH6_D1.txt
20.02.2026 10:42:19 - FileStorage - DEBUG - Первый бар    : 06.10.2025 00:00
20.02.2026 10:42:19 - FileStorage - DEBUG - Последний бар : 20.02.2026 00:00
20.02.2026 10:42:19 - FileStorage - DEBUG - Кол-во бар    : 96
20.02.2026 10:42:19 - Schedule.BarsStream - DEBUG - Текущая дата и время на бирже: 20.02.2026 10:42:19
20.02.2026 10:42:19 - Schedule.BarsStream - DEBUG - Нужно получить бар: 20.02.2026 00:00:00
20.02.2026 10:42:19 - Schedule.BarsStream - DEBUG - Время запроса бара: 23.02.2026 09:00:03
20.02.2026 10:42:19 - Schedule.BarsStream - DEBUG - Ожидание в секундах: 253064.0
20.02.2026 10:42:19 - FileStorage - DEBUG - Получение файла C:\Users\шадрин\PycharmProjects\CenterStrikeVolatility_API\FinLabPy\Storage\..\..\Data\Alor\SPBFUT.SiH6_D1.txt
20.02.2026 10:42:19 - FileStorage - DEBUG - Первый бар    : 06.10.2025 00:00
20.02.2026 10:42:19 - FileStorage - DEBUG - Последний бар : 20.02.2026 00:00
20.02.2026 10:42:19 - FileStorage - DEBUG - Кол-во бар    : 96
20.02.2026 10:42:19 - FileStorage - DEBUG - Фильтр с 03.10.2025 10:42
20.02.2026 10:42:19 - FileStorage - DEBUG - Первый бар    : SPBFUT.SiH6 (D1) 2025-10-06 00:00:00 Open: 87.101, High: 87.638, Low: 86.591, Close: 86.731, Volume: 10858.0
20.02.2026 10:42:19 - FileStorage - DEBUG - Последний бар : SPBFUT.SiH6 (D1) 2026-02-20 00:00:00 Open: 76.23, High: 76.5, Low: 76.123, Close: 76.447, Volume: 91115.0
20.02.2026 10:42:19 - FileStorage - DEBUG - Кол-во бар    : 96
20.02.2026 10:42:20 - AlorPy - DEBUG - Запрос : /md/v2/history?exchange=MOEX&symbol=RIH6&tf=D&from=1771545600&to=1771573339&format=Simple
20.02.2026 10:42:20 - AlorPy - DEBUG - Ответ  : {"history":[{"time":1771545600,"close":116030.00000,"open":116130.00000,"high":116400.00000,"low":115810.00000,"volume":6367}],"next":null,"prev":1771459200}
20.02.2026 10:42:20 - FileStorage - DEBUG - Получение файла C:\Users\шадрин\PycharmProjects\CenterStrikeVolatility_API\FinLabPy\Storage\..\..\Data\Alor\SPBFUT.RIH6_D1.txt
20.02.2026 10:42:20 - FileStorage - DEBUG - Первый бар    : 04.10.2025 00:00
20.02.2026 10:42:20 - FileStorage - DEBUG - Последний бар : 20.02.2026 00:00
20.02.2026 10:42:20 - FileStorage - DEBUG - Кол-во бар    : 122
20.02.2026 10:42:20 - FileStorage - DEBUG - Сохранение файла C:\Users\шадрин\PycharmProjects\CenterStrikeVolatility_API\FinLabPy\Storage\..\..\Data\Alor\SPBFUT.RIH6_D1.txt
20.02.2026 10:42:20 - FileStorage - DEBUG - Первый бар    : 04.10.2025 00:00
20.02.2026 10:42:20 - FileStorage - DEBUG - Последний бар : 20.02.2026 00:00
20.02.2026 10:42:20 - FileStorage - DEBUG - Кол-во бар    : 122
20.02.2026 10:42:20 - Schedule.BarsStream - DEBUG - Текущая дата и время на бирже: 20.02.2026 10:42:20
20.02.2026 10:42:20 - Schedule.BarsStream - DEBUG - Нужно получить бар: 20.02.2026 00:00:00
20.02.2026 10:42:20 - Schedule.BarsStream - DEBUG - Время запроса бара: 23.02.2026 09:00:03
20.02.2026 10:42:20 - Schedule.BarsStream - DEBUG - Ожидание в секундах: 253063.0
20.02.2026 10:42:20 - FileStorage - DEBUG - Получение файла C:\Users\шадрин\PycharmProjects\CenterStrikeVolatility_API\FinLabPy\Storage\..\..\Data\Alor\SPBFUT.RIH6_D1.txt
20.02.2026 10:42:20 - FileStorage - DEBUG - Первый бар    : 04.10.2025 00:00
20.02.2026 10:42:20 - FileStorage - DEBUG - Последний бар : 20.02.2026 00:00
20.02.2026 10:42:20 - FileStorage - DEBUG - Кол-во бар    : 122
20.02.2026 10:42:20 - FileStorage - DEBUG - Фильтр с 03.10.2025 10:42
20.02.2026 10:42:20 - FileStorage - DEBUG - Первый бар    : SPBFUT.RIH6 (D1) 2025-10-04 00:00:00 Open: 100060.0, High: 100060.0, Low: 98820.0, Close: 99270.0, Volume: 83.0
20.02.2026 10:42:20 - FileStorage - DEBUG - Последний бар : SPBFUT.RIH6 (D1) 2026-02-20 00:00:00 Open: 116130.0, High: 116400.0, Low: 115810.0, Close: 116030.0, Volume: 6367.0
20.02.2026 10:42:20 - FileStorage - DEBUG - Кол-во бар    : 122
20.02.2026 10:42:20 - AlorPy - DEBUG - Запрос : /md/v2/history?exchange=MOEX&symbol=SiH6&tf=D&from=1771545600&to=1771573339&format=Simple
20.02.2026 10:42:20 - AlorPy - DEBUG - Ответ  : {"history":[{"time":1771545600,"close":76447.00000,"open":76230.00000,"high":76500.00000,"low":76123.00000,"volume":91115}],"next":null,"prev":1771459200}
20.02.2026 10:42:20 - FileStorage - DEBUG - Получение файла C:\Users\шадрин\PycharmProjects\CenterStrikeVolatility_API\FinLabPy\Storage\..\..\Data\Alor\SPBFUT.SiH6_D1.txt
20.02.2026 10:42:20 - FileStorage - DEBUG - Первый бар    : 06.10.2025 00:00
20.02.2026 10:42:20 - FileStorage - DEBUG - Последний бар : 20.02.2026 00:00
20.02.2026 10:42:20 - FileStorage - DEBUG - Кол-во бар    : 96
20.02.2026 10:42:20 - FileStorage - DEBUG - Сохранение файла C:\Users\шадрин\PycharmProjects\CenterStrikeVolatility_API\FinLabPy\Storage\..\..\Data\Alor\SPBFUT.SiH6_D1.txt
20.02.2026 10:42:20 - FileStorage - DEBUG - Первый бар    : 06.10.2025 00:00
20.02.2026 10:42:20 - FileStorage - DEBUG - Последний бар : 20.02.2026 00:00
20.02.2026 10:42:20 - FileStorage - DEBUG - Кол-во бар    : 96
20.02.2026 10:42:20 - Schedule.BarsStream - DEBUG - Текущая дата и время на бирже: 20.02.2026 10:42:20
20.02.2026 10:42:20 - Schedule.BarsStream - DEBUG - Нужно получить бар: 20.02.2026 00:00:00
20.02.2026 10:42:20 - Schedule.BarsStream - DEBUG - Время запроса бара: 23.02.2026 09:00:03
20.02.2026 10:42:20 - Schedule.BarsStream - DEBUG - Ожидание в секундах: 253063.0
20.02.2026 10:42:20 - FileStorage - DEBUG - Получение файла C:\Users\шадрин\PycharmProjects\CenterStrikeVolatility_API\FinLabPy\Storage\..\..\Data\Alor\SPBFUT.SiH6_D1.txt
20.02.2026 10:42:20 - AlorPy - DEBUG - Запрос : /md/v2/history?exchange=MOEX&symbol=RIH6&tf=D&from=1771545600&to=1771573340&format=Simple
20.02.2026 10:42:20 - AlorPy - DEBUG - Ответ  : {"history":[{"time":1771545600,"close":116030.00000,"open":116130.00000,"high":116400.00000,"low":115810.00000,"volume":6367}],"next":null,"prev":1771459200}
20.02.2026 10:42:20 - FileStorage - DEBUG - Получение файла C:\Users\шадрин\PycharmProjects\CenterStrikeVolatility_API\FinLabPy\Storage\..\..\Data\Alor\SPBFUT.RIH6_D1.txt
20.02.2026 10:42:20 - FileStorage - DEBUG - Первый бар    : 06.10.2025 00:00
20.02.2026 10:42:20 - FileStorage - DEBUG - Последний бар : 20.02.2026 00:00
20.02.2026 10:42:20 - FileStorage - DEBUG - Кол-во бар    : 96
20.02.2026 10:42:20 - FileStorage - DEBUG - Фильтр с 03.10.2025 10:42
20.02.2026 10:42:20 - FileStorage - DEBUG - Первый бар    : SPBFUT.SiH6 (D1) 2025-10-06 00:00:00 Open: 87.101, High: 87.638, Low: 86.591, Close: 86.731, Volume: 10858.0
20.02.2026 10:42:20 - FileStorage - DEBUG - Последний бар : SPBFUT.SiH6 (D1) 2026-02-20 00:00:00 Open: 76.23, High: 76.5, Low: 76.123, Close: 76.447, Volume: 91115.0
20.02.2026 10:42:20 - FileStorage - DEBUG - Кол-во бар    : 96
20.02.2026 10:42:20 - FileStorage - DEBUG - Первый бар    : 04.10.2025 00:00
20.02.2026 10:42:20 - FileStorage - DEBUG - Последний бар : 20.02.2026 00:00
20.02.2026 10:42:20 - FileStorage - DEBUG - Кол-во бар    : 122
20.02.2026 10:42:20 - FileStorage - DEBUG - Сохранение файла C:\Users\шадрин\PycharmProjects\CenterStrikeVolatility_API\FinLabPy\Storage\..\..\Data\Alor\SPBFUT.RIH6_D1.txt
20.02.2026 10:42:20 - FileStorage - DEBUG - Первый бар    : 04.10.2025 00:00
20.02.2026 10:42:20 - FileStorage - DEBUG - Последний бар : 20.02.2026 00:00
20.02.2026 10:42:20 - FileStorage - DEBUG - Кол-во бар    : 122
20.02.2026 10:42:20 - Schedule.BarsStream - DEBUG - Текущая дата и время на бирже: 20.02.2026 10:42:20
20.02.2026 10:42:20 - Schedule.BarsStream - DEBUG - Нужно получить бар: 20.02.2026 00:00:00
20.02.2026 10:42:20 - Schedule.BarsStream - DEBUG - Время запроса бара: 23.02.2026 09:00:03
20.02.2026 10:42:20 - Schedule.BarsStream - DEBUG - Ожидание в секундах: 253063.0
20.02.2026 10:42:20 - FileStorage - DEBUG - Получение файла C:\Users\шадрин\PycharmProjects\CenterStrikeVolatility_API\FinLabPy\Storage\..\..\Data\Alor\SPBFUT.RIH6_D1.txt
20.02.2026 10:42:20 - FileStorage - DEBUG - Первый бар    : 04.10.2025 00:00
20.02.2026 10:42:20 - FileStorage - DEBUG - Последний бар : 20.02.2026 00:00
20.02.2026 10:42:20 - FileStorage - DEBUG - Кол-во бар    : 122
20.02.2026 10:42:20 - FileStorage - DEBUG - Фильтр с 03.10.2025 10:42
20.02.2026 10:42:20 - FileStorage - DEBUG - Первый бар    : SPBFUT.RIH6 (D1) 2025-10-04 00:00:00 Open: 100060.0, High: 100060.0, Low: 98820.0, Close: 99270.0, Volume: 83.0
20.02.2026 10:42:20 - FileStorage - DEBUG - Последний бар : SPBFUT.RIH6 (D1) 2026-02-20 00:00:00 Open: 116130.0, High: 116400.0, Low: 115810.0, Close: 116030.0, Volume: 6367.0
20.02.2026 10:42:20 - FileStorage - DEBUG - Кол-во бар    : 122
20.02.2026 10:42:21 - AlorPy - DEBUG - Запрос : /md/v2/history?exchange=MOEX&symbol=RIH6&tf=D&from=1771545600&to=1771573340&format=Simple
20.02.2026 10:42:21 - AlorPy - DEBUG - Запрос : /md/v2/history?exchange=MOEX&symbol=SiH6&tf=D&from=1771545600&to=1771573340&format=Simple
20.02.2026 10:42:21 - AlorPy - DEBUG - Ответ  : {"history":[{"time":1771545600,"close":116030.00000,"open":116130.00000,"high":116400.00000,"low":115810.00000,"volume":6367}],"next":null,"prev":1771459200}
20.02.2026 10:42:21 - AlorPy - DEBUG - Ответ  : {"history":[{"time":1771545600,"close":76447.00000,"open":76230.00000,"high":76500.00000,"low":76123.00000,"volume":91121}],"next":null,"prev":1771459200}
20.02.2026 10:42:21 - FileStorage - DEBUG - Получение файла C:\Users\шадрин\PycharmProjects\CenterStrikeVolatility_API\FinLabPy\Storage\..\..\Data\Alor\SPBFUT.RIH6_D1.txt
20.02.2026 10:42:21 - FileStorage - DEBUG - Получение файла C:\Users\шадрин\PycharmProjects\CenterStrikeVolatility_API\FinLabPy\Storage\..\..\Data\Alor\SPBFUT.SiH6_D1.txt
20.02.2026 10:42:21 - FileStorage - DEBUG - Первый бар    : 04.10.2025 00:00
20.02.2026 10:42:21 - FileStorage - DEBUG - Первый бар    : 06.10.2025 00:00
20.02.2026 10:42:21 - FileStorage - DEBUG - Последний бар : 20.02.2026 00:00
20.02.2026 10:42:21 - FileStorage - DEBUG - Последний бар : 20.02.2026 00:00
20.02.2026 10:42:21 - FileStorage - DEBUG - Кол-во бар    : 122
20.02.2026 10:42:21 - FileStorage - DEBUG - Кол-во бар    : 96
20.02.2026 10:42:21 - FileStorage - DEBUG - Сохранение файла C:\Users\шадрин\PycharmProjects\CenterStrikeVolatility_API\FinLabPy\Storage\..\..\Data\Alor\SPBFUT.RIH6_D1.txt
20.02.2026 10:42:21 - FileStorage - DEBUG - Сохранение файла C:\Users\шадрин\PycharmProjects\CenterStrikeVolatility_API\FinLabPy\Storage\..\..\Data\Alor\SPBFUT.SiH6_D1.txt
20.02.2026 10:42:21 - FileStorage - DEBUG - Первый бар    : 04.10.2025 00:00
20.02.2026 10:42:21 - FileStorage - DEBUG - Первый бар    : 06.10.2025 00:00
20.02.2026 10:42:21 - FileStorage - DEBUG - Последний бар : 20.02.2026 00:00
20.02.2026 10:42:21 - FileStorage - DEBUG - Последний бар : 20.02.2026 00:00
20.02.2026 10:42:21 - FileStorage - DEBUG - Кол-во бар    : 122
20.02.2026 10:42:21 - FileStorage - DEBUG - Кол-во бар    : 96
20.02.2026 10:42:21 - Schedule.BarsStream - DEBUG - Текущая дата и время на бирже: 20.02.2026 10:42:21
20.02.2026 10:42:21 - Schedule.BarsStream - DEBUG - Нужно получить бар: 20.02.2026 00:00:00
20.02.2026 10:42:21 - Schedule.BarsStream - DEBUG - Время запроса бара: 23.02.2026 09:00:03
20.02.2026 10:42:21 - Schedule.BarsStream - DEBUG - Текущая дата и время на бирже: 20.02.2026 10:42:21
20.02.2026 10:42:21 - Schedule.BarsStream - DEBUG - Ожидание в секундах: 253062.0
20.02.2026 10:42:21 - Schedule.BarsStream - DEBUG - Нужно получить бар: 20.02.2026 00:00:00
20.02.2026 10:42:21 - Schedule.BarsStream - DEBUG - Время запроса бара: 23.02.2026 09:00:03
20.02.2026 10:42:21 - Schedule.BarsStream - DEBUG - Ожидание в секундах: 253062.0
20.02.2026 10:42:21 - FileStorage - DEBUG - Получение файла C:\Users\шадрин\PycharmProjects\CenterStrikeVolatility_API\FinLabPy\Storage\..\..\Data\Alor\SPBFUT.RIH6_D1.txt
20.02.2026 10:42:21 - FileStorage - DEBUG - Получение файла C:\Users\шадрин\PycharmProjects\CenterStrikeVolatility_API\FinLabPy\Storage\..\..\Data\Alor\SPBFUT.SiH6_D1.txt
20.02.2026 10:42:21 - FileStorage - DEBUG - Первый бар    : 04.10.2025 00:00
20.02.2026 10:42:21 - FileStorage - DEBUG - Последний бар : 20.02.2026 00:00
20.02.2026 10:42:21 - FileStorage - DEBUG - Кол-во бар    : 122
20.02.2026 10:42:21 - FileStorage - DEBUG - Фильтр с 03.10.2025 10:42
20.02.2026 10:42:21 - FileStorage - DEBUG - Первый бар    : 06.10.2025 00:00
20.02.2026 10:42:21 - FileStorage - DEBUG - Первый бар    : SPBFUT.RIH6 (D1) 2025-10-04 00:00:00 Open: 100060.0, High: 100060.0, Low: 98820.0, Close: 99270.0, Volume: 83.0
20.02.2026 10:42:21 - FileStorage - DEBUG - Последний бар : 20.02.2026 00:00
20.02.2026 10:42:21 - FileStorage - DEBUG - Последний бар : SPBFUT.RIH6 (D1) 2026-02-20 00:00:00 Open: 116130.0, High: 116400.0, Low: 115810.0, Close: 116030.0, Volume: 6367.0
20.02.2026 10:42:21 - FileStorage - DEBUG - Кол-во бар    : 96
20.02.2026 10:42:21 - FileStorage - DEBUG - Кол-во бар    : 122
20.02.2026 10:42:21 - FileStorage - DEBUG - Фильтр с 03.10.2025 10:42
20.02.2026 10:42:21 - FileStorage - DEBUG - Первый бар    : SPBFUT.SiH6 (D1) 2025-10-06 00:00:00 Open: 87.101, High: 87.638, Low: 86.591, Close: 86.731, Volume: 10858.0
20.02.2026 10:42:21 - FileStorage - DEBUG - Последний бар : SPBFUT.SiH6 (D1) 2026-02-20 00:00:00 Open: 76.23, High: 76.5, Low: 76.123, Close: 76.447, Volume: 91121.0
20.02.2026 10:42:21 - FileStorage - DEBUG - Кол-во бар    : 96
20.02.2026 10:42:22 - AlorPy - DEBUG - Запрос : /md/v2/history?exchange=MOEX&symbol=RIH6&tf=D&from=1771545600&to=1771573341&format=Simple
20.02.2026 10:42:22 - AlorPy - DEBUG - Ответ  : {"history":[{"time":1771545600,"close":116030.00000,"open":116130.00000,"high":116400.00000,"low":115810.00000,"volume":6367}],"next":null,"prev":1771459200}
20.02.2026 10:42:22 - FileStorage - DEBUG - Получение файла C:\Users\шадрин\PycharmProjects\CenterStrikeVolatility_API\FinLabPy\Storage\..\..\Data\Alor\SPBFUT.RIH6_D1.txt
20.02.2026 10:42:22 - FileStorage - DEBUG - Первый бар    : 04.10.2025 00:00
20.02.2026 10:42:22 - FileStorage - DEBUG - Последний бар : 20.02.2026 00:00
20.02.2026 10:42:22 - FileStorage - DEBUG - Кол-во бар    : 122
20.02.2026 10:42:22 - FileStorage - DEBUG - Сохранение файла C:\Users\шадрин\PycharmProjects\CenterStrikeVolatility_API\FinLabPy\Storage\..\..\Data\Alor\SPBFUT.RIH6_D1.txt
20.02.2026 10:42:22 - AlorPy - DEBUG - Запрос : /md/v2/history?exchange=MOEX&symbol=SiH6&tf=D&from=1771545600&to=1771573341&format=Simple
20.02.2026 10:42:22 - AlorPy - DEBUG - Ответ  : {"history":[{"time":1771545600,"close":76447.00000,"open":76230.00000,"high":76500.00000,"low":76123.00000,"volume":91125}],"next":null,"prev":1771459200}
20.02.2026 10:42:22 - FileStorage - DEBUG - Получение файла C:\Users\шадрин\PycharmProjects\CenterStrikeVolatility_API\FinLabPy\Storage\..\..\Data\Alor\SPBFUT.SiH6_D1.txt
20.02.2026 10:42:22 - FileStorage - DEBUG - Первый бар    : 04.10.2025 00:00
20.02.2026 10:42:22 - FileStorage - DEBUG - Последний бар : 20.02.2026 00:00
20.02.2026 10:42:22 - FileStorage - DEBUG - Кол-во бар    : 122
20.02.2026 10:42:22 - Schedule.BarsStream - DEBUG - Текущая дата и время на бирже: 20.02.2026 10:42:22
20.02.2026 10:42:22 - Schedule.BarsStream - DEBUG - Нужно получить бар: 20.02.2026 00:00:00
20.02.2026 10:42:22 - Schedule.BarsStream - DEBUG - Время запроса бара: 23.02.2026 09:00:03
20.02.2026 10:42:22 - Schedule.BarsStream - DEBUG - Ожидание в секундах: 253061.0
20.02.2026 10:42:22 - FileStorage - DEBUG - Первый бар    : 06.10.2025 00:00
20.02.2026 10:42:22 - FileStorage - DEBUG - Последний бар : 20.02.2026 00:00
20.02.2026 10:42:22 - FileStorage - DEBUG - Кол-во бар    : 96
20.02.2026 10:42:22 - FileStorage - DEBUG - Получение файла C:\Users\шадрин\PycharmProjects\CenterStrikeVolatility_API\FinLabPy\Storage\..\..\Data\Alor\SPBFUT.RIH6_D1.txt
20.02.2026 10:42:22 - FileStorage - DEBUG - Сохранение файла C:\Users\шадрин\PycharmProjects\CenterStrikeVolatility_API\FinLabPy\Storage\..\..\Data\Alor\SPBFUT.SiH6_D1.txt
20.02.2026 10:42:22 - FileStorage - DEBUG - Первый бар    : 04.10.2025 00:00
20.02.2026 10:42:22 - FileStorage - DEBUG - Последний бар : 20.02.2026 00:00
20.02.2026 10:42:22 - FileStorage - DEBUG - Кол-во бар    : 122
20.02.2026 10:42:22 - FileStorage - DEBUG - Фильтр с 03.10.2025 10:42
20.02.2026 10:42:22 - FileStorage - DEBUG - Первый бар    : SPBFUT.RIH6 (D1) 2025-10-04 00:00:00 Open: 100060.0, High: 100060.0, Low: 98820.0, Close: 99270.0, Volume: 83.0
20.02.2026 10:42:22 - FileStorage - DEBUG - Последний бар : SPBFUT.RIH6 (D1) 2026-02-20 00:00:00 Open: 116130.0, High: 116400.0, Low: 115810.0, Close: 116030.0, Volume: 6367.0
20.02.2026 10:42:22 - FileStorage - DEBUG - Кол-во бар    : 122
20.02.2026 10:42:22 - FileStorage - DEBUG - Первый бар    : 06.10.2025 00:00
20.02.2026 10:42:22 - FileStorage - DEBUG - Последний бар : 20.02.2026 00:00
20.02.2026 10:42:22 - FileStorage - DEBUG - Кол-во бар    : 96
20.02.2026 10:42:22 - Schedule.BarsStream - DEBUG - Текущая дата и время на бирже: 20.02.2026 10:42:22
20.02.2026 10:42:22 - Schedule.BarsStream - DEBUG - Нужно получить бар: 20.02.2026 00:00:00
20.02.2026 10:42:22 - Schedule.BarsStream - DEBUG - Время запроса бара: 23.02.2026 09:00:03
20.02.2026 10:42:22 - Schedule.BarsStream - DEBUG - Ожидание в секундах: 253061.0
20.02.2026 10:42:22 - FileStorage - DEBUG - Получение файла C:\Users\шадрин\PycharmProjects\CenterStrikeVolatility_API\FinLabPy\Storage\..\..\Data\Alor\SPBFUT.SiH6_D1.txt
20.02.2026 10:42:22 - FileStorage - DEBUG - Первый бар    : 06.10.2025 00:00
20.02.2026 10:42:22 - FileStorage - DEBUG - Последний бар : 20.02.2026 00:00
20.02.2026 10:42:22 - FileStorage - DEBUG - Кол-во бар    : 96
20.02.2026 10:42:22 - FileStorage - DEBUG - Фильтр с 03.10.2025 10:42
20.02.2026 10:42:22 - FileStorage - DEBUG - Первый бар    : SPBFUT.SiH6 (D1) 2025-10-06 00:00:00 Open: 87.101, High: 87.638, Low: 86.591, Close: 86.731, Volume: 10858.0
20.02.2026 10:42:22 - FileStorage - DEBUG - Последний бар : SPBFUT.SiH6 (D1) 2026-02-20 00:00:00 Open: 76.23, High: 76.5, Low: 76.123, Close: 76.447, Volume: 91125.0
20.02.2026 10:42:22 - FileStorage - DEBUG - Кол-во бар    : 96
20.02.2026 10:42:22 - Schedule.BarsStream - DEBUG - Текущая дата и время на бирже: 20.02.2026 10:42:22
20.02.2026 10:42:22 - Schedule.BarsStream - DEBUG - Нужно получить бар: 20.02.2026 00:00:00
20.02.2026 10:42:22 - Schedule.BarsStream - DEBUG - Время запроса бара: 23.02.2026 09:00:03
20.02.2026 10:42:22 - Schedule.BarsStream - DEBUG - Ожидание в секундах: 253061.0
20.02.2026 10:42:23 - AlorPy - DEBUG - Запрос : /md/v2/history?exchange=MOEX&symbol=RIH6&tf=D&from=1771545600&to=1771573342&format=Simple
20.02.2026 10:42:23 - AlorPy - DEBUG - Ответ  : {"history":[{"time":1771545600,"close":116030.00000,"open":116130.00000,"high":116400.00000,"low":115810.00000,"volume":6367}],"next":null,"prev":1771459200}
20.02.2026 10:42:23 - FileStorage - DEBUG - Получение файла C:\Users\шадрин\PycharmProjects\CenterStrikeVolatility_API\FinLabPy\Storage\..\..\Data\Alor\SPBFUT.RIH6_D1.txt
20.02.2026 10:42:23 - FileStorage - DEBUG - Первый бар    : 04.10.2025 00:00
20.02.2026 10:42:23 - FileStorage - DEBUG - Последний бар : 20.02.2026 00:00
20.02.2026 10:42:23 - FileStorage - DEBUG - Кол-во бар    : 122
20.02.2026 10:42:23 - FileStorage - DEBUG - Сохранение файла C:\Users\шадрин\PycharmProjects\CenterStrikeVolatility_API\FinLabPy\Storage\..\..\Data\Alor\SPBFUT.RIH6_D1.txt
20.02.2026 10:42:23 - AlorPy - DEBUG - Запрос : /md/v2/history?exchange=MOEX&symbol=SiH6&tf=D&from=1771545600&to=1771573342&format=Simple
20.02.2026 10:42:23 - AlorPy - DEBUG - Ответ  : {"history":[{"time":1771545600,"close":76448.00000,"open":76230.00000,"high":76500.00000,"low":76123.00000,"volume":91129}],"next":null,"prev":1771459200}
20.02.2026 10:42:23 - FileStorage - DEBUG - Получение файла C:\Users\шадрин\PycharmProjects\CenterStrikeVolatility_API\FinLabPy\Storage\..\..\Data\Alor\SPBFUT.SiH6_D1.txt
20.02.2026 10:42:23 - FileStorage - DEBUG - Первый бар    : 04.10.2025 00:00
20.02.2026 10:42:23 - FileStorage - DEBUG - Последний бар : 20.02.2026 00:00
20.02.2026 10:42:23 - FileStorage - DEBUG - Кол-во бар    : 122
20.02.2026 10:42:23 - Schedule.BarsStream - DEBUG - Текущая дата и время на бирже: 20.02.2026 10:42:23
20.02.2026 10:42:23 - Schedule.BarsStream - DEBUG - Нужно получить бар: 20.02.2026 00:00:00
20.02.2026 10:42:23 - Schedule.BarsStream - DEBUG - Время запроса бара: 23.02.2026 09:00:03
20.02.2026 10:42:23 - Schedule.BarsStream - DEBUG - Ожидание в секундах: 253060.0
20.02.2026 10:42:23 - FileStorage - DEBUG - Получение файла C:\Users\шадрин\PycharmProjects\CenterStrikeVolatility_API\FinLabPy\Storage\..\..\Data\Alor\SPBFUT.RIH6_D1.txt
20.02.2026 10:42:23 - FileStorage - DEBUG - Первый бар    : 06.10.2025 00:00
20.02.2026 10:42:23 - FileStorage - DEBUG - Последний бар : 20.02.2026 00:00
20.02.2026 10:42:23 - FileStorage - DEBUG - Кол-во бар    : 96
20.02.2026 10:42:23 - FileStorage - DEBUG - Сохранение файла C:\Users\шадрин\PycharmProjects\CenterStrikeVolatility_API\FinLabPy\Storage\..\..\Data\Alor\SPBFUT.SiH6_D1.txt
20.02.2026 10:42:23 - FileStorage - DEBUG - Первый бар    : 04.10.2025 00:00
20.02.2026 10:42:23 - FileStorage - DEBUG - Последний бар : 20.02.2026 00:00
20.02.2026 10:42:23 - FileStorage - DEBUG - Кол-во бар    : 122
20.02.2026 10:42:23 - FileStorage - DEBUG - Фильтр с 03.10.2025 10:42
20.02.2026 10:42:23 - FileStorage - DEBUG - Первый бар    : SPBFUT.RIH6 (D1) 2025-10-04 00:00:00 Open: 100060.0, High: 100060.0, Low: 98820.0, Close: 99270.0, Volume: 83.0
20.02.2026 10:42:23 - FileStorage - DEBUG - Последний бар : SPBFUT.RIH6 (D1) 2026-02-20 00:00:00 Open: 116130.0, High: 116400.0, Low: 115810.0, Close: 116030.0, Volume: 6367.0
20.02.2026 10:42:23 - FileStorage - DEBUG - Первый бар    : 06.10.2025 00:00
20.02.2026 10:42:23 - FileStorage - DEBUG - Кол-во бар    : 122
20.02.2026 10:42:23 - FileStorage - DEBUG - Последний бар : 20.02.2026 00:00
20.02.2026 10:42:23 - FileStorage - DEBUG - Кол-во бар    : 96
20.02.2026 10:42:23 - Schedule.BarsStream - DEBUG - Текущая дата и время на бирже: 20.02.2026 10:42:23
20.02.2026 10:42:23 - Schedule.BarsStream - DEBUG - Нужно получить бар: 20.02.2026 00:00:00
20.02.2026 10:42:23 - Schedule.BarsStream - DEBUG - Время запроса бара: 23.02.2026 09:00:03
20.02.2026 10:42:23 - Schedule.BarsStream - DEBUG - Ожидание в секундах: 253060.0
20.02.2026 10:42:23 - FileStorage - DEBUG - Получение файла C:\Users\шадрин\PycharmProjects\CenterStrikeVolatility_API\FinLabPy\Storage\..\..\Data\Alor\SPBFUT.SiH6_D1.txt
20.02.2026 10:42:23 - FileStorage - DEBUG - Первый бар    : 06.10.2025 00:00
20.02.2026 10:42:23 - FileStorage - DEBUG - Последний бар : 20.02.2026 00:00
20.02.2026 10:42:23 - FileStorage - DEBUG - Кол-во бар    : 96
20.02.2026 10:42:23 - FileStorage - DEBUG - Фильтр с 03.10.2025 10:42
20.02.2026 10:42:23 - FileStorage - DEBUG - Первый бар    : SPBFUT.SiH6 (D1) 2025-10-06 00:00:00 Open: 87.101, High: 87.638, Low: 86.591, Close: 86.731, Volume: 10858.0
20.02.2026 10:42:23 - FileStorage - DEBUG - Последний бар : SPBFUT.SiH6 (D1) 2026-02-20 00:00:00 Open: 76.23, High: 76.5, Low: 76.123, Close: 76.448, Volume: 91129.0
20.02.2026 10:42:23 - FileStorage - DEBUG - Кол-во бар    : 96
20.02.2026 10:42:23 - AlorPy - DEBUG - Запрос : /md/v2/Securities/MOEX/RIM6?format=Simple
20.02.2026 10:42:23 - AlorPy - DEBUG - Ответ  : {"symbol":"RTS-6.26","shortname":"RIM6","description":"RIM6","exchange":"MOEX","market":"FORTS","type":"Фьючерсный контракт RTS-6.26","lotsize":1,"facevalue":1,"cfiCode":"FFXCSX","cancellation":"2026-06-18T00:00:00.0000000","minstep":10,"rating":665,"marginbuy":28089.37,"marginsell":28593.22,"marginrate":0,"priceMax":124620,"priceMin":108560,"theorPrice":0,"theorPriceLimit":0,"volatility":0,"currency":"USD","ISIN":null,"yield":null,"board":"RFUD","primary_board":"RFUD","tradingStatus":17,"tradingStatusInfo":"нормальный период торгов","complexProductCategory":"2","priceMultiplier":1,"priceShownUnits":1,"pricestep":15.3281}
20.02.2026 10:42:23 - FileStorage - DEBUG - Получение файла C:\Users\шадрин\PycharmProjects\CenterStrikeVolatility_API\FinLabPy\Storage\..\..\Data\Alor\SPBFUT.RIM6_D1.txt
20.02.2026 10:42:23 - FileStorage - DEBUG - Первый бар    : 04.10.2025 00:00
20.02.2026 10:42:23 - FileStorage - DEBUG - Последний бар : 19.02.2026 00:00
20.02.2026 10:42:23 - FileStorage - DEBUG - Кол-во бар    : 106
20.02.2026 10:42:23 - FileStorage - DEBUG - Фильтр с 03.10.2025 10:42
20.02.2026 10:42:23 - FileStorage - DEBUG - Первый бар    : SPBFUT.RIM6 (D1) 2025-10-04 00:00:00 Open: 101350.0, High: 101350.0, Low: 101350.0, Close: 101350.0, Volume: 1.0
20.02.2026 10:42:23 - FileStorage - DEBUG - Последний бар : SPBFUT.RIM6 (D1) 2026-02-19 00:00:00 Open: 116160.0, High: 116800.0, Low: 116070.0, Close: 116760.0, Volume: 41.0
20.02.2026 10:42:23 - FileStorage - DEBUG - Кол-во бар    : 106
20.02.2026 10:42:23 - AlorPy - DEBUG - Запрос : /md/v2/history?exchange=MOEX&symbol=RIH6&tf=D&from=1771545600&to=1771573343&format=Simple
20.02.2026 10:42:23 - AlorPy - DEBUG - Ответ  : {"history":[{"time":1771545600,"close":116030.00000,"open":116130.00000,"high":116400.00000,"low":115810.00000,"volume":6367}],"next":null,"prev":1771459200}
20.02.2026 10:42:23 - FileStorage - DEBUG - Получение файла C:\Users\шадрин\PycharmProjects\CenterStrikeVolatility_API\FinLabPy\Storage\..\..\Data\Alor\SPBFUT.RIH6_D1.txt
20.02.2026 10:42:23 - FileStorage - DEBUG - Первый бар    : 04.10.2025 00:00
20.02.2026 10:42:23 - FileStorage - DEBUG - Последний бар : 20.02.2026 00:00
20.02.2026 10:42:23 - FileStorage - DEBUG - Кол-во бар    : 122
20.02.2026 10:42:24 - FileStorage - DEBUG - Сохранение файла C:\Users\шадрин\PycharmProjects\CenterStrikeVolatility_API\FinLabPy\Storage\..\..\Data\Alor\SPBFUT.RIH6_D1.txt
20.02.2026 10:42:24 - FileStorage - DEBUG - Первый бар    : 04.10.2025 00:00
20.02.2026 10:42:24 - FileStorage - DEBUG - Последний бар : 20.02.2026 00:00
20.02.2026 10:42:24 - FileStorage - DEBUG - Кол-во бар    : 122
20.02.2026 10:42:24 - Schedule.BarsStream - DEBUG - Текущая дата и время на бирже: 20.02.2026 10:42:24
20.02.2026 10:42:24 - Schedule.BarsStream - DEBUG - Нужно получить бар: 20.02.2026 00:00:00
20.02.2026 10:42:24 - Schedule.BarsStream - DEBUG - Время запроса бара: 23.02.2026 09:00:03
20.02.2026 10:42:24 - Schedule.BarsStream - DEBUG - Ожидание в секундах: 253059.0
20.02.2026 10:42:24 - FileStorage - DEBUG - Получение файла C:\Users\шадрин\PycharmProjects\CenterStrikeVolatility_API\FinLabPy\Storage\..\..\Data\Alor\SPBFUT.RIH6_D1.txt
20.02.2026 10:42:24 - FileStorage - DEBUG - Первый бар    : 04.10.2025 00:00
20.02.2026 10:42:24 - FileStorage - DEBUG - Последний бар : 20.02.2026 00:00
20.02.2026 10:42:24 - FileStorage - DEBUG - Кол-во бар    : 122
20.02.2026 10:42:24 - FileStorage - DEBUG - Фильтр с 03.10.2025 10:42
20.02.2026 10:42:24 - FileStorage - DEBUG - Первый бар    : SPBFUT.RIH6 (D1) 2025-10-04 00:00:00 Open: 100060.0, High: 100060.0, Low: 98820.0, Close: 99270.0, Volume: 83.0
20.02.2026 10:42:24 - FileStorage - DEBUG - Последний бар : SPBFUT.RIH6 (D1) 2026-02-20 00:00:00 Open: 116130.0, High: 116400.0, Low: 115810.0, Close: 116030.0, Volume: 6367.0
20.02.2026 10:42:24 - FileStorage - DEBUG - Кол-во бар    : 122
20.02.2026 10:42:24 - AlorPy - DEBUG - Запрос : /md/v2/history?exchange=MOEX&symbol=SiH6&tf=D&from=1771545600&to=1771573343&format=Simple
20.02.2026 10:42:24 - AlorPy - DEBUG - Ответ  : {"history":[{"time":1771545600,"close":76448.00000,"open":76230.00000,"high":76500.00000,"low":76123.00000,"volume":91133}],"next":null,"prev":1771459200}
20.02.2026 10:42:24 - FileStorage - DEBUG - Получение файла C:\Users\шадрин\PycharmProjects\CenterStrikeVolatility_API\FinLabPy\Storage\..\..\Data\Alor\SPBFUT.SiH6_D1.txt
20.02.2026 10:42:24 - FileStorage - DEBUG - Первый бар    : 06.10.2025 00:00
20.02.2026 10:42:24 - FileStorage - DEBUG - Последний бар : 20.02.2026 00:00
20.02.2026 10:42:24 - FileStorage - DEBUG - Кол-во бар    : 96
20.02.2026 10:42:24 - FileStorage - DEBUG - Сохранение файла C:\Users\шадрин\PycharmProjects\CenterStrikeVolatility_API\FinLabPy\Storage\..\..\Data\Alor\SPBFUT.SiH6_D1.txt
20.02.2026 10:42:24 - FileStorage - DEBUG - Первый бар    : 06.10.2025 00:00
20.02.2026 10:42:24 - FileStorage - DEBUG - Последний бар : 20.02.2026 00:00
20.02.2026 10:42:24 - FileStorage - DEBUG - Кол-во бар    : 96
20.02.2026 10:42:24 - Schedule.BarsStream - DEBUG - Текущая дата и время на бирже: 20.02.2026 10:42:24
20.02.2026 10:42:24 - Schedule.BarsStream - DEBUG - Нужно получить бар: 20.02.2026 00:00:00
20.02.2026 10:42:24 - Schedule.BarsStream - DEBUG - Время запроса бара: 23.02.2026 09:00:03
20.02.2026 10:42:24 - Schedule.BarsStream - DEBUG - Ожидание в секундах: 253059.0
20.02.2026 10:42:24 - FileStorage - DEBUG - Получение файла C:\Users\шадрин\PycharmProjects\CenterStrikeVolatility_API\FinLabPy\Storage\..\..\Data\Alor\SPBFUT.SiH6_D1.txt
20.02.2026 10:42:24 - FileStorage - DEBUG - Первый бар    : 06.10.2025 00:00
20.02.2026 10:42:24 - FileStorage - DEBUG - Последний бар : 20.02.2026 00:00
20.02.2026 10:42:24 - FileStorage - DEBUG - Кол-во бар    : 96
20.02.2026 10:42:24 - FileStorage - DEBUG - Фильтр с 03.10.2025 10:42
20.02.2026 10:42:24 - FileStorage - DEBUG - Первый бар    : SPBFUT.SiH6 (D1) 2025-10-06 00:00:00 Open: 87.101, High: 87.638, Low: 86.591, Close: 86.731, Volume: 10858.0
20.02.2026 10:42:24 - FileStorage - DEBUG - Последний бар : SPBFUT.SiH6 (D1) 2026-02-20 00:00:00 Open: 76.23, High: 76.5, Low: 76.123, Close: 76.448, Volume: 91133.0
20.02.2026 10:42:24 - FileStorage - DEBUG - Кол-во бар    : 96
20.02.2026 10:42:24 - AlorPy - DEBUG - Запрос : /md/v2/history?exchange=MOEX&symbol=RIM6&tf=D&from=1771459200&to=1771573343&format=Simple
20.02.2026 10:42:24 - AlorPy - DEBUG - Ответ  : {"history":[{"time":1771459200,"close":116580.00000,"open":116160.00000,"high":117260.00000,"low":115920.00000,"volume":233},{"time":1771545600,"close":116500.00000,"open":116470.00000,"high":116770.00000,"low":116290.00000,"volume":61}],"next":null,"prev":1771372800}
20.02.2026 10:42:24 - FileStorage - DEBUG - Получение файла C:\Users\шадрин\PycharmProjects\CenterStrikeVolatility_API\FinLabPy\Storage\..\..\Data\Alor\SPBFUT.RIM6_D1.txt
20.02.2026 10:42:24 - FileStorage - DEBUG - Первый бар    : 04.10.2025 00:00
20.02.2026 10:42:24 - FileStorage - DEBUG - Последний бар : 19.02.2026 00:00
20.02.2026 10:42:24 - FileStorage - DEBUG - Кол-во бар    : 106
20.02.2026 10:42:24 - FileStorage - DEBUG - Сохранение файла C:\Users\шадрин\PycharmProjects\CenterStrikeVolatility_API\FinLabPy\Storage\..\..\Data\Alor\SPBFUT.RIM6_D1.txt
20.02.2026 10:42:24 - FileStorage - DEBUG - Первый бар    : 04.10.2025 00:00
20.02.2026 10:42:24 - FileStorage - DEBUG - Последний бар : 20.02.2026 00:00
20.02.2026 10:42:24 - FileStorage - DEBUG - Кол-во бар    : 107
20.02.2026 10:42:24 - Schedule.BarsStream - DEBUG - Текущая дата и время на бирже: 20.02.2026 10:42:24
20.02.2026 10:42:24 - Schedule.BarsStream - DEBUG - Нужно получить бар: 20.02.2026 00:00:00
20.02.2026 10:42:24 - Schedule.BarsStream - DEBUG - Время запроса бара: 23.02.2026 09:00:03
20.02.2026 10:42:24 - Schedule.BarsStream - DEBUG - Ожидание в секундах: 253059.0
20.02.2026 10:42:24 - FileStorage - DEBUG - Получение файла C:\Users\шадрин\PycharmProjects\CenterStrikeVolatility_API\FinLabPy\Storage\..\..\Data\Alor\SPBFUT.RIM6_D1.txt
20.02.2026 10:42:24 - FileStorage - DEBUG - Первый бар    : 04.10.2025 00:00
20.02.2026 10:42:24 - FileStorage - DEBUG - Последний бар : 20.02.2026 00:00
20.02.2026 10:42:24 - FileStorage - DEBUG - Кол-во бар    : 107
20.02.2026 10:42:24 - FileStorage - DEBUG - Фильтр с 03.10.2025 10:42
20.02.2026 10:42:24 - FileStorage - DEBUG - Первый бар    : SPBFUT.RIM6 (D1) 2025-10-04 00:00:00 Open: 101350.0, High: 101350.0, Low: 101350.0, Close: 101350.0, Volume: 1.0
20.02.2026 10:42:24 - FileStorage - DEBUG - Последний бар : SPBFUT.RIM6 (D1) 2026-02-20 00:00:00 Open: 116470.0, High: 116770.0, Low: 116290.0, Close: 116500.0, Volume: 61.0
20.02.2026 10:42:24 - FileStorage - DEBUG - Кол-во бар    : 107
20.02.2026 10:42:24 - AlorPy - DEBUG - Запрос : /md/v2/history?exchange=MOEX&symbol=RIH6&tf=D&from=1771545600&to=1771573344&format=Simple
20.02.2026 10:42:24 - AlorPy - DEBUG - Ответ  : {"history":[{"time":1771545600,"close":116030.00000,"open":116130.00000,"high":116400.00000,"low":115810.00000,"volume":6367}],"next":null,"prev":1771459200}
20.02.2026 10:42:24 - FileStorage - DEBUG - Получение файла C:\Users\шадрин\PycharmProjects\CenterStrikeVolatility_API\FinLabPy\Storage\..\..\Data\Alor\SPBFUT.RIH6_D1.txt
20.02.2026 10:42:24 - FileStorage - DEBUG - Первый бар    : 04.10.2025 00:00
20.02.2026 10:42:24 - FileStorage - DEBUG - Последний бар : 20.02.2026 00:00
20.02.2026 10:42:24 - FileStorage - DEBUG - Кол-во бар    : 122
20.02.2026 10:42:24 - FileStorage - DEBUG - Сохранение файла C:\Users\шадрин\PycharmProjects\CenterStrikeVolatility_API\FinLabPy\Storage\..\..\Data\Alor\SPBFUT.RIH6_D1.txt
20.02.2026 10:42:24 - AlorPy - DEBUG - Запрос : /md/v2/history?exchange=MOEX&symbol=SiH6&tf=D&from=1771545600&to=1771573344&format=Simple
20.02.2026 10:42:24 - AlorPy - DEBUG - Ответ  : {"history":[{"time":1771545600,"close":76448.00000,"open":76230.00000,"high":76500.00000,"low":76123.00000,"volume":91137}],"next":null,"prev":1771459200}
20.02.2026 10:42:24 - FileStorage - DEBUG - Получение файла C:\Users\шадрин\PycharmProjects\CenterStrikeVolatility_API\FinLabPy\Storage\..\..\Data\Alor\SPBFUT.SiH6_D1.txt
20.02.2026 10:42:24 - FileStorage - DEBUG - Первый бар    : 04.10.2025 00:00
20.02.2026 10:42:24 - FileStorage - DEBUG - Последний бар : 20.02.2026 00:00
20.02.2026 10:42:24 - FileStorage - DEBUG - Кол-во бар    : 122
20.02.2026 10:42:24 - Schedule.BarsStream - DEBUG - Текущая дата и время на бирже: 20.02.2026 10:42:24
20.02.2026 10:42:24 - Schedule.BarsStream - DEBUG - Нужно получить бар: 20.02.2026 00:00:00
20.02.2026 10:42:24 - Schedule.BarsStream - DEBUG - Время запроса бара: 23.02.2026 09:00:03
20.02.2026 10:42:24 - Schedule.BarsStream - DEBUG - Ожидание в секундах: 253059.0
20.02.2026 10:42:24 - FileStorage - DEBUG - Получение файла C:\Users\шадрин\PycharmProjects\CenterStrikeVolatility_API\FinLabPy\Storage\..\..\Data\Alor\SPBFUT.RIH6_D1.txt
20.02.2026 10:42:24 - FileStorage - DEBUG - Первый бар    : 06.10.2025 00:00
20.02.2026 10:42:24 - FileStorage - DEBUG - Последний бар : 20.02.2026 00:00
20.02.2026 10:42:24 - FileStorage - DEBUG - Кол-во бар    : 96
20.02.2026 10:42:24 - FileStorage - DEBUG - Сохранение файла C:\Users\шадрин\PycharmProjects\CenterStrikeVolatility_API\FinLabPy\Storage\..\..\Data\Alor\SPBFUT.SiH6_D1.txt
20.02.2026 10:42:24 - FileStorage - DEBUG - Первый бар    : 04.10.2025 00:00
20.02.2026 10:42:24 - FileStorage - DEBUG - Последний бар : 20.02.2026 00:00
20.02.2026 10:42:24 - FileStorage - DEBUG - Кол-во бар    : 122
20.02.2026 10:42:24 - FileStorage - DEBUG - Фильтр с 03.10.2025 10:42
20.02.2026 10:42:24 - FileStorage - DEBUG - Первый бар    : SPBFUT.RIH6 (D1) 2025-10-04 00:00:00 Open: 100060.0, High: 100060.0, Low: 98820.0, Close: 99270.0, Volume: 83.0
20.02.2026 10:42:24 - FileStorage - DEBUG - Последний бар : SPBFUT.RIH6 (D1) 2026-02-20 00:00:00 Open: 116130.0, High: 116400.0, Low: 115810.0, Close: 116030.0, Volume: 6367.0
20.02.2026 10:42:24 - FileStorage - DEBUG - Кол-во бар    : 122
20.02.2026 10:42:24 - FileStorage - DEBUG - Первый бар    : 06.10.2025 00:00
20.02.2026 10:42:24 - FileStorage - DEBUG - Последний бар : 20.02.2026 00:00
20.02.2026 10:42:24 - FileStorage - DEBUG - Кол-во бар    : 96
20.02.2026 10:42:24 - Schedule.BarsStream - DEBUG - Текущая дата и время на бирже: 20.02.2026 10:42:24
20.02.2026 10:42:24 - Schedule.BarsStream - DEBUG - Нужно получить бар: 20.02.2026 00:00:00
20.02.2026 10:42:24 - Schedule.BarsStream - DEBUG - Время запроса бара: 23.02.2026 09:00:03
20.02.2026 10:42:24 - Schedule.BarsStream - DEBUG - Ожидание в секундах: 253059.0
20.02.2026 10:42:24 - FileStorage - DEBUG - Получение файла C:\Users\шадрин\PycharmProjects\CenterStrikeVolatility_API\FinLabPy\Storage\..\..\Data\Alor\SPBFUT.SiH6_D1.txt
20.02.2026 10:42:24 - FileStorage - DEBUG - Первый бар    : 06.10.2025 00:00
20.02.2026 10:42:24 - FileStorage - DEBUG - Последний бар : 20.02.2026 00:00
20.02.2026 10:42:24 - FileStorage - DEBUG - Кол-во бар    : 96
20.02.2026 10:42:24 - FileStorage - DEBUG - Фильтр с 03.10.2025 10:42
20.02.2026 10:42:24 - FileStorage - DEBUG - Первый бар    : SPBFUT.SiH6 (D1) 2025-10-06 00:00:00 Open: 87.101, High: 87.638, Low: 86.591, Close: 86.731, Volume: 10858.0
20.02.2026 10:42:24 - FileStorage - DEBUG - Последний бар : SPBFUT.SiH6 (D1) 2026-02-20 00:00:00 Open: 76.23, High: 76.5, Low: 76.123, Close: 76.448, Volume: 91137.0
20.02.2026 10:42:24 - FileStorage - DEBUG - Кол-во бар    : 96
20.02.2026 10:42:24 - AlorPy - DEBUG - Запрос : /md/v2/history?exchange=MOEX&symbol=RIM6&tf=D&from=1771545600&to=1771573344&format=Simple
20.02.2026 10:42:24 - AlorPy - DEBUG - Ответ  : {"history":[{"time":1771545600,"close":116500.00000,"open":116470.00000,"high":116770.00000,"low":116290.00000,"volume":61}],"next":null,"prev":1771459200}
20.02.2026 10:42:24 - FileStorage - DEBUG - Получение файла C:\Users\шадрин\PycharmProjects\CenterStrikeVolatility_API\FinLabPy\Storage\..\..\Data\Alor\SPBFUT.RIM6_D1.txt
20.02.2026 10:42:24 - FileStorage - DEBUG - Первый бар    : 04.10.2025 00:00
20.02.2026 10:42:24 - FileStorage - DEBUG - Последний бар : 20.02.2026 00:00
20.02.2026 10:42:24 - FileStorage - DEBUG - Кол-во бар    : 107
20.02.2026 10:42:24 - FileStorage - DEBUG - Сохранение файла C:\Users\шадрин\PycharmProjects\CenterStrikeVolatility_API\FinLabPy\Storage\..\..\Data\Alor\SPBFUT.RIM6_D1.txt
20.02.2026 10:42:25 - FileStorage - DEBUG - Первый бар    : 04.10.2025 00:00
20.02.2026 10:42:25 - FileStorage - DEBUG - Последний бар : 20.02.2026 00:00
20.02.2026 10:42:25 - FileStorage - DEBUG - Кол-во бар    : 107
20.02.2026 10:42:25 - Schedule.BarsStream - DEBUG - Текущая дата и время на бирже: 20.02.2026 10:42:25
20.02.2026 10:42:25 - Schedule.BarsStream - DEBUG - Нужно получить бар: 20.02.2026 00:00:00
20.02.2026 10:42:25 - Schedule.BarsStream - DEBUG - Время запроса бара: 23.02.2026 09:00:03
20.02.2026 10:42:25 - Schedule.BarsStream - DEBUG - Ожидание в секундах: 253058.0
20.02.2026 10:42:25 - FileStorage - DEBUG - Получение файла C:\Users\шадрин\PycharmProjects\CenterStrikeVolatility_API\FinLabPy\Storage\..\..\Data\Alor\SPBFUT.RIM6_D1.txt
20.02.2026 10:42:25 - FileStorage - DEBUG - Первый бар    : 04.10.2025 00:00
20.02.2026 10:42:25 - FileStorage - DEBUG - Последний бар : 20.02.2026 00:00
20.02.2026 10:42:25 - FileStorage - DEBUG - Кол-во бар    : 107
20.02.2026 10:42:25 - FileStorage - DEBUG - Фильтр с 03.10.2025 10:42
20.02.2026 10:42:25 - FileStorage - DEBUG - Первый бар    : SPBFUT.RIM6 (D1) 2025-10-04 00:00:00 Open: 101350.0, High: 101350.0, Low: 101350.0, Close: 101350.0, Volume: 1.0
20.02.2026 10:42:25 - FileStorage - DEBUG - Последний бар : SPBFUT.RIM6 (D1) 2026-02-20 00:00:00 Open: 116470.0, High: 116770.0, Low: 116290.0, Close: 116500.0, Volume: 61.0
20.02.2026 10:42:25 - FileStorage - DEBUG - Кол-во бар    : 107
20.02.2026 10:42:25 - AlorPy - DEBUG - Запрос : /md/v2/history?exchange=MOEX&symbol=RIH6&tf=D&from=1771545600&to=1771573344&format=Simple
20.02.2026 10:42:25 - AlorPy - DEBUG - Ответ  : {"history":[{"time":1771545600,"close":116030.00000,"open":116130.00000,"high":116400.00000,"low":115810.00000,"volume":6367}],"next":null,"prev":1771459200}
20.02.2026 10:42:25 - FileStorage - DEBUG - Получение файла C:\Users\шадрин\PycharmProjects\CenterStrikeVolatility_API\FinLabPy\Storage\..\..\Data\Alor\SPBFUT.RIH6_D1.txt
20.02.2026 10:42:25 - FileStorage - DEBUG - Первый бар    : 04.10.2025 00:00
20.02.2026 10:42:25 - FileStorage - DEBUG - Последний бар : 20.02.2026 00:00
20.02.2026 10:42:25 - FileStorage - DEBUG - Кол-во бар    : 122
20.02.2026 10:42:25 - FileStorage - DEBUG - Сохранение файла C:\Users\шадрин\PycharmProjects\CenterStrikeVolatility_API\FinLabPy\Storage\..\..\Data\Alor\SPBFUT.RIH6_D1.txt
20.02.2026 10:42:25 - FileStorage - DEBUG - Первый бар    : 04.10.2025 00:00
20.02.2026 10:42:25 - FileStorage - DEBUG - Последний бар : 20.02.2026 00:00
20.02.2026 10:42:25 - FileStorage - DEBUG - Кол-во бар    : 122
20.02.2026 10:42:25 - Schedule.BarsStream - DEBUG - Текущая дата и время на бирже: 20.02.2026 10:42:25
20.02.2026 10:42:25 - Schedule.BarsStream - DEBUG - Нужно получить бар: 20.02.2026 00:00:00
20.02.2026 10:42:25 - Schedule.BarsStream - DEBUG - Время запроса бара: 23.02.2026 09:00:03
20.02.2026 10:42:25 - Schedule.BarsStream - DEBUG - Ожидание в секундах: 253058.0
20.02.2026 10:42:25 - FileStorage - DEBUG - Получение файла C:\Users\шадрин\PycharmProjects\CenterStrikeVolatility_API\FinLabPy\Storage\..\..\Data\Alor\SPBFUT.RIH6_D1.txt
20.02.2026 10:42:25 - FileStorage - DEBUG - Первый бар    : 04.10.2025 00:00
20.02.2026 10:42:25 - FileStorage - DEBUG - Последний бар : 20.02.2026 00:00
20.02.2026 10:42:25 - FileStorage - DEBUG - Кол-во бар    : 122
20.02.2026 10:42:25 - FileStorage - DEBUG - Фильтр с 03.10.2025 10:42
20.02.2026 10:42:25 - FileStorage - DEBUG - Первый бар    : SPBFUT.RIH6 (D1) 2025-10-04 00:00:00 Open: 100060.0, High: 100060.0, Low: 98820.0, Close: 99270.0, Volume: 83.0
20.02.2026 10:42:25 - FileStorage - DEBUG - Последний бар : SPBFUT.RIH6 (D1) 2026-02-20 00:00:00 Open: 116130.0, High: 116400.0, Low: 115810.0, Close: 116030.0, Volume: 6367.0
20.02.2026 10:42:25 - FileStorage - DEBUG - Кол-во бар    : 122
20.02.2026 10:42:25 - AlorPy - DEBUG - Запрос : /md/v2/history?exchange=MOEX&symbol=SiH6&tf=D&from=1771545600&to=1771573344&format=Simple
20.02.2026 10:42:25 - AlorPy - DEBUG - Ответ  : {"history":[{"time":1771545600,"close":76448.00000,"open":76230.00000,"high":76500.00000,"low":76123.00000,"volume":91137}],"next":null,"prev":1771459200}
20.02.2026 10:42:25 - FileStorage - DEBUG - Получение файла C:\Users\шадрин\PycharmProjects\CenterStrikeVolatility_API\FinLabPy\Storage\..\..\Data\Alor\SPBFUT.SiH6_D1.txt
20.02.2026 10:42:25 - FileStorage - DEBUG - Первый бар    : 06.10.2025 00:00
20.02.2026 10:42:25 - FileStorage - DEBUG - Последний бар : 20.02.2026 00:00
20.02.2026 10:42:25 - FileStorage - DEBUG - Кол-во бар    : 96
20.02.2026 10:42:25 - FileStorage - DEBUG - Сохранение файла C:\Users\шадрин\PycharmProjects\CenterStrikeVolatility_API\FinLabPy\Storage\..\..\Data\Alor\SPBFUT.SiH6_D1.txt
20.02.2026 10:42:25 - FileStorage - DEBUG - Первый бар    : 06.10.2025 00:00
20.02.2026 10:42:25 - FileStorage - DEBUG - Последний бар : 20.02.2026 00:00
20.02.2026 10:42:25 - FileStorage - DEBUG - Кол-во бар    : 96
20.02.2026 10:42:25 - Schedule.BarsStream - DEBUG - Текущая дата и время на бирже: 20.02.2026 10:42:25
20.02.2026 10:42:25 - Schedule.BarsStream - DEBUG - Нужно получить бар: 20.02.2026 00:00:00
20.02.2026 10:42:25 - Schedule.BarsStream - DEBUG - Время запроса бара: 23.02.2026 09:00:03
20.02.2026 10:42:25 - Schedule.BarsStream - DEBUG - Ожидание в секундах: 253058.0
20.02.2026 10:42:25 - FileStorage - DEBUG - Получение файла C:\Users\шадрин\PycharmProjects\CenterStrikeVolatility_API\FinLabPy\Storage\..\..\Data\Alor\SPBFUT.SiH6_D1.txt
20.02.2026 10:42:25 - FileStorage - DEBUG - Первый бар    : 06.10.2025 00:00
20.02.2026 10:42:25 - FileStorage - DEBUG - Последний бар : 20.02.2026 00:00
20.02.2026 10:42:25 - FileStorage - DEBUG - Кол-во бар    : 96
20.02.2026 10:42:25 - FileStorage - DEBUG - Фильтр с 03.10.2025 10:42
20.02.2026 10:42:25 - FileStorage - DEBUG - Первый бар    : SPBFUT.SiH6 (D1) 2025-10-06 00:00:00 Open: 87.101, High: 87.638, Low: 86.591, Close: 86.731, Volume: 10858.0
20.02.2026 10:42:25 - FileStorage - DEBUG - Последний бар : SPBFUT.SiH6 (D1) 2026-02-20 00:00:00 Open: 76.23, High: 76.5, Low: 76.123, Close: 76.448, Volume: 91137.0
20.02.2026 10:42:25 - FileStorage - DEBUG - Кол-во бар    : 96
20.02.2026 10:42:25 - AlorPy - DEBUG - Запрос : /md/v2/history?exchange=MOEX&symbol=RIM6&tf=D&from=1771545600&to=1771573345&format=Simple
20.02.2026 10:42:25 - AlorPy - DEBUG - Ответ  : {"history":[{"time":1771545600,"close":116500.00000,"open":116470.00000,"high":116770.00000,"low":116290.00000,"volume":61}],"next":null,"prev":1771459200}
20.02.2026 10:42:25 - FileStorage - DEBUG - Получение файла C:\Users\шадрин\PycharmProjects\CenterStrikeVolatility_API\FinLabPy\Storage\..\..\Data\Alor\SPBFUT.RIM6_D1.txt
20.02.2026 10:42:25 - FileStorage - DEBUG - Первый бар    : 04.10.2025 00:00
20.02.2026 10:42:25 - FileStorage - DEBUG - Последний бар : 20.02.2026 00:00
20.02.2026 10:42:25 - FileStorage - DEBUG - Кол-во бар    : 107
20.02.2026 10:42:25 - FileStorage - DEBUG - Сохранение файла C:\Users\шадрин\PycharmProjects\CenterStrikeVolatility_API\FinLabPy\Storage\..\..\Data\Alor\SPBFUT.RIM6_D1.txt
20.02.2026 10:42:25 - FileStorage - DEBUG - Первый бар    : 04.10.2025 00:00
20.02.2026 10:42:25 - FileStorage - DEBUG - Последний бар : 20.02.2026 00:00
20.02.2026 10:42:25 - FileStorage - DEBUG - Кол-во бар    : 107
20.02.2026 10:42:25 - Schedule.BarsStream - DEBUG - Текущая дата и время на бирже: 20.02.2026 10:42:25
20.02.2026 10:42:25 - Schedule.BarsStream - DEBUG - Нужно получить бар: 20.02.2026 00:00:00
20.02.2026 10:42:25 - Schedule.BarsStream - DEBUG - Время запроса бара: 23.02.2026 09:00:03
20.02.2026 10:42:25 - Schedule.BarsStream - DEBUG - Ожидание в секундах: 253058.0
20.02.2026 10:42:25 - FileStorage - DEBUG - Получение файла C:\Users\шадрин\PycharmProjects\CenterStrikeVolatility_API\FinLabPy\Storage\..\..\Data\Alor\SPBFUT.RIM6_D1.txt
20.02.2026 10:42:25 - FileStorage - DEBUG - Первый бар    : 04.10.2025 00:00
20.02.2026 10:42:25 - FileStorage - DEBUG - Последний бар : 20.02.2026 00:00
20.02.2026 10:42:25 - FileStorage - DEBUG - Кол-во бар    : 107
20.02.2026 10:42:25 - FileStorage - DEBUG - Фильтр с 03.10.2025 10:42
20.02.2026 10:42:25 - FileStorage - DEBUG - Первый бар    : SPBFUT.RIM6 (D1) 2025-10-04 00:00:00 Open: 101350.0, High: 101350.0, Low: 101350.0, Close: 101350.0, Volume: 1.0
20.02.2026 10:42:25 - FileStorage - DEBUG - Последний бар : SPBFUT.RIM6 (D1) 2026-02-20 00:00:00 Open: 116470.0, High: 116770.0, Low: 116290.0, Close: 116500.0, Volume: 61.0
20.02.2026 10:42:25 - FileStorage - DEBUG - Кол-во бар    : 107
20.02.2026 10:42:26 - AlorPy - DEBUG - Запрос : /md/v2/history?exchange=MOEX&symbol=RIH6&tf=D&from=1771545600&to=1771573345&format=Simple
20.02.2026 10:42:26 - AlorPy - DEBUG - Ответ  : {"history":[{"time":1771545600,"close":116030.00000,"open":116130.00000,"high":116400.00000,"low":115810.00000,"volume":6367}],"next":null,"prev":1771459200}
20.02.2026 10:42:26 - FileStorage - DEBUG - Получение файла C:\Users\шадрин\PycharmProjects\CenterStrikeVolatility_API\FinLabPy\Storage\..\..\Data\Alor\SPBFUT.RIH6_D1.txt
20.02.2026 10:42:26 - FileStorage - DEBUG - Первый бар    : 04.10.2025 00:00
20.02.2026 10:42:26 - FileStorage - DEBUG - Последний бар : 20.02.2026 00:00
20.02.2026 10:42:26 - FileStorage - DEBUG - Кол-во бар    : 122
20.02.2026 10:42:26 - FileStorage - DEBUG - Сохранение файла C:\Users\шадрин\PycharmProjects\CenterStrikeVolatility_API\FinLabPy\Storage\..\..\Data\Alor\SPBFUT.RIH6_D1.txt
20.02.2026 10:42:26 - FileStorage - DEBUG - Первый бар    : 04.10.2025 00:00
20.02.2026 10:42:26 - FileStorage - DEBUG - Последний бар : 20.02.2026 00:00
20.02.2026 10:42:26 - FileStorage - DEBUG - Кол-во бар    : 122
20.02.2026 10:42:26 - Schedule.BarsStream - DEBUG - Текущая дата и время на бирже: 20.02.2026 10:42:26
20.02.2026 10:42:26 - Schedule.BarsStream - DEBUG - Нужно получить бар: 20.02.2026 00:00:00
20.02.2026 10:42:26 - Schedule.BarsStream - DEBUG - Время запроса бара: 23.02.2026 09:00:03
20.02.2026 10:42:26 - Schedule.BarsStream - DEBUG - Ожидание в секундах: 253057.0
20.02.2026 10:42:26 - FileStorage - DEBUG - Получение файла C:\Users\шадрин\PycharmProjects\CenterStrikeVolatility_API\FinLabPy\Storage\..\..\Data\Alor\SPBFUT.RIH6_D1.txt
20.02.2026 10:42:26 - FileStorage - DEBUG - Первый бар    : 04.10.2025 00:00
20.02.2026 10:42:26 - FileStorage - DEBUG - Последний бар : 20.02.2026 00:00
20.02.2026 10:42:26 - FileStorage - DEBUG - Кол-во бар    : 122
20.02.2026 10:42:26 - FileStorage - DEBUG - Фильтр с 03.10.2025 10:42
20.02.2026 10:42:26 - FileStorage - DEBUG - Первый бар    : SPBFUT.RIH6 (D1) 2025-10-04 00:00:00 Open: 100060.0, High: 100060.0, Low: 98820.0, Close: 99270.0, Volume: 83.0
20.02.2026 10:42:26 - FileStorage - DEBUG - Последний бар : SPBFUT.RIH6 (D1) 2026-02-20 00:00:00 Open: 116130.0, High: 116400.0, Low: 115810.0, Close: 116030.0, Volume: 6367.0
20.02.2026 10:42:26 - FileStorage - DEBUG - Кол-во бар    : 122
20.02.2026 10:42:26 - AlorPy - DEBUG - Запрос : /md/v2/history?exchange=MOEX&symbol=SiH6&tf=D&from=1771545600&to=1771573345&format=Simple
20.02.2026 10:42:26 - AlorPy - DEBUG - Ответ  : {"history":[{"time":1771545600,"close":76447.00000,"open":76230.00000,"high":76500.00000,"low":76123.00000,"volume":91197}],"next":null,"prev":1771459200}
20.02.2026 10:42:26 - FileStorage - DEBUG - Получение файла C:\Users\шадрин\PycharmProjects\CenterStrikeVolatility_API\FinLabPy\Storage\..\..\Data\Alor\SPBFUT.SiH6_D1.txt
20.02.2026 10:42:26 - FileStorage - DEBUG - Первый бар    : 06.10.2025 00:00
20.02.2026 10:42:26 - FileStorage - DEBUG - Последний бар : 20.02.2026 00:00
20.02.2026 10:42:26 - FileStorage - DEBUG - Кол-во бар    : 96
20.02.2026 10:42:26 - FileStorage - DEBUG - Сохранение файла C:\Users\шадрин\PycharmProjects\CenterStrikeVolatility_API\FinLabPy\Storage\..\..\Data\Alor\SPBFUT.SiH6_D1.txt
20.02.2026 10:42:26 - FileStorage - DEBUG - Первый бар    : 06.10.2025 00:00
20.02.2026 10:42:26 - FileStorage - DEBUG - Последний бар : 20.02.2026 00:00
20.02.2026 10:42:26 - FileStorage - DEBUG - Кол-во бар    : 96
20.02.2026 10:42:26 - Schedule.BarsStream - DEBUG - Текущая дата и время на бирже: 20.02.2026 10:42:26
20.02.2026 10:42:26 - Schedule.BarsStream - DEBUG - Нужно получить бар: 20.02.2026 00:00:00
20.02.2026 10:42:26 - Schedule.BarsStream - DEBUG - Время запроса бара: 23.02.2026 09:00:03
20.02.2026 10:42:26 - Schedule.BarsStream - DEBUG - Ожидание в секундах: 253057.0
20.02.2026 10:42:26 - FileStorage - DEBUG - Получение файла C:\Users\шадрин\PycharmProjects\CenterStrikeVolatility_API\FinLabPy\Storage\..\..\Data\Alor\SPBFUT.SiH6_D1.txt
20.02.2026 10:42:26 - FileStorage - DEBUG - Первый бар    : 06.10.2025 00:00
20.02.2026 10:42:26 - FileStorage - DEBUG - Последний бар : 20.02.2026 00:00
20.02.2026 10:42:26 - FileStorage - DEBUG - Кол-во бар    : 96
20.02.2026 10:42:26 - FileStorage - DEBUG - Фильтр с 03.10.2025 10:42
20.02.2026 10:42:26 - FileStorage - DEBUG - Первый бар    : SPBFUT.SiH6 (D1) 2025-10-06 00:00:00 Open: 87.101, High: 87.638, Low: 86.591, Close: 86.731, Volume: 10858.0
20.02.2026 10:42:26 - FileStorage - DEBUG - Последний бар : SPBFUT.SiH6 (D1) 2026-02-20 00:00:00 Open: 76.23, High: 76.5, Low: 76.123, Close: 76.447, Volume: 91197.0
20.02.2026 10:42:26 - FileStorage - DEBUG - Кол-во бар    : 96
20.02.2026 10:42:26 - AlorPy - DEBUG - Запрос : /md/v2/history?exchange=MOEX&symbol=RIM6&tf=D&from=1771545600&to=1771573345&format=Simple
20.02.2026 10:42:26 - AlorPy - DEBUG - Ответ  : {"history":[{"time":1771545600,"close":116500.00000,"open":116470.00000,"high":116770.00000,"low":116290.00000,"volume":61}],"next":null,"prev":1771459200}
20.02.2026 10:42:26 - FileStorage - DEBUG - Получение файла C:\Users\шадрин\PycharmProjects\CenterStrikeVolatility_API\FinLabPy\Storage\..\..\Data\Alor\SPBFUT.RIM6_D1.txt
20.02.2026 10:42:26 - FileStorage - DEBUG - Первый бар    : 04.10.2025 00:00
20.02.2026 10:42:26 - FileStorage - DEBUG - Последний бар : 20.02.2026 00:00
20.02.2026 10:42:26 - FileStorage - DEBUG - Кол-во бар    : 107
20.02.2026 10:42:26 - FileStorage - DEBUG - Сохранение файла C:\Users\шадрин\PycharmProjects\CenterStrikeVolatility_API\FinLabPy\Storage\..\..\Data\Alor\SPBFUT.RIM6_D1.txt
20.02.2026 10:42:26 - FileStorage - DEBUG - Первый бар    : 04.10.2025 00:00
20.02.2026 10:42:26 - FileStorage - DEBUG - Последний бар : 20.02.2026 00:00
20.02.2026 10:42:26 - FileStorage - DEBUG - Кол-во бар    : 107
20.02.2026 10:42:26 - Schedule.BarsStream - DEBUG - Текущая дата и время на бирже: 20.02.2026 10:42:26
20.02.2026 10:42:26 - Schedule.BarsStream - DEBUG - Нужно получить бар: 20.02.2026 00:00:00
20.02.2026 10:42:26 - Schedule.BarsStream - DEBUG - Время запроса бара: 23.02.2026 09:00:03
20.02.2026 10:42:26 - Schedule.BarsStream - DEBUG - Ожидание в секундах: 253057.0
20.02.2026 10:42:26 - FileStorage - DEBUG - Получение файла C:\Users\шадрин\PycharmProjects\CenterStrikeVolatility_API\FinLabPy\Storage\..\..\Data\Alor\SPBFUT.RIM6_D1.txt
20.02.2026 10:42:26 - FileStorage - DEBUG - Первый бар    : 04.10.2025 00:00
20.02.2026 10:42:26 - FileStorage - DEBUG - Последний бар : 20.02.2026 00:00
20.02.2026 10:42:26 - FileStorage - DEBUG - Кол-во бар    : 107
20.02.2026 10:42:26 - FileStorage - DEBUG - Фильтр с 03.10.2025 10:42
20.02.2026 10:42:26 - FileStorage - DEBUG - Первый бар    : SPBFUT.RIM6 (D1) 2025-10-04 00:00:00 Open: 101350.0, High: 101350.0, Low: 101350.0, Close: 101350.0, Volume: 1.0
20.02.2026 10:42:26 - FileStorage - DEBUG - Последний бар : SPBFUT.RIM6 (D1) 2026-02-20 00:00:00 Open: 116470.0, High: 116770.0, Low: 116290.0, Close: 116500.0, Volume: 61.0
20.02.2026 10:42:26 - FileStorage - DEBUG - Кол-во бар    : 107
20.02.2026 10:42:27 - AlorPy - DEBUG - Запрос : /md/v2/history?exchange=MOEX&symbol=RIH6&tf=D&from=1771545600&to=1771573346&format=Simple
20.02.2026 10:42:27 - AlorPy - DEBUG - Ответ  : {"history":[{"time":1771545600,"close":116030.00000,"open":116130.00000,"high":116400.00000,"low":115810.00000,"volume":6367}],"next":null,"prev":1771459200}
20.02.2026 10:42:27 - FileStorage - DEBUG - Получение файла C:\Users\шадрин\PycharmProjects\CenterStrikeVolatility_API\FinLabPy\Storage\..\..\Data\Alor\SPBFUT.RIH6_D1.txt
20.02.2026 10:42:27 - FileStorage - DEBUG - Первый бар    : 04.10.2025 00:00
20.02.2026 10:42:27 - FileStorage - DEBUG - Последний бар : 20.02.2026 00:00
20.02.2026 10:42:27 - FileStorage - DEBUG - Кол-во бар    : 122
20.02.2026 10:42:27 - FileStorage - DEBUG - Сохранение файла C:\Users\шадрин\PycharmProjects\CenterStrikeVolatility_API\FinLabPy\Storage\..\..\Data\Alor\SPBFUT.RIH6_D1.txt
20.02.2026 10:42:27 - FileStorage - DEBUG - Первый бар    : 04.10.2025 00:00
20.02.2026 10:42:27 - FileStorage - DEBUG - Последний бар : 20.02.2026 00:00
20.02.2026 10:42:27 - FileStorage - DEBUG - Кол-во бар    : 122
20.02.2026 10:42:27 - Schedule.BarsStream - DEBUG - Текущая дата и время на бирже: 20.02.2026 10:42:27
20.02.2026 10:42:27 - Schedule.BarsStream - DEBUG - Нужно получить бар: 20.02.2026 00:00:00
20.02.2026 10:42:27 - Schedule.BarsStream - DEBUG - Время запроса бара: 23.02.2026 09:00:03
20.02.2026 10:42:27 - Schedule.BarsStream - DEBUG - Ожидание в секундах: 253056.0
20.02.2026 10:42:27 - FileStorage - DEBUG - Получение файла C:\Users\шадрин\PycharmProjects\CenterStrikeVolatility_API\FinLabPy\Storage\..\..\Data\Alor\SPBFUT.RIH6_D1.txt
20.02.2026 10:42:27 - FileStorage - DEBUG - Первый бар    : 04.10.2025 00:00
20.02.2026 10:42:27 - FileStorage - DEBUG - Последний бар : 20.02.2026 00:00
20.02.2026 10:42:27 - FileStorage - DEBUG - Кол-во бар    : 122
20.02.2026 10:42:27 - FileStorage - DEBUG - Фильтр с 03.10.2025 10:42
20.02.2026 10:42:27 - FileStorage - DEBUG - Первый бар    : SPBFUT.RIH6 (D1) 2025-10-04 00:00:00 Open: 100060.0, High: 100060.0, Low: 98820.0, Close: 99270.0, Volume: 83.0
20.02.2026 10:42:27 - FileStorage - DEBUG - Последний бар : SPBFUT.RIH6 (D1) 2026-02-20 00:00:00 Open: 116130.0, High: 116400.0, Low: 115810.0, Close: 116030.0, Volume: 6367.0
20.02.2026 10:42:27 - FileStorage - DEBUG - Кол-во бар    : 122
20.02.2026 10:42:27 - AlorPy - DEBUG - Запрос : /md/v2/history?exchange=MOEX&symbol=SiH6&tf=D&from=1771545600&to=1771573346&format=Simple
20.02.2026 10:42:27 - AlorPy - DEBUG - Ответ  : {"history":[{"time":1771545600,"close":76445.00000,"open":76230.00000,"high":76500.00000,"low":76123.00000,"volume":91201}],"next":null,"prev":1771459200}
20.02.2026 10:42:27 - FileStorage - DEBUG - Получение файла C:\Users\шадрин\PycharmProjects\CenterStrikeVolatility_API\FinLabPy\Storage\..\..\Data\Alor\SPBFUT.SiH6_D1.txt
20.02.2026 10:42:27 - FileStorage - DEBUG - Первый бар    : 06.10.2025 00:00
20.02.2026 10:42:27 - FileStorage - DEBUG - Последний бар : 20.02.2026 00:00
20.02.2026 10:42:27 - FileStorage - DEBUG - Кол-во бар    : 96
20.02.2026 10:42:27 - FileStorage - DEBUG - Сохранение файла C:\Users\шадрин\PycharmProjects\CenterStrikeVolatility_API\FinLabPy\Storage\..\..\Data\Alor\SPBFUT.SiH6_D1.txt
20.02.2026 10:42:27 - FileStorage - DEBUG - Первый бар    : 06.10.2025 00:00
20.02.2026 10:42:27 - FileStorage - DEBUG - Последний бар : 20.02.2026 00:00
20.02.2026 10:42:27 - FileStorage - DEBUG - Кол-во бар    : 96
20.02.2026 10:42:27 - Schedule.BarsStream - DEBUG - Текущая дата и время на бирже: 20.02.2026 10:42:27
20.02.2026 10:42:27 - Schedule.BarsStream - DEBUG - Нужно получить бар: 20.02.2026 00:00:00
20.02.2026 10:42:27 - Schedule.BarsStream - DEBUG - Время запроса бара: 23.02.2026 09:00:03
20.02.2026 10:42:27 - Schedule.BarsStream - DEBUG - Ожидание в секундах: 253056.0
20.02.2026 10:42:27 - FileStorage - DEBUG - Получение файла C:\Users\шадрин\PycharmProjects\CenterStrikeVolatility_API\FinLabPy\Storage\..\..\Data\Alor\SPBFUT.SiH6_D1.txt
20.02.2026 10:42:27 - FileStorage - DEBUG - Первый бар    : 06.10.2025 00:00
20.02.2026 10:42:27 - FileStorage - DEBUG - Последний бар : 20.02.2026 00:00
20.02.2026 10:42:27 - FileStorage - DEBUG - Кол-во бар    : 96
20.02.2026 10:42:27 - FileStorage - DEBUG - Фильтр с 03.10.2025 10:42
20.02.2026 10:42:27 - FileStorage - DEBUG - Первый бар    : SPBFUT.SiH6 (D1) 2025-10-06 00:00:00 Open: 87.101, High: 87.638, Low: 86.591, Close: 86.731, Volume: 10858.0
20.02.2026 10:42:27 - FileStorage - DEBUG - Последний бар : SPBFUT.SiH6 (D1) 2026-02-20 00:00:00 Open: 76.23, High: 76.5, Low: 76.123, Close: 76.445, Volume: 91201.0
20.02.2026 10:42:27 - FileStorage - DEBUG - Кол-во бар    : 96
20.02.2026 10:42:27 - AlorPy - DEBUG - Запрос : /md/v2/history?exchange=MOEX&symbol=RIM6&tf=D&from=1771545600&to=1771573346&format=Simple
20.02.2026 10:42:27 - AlorPy - DEBUG - Ответ  : {"history":[{"time":1771545600,"close":116500.00000,"open":116470.00000,"high":116770.00000,"low":116290.00000,"volume":61}],"next":null,"prev":1771459200}
20.02.2026 10:42:27 - FileStorage - DEBUG - Получение файла C:\Users\шадрин\PycharmProjects\CenterStrikeVolatility_API\FinLabPy\Storage\..\..\Data\Alor\SPBFUT.RIM6_D1.txt
20.02.2026 10:42:27 - FileStorage - DEBUG - Первый бар    : 04.10.2025 00:00
20.02.2026 10:42:27 - FileStorage - DEBUG - Последний бар : 20.02.2026 00:00
20.02.2026 10:42:27 - FileStorage - DEBUG - Кол-во бар    : 107
20.02.2026 10:42:27 - FileStorage - DEBUG - Сохранение файла C:\Users\шадрин\PycharmProjects\CenterStrikeVolatility_API\FinLabPy\Storage\..\..\Data\Alor\SPBFUT.RIM6_D1.txt
20.02.2026 10:42:27 - FileStorage - DEBUG - Первый бар    : 04.10.2025 00:00
20.02.2026 10:42:27 - FileStorage - DEBUG - Последний бар : 20.02.2026 00:00
20.02.2026 10:42:27 - FileStorage - DEBUG - Кол-во бар    : 107
20.02.2026 10:42:27 - Schedule.BarsStream - DEBUG - Текущая дата и время на бирже: 20.02.2026 10:42:27
20.02.2026 10:42:27 - Schedule.BarsStream - DEBUG - Нужно получить бар: 20.02.2026 00:00:00
20.02.2026 10:42:27 - Schedule.BarsStream - DEBUG - Время запроса бара: 23.02.2026 09:00:03
20.02.2026 10:42:27 - Schedule.BarsStream - DEBUG - Ожидание в секундах: 253056.0
20.02.2026 10:42:27 - FileStorage - DEBUG - Получение файла C:\Users\шадрин\PycharmProjects\CenterStrikeVolatility_API\FinLabPy\Storage\..\..\Data\Alor\SPBFUT.RIM6_D1.txt
20.02.2026 10:42:27 - FileStorage - DEBUG - Первый бар    : 04.10.2025 00:00
20.02.2026 10:42:27 - FileStorage - DEBUG - Последний бар : 20.02.2026 00:00
20.02.2026 10:42:27 - FileStorage - DEBUG - Кол-во бар    : 107
20.02.2026 10:42:27 - FileStorage - DEBUG - Фильтр с 03.10.2025 10:42
20.02.2026 10:42:27 - FileStorage - DEBUG - Первый бар    : SPBFUT.RIM6 (D1) 2025-10-04 00:00:00 Open: 101350.0, High: 101350.0, Low: 101350.0, Close: 101350.0, Volume: 1.0
20.02.2026 10:42:27 - FileStorage - DEBUG - Последний бар : SPBFUT.RIM6 (D1) 2026-02-20 00:00:00 Open: 116470.0, High: 116770.0, Low: 116290.0, Close: 116500.0, Volume: 61.0
20.02.2026 10:42:27 - FileStorage - DEBUG - Кол-во бар    : 107
20.02.2026 10:42:27 - Schedule.BarsStream - DEBUG - Текущая дата и время на бирже: 20.02.2026 10:42:27
20.02.2026 10:42:27 - Schedule.BarsStream - DEBUG - Нужно получить бар: 20.02.2026 00:00:00
20.02.2026 10:42:27 - Schedule.BarsStream - DEBUG - Время запроса бара: 23.02.2026 09:00:03
20.02.2026 10:42:27 - Schedule.BarsStream - DEBUG - Ожидание в секундах: 253056.0
20.02.2026 10:42:27 - AlorPy - DEBUG - Запрос : /md/v2/history?exchange=MOEX&symbol=RIH6&tf=D&from=1771545600&to=1771573347&format=Simple
20.02.2026 10:42:27 - AlorPy - DEBUG - Ответ  : {"history":[{"time":1771545600,"close":116030.00000,"open":116130.00000,"high":116400.00000,"low":115810.00000,"volume":6367}],"next":null,"prev":1771459200}
20.02.2026 10:42:27 - FileStorage - DEBUG - Получение файла C:\Users\шадрин\PycharmProjects\CenterStrikeVolatility_API\FinLabPy\Storage\..\..\Data\Alor\SPBFUT.RIH6_D1.txt
20.02.2026 10:42:27 - FileStorage - DEBUG - Первый бар    : 04.10.2025 00:00
20.02.2026 10:42:27 - FileStorage - DEBUG - Последний бар : 20.02.2026 00:00
20.02.2026 10:42:27 - FileStorage - DEBUG - Кол-во бар    : 122
20.02.2026 10:42:27 - FileStorage - DEBUG - Сохранение файла C:\Users\шадрин\PycharmProjects\CenterStrikeVolatility_API\FinLabPy\Storage\..\..\Data\Alor\SPBFUT.RIH6_D1.txt
20.02.2026 10:42:27 - FileStorage - DEBUG - Первый бар    : 04.10.2025 00:00
20.02.2026 10:42:27 - FileStorage - DEBUG - Последний бар : 20.02.2026 00:00
20.02.2026 10:42:27 - FileStorage - DEBUG - Кол-во бар    : 122
20.02.2026 10:42:27 - Schedule.BarsStream - DEBUG - Текущая дата и время на бирже: 20.02.2026 10:42:27
20.02.2026 10:42:27 - Schedule.BarsStream - DEBUG - Нужно получить бар: 20.02.2026 00:00:00
20.02.2026 10:42:27 - Schedule.BarsStream - DEBUG - Время запроса бара: 23.02.2026 09:00:03
20.02.2026 10:42:27 - Schedule.BarsStream - DEBUG - Ожидание в секундах: 253056.0
20.02.2026 10:42:27 - FileStorage - DEBUG - Получение файла C:\Users\шадрин\PycharmProjects\CenterStrikeVolatility_API\FinLabPy\Storage\..\..\Data\Alor\SPBFUT.RIH6_D1.txt
20.02.2026 10:42:27 - FileStorage - DEBUG - Первый бар    : 04.10.2025 00:00
20.02.2026 10:42:27 - FileStorage - DEBUG - Последний бар : 20.02.2026 00:00
20.02.2026 10:42:27 - FileStorage - DEBUG - Кол-во бар    : 122
20.02.2026 10:42:27 - FileStorage - DEBUG - Фильтр с 03.10.2025 10:42
20.02.2026 10:42:27 - FileStorage - DEBUG - Первый бар    : SPBFUT.RIH6 (D1) 2025-10-04 00:00:00 Open: 100060.0, High: 100060.0, Low: 98820.0, Close: 99270.0, Volume: 83.0
20.02.2026 10:42:27 - FileStorage - DEBUG - Последний бар : SPBFUT.RIH6 (D1) 2026-02-20 00:00:00 Open: 116130.0, High: 116400.0, Low: 115810.0, Close: 116030.0, Volume: 6367.0
20.02.2026 10:42:27 - FileStorage - DEBUG - Кол-во бар    : 122
20.02.2026 10:42:27 - AlorPy - DEBUG - Запрос : /md/v2/history?exchange=MOEX&symbol=SiH6&tf=D&from=1771545600&to=1771573347&format=Simple
20.02.2026 10:42:27 - AlorPy - DEBUG - Ответ  : {"history":[{"time":1771545600,"close":76446.00000,"open":76230.00000,"high":76500.00000,"low":76123.00000,"volume":91205}],"next":null,"prev":1771459200}
20.02.2026 10:42:27 - FileStorage - DEBUG - Получение файла C:\Users\шадрин\PycharmProjects\CenterStrikeVolatility_API\FinLabPy\Storage\..\..\Data\Alor\SPBFUT.SiH6_D1.txt
20.02.2026 10:42:27 - FileStorage - DEBUG - Первый бар    : 06.10.2025 00:00
20.02.2026 10:42:27 - FileStorage - DEBUG - Последний бар : 20.02.2026 00:00
20.02.2026 10:42:27 - FileStorage - DEBUG - Кол-во бар    : 96
20.02.2026 10:42:27 - FileStorage - DEBUG - Сохранение файла C:\Users\шадрин\PycharmProjects\CenterStrikeVolatility_API\FinLabPy\Storage\..\..\Data\Alor\SPBFUT.SiH6_D1.txt
20.02.2026 10:42:27 - FileStorage - DEBUG - Первый бар    : 06.10.2025 00:00
20.02.2026 10:42:27 - FileStorage - DEBUG - Последний бар : 20.02.2026 00:00
20.02.2026 10:42:27 - FileStorage - DEBUG - Кол-во бар    : 96
20.02.2026 10:42:27 - Schedule.BarsStream - DEBUG - Текущая дата и время на бирже: 20.02.2026 10:42:27
20.02.2026 10:42:27 - Schedule.BarsStream - DEBUG - Нужно получить бар: 20.02.2026 00:00:00
20.02.2026 10:42:27 - Schedule.BarsStream - DEBUG - Время запроса бара: 23.02.2026 09:00:03
20.02.2026 10:42:27 - Schedule.BarsStream - DEBUG - Ожидание в секундах: 253056.0
20.02.2026 10:42:27 - FileStorage - DEBUG - Получение файла C:\Users\шадрин\PycharmProjects\CenterStrikeVolatility_API\FinLabPy\Storage\..\..\Data\Alor\SPBFUT.SiH6_D1.txt
20.02.2026 10:42:27 - FileStorage - DEBUG - Первый бар    : 06.10.2025 00:00
20.02.2026 10:42:27 - FileStorage - DEBUG - Последний бар : 20.02.2026 00:00
20.02.2026 10:42:27 - FileStorage - DEBUG - Кол-во бар    : 96
20.02.2026 10:42:28 - FileStorage - DEBUG - Фильтр с 03.10.2025 10:42
20.02.2026 10:42:28 - FileStorage - DEBUG - Первый бар    : SPBFUT.SiH6 (D1) 2025-10-06 00:00:00 Open: 87.101, High: 87.638, Low: 86.591, Close: 86.731, Volume: 10858.0
20.02.2026 10:42:28 - FileStorage - DEBUG - Последний бар : SPBFUT.SiH6 (D1) 2026-02-20 00:00:00 Open: 76.23, High: 76.5, Low: 76.123, Close: 76.446, Volume: 91205.0
20.02.2026 10:42:28 - FileStorage - DEBUG - Кол-во бар    : 96
20.02.2026 10:42:28 - AlorPy - DEBUG - Запрос : /md/v2/history?exchange=MOEX&symbol=RIM6&tf=D&from=1771545600&to=1771573347&format=Simple
20.02.2026 10:42:28 - AlorPy - DEBUG - Ответ  : {"history":[{"time":1771545600,"close":116500.00000,"open":116470.00000,"high":116770.00000,"low":116290.00000,"volume":61}],"next":null,"prev":1771459200}
20.02.2026 10:42:28 - FileStorage - DEBUG - Получение файла C:\Users\шадрин\PycharmProjects\CenterStrikeVolatility_API\FinLabPy\Storage\..\..\Data\Alor\SPBFUT.RIM6_D1.txt
20.02.2026 10:42:28 - FileStorage - DEBUG - Первый бар    : 04.10.2025 00:00
20.02.2026 10:42:28 - FileStorage - DEBUG - Последний бар : 20.02.2026 00:00
20.02.2026 10:42:28 - FileStorage - DEBUG - Кол-во бар    : 107
20.02.2026 10:42:28 - FileStorage - DEBUG - Сохранение файла C:\Users\шадрин\PycharmProjects\CenterStrikeVolatility_API\FinLabPy\Storage\..\..\Data\Alor\SPBFUT.RIM6_D1.txt
20.02.2026 10:42:28 - FileStorage - DEBUG - Первый бар    : 04.10.2025 00:00
20.02.2026 10:42:28 - FileStorage - DEBUG - Последний бар : 20.02.2026 00:00
20.02.2026 10:42:28 - FileStorage - DEBUG - Кол-во бар    : 107
20.02.2026 10:42:28 - Schedule.BarsStream - DEBUG - Текущая дата и время на бирже: 20.02.2026 10:42:28
20.02.2026 10:42:28 - Schedule.BarsStream - DEBUG - Нужно получить бар: 20.02.2026 00:00:00
20.02.2026 10:42:28 - Schedule.BarsStream - DEBUG - Время запроса бара: 23.02.2026 09:00:03
20.02.2026 10:42:28 - Schedule.BarsStream - DEBUG - Ожидание в секундах: 253055.0
20.02.2026 10:42:28 - FileStorage - DEBUG - Получение файла C:\Users\шадрин\PycharmProjects\CenterStrikeVolatility_API\FinLabPy\Storage\..\..\Data\Alor\SPBFUT.RIM6_D1.txt
20.02.2026 10:42:28 - FileStorage - DEBUG - Первый бар    : 04.10.2025 00:00
20.02.2026 10:42:28 - FileStorage - DEBUG - Последний бар : 20.02.2026 00:00
20.02.2026 10:42:28 - FileStorage - DEBUG - Кол-во бар    : 107
20.02.2026 10:42:28 - FileStorage - DEBUG - Фильтр с 03.10.2025 10:42
20.02.2026 10:42:28 - FileStorage - DEBUG - Первый бар    : SPBFUT.RIM6 (D1) 2025-10-04 00:00:00 Open: 101350.0, High: 101350.0, Low: 101350.0, Close: 101350.0, Volume: 1.0
20.02.2026 10:42:28 - FileStorage - DEBUG - Последний бар : SPBFUT.RIM6 (D1) 2026-02-20 00:00:00 Open: 116470.0, High: 116770.0, Low: 116290.0, Close: 116500.0, Volume: 61.0
20.02.2026 10:42:28 - FileStorage - DEBUG - Кол-во бар    : 107
20.02.2026 10:42:28 - AlorPy - DEBUG - Запрос : /md/v2/Securities/MOEX/SiM6?format=Simple
20.02.2026 10:42:28 - AlorPy - DEBUG - Ответ  : {"symbol":"SI-6.26","shortname":"SiM6","description":"SiM6","exchange":"MOEX","market":"FORTS","type":"Фьючерсный контракт Si-6.26","lotsize":1,"facevalue":1000,"cfiCode":"FFXCSX","cancellation":"2026-06-18T00:00:00.0000000","minstep":1,"rating":97401,"marginbuy":12103.02,"marginsell":12321.03,"marginrate":0,"priceMax":84518,"priceMin":71086,"theorPrice":0,"theorPriceLimit":0,"volatility":0,"currency":"RUB","ISIN":null,"yield":null,"board":"RFUD","primary_board":"RFUD","tradingStatus":17,"tradingStatusInfo":"нормальный период торгов","complexProductCategory":"2","priceMultiplier":1,"priceShownUnits":1,"pricestep":1}
20.02.2026 10:42:28 - FileStorage - DEBUG - Получение файла C:\Users\шадрин\PycharmProjects\CenterStrikeVolatility_API\FinLabPy\Storage\..\..\Data\Alor\SPBFUT.SiM6_D1.txt
20.02.2026 10:42:28 - FileStorage - DEBUG - Первый бар    : 06.10.2025 00:00
20.02.2026 10:42:28 - FileStorage - DEBUG - Последний бар : 19.02.2026 00:00
20.02.2026 10:42:28 - FileStorage - DEBUG - Кол-во бар    : 95
20.02.2026 10:42:28 - FileStorage - DEBUG - Фильтр с 03.10.2025 10:42
20.02.2026 10:42:28 - FileStorage - DEBUG - Первый бар    : SPBFUT.SiM6 (D1) 2025-10-06 00:00:00 Open: 89.804, High: 90.272, Low: 89.304, Close: 89.513, Volume: 322.0
20.02.2026 10:42:28 - FileStorage - DEBUG - Последний бар : SPBFUT.SiM6 (D1) 2026-02-19 00:00:00 Open: 78.698, High: 78.809, Low: 78.43, Close: 78.511, Volume: 1096.0
20.02.2026 10:42:28 - FileStorage - DEBUG - Кол-во бар    : 95
20.02.2026 10:42:28 - AlorPy - DEBUG - Запрос : /md/v2/history?exchange=MOEX&symbol=RIH6&tf=D&from=1771545600&to=1771573347&format=Simple
20.02.2026 10:42:28 - AlorPy - DEBUG - Ответ  : {"history":[{"time":1771545600,"close":116030.00000,"open":116130.00000,"high":116400.00000,"low":115810.00000,"volume":6367}],"next":null,"prev":1771459200}
20.02.2026 10:42:28 - FileStorage - DEBUG - Получение файла C:\Users\шадрин\PycharmProjects\CenterStrikeVolatility_API\FinLabPy\Storage\..\..\Data\Alor\SPBFUT.RIH6_D1.txt
20.02.2026 10:42:28 - FileStorage - DEBUG - Первый бар    : 04.10.2025 00:00
20.02.2026 10:42:28 - FileStorage - DEBUG - Последний бар : 20.02.2026 00:00
20.02.2026 10:42:28 - FileStorage - DEBUG - Кол-во бар    : 122
20.02.2026 10:42:28 - FileStorage - DEBUG - Сохранение файла C:\Users\шадрин\PycharmProjects\CenterStrikeVolatility_API\FinLabPy\Storage\..\..\Data\Alor\SPBFUT.RIH6_D1.txt
20.02.2026 10:42:28 - FileStorage - DEBUG - Первый бар    : 04.10.2025 00:00
20.02.2026 10:42:28 - FileStorage - DEBUG - Последний бар : 20.02.2026 00:00
20.02.2026 10:42:28 - FileStorage - DEBUG - Кол-во бар    : 122
20.02.2026 10:42:28 - Schedule.BarsStream - DEBUG - Текущая дата и время на бирже: 20.02.2026 10:42:28
20.02.2026 10:42:28 - Schedule.BarsStream - DEBUG - Нужно получить бар: 20.02.2026 00:00:00
20.02.2026 10:42:28 - Schedule.BarsStream - DEBUG - Время запроса бара: 23.02.2026 09:00:03
20.02.2026 10:42:28 - Schedule.BarsStream - DEBUG - Ожидание в секундах: 253055.0
20.02.2026 10:42:28 - FileStorage - DEBUG - Получение файла C:\Users\шадрин\PycharmProjects\CenterStrikeVolatility_API\FinLabPy\Storage\..\..\Data\Alor\SPBFUT.RIH6_D1.txt
20.02.2026 10:42:28 - FileStorage - DEBUG - Первый бар    : 04.10.2025 00:00
20.02.2026 10:42:28 - FileStorage - DEBUG - Последний бар : 20.02.2026 00:00
20.02.2026 10:42:28 - FileStorage - DEBUG - Кол-во бар    : 122
20.02.2026 10:42:28 - FileStorage - DEBUG - Фильтр с 03.10.2025 10:42
20.02.2026 10:42:28 - FileStorage - DEBUG - Первый бар    : SPBFUT.RIH6 (D1) 2025-10-04 00:00:00 Open: 100060.0, High: 100060.0, Low: 98820.0, Close: 99270.0, Volume: 83.0
20.02.2026 10:42:28 - FileStorage - DEBUG - Последний бар : SPBFUT.RIH6 (D1) 2026-02-20 00:00:00 Open: 116130.0, High: 116400.0, Low: 115810.0, Close: 116030.0, Volume: 6367.0
20.02.2026 10:42:28 - FileStorage - DEBUG - Кол-во бар    : 122
20.02.2026 10:42:28 - AlorPy - DEBUG - Запрос : /md/v2/history?exchange=MOEX&symbol=RIM6&tf=D&from=1771545600&to=1771573348&format=Simple
20.02.2026 10:42:28 - AlorPy - DEBUG - Ответ  : {"history":[{"time":1771545600,"close":116500.00000,"open":116470.00000,"high":116770.00000,"low":116290.00000,"volume":61}],"next":null,"prev":1771459200}
20.02.2026 10:42:28 - FileStorage - DEBUG - Получение файла C:\Users\шадрин\PycharmProjects\CenterStrikeVolatility_API\FinLabPy\Storage\..\..\Data\Alor\SPBFUT.RIM6_D1.txt
20.02.2026 10:42:28 - FileStorage - DEBUG - Первый бар    : 04.10.2025 00:00
20.02.2026 10:42:28 - FileStorage - DEBUG - Последний бар : 20.02.2026 00:00
20.02.2026 10:42:28 - FileStorage - DEBUG - Кол-во бар    : 107
20.02.2026 10:42:28 - FileStorage - DEBUG - Сохранение файла C:\Users\шадрин\PycharmProjects\CenterStrikeVolatility_API\FinLabPy\Storage\..\..\Data\Alor\SPBFUT.RIM6_D1.txt
20.02.2026 10:42:28 - AlorPy - DEBUG - Запрос : /md/v2/history?exchange=MOEX&symbol=SiH6&tf=D&from=1771545600&to=1771573348&format=Simple
20.02.2026 10:42:28 - AlorPy - DEBUG - Ответ  : {"history":[{"time":1771545600,"close":76446.00000,"open":76230.00000,"high":76500.00000,"low":76123.00000,"volume":91209}],"next":null,"prev":1771459200}
20.02.2026 10:42:28 - FileStorage - DEBUG - Получение файла C:\Users\шадрин\PycharmProjects\CenterStrikeVolatility_API\FinLabPy\Storage\..\..\Data\Alor\SPBFUT.SiH6_D1.txt
20.02.2026 10:42:28 - FileStorage - DEBUG - Первый бар    : 04.10.2025 00:00
20.02.2026 10:42:28 - FileStorage - DEBUG - Последний бар : 20.02.2026 00:00
20.02.2026 10:42:28 - FileStorage - DEBUG - Кол-во бар    : 107
20.02.2026 10:42:28 - Schedule.BarsStream - DEBUG - Текущая дата и время на бирже: 20.02.2026 10:42:28
20.02.2026 10:42:28 - Schedule.BarsStream - DEBUG - Нужно получить бар: 20.02.2026 00:00:00
20.02.2026 10:42:28 - Schedule.BarsStream - DEBUG - Время запроса бара: 23.02.2026 09:00:03
20.02.2026 10:42:28 - Schedule.BarsStream - DEBUG - Ожидание в секундах: 253055.0
20.02.2026 10:42:28 - FileStorage - DEBUG - Первый бар    : 06.10.2025 00:00
20.02.2026 10:42:28 - FileStorage - DEBUG - Последний бар : 20.02.2026 00:00
20.02.2026 10:42:28 - FileStorage - DEBUG - Кол-во бар    : 96
20.02.2026 10:42:28 - FileStorage - DEBUG - Сохранение файла C:\Users\шадрин\PycharmProjects\CenterStrikeVolatility_API\FinLabPy\Storage\..\..\Data\Alor\SPBFUT.SiH6_D1.txt
20.02.2026 10:42:28 - FileStorage - DEBUG - Получение файла C:\Users\шадрин\PycharmProjects\CenterStrikeVolatility_API\FinLabPy\Storage\..\..\Data\Alor\SPBFUT.RIM6_D1.txt
20.02.2026 10:42:28 - FileStorage - DEBUG - Первый бар    : 06.10.2025 00:00
20.02.2026 10:42:28 - FileStorage - DEBUG - Последний бар : 20.02.2026 00:00
20.02.2026 10:42:28 - FileStorage - DEBUG - Кол-во бар    : 96
20.02.2026 10:42:28 - Schedule.BarsStream - DEBUG - Текущая дата и время на бирже: 20.02.2026 10:42:28
20.02.2026 10:42:28 - Schedule.BarsStream - DEBUG - Нужно получить бар: 20.02.2026 00:00:00
20.02.2026 10:42:28 - Schedule.BarsStream - DEBUG - Время запроса бара: 23.02.2026 09:00:03
20.02.2026 10:42:28 - Schedule.BarsStream - DEBUG - Ожидание в секундах: 253055.0
20.02.2026 10:42:28 - FileStorage - DEBUG - Первый бар    : 04.10.2025 00:00
20.02.2026 10:42:28 - FileStorage - DEBUG - Последний бар : 20.02.2026 00:00
20.02.2026 10:42:28 - FileStorage - DEBUG - Кол-во бар    : 107
20.02.2026 10:42:28 - FileStorage - DEBUG - Фильтр с 03.10.2025 10:42
20.02.2026 10:42:28 - FileStorage - DEBUG - Получение файла C:\Users\шадрин\PycharmProjects\CenterStrikeVolatility_API\FinLabPy\Storage\..\..\Data\Alor\SPBFUT.SiH6_D1.txt
20.02.2026 10:42:28 - FileStorage - DEBUG - Первый бар    : SPBFUT.RIM6 (D1) 2025-10-04 00:00:00 Open: 101350.0, High: 101350.0, Low: 101350.0, Close: 101350.0, Volume: 1.0
20.02.2026 10:42:28 - FileStorage - DEBUG - Последний бар : SPBFUT.RIM6 (D1) 2026-02-20 00:00:00 Open: 116470.0, High: 116770.0, Low: 116290.0, Close: 116500.0, Volume: 61.0
20.02.2026 10:42:28 - FileStorage - DEBUG - Кол-во бар    : 107
20.02.2026 10:42:28 - FileStorage - DEBUG - Первый бар    : 06.10.2025 00:00
20.02.2026 10:42:28 - FileStorage - DEBUG - Последний бар : 20.02.2026 00:00
20.02.2026 10:42:28 - FileStorage - DEBUG - Кол-во бар    : 96
20.02.2026 10:42:28 - FileStorage - DEBUG - Фильтр с 03.10.2025 10:42
20.02.2026 10:42:28 - FileStorage - DEBUG - Первый бар    : SPBFUT.SiH6 (D1) 2025-10-06 00:00:00 Open: 87.101, High: 87.638, Low: 86.591, Close: 86.731, Volume: 10858.0
20.02.2026 10:42:28 - FileStorage - DEBUG - Последний бар : SPBFUT.SiH6 (D1) 2026-02-20 00:00:00 Open: 76.23, High: 76.5, Low: 76.123, Close: 76.446, Volume: 91209.0
20.02.2026 10:42:28 - FileStorage - DEBUG - Кол-во бар    : 96
20.02.2026 10:42:29 - AlorPy - DEBUG - Запрос : /md/v2/history?exchange=MOEX&symbol=SiM6&tf=D&from=1771459200&to=1771573348&format=Simple
20.02.2026 10:42:29 - AlorPy - DEBUG - Ответ  : {"history":[{"time":1771459200,"close":77862.00000,"open":78698.00000,"high":78809.00000,"low":77729.00000,"volume":97401},{"time":1771545600,"close":77956.00000,"open":77910.00000,"high":78015.00000,"low":77770.00000,"volume":10377}],"next":null,"prev":1771372800}
20.02.2026 10:42:29 - FileStorage - DEBUG - Получение файла C:\Users\шадрин\PycharmProjects\CenterStrikeVolatility_API\FinLabPy\Storage\..\..\Data\Alor\SPBFUT.SiM6_D1.txt
20.02.2026 10:42:29 - FileStorage - DEBUG - Первый бар    : 06.10.2025 00:00
20.02.2026 10:42:29 - FileStorage - DEBUG - Последний бар : 19.02.2026 00:00
20.02.2026 10:42:29 - FileStorage - DEBUG - Кол-во бар    : 95
20.02.2026 10:42:29 - FileStorage - DEBUG - Сохранение файла C:\Users\шадрин\PycharmProjects\CenterStrikeVolatility_API\FinLabPy\Storage\..\..\Data\Alor\SPBFUT.SiM6_D1.txt
20.02.2026 10:42:29 - FileStorage - DEBUG - Первый бар    : 06.10.2025 00:00
20.02.2026 10:42:29 - FileStorage - DEBUG - Последний бар : 20.02.2026 00:00
20.02.2026 10:42:29 - FileStorage - DEBUG - Кол-во бар    : 96
20.02.2026 10:42:29 - Schedule.BarsStream - DEBUG - Текущая дата и время на бирже: 20.02.2026 10:42:29
20.02.2026 10:42:29 - Schedule.BarsStream - DEBUG - Нужно получить бар: 20.02.2026 00:00:00
20.02.2026 10:42:29 - Schedule.BarsStream - DEBUG - Время запроса бара: 23.02.2026 09:00:03
20.02.2026 10:42:29 - Schedule.BarsStream - DEBUG - Ожидание в секундах: 253054.0
20.02.2026 10:42:29 - FileStorage - DEBUG - Получение файла C:\Users\шадрин\PycharmProjects\CenterStrikeVolatility_API\FinLabPy\Storage\..\..\Data\Alor\SPBFUT.SiM6_D1.txt
20.02.2026 10:42:29 - FileStorage - DEBUG - Первый бар    : 06.10.2025 00:00
20.02.2026 10:42:29 - FileStorage - DEBUG - Последний бар : 20.02.2026 00:00
20.02.2026 10:42:29 - FileStorage - DEBUG - Кол-во бар    : 96
20.02.2026 10:42:29 - FileStorage - DEBUG - Фильтр с 03.10.2025 10:42
20.02.2026 10:42:29 - FileStorage - DEBUG - Первый бар    : SPBFUT.SiM6 (D1) 2025-10-06 00:00:00 Open: 89.804, High: 90.272, Low: 89.304, Close: 89.513, Volume: 322.0
20.02.2026 10:42:29 - FileStorage - DEBUG - Последний бар : SPBFUT.SiM6 (D1) 2026-02-20 00:00:00 Open: 77.91, High: 78.015, Low: 77.77, Close: 77.956, Volume: 10377.0
20.02.2026 10:42:29 - FileStorage - DEBUG - Кол-во бар    : 96
20.02.2026 10:42:29 - AlorPy - DEBUG - Запрос : /md/v2/history?exchange=MOEX&symbol=RIH6&tf=D&from=1771545600&to=1771573348&format=Simple
20.02.2026 10:42:29 - AlorPy - DEBUG - Ответ  : {"history":[{"time":1771545600,"close":116030.00000,"open":116130.00000,"high":116400.00000,"low":115810.00000,"volume":6367}],"next":null,"prev":1771459200}
20.02.2026 10:42:29 - FileStorage - DEBUG - Получение файла C:\Users\шадрин\PycharmProjects\CenterStrikeVolatility_API\FinLabPy\Storage\..\..\Data\Alor\SPBFUT.RIH6_D1.txt
20.02.2026 10:42:29 - FileStorage - DEBUG - Первый бар    : 04.10.2025 00:00
20.02.2026 10:42:29 - FileStorage - DEBUG - Последний бар : 20.02.2026 00:00
20.02.2026 10:42:29 - FileStorage - DEBUG - Кол-во бар    : 122
20.02.2026 10:42:29 - FileStorage - DEBUG - Сохранение файла C:\Users\шадрин\PycharmProjects\CenterStrikeVolatility_API\FinLabPy\Storage\..\..\Data\Alor\SPBFUT.RIH6_D1.txt
20.02.2026 10:42:29 - FileStorage - DEBUG - Первый бар    : 04.10.2025 00:00
20.02.2026 10:42:29 - FileStorage - DEBUG - Последний бар : 20.02.2026 00:00
20.02.2026 10:42:29 - FileStorage - DEBUG - Кол-во бар    : 122
20.02.2026 10:42:29 - Schedule.BarsStream - DEBUG - Текущая дата и время на бирже: 20.02.2026 10:42:29
20.02.2026 10:42:29 - Schedule.BarsStream - DEBUG - Нужно получить бар: 20.02.2026 00:00:00
20.02.2026 10:42:29 - Schedule.BarsStream - DEBUG - Время запроса бара: 23.02.2026 09:00:03
20.02.2026 10:42:29 - Schedule.BarsStream - DEBUG - Ожидание в секундах: 253054.0
20.02.2026 10:42:29 - FileStorage - DEBUG - Получение файла C:\Users\шадрин\PycharmProjects\CenterStrikeVolatility_API\FinLabPy\Storage\..\..\Data\Alor\SPBFUT.RIH6_D1.txt
20.02.2026 10:42:29 - FileStorage - DEBUG - Первый бар    : 04.10.2025 00:00
20.02.2026 10:42:29 - FileStorage - DEBUG - Последний бар : 20.02.2026 00:00
20.02.2026 10:42:29 - FileStorage - DEBUG - Кол-во бар    : 122
20.02.2026 10:42:29 - FileStorage - DEBUG - Фильтр с 03.10.2025 10:42
20.02.2026 10:42:29 - FileStorage - DEBUG - Первый бар    : SPBFUT.RIH6 (D1) 2025-10-04 00:00:00 Open: 100060.0, High: 100060.0, Low: 98820.0, Close: 99270.0, Volume: 83.0
20.02.2026 10:42:29 - FileStorage - DEBUG - Последний бар : SPBFUT.RIH6 (D1) 2026-02-20 00:00:00 Open: 116130.0, High: 116400.0, Low: 115810.0, Close: 116030.0, Volume: 6367.0
20.02.2026 10:42:29 - FileStorage - DEBUG - Кол-во бар    : 122
20.02.2026 10:42:29 - AlorPy - DEBUG - Запрос : /md/v2/history?exchange=MOEX&symbol=RIM6&tf=D&from=1771545600&to=1771573348&format=Simple
20.02.2026 10:42:29 - AlorPy - DEBUG - Ответ  : {"history":[{"time":1771545600,"close":116500.00000,"open":116470.00000,"high":116770.00000,"low":116290.00000,"volume":61}],"next":null,"prev":1771459200}
20.02.2026 10:42:29 - FileStorage - DEBUG - Получение файла C:\Users\шадрин\PycharmProjects\CenterStrikeVolatility_API\FinLabPy\Storage\..\..\Data\Alor\SPBFUT.RIM6_D1.txt
20.02.2026 10:42:29 - AlorPy - DEBUG - Запрос : /md/v2/history?exchange=MOEX&symbol=SiH6&tf=D&from=1771545600&to=1771573348&format=Simple
20.02.2026 10:42:29 - AlorPy - DEBUG - Ответ  : {"history":[{"time":1771545600,"close":76446.00000,"open":76230.00000,"high":76500.00000,"low":76123.00000,"volume":91209}],"next":null,"prev":1771459200}
20.02.2026 10:42:29 - FileStorage - DEBUG - Получение файла C:\Users\шадрин\PycharmProjects\CenterStrikeVolatility_API\FinLabPy\Storage\..\..\Data\Alor\SPBFUT.SiH6_D1.txt
20.02.2026 10:42:29 - FileStorage - DEBUG - Первый бар    : 04.10.2025 00:00
20.02.2026 10:42:29 - FileStorage - DEBUG - Первый бар    : 06.10.2025 00:00
20.02.2026 10:42:29 - FileStorage - DEBUG - Последний бар : 20.02.2026 00:00
20.02.2026 10:42:29 - FileStorage - DEBUG - Последний бар : 20.02.2026 00:00
20.02.2026 10:42:29 - FileStorage - DEBUG - Кол-во бар    : 107
20.02.2026 10:42:29 - FileStorage - DEBUG - Кол-во бар    : 96
20.02.2026 10:42:29 - FileStorage - DEBUG - Сохранение файла C:\Users\шадрин\PycharmProjects\CenterStrikeVolatility_API\FinLabPy\Storage\..\..\Data\Alor\SPBFUT.SiH6_D1.txt
20.02.2026 10:42:29 - FileStorage - DEBUG - Сохранение файла C:\Users\шадрин\PycharmProjects\CenterStrikeVolatility_API\FinLabPy\Storage\..\..\Data\Alor\SPBFUT.RIM6_D1.txt
20.02.2026 10:42:29 - FileStorage - DEBUG - Первый бар    : 06.10.2025 00:00
20.02.2026 10:42:29 - FileStorage - DEBUG - Первый бар    : 04.10.2025 00:00
20.02.2026 10:42:29 - FileStorage - DEBUG - Последний бар : 20.02.2026 00:00
20.02.2026 10:42:29 - FileStorage - DEBUG - Последний бар : 20.02.2026 00:00
20.02.2026 10:42:29 - FileStorage - DEBUG - Кол-во бар    : 96
20.02.2026 10:42:29 - FileStorage - DEBUG - Кол-во бар    : 107
20.02.2026 10:42:29 - Schedule.BarsStream - DEBUG - Текущая дата и время на бирже: 20.02.2026 10:42:29
20.02.2026 10:42:29 - Schedule.BarsStream - DEBUG - Нужно получить бар: 20.02.2026 00:00:00
20.02.2026 10:42:29 - Schedule.BarsStream - DEBUG - Текущая дата и время на бирже: 20.02.2026 10:42:29
20.02.2026 10:42:29 - Schedule.BarsStream - DEBUG - Время запроса бара: 23.02.2026 09:00:03
20.02.2026 10:42:29 - Schedule.BarsStream - DEBUG - Нужно получить бар: 20.02.2026 00:00:00
20.02.2026 10:42:29 - Schedule.BarsStream - DEBUG - Ожидание в секундах: 253054.0
20.02.2026 10:42:29 - Schedule.BarsStream - DEBUG - Время запроса бара: 23.02.2026 09:00:03
20.02.2026 10:42:29 - Schedule.BarsStream - DEBUG - Ожидание в секундах: 253054.0
20.02.2026 10:42:29 - FileStorage - DEBUG - Получение файла C:\Users\шадрин\PycharmProjects\CenterStrikeVolatility_API\FinLabPy\Storage\..\..\Data\Alor\SPBFUT.SiH6_D1.txt
20.02.2026 10:42:29 - FileStorage - DEBUG - Получение файла C:\Users\шадрин\PycharmProjects\CenterStrikeVolatility_API\FinLabPy\Storage\..\..\Data\Alor\SPBFUT.RIM6_D1.txt
20.02.2026 10:42:29 - FileStorage - DEBUG - Первый бар    : 06.10.2025 00:00
20.02.2026 10:42:29 - FileStorage - DEBUG - Последний бар : 20.02.2026 00:00
20.02.2026 10:42:29 - FileStorage - DEBUG - Кол-во бар    : 96
20.02.2026 10:42:29 - FileStorage - DEBUG - Фильтр с 03.10.2025 10:42
20.02.2026 10:42:29 - FileStorage - DEBUG - Первый бар    : SPBFUT.SiH6 (D1) 2025-10-06 00:00:00 Open: 87.101, High: 87.638, Low: 86.591, Close: 86.731, Volume: 10858.0
20.02.2026 10:42:29 - FileStorage - DEBUG - Последний бар : SPBFUT.SiH6 (D1) 2026-02-20 00:00:00 Open: 76.23, High: 76.5, Low: 76.123, Close: 76.446, Volume: 91209.0
20.02.2026 10:42:29 - FileStorage - DEBUG - Кол-во бар    : 96
20.02.2026 10:42:29 - FileStorage - DEBUG - Первый бар    : 04.10.2025 00:00
20.02.2026 10:42:29 - FileStorage - DEBUG - Последний бар : 20.02.2026 00:00
20.02.2026 10:42:29 - FileStorage - DEBUG - Кол-во бар    : 107
20.02.2026 10:42:29 - FileStorage - DEBUG - Фильтр с 03.10.2025 10:42
20.02.2026 10:42:29 - FileStorage - DEBUG - Первый бар    : SPBFUT.RIM6 (D1) 2025-10-04 00:00:00 Open: 101350.0, High: 101350.0, Low: 101350.0, Close: 101350.0, Volume: 1.0
20.02.2026 10:42:29 - FileStorage - DEBUG - Последний бар : SPBFUT.RIM6 (D1) 2026-02-20 00:00:00 Open: 116470.0, High: 116770.0, Low: 116290.0, Close: 116500.0, Volume: 61.0
20.02.2026 10:42:29 - FileStorage - DEBUG - Кол-во бар    : 107
20.02.2026 10:42:30 - AlorPy - DEBUG - Запрос : /md/v2/history?exchange=MOEX&symbol=SiM6&tf=D&from=1771545600&to=1771573349&format=Simple
20.02.2026 10:42:30 - AlorPy - DEBUG - Ответ  : {"history":[{"time":1771545600,"close":77956.00000,"open":77910.00000,"high":78015.00000,"low":77770.00000,"volume":10379}],"next":null,"prev":1771459200}
20.02.2026 10:42:30 - FileStorage - DEBUG - Получение файла C:\Users\шадрин\PycharmProjects\CenterStrikeVolatility_API\FinLabPy\Storage\..\..\Data\Alor\SPBFUT.SiM6_D1.txt
20.02.2026 10:42:30 - FileStorage - DEBUG - Первый бар    : 06.10.2025 00:00
20.02.2026 10:42:30 - FileStorage - DEBUG - Последний бар : 20.02.2026 00:00
20.02.2026 10:42:30 - FileStorage - DEBUG - Кол-во бар    : 96
20.02.2026 10:42:30 - FileStorage - DEBUG - Сохранение файла C:\Users\шадрин\PycharmProjects\CenterStrikeVolatility_API\FinLabPy\Storage\..\..\Data\Alor\SPBFUT.SiM6_D1.txt
20.02.2026 10:42:30 - FileStorage - DEBUG - Первый бар    : 06.10.2025 00:00
20.02.2026 10:42:30 - FileStorage - DEBUG - Последний бар : 20.02.2026 00:00
20.02.2026 10:42:30 - FileStorage - DEBUG - Кол-во бар    : 96
20.02.2026 10:42:30 - Schedule.BarsStream - DEBUG - Текущая дата и время на бирже: 20.02.2026 10:42:30
20.02.2026 10:42:30 - Schedule.BarsStream - DEBUG - Нужно получить бар: 20.02.2026 00:00:00
20.02.2026 10:42:30 - Schedule.BarsStream - DEBUG - Время запроса бара: 23.02.2026 09:00:03
20.02.2026 10:42:30 - Schedule.BarsStream - DEBUG - Ожидание в секундах: 253053.0
20.02.2026 10:42:30 - FileStorage - DEBUG - Получение файла C:\Users\шадрин\PycharmProjects\CenterStrikeVolatility_API\FinLabPy\Storage\..\..\Data\Alor\SPBFUT.SiM6_D1.txt
20.02.2026 10:42:30 - FileStorage - DEBUG - Первый бар    : 06.10.2025 00:00
20.02.2026 10:42:30 - FileStorage - DEBUG - Последний бар : 20.02.2026 00:00
20.02.2026 10:42:30 - FileStorage - DEBUG - Кол-во бар    : 96
20.02.2026 10:42:30 - FileStorage - DEBUG - Фильтр с 03.10.2025 10:42
20.02.2026 10:42:30 - FileStorage - DEBUG - Первый бар    : SPBFUT.SiM6 (D1) 2025-10-06 00:00:00 Open: 89.804, High: 90.272, Low: 89.304, Close: 89.513, Volume: 322.0
20.02.2026 10:42:30 - FileStorage - DEBUG - Последний бар : SPBFUT.SiM6 (D1) 2026-02-20 00:00:00 Open: 77.91, High: 78.015, Low: 77.77, Close: 77.956, Volume: 10379.0
20.02.2026 10:42:30 - FileStorage - DEBUG - Кол-во бар    : 96
20.02.2026 10:42:30 - AlorPy - DEBUG - Запрос : /md/v2/history?exchange=MOEX&symbol=RIH6&tf=D&from=1771545600&to=1771573349&format=Simple
20.02.2026 10:42:30 - AlorPy - DEBUG - Ответ  : {"history":[{"time":1771545600,"close":116030.00000,"open":116130.00000,"high":116400.00000,"low":115810.00000,"volume":6367}],"next":null,"prev":1771459200}
20.02.2026 10:42:30 - FileStorage - DEBUG - Получение файла C:\Users\шадрин\PycharmProjects\CenterStrikeVolatility_API\FinLabPy\Storage\..\..\Data\Alor\SPBFUT.RIH6_D1.txt
20.02.2026 10:42:30 - FileStorage - DEBUG - Первый бар    : 04.10.2025 00:00
20.02.2026 10:42:30 - FileStorage - DEBUG - Последний бар : 20.02.2026 00:00
20.02.2026 10:42:30 - FileStorage - DEBUG - Кол-во бар    : 122
20.02.2026 10:42:30 - FileStorage - DEBUG - Сохранение файла C:\Users\шадрин\PycharmProjects\CenterStrikeVolatility_API\FinLabPy\Storage\..\..\Data\Alor\SPBFUT.RIH6_D1.txt
20.02.2026 10:42:30 - FileStorage - DEBUG - Первый бар    : 04.10.2025 00:00
20.02.2026 10:42:30 - FileStorage - DEBUG - Последний бар : 20.02.2026 00:00
20.02.2026 10:42:30 - FileStorage - DEBUG - Кол-во бар    : 122
20.02.2026 10:42:30 - Schedule.BarsStream - DEBUG - Текущая дата и время на бирже: 20.02.2026 10:42:30
20.02.2026 10:42:30 - Schedule.BarsStream - DEBUG - Нужно получить бар: 20.02.2026 00:00:00
20.02.2026 10:42:30 - Schedule.BarsStream - DEBUG - Время запроса бара: 23.02.2026 09:00:03
20.02.2026 10:42:30 - Schedule.BarsStream - DEBUG - Ожидание в секундах: 253053.0
20.02.2026 10:42:30 - FileStorage - DEBUG - Получение файла C:\Users\шадрин\PycharmProjects\CenterStrikeVolatility_API\FinLabPy\Storage\..\..\Data\Alor\SPBFUT.RIH6_D1.txt
20.02.2026 10:42:30 - FileStorage - DEBUG - Первый бар    : 04.10.2025 00:00
20.02.2026 10:42:30 - FileStorage - DEBUG - Последний бар : 20.02.2026 00:00
20.02.2026 10:42:30 - FileStorage - DEBUG - Кол-во бар    : 122
20.02.2026 10:42:30 - FileStorage - DEBUG - Фильтр с 03.10.2025 10:42
20.02.2026 10:42:30 - FileStorage - DEBUG - Первый бар    : SPBFUT.RIH6 (D1) 2025-10-04 00:00:00 Open: 100060.0, High: 100060.0, Low: 98820.0, Close: 99270.0, Volume: 83.0
20.02.2026 10:42:30 - FileStorage - DEBUG - Последний бар : SPBFUT.RIH6 (D1) 2026-02-20 00:00:00 Open: 116130.0, High: 116400.0, Low: 115810.0, Close: 116030.0, Volume: 6367.0
20.02.2026 10:42:30 - FileStorage - DEBUG - Кол-во бар    : 122
20.02.2026 10:42:30 - AlorPy - DEBUG - Запрос : /md/v2/history?exchange=MOEX&symbol=RIM6&tf=D&from=1771545600&to=1771573349&format=Simple
20.02.2026 10:42:30 - AlorPy - DEBUG - Ответ  : {"history":[{"time":1771545600,"close":116500.00000,"open":116470.00000,"high":116770.00000,"low":116290.00000,"volume":61}],"next":null,"prev":1771459200}
20.02.2026 10:42:30 - FileStorage - DEBUG - Получение файла C:\Users\шадрин\PycharmProjects\CenterStrikeVolatility_API\FinLabPy\Storage\..\..\Data\Alor\SPBFUT.RIM6_D1.txt
20.02.2026 10:42:30 - FileStorage - DEBUG - Первый бар    : 04.10.2025 00:00
20.02.2026 10:42:30 - FileStorage - DEBUG - Последний бар : 20.02.2026 00:00
20.02.2026 10:42:30 - FileStorage - DEBUG - Кол-во бар    : 107
20.02.2026 10:42:30 - FileStorage - DEBUG - Сохранение файла C:\Users\шадрин\PycharmProjects\CenterStrikeVolatility_API\FinLabPy\Storage\..\..\Data\Alor\SPBFUT.RIM6_D1.txt
20.02.2026 10:42:30 - FileStorage - DEBUG - Первый бар    : 04.10.2025 00:00
20.02.2026 10:42:30 - FileStorage - DEBUG - Последний бар : 20.02.2026 00:00
20.02.2026 10:42:30 - FileStorage - DEBUG - Кол-во бар    : 107
20.02.2026 10:42:30 - Schedule.BarsStream - DEBUG - Текущая дата и время на бирже: 20.02.2026 10:42:30
20.02.2026 10:42:30 - Schedule.BarsStream - DEBUG - Нужно получить бар: 20.02.2026 00:00:00
20.02.2026 10:42:30 - Schedule.BarsStream - DEBUG - Время запроса бара: 23.02.2026 09:00:03
20.02.2026 10:42:30 - Schedule.BarsStream - DEBUG - Ожидание в секундах: 253053.0
20.02.2026 10:42:30 - FileStorage - DEBUG - Получение файла C:\Users\шадрин\PycharmProjects\CenterStrikeVolatility_API\FinLabPy\Storage\..\..\Data\Alor\SPBFUT.RIM6_D1.txt
20.02.2026 10:42:30 - FileStorage - DEBUG - Первый бар    : 04.10.2025 00:00
20.02.2026 10:42:30 - FileStorage - DEBUG - Последний бар : 20.02.2026 00:00
20.02.2026 10:42:30 - FileStorage - DEBUG - Кол-во бар    : 107
20.02.2026 10:42:30 - FileStorage - DEBUG - Фильтр с 03.10.2025 10:42
20.02.2026 10:42:30 - FileStorage - DEBUG - Первый бар    : SPBFUT.RIM6 (D1) 2025-10-04 00:00:00 Open: 101350.0, High: 101350.0, Low: 101350.0, Close: 101350.0, Volume: 1.0
20.02.2026 10:42:30 - FileStorage - DEBUG - Последний бар : SPBFUT.RIM6 (D1) 2026-02-20 00:00:00 Open: 116470.0, High: 116770.0, Low: 116290.0, Close: 116500.0, Volume: 61.0
20.02.2026 10:42:30 - FileStorage - DEBUG - Кол-во бар    : 107
20.02.2026 10:42:30 - AlorPy - DEBUG - Запрос : /md/v2/history?exchange=MOEX&symbol=SiH6&tf=D&from=1771545600&to=1771573349&format=Simple
20.02.2026 10:42:30 - AlorPy - DEBUG - Ответ  : {"history":[{"time":1771545600,"close":76445.00000,"open":76230.00000,"high":76500.00000,"low":76123.00000,"volume":91224}],"next":null,"prev":1771459200}
20.02.2026 10:42:30 - FileStorage - DEBUG - Получение файла C:\Users\шадрин\PycharmProjects\CenterStrikeVolatility_API\FinLabPy\Storage\..\..\Data\Alor\SPBFUT.SiH6_D1.txt
20.02.2026 10:42:30 - FileStorage - DEBUG - Первый бар    : 06.10.2025 00:00
20.02.2026 10:42:30 - FileStorage - DEBUG - Последний бар : 20.02.2026 00:00
20.02.2026 10:42:30 - FileStorage - DEBUG - Кол-во бар    : 96
20.02.2026 10:42:30 - FileStorage - DEBUG - Сохранение файла C:\Users\шадрин\PycharmProjects\CenterStrikeVolatility_API\FinLabPy\Storage\..\..\Data\Alor\SPBFUT.SiH6_D1.txt
20.02.2026 10:42:30 - FileStorage - DEBUG - Первый бар    : 06.10.2025 00:00
20.02.2026 10:42:30 - FileStorage - DEBUG - Последний бар : 20.02.2026 00:00
20.02.2026 10:42:30 - FileStorage - DEBUG - Кол-во бар    : 96
20.02.2026 10:42:30 - Schedule.BarsStream - DEBUG - Текущая дата и время на бирже: 20.02.2026 10:42:30
20.02.2026 10:42:30 - Schedule.BarsStream - DEBUG - Нужно получить бар: 20.02.2026 00:00:00
20.02.2026 10:42:30 - Schedule.BarsStream - DEBUG - Время запроса бара: 23.02.2026 09:00:03
20.02.2026 10:42:30 - Schedule.BarsStream - DEBUG - Ожидание в секундах: 253053.0
20.02.2026 10:42:30 - FileStorage - DEBUG - Получение файла C:\Users\шадрин\PycharmProjects\CenterStrikeVolatility_API\FinLabPy\Storage\..\..\Data\Alor\SPBFUT.SiH6_D1.txt
20.02.2026 10:42:30 - FileStorage - DEBUG - Первый бар    : 06.10.2025 00:00
20.02.2026 10:42:30 - FileStorage - DEBUG - Последний бар : 20.02.2026 00:00
20.02.2026 10:42:30 - FileStorage - DEBUG - Кол-во бар    : 96
20.02.2026 10:42:30 - FileStorage - DEBUG - Фильтр с 03.10.2025 10:42
20.02.2026 10:42:30 - FileStorage - DEBUG - Первый бар    : SPBFUT.SiH6 (D1) 2025-10-06 00:00:00 Open: 87.101, High: 87.638, Low: 86.591, Close: 86.731, Volume: 10858.0
20.02.2026 10:42:30 - FileStorage - DEBUG - Последний бар : SPBFUT.SiH6 (D1) 2026-02-20 00:00:00 Open: 76.23, High: 76.5, Low: 76.123, Close: 76.445, Volume: 91224.0
20.02.2026 10:42:30 - FileStorage - DEBUG - Кол-во бар    : 96
20.02.2026 10:42:30 - AlorPy - DEBUG - Запрос : /md/v2/history?exchange=MOEX&symbol=SiM6&tf=D&from=1771545600&to=1771573350&format=Simple
20.02.2026 10:42:30 - AlorPy - DEBUG - Ответ  : {"history":[{"time":1771545600,"close":77955.00000,"open":77910.00000,"high":78015.00000,"low":77770.00000,"volume":10381}],"next":null,"prev":1771459200}
20.02.2026 10:42:30 - FileStorage - DEBUG - Получение файла C:\Users\шадрин\PycharmProjects\CenterStrikeVolatility_API\FinLabPy\Storage\..\..\Data\Alor\SPBFUT.SiM6_D1.txt
20.02.2026 10:42:30 - FileStorage - DEBUG - Первый бар    : 06.10.2025 00:00
20.02.2026 10:42:30 - FileStorage - DEBUG - Последний бар : 20.02.2026 00:00
20.02.2026 10:42:30 - FileStorage - DEBUG - Кол-во бар    : 96
20.02.2026 10:42:30 - FileStorage - DEBUG - Сохранение файла C:\Users\шадрин\PycharmProjects\CenterStrikeVolatility_API\FinLabPy\Storage\..\..\Data\Alor\SPBFUT.SiM6_D1.txt
20.02.2026 10:42:30 - FileStorage - DEBUG - Первый бар    : 06.10.2025 00:00
20.02.2026 10:42:30 - FileStorage - DEBUG - Последний бар : 20.02.2026 00:00
20.02.2026 10:42:30 - FileStorage - DEBUG - Кол-во бар    : 96
20.02.2026 10:42:30 - Schedule.BarsStream - DEBUG - Текущая дата и время на бирже: 20.02.2026 10:42:30
20.02.2026 10:42:30 - Schedule.BarsStream - DEBUG - Нужно получить бар: 20.02.2026 00:00:00
20.02.2026 10:42:30 - Schedule.BarsStream - DEBUG - Время запроса бара: 23.02.2026 09:00:03
20.02.2026 10:42:30 - Schedule.BarsStream - DEBUG - Ожидание в секундах: 253053.0
20.02.2026 10:42:30 - FileStorage - DEBUG - Получение файла C:\Users\шадрин\PycharmProjects\CenterStrikeVolatility_API\FinLabPy\Storage\..\..\Data\Alor\SPBFUT.SiM6_D1.txt
20.02.2026 10:42:31 - FileStorage - DEBUG - Первый бар    : 06.10.2025 00:00
20.02.2026 10:42:31 - FileStorage - DEBUG - Последний бар : 20.02.2026 00:00
20.02.2026 10:42:31 - FileStorage - DEBUG - Кол-во бар    : 96
20.02.2026 10:42:31 - FileStorage - DEBUG - Фильтр с 03.10.2025 10:42
20.02.2026 10:42:31 - FileStorage - DEBUG - Первый бар    : SPBFUT.SiM6 (D1) 2025-10-06 00:00:00 Open: 89.804, High: 90.272, Low: 89.304, Close: 89.513, Volume: 322.0
20.02.2026 10:42:31 - FileStorage - DEBUG - Последний бар : SPBFUT.SiM6 (D1) 2026-02-20 00:00:00 Open: 77.91, High: 78.015, Low: 77.77, Close: 77.955, Volume: 10381.0
20.02.2026 10:42:31 - FileStorage - DEBUG - Кол-во бар    : 96
20.02.2026 10:42:31 - AlorPy - DEBUG - Запрос : /md/v2/history?exchange=MOEX&symbol=RIH6&tf=D&from=1771545600&to=1771573350&format=Simple
20.02.2026 10:42:31 - AlorPy - DEBUG - Ответ  : {"history":[{"time":1771545600,"close":116030.00000,"open":116130.00000,"high":116400.00000,"low":115810.00000,"volume":6367}],"next":null,"prev":1771459200}
20.02.2026 10:42:31 - FileStorage - DEBUG - Получение файла C:\Users\шадрин\PycharmProjects\CenterStrikeVolatility_API\FinLabPy\Storage\..\..\Data\Alor\SPBFUT.RIH6_D1.txt
20.02.2026 10:42:31 - FileStorage - DEBUG - Первый бар    : 04.10.2025 00:00
20.02.2026 10:42:31 - FileStorage - DEBUG - Последний бар : 20.02.2026 00:00
20.02.2026 10:42:31 - FileStorage - DEBUG - Кол-во бар    : 122
20.02.2026 10:42:31 - FileStorage - DEBUG - Сохранение файла C:\Users\шадрин\PycharmProjects\CenterStrikeVolatility_API\FinLabPy\Storage\..\..\Data\Alor\SPBFUT.RIH6_D1.txt
20.02.2026 10:42:31 - AlorPy - DEBUG - Запрос : /md/v2/history?exchange=MOEX&symbol=RIM6&tf=D&from=1771545600&to=1771573350&format=Simple
20.02.2026 10:42:31 - AlorPy - DEBUG - Ответ  : {"history":[{"time":1771545600,"close":116500.00000,"open":116470.00000,"high":116770.00000,"low":116290.00000,"volume":61}],"next":null,"prev":1771459200}
20.02.2026 10:42:31 - FileStorage - DEBUG - Получение файла C:\Users\шадрин\PycharmProjects\CenterStrikeVolatility_API\FinLabPy\Storage\..\..\Data\Alor\SPBFUT.RIM6_D1.txt
20.02.2026 10:42:31 - FileStorage - DEBUG - Первый бар    : 04.10.2025 00:00
20.02.2026 10:42:31 - FileStorage - DEBUG - Последний бар : 20.02.2026 00:00
20.02.2026 10:42:31 - FileStorage - DEBUG - Кол-во бар    : 122
20.02.2026 10:42:31 - Schedule.BarsStream - DEBUG - Текущая дата и время на бирже: 20.02.2026 10:42:31
20.02.2026 10:42:31 - Schedule.BarsStream - DEBUG - Нужно получить бар: 20.02.2026 00:00:00
20.02.2026 10:42:31 - Schedule.BarsStream - DEBUG - Время запроса бара: 23.02.2026 09:00:03
20.02.2026 10:42:31 - Schedule.BarsStream - DEBUG - Ожидание в секундах: 253052.0
20.02.2026 10:42:31 - FileStorage - DEBUG - Первый бар    : 04.10.2025 00:00
20.02.2026 10:42:31 - FileStorage - DEBUG - Получение файла C:\Users\шадрин\PycharmProjects\CenterStrikeVolatility_API\FinLabPy\Storage\..\..\Data\Alor\SPBFUT.RIH6_D1.txt
20.02.2026 10:42:31 - FileStorage - DEBUG - Последний бар : 20.02.2026 00:00
20.02.2026 10:42:31 - FileStorage - DEBUG - Кол-во бар    : 107
20.02.2026 10:42:31 - FileStorage - DEBUG - Сохранение файла C:\Users\шадрин\PycharmProjects\CenterStrikeVolatility_API\FinLabPy\Storage\..\..\Data\Alor\SPBFUT.RIM6_D1.txt
20.02.2026 10:42:31 - FileStorage - DEBUG - Первый бар    : 04.10.2025 00:00
20.02.2026 10:42:31 - FileStorage - DEBUG - Последний бар : 20.02.2026 00:00
20.02.2026 10:42:31 - FileStorage - DEBUG - Первый бар    : 04.10.2025 00:00
20.02.2026 10:42:31 - FileStorage - DEBUG - Кол-во бар    : 122
20.02.2026 10:42:31 - FileStorage - DEBUG - Последний бар : 20.02.2026 00:00
20.02.2026 10:42:31 - FileStorage - DEBUG - Фильтр с 03.10.2025 10:42
20.02.2026 10:42:31 - FileStorage - DEBUG - Кол-во бар    : 107
20.02.2026 10:42:31 - FileStorage - DEBUG - Первый бар    : SPBFUT.RIH6 (D1) 2025-10-04 00:00:00 Open: 100060.0, High: 100060.0, Low: 98820.0, Close: 99270.0, Volume: 83.0
20.02.2026 10:42:31 - Schedule.BarsStream - DEBUG - Текущая дата и время на бирже: 20.02.2026 10:42:31
20.02.2026 10:42:31 - FileStorage - DEBUG - Последний бар : SPBFUT.RIH6 (D1) 2026-02-20 00:00:00 Open: 116130.0, High: 116400.0, Low: 115810.0, Close: 116030.0, Volume: 6367.0
20.02.2026 10:42:31 - Schedule.BarsStream - DEBUG - Нужно получить бар: 20.02.2026 00:00:00
20.02.2026 10:42:31 - FileStorage - DEBUG - Кол-во бар    : 122
20.02.2026 10:42:31 - Schedule.BarsStream - DEBUG - Время запроса бара: 23.02.2026 09:00:03
20.02.2026 10:42:31 - Schedule.BarsStream - DEBUG - Ожидание в секундах: 253052.0
20.02.2026 10:42:31 - FileStorage - DEBUG - Получение файла C:\Users\шадрин\PycharmProjects\CenterStrikeVolatility_API\FinLabPy\Storage\..\..\Data\Alor\SPBFUT.RIM6_D1.txt
20.02.2026 10:42:31 - FileStorage - DEBUG - Первый бар    : 04.10.2025 00:00
20.02.2026 10:42:31 - FileStorage - DEBUG - Последний бар : 20.02.2026 00:00
20.02.2026 10:42:31 - FileStorage - DEBUG - Кол-во бар    : 107
20.02.2026 10:42:31 - FileStorage - DEBUG - Фильтр с 03.10.2025 10:42
20.02.2026 10:42:31 - FileStorage - DEBUG - Первый бар    : SPBFUT.RIM6 (D1) 2025-10-04 00:00:00 Open: 101350.0, High: 101350.0, Low: 101350.0, Close: 101350.0, Volume: 1.0
20.02.2026 10:42:31 - FileStorage - DEBUG - Последний бар : SPBFUT.RIM6 (D1) 2026-02-20 00:00:00 Open: 116470.0, High: 116770.0, Low: 116290.0, Close: 116500.0, Volume: 61.0
20.02.2026 10:42:31 - FileStorage - DEBUG - Кол-во бар    : 107
20.02.2026 10:42:31 - AlorPy - DEBUG - Запрос : /md/v2/history?exchange=MOEX&symbol=SiH6&tf=D&from=1771545600&to=1771573350&format=Simple
20.02.2026 10:42:31 - AlorPy - DEBUG - Ответ  : {"history":[{"time":1771545600,"close":76445.00000,"open":76230.00000,"high":76500.00000,"low":76123.00000,"volume":91228}],"next":null,"prev":1771459200}
20.02.2026 10:42:31 - FileStorage - DEBUG - Получение файла C:\Users\шадрин\PycharmProjects\CenterStrikeVolatility_API\FinLabPy\Storage\..\..\Data\Alor\SPBFUT.SiH6_D1.txt
20.02.2026 10:42:31 - FileStorage - DEBUG - Первый бар    : 06.10.2025 00:00
20.02.2026 10:42:31 - FileStorage - DEBUG - Последний бар : 20.02.2026 00:00
20.02.2026 10:42:31 - FileStorage - DEBUG - Кол-во бар    : 96
20.02.2026 10:42:31 - FileStorage - DEBUG - Сохранение файла C:\Users\шадрин\PycharmProjects\CenterStrikeVolatility_API\FinLabPy\Storage\..\..\Data\Alor\SPBFUT.SiH6_D1.txt
20.02.2026 10:42:31 - FileStorage - DEBUG - Первый бар    : 06.10.2025 00:00
20.02.2026 10:42:31 - FileStorage - DEBUG - Последний бар : 20.02.2026 00:00
20.02.2026 10:42:31 - FileStorage - DEBUG - Кол-во бар    : 96
20.02.2026 10:42:31 - Schedule.BarsStream - DEBUG - Текущая дата и время на бирже: 20.02.2026 10:42:31
20.02.2026 10:42:31 - Schedule.BarsStream - DEBUG - Нужно получить бар: 20.02.2026 00:00:00
20.02.2026 10:42:31 - Schedule.BarsStream - DEBUG - Время запроса бара: 23.02.2026 09:00:03
20.02.2026 10:42:31 - Schedule.BarsStream - DEBUG - Ожидание в секундах: 253052.0
20.02.2026 10:42:31 - FileStorage - DEBUG - Получение файла C:\Users\шадрин\PycharmProjects\CenterStrikeVolatility_API\FinLabPy\Storage\..\..\Data\Alor\SPBFUT.SiH6_D1.txt
20.02.2026 10:42:31 - FileStorage - DEBUG - Первый бар    : 06.10.2025 00:00
20.02.2026 10:42:31 - FileStorage - DEBUG - Последний бар : 20.02.2026 00:00
20.02.2026 10:42:31 - FileStorage - DEBUG - Кол-во бар    : 96
20.02.2026 10:42:31 - FileStorage - DEBUG - Фильтр с 03.10.2025 10:42
20.02.2026 10:42:31 - FileStorage - DEBUG - Первый бар    : SPBFUT.SiH6 (D1) 2025-10-06 00:00:00 Open: 87.101, High: 87.638, Low: 86.591, Close: 86.731, Volume: 10858.0
20.02.2026 10:42:31 - FileStorage - DEBUG - Последний бар : SPBFUT.SiH6 (D1) 2026-02-20 00:00:00 Open: 76.23, High: 76.5, Low: 76.123, Close: 76.445, Volume: 91228.0
20.02.2026 10:42:31 - FileStorage - DEBUG - Кол-во бар    : 96
20.02.2026 10:42:31 - AlorPy - DEBUG - Запрос : /md/v2/history?exchange=MOEX&symbol=SiM6&tf=D&from=1771545600&to=1771573351&format=Simple
20.02.2026 10:42:31 - AlorPy - DEBUG - Ответ  : {"history":[{"time":1771545600,"close":77955.00000,"open":77910.00000,"high":78015.00000,"low":77770.00000,"volume":10383}],"next":null,"prev":1771459200}
20.02.2026 10:42:31 - FileStorage - DEBUG - Получение файла C:\Users\шадрин\PycharmProjects\CenterStrikeVolatility_API\FinLabPy\Storage\..\..\Data\Alor\SPBFUT.SiM6_D1.txt
20.02.2026 10:42:31 - FileStorage - DEBUG - Первый бар    : 06.10.2025 00:00
20.02.2026 10:42:31 - FileStorage - DEBUG - Последний бар : 20.02.2026 00:00
20.02.2026 10:42:31 - FileStorage - DEBUG - Кол-во бар    : 96
20.02.2026 10:42:31 - FileStorage - DEBUG - Сохранение файла C:\Users\шадрин\PycharmProjects\CenterStrikeVolatility_API\FinLabPy\Storage\..\..\Data\Alor\SPBFUT.SiM6_D1.txt
20.02.2026 10:42:31 - FileStorage - DEBUG - Первый бар    : 06.10.2025 00:00
20.02.2026 10:42:31 - FileStorage - DEBUG - Последний бар : 20.02.2026 00:00
20.02.2026 10:42:31 - FileStorage - DEBUG - Кол-во бар    : 96
20.02.2026 10:42:31 - Schedule.BarsStream - DEBUG - Текущая дата и время на бирже: 20.02.2026 10:42:31
20.02.2026 10:42:31 - Schedule.BarsStream - DEBUG - Нужно получить бар: 20.02.2026 00:00:00
20.02.2026 10:42:31 - Schedule.BarsStream - DEBUG - Время запроса бара: 23.02.2026 09:00:03
20.02.2026 10:42:31 - Schedule.BarsStream - DEBUG - Ожидание в секундах: 253052.0
20.02.2026 10:42:31 - FileStorage - DEBUG - Получение файла C:\Users\шадрин\PycharmProjects\CenterStrikeVolatility_API\FinLabPy\Storage\..\..\Data\Alor\SPBFUT.SiM6_D1.txt
20.02.2026 10:42:31 - FileStorage - DEBUG - Первый бар    : 06.10.2025 00:00
20.02.2026 10:42:31 - FileStorage - DEBUG - Последний бар : 20.02.2026 00:00
20.02.2026 10:42:31 - FileStorage - DEBUG - Кол-во бар    : 96
20.02.2026 10:42:31 - FileStorage - DEBUG - Фильтр с 03.10.2025 10:42
20.02.2026 10:42:31 - FileStorage - DEBUG - Первый бар    : SPBFUT.SiM6 (D1) 2025-10-06 00:00:00 Open: 89.804, High: 90.272, Low: 89.304, Close: 89.513, Volume: 322.0
20.02.2026 10:42:31 - FileStorage - DEBUG - Последний бар : SPBFUT.SiM6 (D1) 2026-02-20 00:00:00 Open: 77.91, High: 78.015, Low: 77.77, Close: 77.955, Volume: 10383.0
20.02.2026 10:42:31 - FileStorage - DEBUG - Кол-во бар    : 96
20.02.2026 10:42:32 - AlorPy - DEBUG - Запрос : /md/v2/history?exchange=MOEX&symbol=RIH6&tf=D&from=1771545600&to=1771573351&format=Simple
20.02.2026 10:42:32 - AlorPy - DEBUG - Ответ  : {"history":[{"time":1771545600,"close":116030.00000,"open":116130.00000,"high":116400.00000,"low":115810.00000,"volume":6367}],"next":null,"prev":1771459200}
20.02.2026 10:42:32 - FileStorage - DEBUG - Получение файла C:\Users\шадрин\PycharmProjects\CenterStrikeVolatility_API\FinLabPy\Storage\..\..\Data\Alor\SPBFUT.RIH6_D1.txt
20.02.2026 10:42:32 - FileStorage - DEBUG - Первый бар    : 04.10.2025 00:00
20.02.2026 10:42:32 - FileStorage - DEBUG - Последний бар : 20.02.2026 00:00
20.02.2026 10:42:32 - FileStorage - DEBUG - Кол-во бар    : 122
20.02.2026 10:42:32 - FileStorage - DEBUG - Сохранение файла C:\Users\шадрин\PycharmProjects\CenterStrikeVolatility_API\FinLabPy\Storage\..\..\Data\Alor\SPBFUT.RIH6_D1.txt
20.02.2026 10:42:32 - FileStorage - DEBUG - Первый бар    : 04.10.2025 00:00
20.02.2026 10:42:32 - FileStorage - DEBUG - Последний бар : 20.02.2026 00:00
20.02.2026 10:42:32 - FileStorage - DEBUG - Кол-во бар    : 122
20.02.2026 10:42:32 - Schedule.BarsStream - DEBUG - Текущая дата и время на бирже: 20.02.2026 10:42:32
20.02.2026 10:42:32 - Schedule.BarsStream - DEBUG - Нужно получить бар: 20.02.2026 00:00:00
20.02.2026 10:42:32 - Schedule.BarsStream - DEBUG - Время запроса бара: 23.02.2026 09:00:03
20.02.2026 10:42:32 - Schedule.BarsStream - DEBUG - Ожидание в секундах: 253051.0
20.02.2026 10:42:32 - FileStorage - DEBUG - Получение файла C:\Users\шадрин\PycharmProjects\CenterStrikeVolatility_API\FinLabPy\Storage\..\..\Data\Alor\SPBFUT.RIH6_D1.txt
20.02.2026 10:42:32 - FileStorage - DEBUG - Первый бар    : 04.10.2025 00:00
20.02.2026 10:42:32 - FileStorage - DEBUG - Последний бар : 20.02.2026 00:00
20.02.2026 10:42:32 - FileStorage - DEBUG - Кол-во бар    : 122
20.02.2026 10:42:32 - FileStorage - DEBUG - Фильтр с 03.10.2025 10:42
20.02.2026 10:42:32 - FileStorage - DEBUG - Первый бар    : SPBFUT.RIH6 (D1) 2025-10-04 00:00:00 Open: 100060.0, High: 100060.0, Low: 98820.0, Close: 99270.0, Volume: 83.0
20.02.2026 10:42:32 - FileStorage - DEBUG - Последний бар : SPBFUT.RIH6 (D1) 2026-02-20 00:00:00 Open: 116130.0, High: 116400.0, Low: 115810.0, Close: 116030.0, Volume: 6367.0
20.02.2026 10:42:32 - FileStorage - DEBUG - Кол-во бар    : 122
20.02.2026 10:42:32 - AlorPy - DEBUG - Запрос : /md/v2/history?exchange=MOEX&symbol=RIM6&tf=D&from=1771545600&to=1771573351&format=Simple
20.02.2026 10:42:32 - AlorPy - DEBUG - Ответ  : {"history":[{"time":1771545600,"close":116500.00000,"open":116470.00000,"high":116770.00000,"low":116290.00000,"volume":61}],"next":null,"prev":1771459200}
20.02.2026 10:42:32 - FileStorage - DEBUG - Получение файла C:\Users\шадрин\PycharmProjects\CenterStrikeVolatility_API\FinLabPy\Storage\..\..\Data\Alor\SPBFUT.RIM6_D1.txt
20.02.2026 10:42:32 - FileStorage - DEBUG - Первый бар    : 04.10.2025 00:00
20.02.2026 10:42:32 - FileStorage - DEBUG - Последний бар : 20.02.2026 00:00
20.02.2026 10:42:32 - FileStorage - DEBUG - Кол-во бар    : 107
20.02.2026 10:42:32 - FileStorage - DEBUG - Сохранение файла C:\Users\шадрин\PycharmProjects\CenterStrikeVolatility_API\FinLabPy\Storage\..\..\Data\Alor\SPBFUT.RIM6_D1.txt
20.02.2026 10:42:32 - FileStorage - DEBUG - Первый бар    : 04.10.2025 00:00
20.02.2026 10:42:32 - FileStorage - DEBUG - Последний бар : 20.02.2026 00:00
20.02.2026 10:42:32 - FileStorage - DEBUG - Кол-во бар    : 107
20.02.2026 10:42:32 - Schedule.BarsStream - DEBUG - Текущая дата и время на бирже: 20.02.2026 10:42:32
20.02.2026 10:42:32 - Schedule.BarsStream - DEBUG - Нужно получить бар: 20.02.2026 00:00:00
20.02.2026 10:42:32 - Schedule.BarsStream - DEBUG - Время запроса бара: 23.02.2026 09:00:03
20.02.2026 10:42:32 - Schedule.BarsStream - DEBUG - Ожидание в секундах: 253051.0
20.02.2026 10:42:32 - FileStorage - DEBUG - Получение файла C:\Users\шадрин\PycharmProjects\CenterStrikeVolatility_API\FinLabPy\Storage\..\..\Data\Alor\SPBFUT.RIM6_D1.txt
20.02.2026 10:42:32 - FileStorage - DEBUG - Первый бар    : 04.10.2025 00:00
20.02.2026 10:42:32 - FileStorage - DEBUG - Последний бар : 20.02.2026 00:00
20.02.2026 10:42:32 - FileStorage - DEBUG - Кол-во бар    : 107
20.02.2026 10:42:32 - FileStorage - DEBUG - Фильтр с 03.10.2025 10:42
20.02.2026 10:42:32 - FileStorage - DEBUG - Первый бар    : SPBFUT.RIM6 (D1) 2025-10-04 00:00:00 Open: 101350.0, High: 101350.0, Low: 101350.0, Close: 101350.0, Volume: 1.0
20.02.2026 10:42:32 - FileStorage - DEBUG - Последний бар : SPBFUT.RIM6 (D1) 2026-02-20 00:00:00 Open: 116470.0, High: 116770.0, Low: 116290.0, Close: 116500.0, Volume: 61.0
20.02.2026 10:42:32 - FileStorage - DEBUG - Кол-во бар    : 107
20.02.2026 10:42:32 - AlorPy - DEBUG - Запрос : /md/v2/history?exchange=MOEX&symbol=SiH6&tf=D&from=1771545600&to=1771573351&format=Simple
20.02.2026 10:42:32 - AlorPy - DEBUG - Ответ  : {"history":[{"time":1771545600,"close":76444.00000,"open":76230.00000,"high":76500.00000,"low":76123.00000,"volume":91232}],"next":null,"prev":1771459200}
20.02.2026 10:42:32 - FileStorage - DEBUG - Получение файла C:\Users\шадрин\PycharmProjects\CenterStrikeVolatility_API\FinLabPy\Storage\..\..\Data\Alor\SPBFUT.SiH6_D1.txt
20.02.2026 10:42:32 - FileStorage - DEBUG - Первый бар    : 06.10.2025 00:00
20.02.2026 10:42:32 - FileStorage - DEBUG - Последний бар : 20.02.2026 00:00
20.02.2026 10:42:32 - FileStorage - DEBUG - Кол-во бар    : 96
20.02.2026 10:42:32 - FileStorage - DEBUG - Сохранение файла C:\Users\шадрин\PycharmProjects\CenterStrikeVolatility_API\FinLabPy\Storage\..\..\Data\Alor\SPBFUT.SiH6_D1.txt
20.02.2026 10:42:32 - FileStorage - DEBUG - Первый бар    : 06.10.2025 00:00
20.02.2026 10:42:32 - FileStorage - DEBUG - Последний бар : 20.02.2026 00:00
20.02.2026 10:42:32 - FileStorage - DEBUG - Кол-во бар    : 96
20.02.2026 10:42:32 - Schedule.BarsStream - DEBUG - Текущая дата и время на бирже: 20.02.2026 10:42:32
20.02.2026 10:42:32 - Schedule.BarsStream - DEBUG - Нужно получить бар: 20.02.2026 00:00:00
20.02.2026 10:42:32 - Schedule.BarsStream - DEBUG - Время запроса бара: 23.02.2026 09:00:03
20.02.2026 10:42:32 - Schedule.BarsStream - DEBUG - Ожидание в секундах: 253051.0
20.02.2026 10:42:32 - FileStorage - DEBUG - Получение файла C:\Users\шадрин\PycharmProjects\CenterStrikeVolatility_API\FinLabPy\Storage\..\..\Data\Alor\SPBFUT.SiH6_D1.txt
20.02.2026 10:42:32 - FileStorage - DEBUG - Первый бар    : 06.10.2025 00:00
20.02.2026 10:42:32 - FileStorage - DEBUG - Последний бар : 20.02.2026 00:00
20.02.2026 10:42:32 - FileStorage - DEBUG - Кол-во бар    : 96
20.02.2026 10:42:32 - FileStorage - DEBUG - Фильтр с 03.10.2025 10:42
20.02.2026 10:42:32 - FileStorage - DEBUG - Первый бар    : SPBFUT.SiH6 (D1) 2025-10-06 00:00:00 Open: 87.101, High: 87.638, Low: 86.591, Close: 86.731, Volume: 10858.0
20.02.2026 10:42:32 - FileStorage - DEBUG - Последний бар : SPBFUT.SiH6 (D1) 2026-02-20 00:00:00 Open: 76.23, High: 76.5, Low: 76.123, Close: 76.444, Volume: 91232.0
20.02.2026 10:42:32 - FileStorage - DEBUG - Кол-во бар    : 96
20.02.2026 10:42:32 - AlorPy - DEBUG - Запрос : /md/v2/history?exchange=MOEX&symbol=SiM6&tf=D&from=1771545600&to=1771573351&format=Simple
20.02.2026 10:42:32 - AlorPy - DEBUG - Ответ  : {"history":[{"time":1771545600,"close":77955.00000,"open":77910.00000,"high":78015.00000,"low":77770.00000,"volume":10383}],"next":null,"prev":1771459200}
20.02.2026 10:42:32 - FileStorage - DEBUG - Получение файла C:\Users\шадрин\PycharmProjects\CenterStrikeVolatility_API\FinLabPy\Storage\..\..\Data\Alor\SPBFUT.SiM6_D1.txt
20.02.2026 10:42:32 - FileStorage - DEBUG - Первый бар    : 06.10.2025 00:00
20.02.2026 10:42:32 - FileStorage - DEBUG - Последний бар : 20.02.2026 00:00
20.02.2026 10:42:32 - FileStorage - DEBUG - Кол-во бар    : 96
20.02.2026 10:42:32 - FileStorage - DEBUG - Сохранение файла C:\Users\шадрин\PycharmProjects\CenterStrikeVolatility_API\FinLabPy\Storage\..\..\Data\Alor\SPBFUT.SiM6_D1.txt
20.02.2026 10:42:32 - FileStorage - DEBUG - Первый бар    : 06.10.2025 00:00
20.02.2026 10:42:32 - FileStorage - DEBUG - Последний бар : 20.02.2026 00:00
20.02.2026 10:42:32 - FileStorage - DEBUG - Кол-во бар    : 96
20.02.2026 10:42:32 - Schedule.BarsStream - DEBUG - Текущая дата и время на бирже: 20.02.2026 10:42:32
20.02.2026 10:42:32 - Schedule.BarsStream - DEBUG - Нужно получить бар: 20.02.2026 00:00:00
20.02.2026 10:42:32 - Schedule.BarsStream - DEBUG - Время запроса бара: 23.02.2026 09:00:03
20.02.2026 10:42:32 - Schedule.BarsStream - DEBUG - Ожидание в секундах: 253051.0
20.02.2026 10:42:32 - FileStorage - DEBUG - Получение файла C:\Users\шадрин\PycharmProjects\CenterStrikeVolatility_API\FinLabPy\Storage\..\..\Data\Alor\SPBFUT.SiM6_D1.txt
20.02.2026 10:42:32 - FileStorage - DEBUG - Первый бар    : 06.10.2025 00:00
20.02.2026 10:42:32 - FileStorage - DEBUG - Последний бар : 20.02.2026 00:00
20.02.2026 10:42:32 - FileStorage - DEBUG - Кол-во бар    : 96
20.02.2026 10:42:32 - FileStorage - DEBUG - Фильтр с 03.10.2025 10:42
20.02.2026 10:42:32 - FileStorage - DEBUG - Первый бар    : SPBFUT.SiM6 (D1) 2025-10-06 00:00:00 Open: 89.804, High: 90.272, Low: 89.304, Close: 89.513, Volume: 322.0
20.02.2026 10:42:32 - FileStorage - DEBUG - Последний бар : SPBFUT.SiM6 (D1) 2026-02-20 00:00:00 Open: 77.91, High: 78.015, Low: 77.77, Close: 77.955, Volume: 10383.0
20.02.2026 10:42:32 - FileStorage - DEBUG - Кол-во бар    : 96
20.02.2026 10:42:32 - Schedule.BarsStream - DEBUG - Текущая дата и время на бирже: 20.02.2026 10:42:32
20.02.2026 10:42:32 - Schedule.BarsStream - DEBUG - Нужно получить бар: 20.02.2026 00:00:00
20.02.2026 10:42:32 - Schedule.BarsStream - DEBUG - Время запроса бара: 23.02.2026 09:00:03
20.02.2026 10:42:32 - Schedule.BarsStream - DEBUG - Ожидание в секундах: 253051.0
20.02.2026 10:42:33 - AlorPy - DEBUG - Запрос : /md/v2/history?exchange=MOEX&symbol=RIM6&tf=D&from=1771545600&to=1771573352&format=Simple
20.02.2026 10:42:33 - AlorPy - DEBUG - Ответ  : {"history":[{"time":1771545600,"close":116500.00000,"open":116470.00000,"high":116770.00000,"low":116290.00000,"volume":61}],"next":null,"prev":1771459200}
20.02.2026 10:42:33 - FileStorage - DEBUG - Получение файла C:\Users\шадрин\PycharmProjects\CenterStrikeVolatility_API\FinLabPy\Storage\..\..\Data\Alor\SPBFUT.RIM6_D1.txt
20.02.2026 10:42:33 - FileStorage - DEBUG - Первый бар    : 04.10.2025 00:00
20.02.2026 10:42:33 - FileStorage - DEBUG - Последний бар : 20.02.2026 00:00
20.02.2026 10:42:33 - FileStorage - DEBUG - Кол-во бар    : 107
20.02.2026 10:42:33 - FileStorage - DEBUG - Сохранение файла C:\Users\шадрин\PycharmProjects\CenterStrikeVolatility_API\FinLabPy\Storage\..\..\Data\Alor\SPBFUT.RIM6_D1.txt
20.02.2026 10:42:33 - FileStorage - DEBUG - Первый бар    : 04.10.2025 00:00
20.02.2026 10:42:33 - FileStorage - DEBUG - Последний бар : 20.02.2026 00:00
20.02.2026 10:42:33 - FileStorage - DEBUG - Кол-во бар    : 107
20.02.2026 10:42:33 - Schedule.BarsStream - DEBUG - Текущая дата и время на бирже: 20.02.2026 10:42:33
20.02.2026 10:42:33 - Schedule.BarsStream - DEBUG - Нужно получить бар: 20.02.2026 00:00:00
20.02.2026 10:42:33 - Schedule.BarsStream - DEBUG - Время запроса бара: 23.02.2026 09:00:03
20.02.2026 10:42:33 - Schedule.BarsStream - DEBUG - Ожидание в секундах: 253050.0
20.02.2026 10:42:33 - FileStorage - DEBUG - Получение файла C:\Users\шадрин\PycharmProjects\CenterStrikeVolatility_API\FinLabPy\Storage\..\..\Data\Alor\SPBFUT.RIM6_D1.txt
20.02.2026 10:42:33 - FileStorage - DEBUG - Первый бар    : 04.10.2025 00:00
20.02.2026 10:42:33 - AlorPy - DEBUG - Запрос : /md/v2/history?exchange=MOEX&symbol=RIH6&tf=D&from=1771545600&to=1771573352&format=Simple
20.02.2026 10:42:33 - FileStorage - DEBUG - Последний бар : 20.02.2026 00:00
20.02.2026 10:42:33 - AlorPy - DEBUG - Ответ  : {"history":[{"time":1771545600,"close":116030.00000,"open":116130.00000,"high":116400.00000,"low":115810.00000,"volume":6367}],"next":null,"prev":1771459200}
20.02.2026 10:42:33 - FileStorage - DEBUG - Кол-во бар    : 107
20.02.2026 10:42:33 - FileStorage - DEBUG - Фильтр с 03.10.2025 10:42
20.02.2026 10:42:33 - FileStorage - DEBUG - Первый бар    : SPBFUT.RIM6 (D1) 2025-10-04 00:00:00 Open: 101350.0, High: 101350.0, Low: 101350.0, Close: 101350.0, Volume: 1.0
20.02.2026 10:42:33 - FileStorage - DEBUG - Получение файла C:\Users\шадрин\PycharmProjects\CenterStrikeVolatility_API\FinLabPy\Storage\..\..\Data\Alor\SPBFUT.RIH6_D1.txt
20.02.2026 10:42:33 - FileStorage - DEBUG - Последний бар : SPBFUT.RIM6 (D1) 2026-02-20 00:00:00 Open: 116470.0, High: 116770.0, Low: 116290.0, Close: 116500.0, Volume: 61.0
20.02.2026 10:42:33 - FileStorage - DEBUG - Кол-во бар    : 107
20.02.2026 10:42:33 - FileStorage - DEBUG - Первый бар    : 04.10.2025 00:00
20.02.2026 10:42:33 - FileStorage - DEBUG - Последний бар : 20.02.2026 00:00
20.02.2026 10:42:33 - FileStorage - DEBUG - Кол-во бар    : 122
20.02.2026 10:42:33 - FileStorage - DEBUG - Сохранение файла C:\Users\шадрин\PycharmProjects\CenterStrikeVolatility_API\FinLabPy\Storage\..\..\Data\Alor\SPBFUT.RIH6_D1.txt
20.02.2026 10:42:33 - FileStorage - DEBUG - Первый бар    : 04.10.2025 00:00
20.02.2026 10:42:33 - FileStorage - DEBUG - Последний бар : 20.02.2026 00:00
20.02.2026 10:42:33 - FileStorage - DEBUG - Кол-во бар    : 122
20.02.2026 10:42:33 - Schedule.BarsStream - DEBUG - Текущая дата и время на бирже: 20.02.2026 10:42:33
20.02.2026 10:42:33 - Schedule.BarsStream - DEBUG - Нужно получить бар: 20.02.2026 00:00:00
20.02.2026 10:42:33 - Schedule.BarsStream - DEBUG - Время запроса бара: 23.02.2026 09:00:03
20.02.2026 10:42:33 - Schedule.BarsStream - DEBUG - Ожидание в секундах: 253050.0
20.02.2026 10:42:33 - FileStorage - DEBUG - Получение файла C:\Users\шадрин\PycharmProjects\CenterStrikeVolatility_API\FinLabPy\Storage\..\..\Data\Alor\SPBFUT.RIH6_D1.txt
20.02.2026 10:42:33 - FileStorage - DEBUG - Первый бар    : 04.10.2025 00:00
20.02.2026 10:42:33 - FileStorage - DEBUG - Последний бар : 20.02.2026 00:00
20.02.2026 10:42:33 - FileStorage - DEBUG - Кол-во бар    : 122
20.02.2026 10:42:33 - FileStorage - DEBUG - Фильтр с 03.10.2025 10:42
20.02.2026 10:42:33 - FileStorage - DEBUG - Первый бар    : SPBFUT.RIH6 (D1) 2025-10-04 00:00:00 Open: 100060.0, High: 100060.0, Low: 98820.0, Close: 99270.0, Volume: 83.0
20.02.2026 10:42:33 - FileStorage - DEBUG - Последний бар : SPBFUT.RIH6 (D1) 2026-02-20 00:00:00 Open: 116130.0, High: 116400.0, Low: 115810.0, Close: 116030.0, Volume: 6367.0
20.02.2026 10:42:33 - FileStorage - DEBUG - Кол-во бар    : 122
20.02.2026 10:42:33 - AlorPy - DEBUG - Запрос : /md/v2/history?exchange=MOEX&symbol=SiH6&tf=D&from=1771545600&to=1771573352&format=Simple
20.02.2026 10:42:33 - AlorPy - DEBUG - Ответ  : {"history":[{"time":1771545600,"close":76445.00000,"open":76230.00000,"high":76500.00000,"low":76123.00000,"volume":91236}],"next":null,"prev":1771459200}
20.02.2026 10:42:33 - FileStorage - DEBUG - Получение файла C:\Users\шадрин\PycharmProjects\CenterStrikeVolatility_API\FinLabPy\Storage\..\..\Data\Alor\SPBFUT.SiH6_D1.txt
20.02.2026 10:42:33 - FileStorage - DEBUG - Первый бар    : 06.10.2025 00:00
20.02.2026 10:42:33 - FileStorage - DEBUG - Последний бар : 20.02.2026 00:00
20.02.2026 10:42:33 - FileStorage - DEBUG - Кол-во бар    : 96
20.02.2026 10:42:33 - FileStorage - DEBUG - Сохранение файла C:\Users\шадрин\PycharmProjects\CenterStrikeVolatility_API\FinLabPy\Storage\..\..\Data\Alor\SPBFUT.SiH6_D1.txt
20.02.2026 10:42:33 - FileStorage - DEBUG - Первый бар    : 06.10.2025 00:00
20.02.2026 10:42:33 - FileStorage - DEBUG - Последний бар : 20.02.2026 00:00
20.02.2026 10:42:33 - FileStorage - DEBUG - Кол-во бар    : 96
20.02.2026 10:42:33 - Schedule.BarsStream - DEBUG - Текущая дата и время на бирже: 20.02.2026 10:42:33
20.02.2026 10:42:33 - Schedule.BarsStream - DEBUG - Нужно получить бар: 20.02.2026 00:00:00
20.02.2026 10:42:33 - Schedule.BarsStream - DEBUG - Время запроса бара: 23.02.2026 09:00:03
20.02.2026 10:42:33 - Schedule.BarsStream - DEBUG - Ожидание в секундах: 253050.0
20.02.2026 10:42:33 - FileStorage - DEBUG - Получение файла C:\Users\шадрин\PycharmProjects\CenterStrikeVolatility_API\FinLabPy\Storage\..\..\Data\Alor\SPBFUT.SiH6_D1.txt
20.02.2026 10:42:33 - FileStorage - DEBUG - Первый бар    : 06.10.2025 00:00
20.02.2026 10:42:33 - FileStorage - DEBUG - Последний бар : 20.02.2026 00:00
20.02.2026 10:42:33 - FileStorage - DEBUG - Кол-во бар    : 96
20.02.2026 10:42:33 - FileStorage - DEBUG - Фильтр с 03.10.2025 10:42
20.02.2026 10:42:33 - FileStorage - DEBUG - Первый бар    : SPBFUT.SiH6 (D1) 2025-10-06 00:00:00 Open: 87.101, High: 87.638, Low: 86.591, Close: 86.731, Volume: 10858.0
20.02.2026 10:42:33 - FileStorage - DEBUG - Последний бар : SPBFUT.SiH6 (D1) 2026-02-20 00:00:00 Open: 76.23, High: 76.5, Low: 76.123, Close: 76.445, Volume: 91236.0
20.02.2026 10:42:33 - FileStorage - DEBUG - Кол-во бар    : 96
20.02.2026 10:42:33 - AlorPy - DEBUG - Запрос : /md/v2/history?exchange=MOEX&symbol=SiM6&tf=D&from=1771545600&to=1771573352&format=Simple
20.02.2026 10:42:33 - AlorPy - DEBUG - Ответ  : {"history":[{"time":1771545600,"close":77956.00000,"open":77910.00000,"high":78015.00000,"low":77770.00000,"volume":10385}],"next":null,"prev":1771459200}
20.02.2026 10:42:33 - FileStorage - DEBUG - Получение файла C:\Users\шадрин\PycharmProjects\CenterStrikeVolatility_API\FinLabPy\Storage\..\..\Data\Alor\SPBFUT.SiM6_D1.txt
20.02.2026 10:42:33 - FileStorage - DEBUG - Первый бар    : 06.10.2025 00:00
20.02.2026 10:42:33 - FileStorage - DEBUG - Последний бар : 20.02.2026 00:00
20.02.2026 10:42:33 - FileStorage - DEBUG - Кол-во бар    : 96
20.02.2026 10:42:33 - FileStorage - DEBUG - Сохранение файла C:\Users\шадрин\PycharmProjects\CenterStrikeVolatility_API\FinLabPy\Storage\..\..\Data\Alor\SPBFUT.SiM6_D1.txt
20.02.2026 10:42:33 - FileStorage - DEBUG - Первый бар    : 06.10.2025 00:00
20.02.2026 10:42:33 - FileStorage - DEBUG - Последний бар : 20.02.2026 00:00
20.02.2026 10:42:33 - FileStorage - DEBUG - Кол-во бар    : 96
20.02.2026 10:42:33 - Schedule.BarsStream - DEBUG - Текущая дата и время на бирже: 20.02.2026 10:42:33
20.02.2026 10:42:33 - Schedule.BarsStream - DEBUG - Нужно получить бар: 20.02.2026 00:00:00
20.02.2026 10:42:33 - Schedule.BarsStream - DEBUG - Время запроса бара: 23.02.2026 09:00:03
20.02.2026 10:42:33 - Schedule.BarsStream - DEBUG - Ожидание в секундах: 253050.0
20.02.2026 10:42:33 - FileStorage - DEBUG - Получение файла C:\Users\шадрин\PycharmProjects\CenterStrikeVolatility_API\FinLabPy\Storage\..\..\Data\Alor\SPBFUT.SiM6_D1.txt
20.02.2026 10:42:33 - FileStorage - DEBUG - Первый бар    : 06.10.2025 00:00
20.02.2026 10:42:33 - FileStorage - DEBUG - Последний бар : 20.02.2026 00:00
20.02.2026 10:42:33 - FileStorage - DEBUG - Кол-во бар    : 96
20.02.2026 10:42:33 - FileStorage - DEBUG - Фильтр с 03.10.2025 10:42
20.02.2026 10:42:33 - FileStorage - DEBUG - Первый бар    : SPBFUT.SiM6 (D1) 2025-10-06 00:00:00 Open: 89.804, High: 90.272, Low: 89.304, Close: 89.513, Volume: 322.0
20.02.2026 10:42:33 - FileStorage - DEBUG - Последний бар : SPBFUT.SiM6 (D1) 2026-02-20 00:00:00 Open: 77.91, High: 78.015, Low: 77.77, Close: 77.956, Volume: 10385.0
20.02.2026 10:42:33 - FileStorage - DEBUG - Кол-во бар    : 96
20.02.2026 10:42:33 - AlorPy - DEBUG - Запрос : /md/v2/Securities/MOEX/SRH6?format=Simple
20.02.2026 10:42:33 - AlorPy - DEBUG - Ответ  : {"symbol":"SBRF-3.26","shortname":"SRH6","description":"SRH6","exchange":"MOEX","market":"FORTS","type":"Фьючерсный контракт SBRF-3.26","lotsize":1,"facevalue":100,"cfiCode":"FFXPSX","cancellation":"2026-03-20T00:00:00.0000000","minstep":1,"rating":155335,"marginbuy":5522.45,"marginsell":5605.95,"marginrate":0,"priceMax":34508,"priceMin":28944,"theorPrice":0,"theorPriceLimit":0,"volatility":0,"currency":"RUB","ISIN":null,"yield":null,"board":"RFUD","primary_board":"RFUD","tradingStatus":17,"tradingStatusInfo":"нормальный период торгов","complexProductCategory":"2","priceMultiplier":1,"priceShownUnits":1,"pricestep":1}
20.02.2026 10:42:33 - FileStorage - DEBUG - Получение файла C:\Users\шадрин\PycharmProjects\CenterStrikeVolatility_API\FinLabPy\Storage\..\..\Data\Alor\SPBFUT.SRH6_D1.txt
20.02.2026 10:42:33 - FileStorage - DEBUG - Первый бар    : 04.10.2025 00:00
20.02.2026 10:42:33 - FileStorage - DEBUG - Последний бар : 19.02.2026 00:00
20.02.2026 10:42:33 - FileStorage - DEBUG - Кол-во бар    : 121
20.02.2026 10:42:33 - FileStorage - DEBUG - Фильтр с 03.10.2025 10:42
20.02.2026 10:42:33 - FileStorage - DEBUG - Первый бар    : SPBFUT.SRH6 (D1) 2025-10-04 00:00:00 Open: 305.03, High: 305.03, Low: 302.3, Close: 302.79, Volume: 102.0
20.02.2026 10:42:33 - FileStorage - DEBUG - Последний бар : SPBFUT.SRH6 (D1) 2026-02-19 00:00:00 Open: 318.3, High: 319.02, Low: 318.15, Close: 318.85, Volume: 10645.0
20.02.2026 10:42:33 - FileStorage - DEBUG - Кол-во бар    : 121
20.02.2026 10:42:34 - AlorPy - DEBUG - Запрос : /md/v2/history?exchange=MOEX&symbol=RIM6&tf=D&from=1771545600&to=1771573353&format=Simple
20.02.2026 10:42:34 - AlorPy - DEBUG - Ответ  : {"history":[{"time":1771545600,"close":116500.00000,"open":116470.00000,"high":116770.00000,"low":116290.00000,"volume":61}],"next":null,"prev":1771459200}
20.02.2026 10:42:34 - FileStorage - DEBUG - Получение файла C:\Users\шадрин\PycharmProjects\CenterStrikeVolatility_API\FinLabPy\Storage\..\..\Data\Alor\SPBFUT.RIM6_D1.txt
20.02.2026 10:42:34 - FileStorage - DEBUG - Первый бар    : 04.10.2025 00:00
20.02.2026 10:42:34 - FileStorage - DEBUG - Последний бар : 20.02.2026 00:00
20.02.2026 10:42:34 - FileStorage - DEBUG - Кол-во бар    : 107
20.02.2026 10:42:34 - FileStorage - DEBUG - Сохранение файла C:\Users\шадрин\PycharmProjects\CenterStrikeVolatility_API\FinLabPy\Storage\..\..\Data\Alor\SPBFUT.RIM6_D1.txt
20.02.2026 10:42:34 - FileStorage - DEBUG - Первый бар    : 04.10.2025 00:00
20.02.2026 10:42:34 - FileStorage - DEBUG - Последний бар : 20.02.2026 00:00
20.02.2026 10:42:34 - FileStorage - DEBUG - Кол-во бар    : 107
20.02.2026 10:42:34 - Schedule.BarsStream - DEBUG - Текущая дата и время на бирже: 20.02.2026 10:42:34
20.02.2026 10:42:34 - Schedule.BarsStream - DEBUG - Нужно получить бар: 20.02.2026 00:00:00
20.02.2026 10:42:34 - Schedule.BarsStream - DEBUG - Время запроса бара: 23.02.2026 09:00:03
20.02.2026 10:42:34 - Schedule.BarsStream - DEBUG - Ожидание в секундах: 253049.0
20.02.2026 10:42:34 - FileStorage - DEBUG - Получение файла C:\Users\шадрин\PycharmProjects\CenterStrikeVolatility_API\FinLabPy\Storage\..\..\Data\Alor\SPBFUT.RIM6_D1.txt
20.02.2026 10:42:34 - FileStorage - DEBUG - Первый бар    : 04.10.2025 00:00
20.02.2026 10:42:34 - FileStorage - DEBUG - Последний бар : 20.02.2026 00:00
20.02.2026 10:42:34 - FileStorage - DEBUG - Кол-во бар    : 107
20.02.2026 10:42:34 - FileStorage - DEBUG - Фильтр с 03.10.2025 10:42
20.02.2026 10:42:34 - FileStorage - DEBUG - Первый бар    : SPBFUT.RIM6 (D1) 2025-10-04 00:00:00 Open: 101350.0, High: 101350.0, Low: 101350.0, Close: 101350.0, Volume: 1.0
20.02.2026 10:42:34 - FileStorage - DEBUG - Последний бар : SPBFUT.RIM6 (D1) 2026-02-20 00:00:00 Open: 116470.0, High: 116770.0, Low: 116290.0, Close: 116500.0, Volume: 61.0
20.02.2026 10:42:34 - FileStorage - DEBUG - Кол-во бар    : 107
20.02.2026 10:42:34 - AlorPy - DEBUG - Запрос : /md/v2/history?exchange=MOEX&symbol=RIH6&tf=D&from=1771545600&to=1771573353&format=Simple
20.02.2026 10:42:34 - AlorPy - DEBUG - Ответ  : {"history":[{"time":1771545600,"close":116030.00000,"open":116130.00000,"high":116400.00000,"low":115810.00000,"volume":6367}],"next":null,"prev":1771459200}
20.02.2026 10:42:34 - FileStorage - DEBUG - Получение файла C:\Users\шадрин\PycharmProjects\CenterStrikeVolatility_API\FinLabPy\Storage\..\..\Data\Alor\SPBFUT.RIH6_D1.txt
20.02.2026 10:42:34 - FileStorage - DEBUG - Первый бар    : 04.10.2025 00:00
20.02.2026 10:42:34 - FileStorage - DEBUG - Последний бар : 20.02.2026 00:00
20.02.2026 10:42:34 - FileStorage - DEBUG - Кол-во бар    : 122
20.02.2026 10:42:34 - FileStorage - DEBUG - Сохранение файла C:\Users\шадрин\PycharmProjects\CenterStrikeVolatility_API\FinLabPy\Storage\..\..\Data\Alor\SPBFUT.RIH6_D1.txt
20.02.2026 10:42:34 - FileStorage - DEBUG - Первый бар    : 04.10.2025 00:00
20.02.2026 10:42:34 - FileStorage - DEBUG - Последний бар : 20.02.2026 00:00
20.02.2026 10:42:34 - FileStorage - DEBUG - Кол-во бар    : 122
20.02.2026 10:42:34 - Schedule.BarsStream - DEBUG - Текущая дата и время на бирже: 20.02.2026 10:42:34
20.02.2026 10:42:34 - Schedule.BarsStream - DEBUG - Нужно получить бар: 20.02.2026 00:00:00
20.02.2026 10:42:34 - Schedule.BarsStream - DEBUG - Время запроса бара: 23.02.2026 09:00:03
20.02.2026 10:42:34 - Schedule.BarsStream - DEBUG - Ожидание в секундах: 253049.0
20.02.2026 10:42:34 - FileStorage - DEBUG - Получение файла C:\Users\шадрин\PycharmProjects\CenterStrikeVolatility_API\FinLabPy\Storage\..\..\Data\Alor\SPBFUT.RIH6_D1.txt
20.02.2026 10:42:34 - FileStorage - DEBUG - Первый бар    : 04.10.2025 00:00
20.02.2026 10:42:34 - FileStorage - DEBUG - Последний бар : 20.02.2026 00:00
20.02.2026 10:42:34 - FileStorage - DEBUG - Кол-во бар    : 122
20.02.2026 10:42:34 - FileStorage - DEBUG - Фильтр с 03.10.2025 10:42
20.02.2026 10:42:34 - FileStorage - DEBUG - Первый бар    : SPBFUT.RIH6 (D1) 2025-10-04 00:00:00 Open: 100060.0, High: 100060.0, Low: 98820.0, Close: 99270.0, Volume: 83.0
20.02.2026 10:42:34 - FileStorage - DEBUG - Последний бар : SPBFUT.RIH6 (D1) 2026-02-20 00:00:00 Open: 116130.0, High: 116400.0, Low: 115810.0, Close: 116030.0, Volume: 6367.0
20.02.2026 10:42:34 - FileStorage - DEBUG - Кол-во бар    : 122
20.02.2026 10:42:34 - AlorPy - DEBUG - Запрос : /md/v2/history?exchange=MOEX&symbol=SiH6&tf=D&from=1771545600&to=1771573353&format=Simple
20.02.2026 10:42:34 - AlorPy - DEBUG - Ответ  : {"history":[{"time":1771545600,"close":76445.00000,"open":76230.00000,"high":76500.00000,"low":76123.00000,"volume":91240}],"next":null,"prev":1771459200}
20.02.2026 10:42:34 - FileStorage - DEBUG - Получение файла C:\Users\шадрин\PycharmProjects\CenterStrikeVolatility_API\FinLabPy\Storage\..\..\Data\Alor\SPBFUT.SiH6_D1.txt
20.02.2026 10:42:34 - FileStorage - DEBUG - Первый бар    : 06.10.2025 00:00
20.02.2026 10:42:34 - FileStorage - DEBUG - Последний бар : 20.02.2026 00:00
20.02.2026 10:42:34 - FileStorage - DEBUG - Кол-во бар    : 96
20.02.2026 10:42:34 - FileStorage - DEBUG - Сохранение файла C:\Users\шадрин\PycharmProjects\CenterStrikeVolatility_API\FinLabPy\Storage\..\..\Data\Alor\SPBFUT.SiH6_D1.txt
20.02.2026 10:42:34 - FileStorage - DEBUG - Первый бар    : 06.10.2025 00:00
20.02.2026 10:42:34 - FileStorage - DEBUG - Последний бар : 20.02.2026 00:00
20.02.2026 10:42:34 - FileStorage - DEBUG - Кол-во бар    : 96
20.02.2026 10:42:34 - Schedule.BarsStream - DEBUG - Текущая дата и время на бирже: 20.02.2026 10:42:34
20.02.2026 10:42:34 - Schedule.BarsStream - DEBUG - Нужно получить бар: 20.02.2026 00:00:00
20.02.2026 10:42:34 - Schedule.BarsStream - DEBUG - Время запроса бара: 23.02.2026 09:00:03
20.02.2026 10:42:34 - Schedule.BarsStream - DEBUG - Ожидание в секундах: 253049.0
20.02.2026 10:42:34 - FileStorage - DEBUG - Получение файла C:\Users\шадрин\PycharmProjects\CenterStrikeVolatility_API\FinLabPy\Storage\..\..\Data\Alor\SPBFUT.SiH6_D1.txt
20.02.2026 10:42:34 - FileStorage - DEBUG - Первый бар    : 06.10.2025 00:00
20.02.2026 10:42:34 - FileStorage - DEBUG - Последний бар : 20.02.2026 00:00
20.02.2026 10:42:34 - FileStorage - DEBUG - Кол-во бар    : 96
20.02.2026 10:42:34 - FileStorage - DEBUG - Фильтр с 03.10.2025 10:42
20.02.2026 10:42:34 - FileStorage - DEBUG - Первый бар    : SPBFUT.SiH6 (D1) 2025-10-06 00:00:00 Open: 87.101, High: 87.638, Low: 86.591, Close: 86.731, Volume: 10858.0
20.02.2026 10:42:34 - FileStorage - DEBUG - Последний бар : SPBFUT.SiH6 (D1) 2026-02-20 00:00:00 Open: 76.23, High: 76.5, Low: 76.123, Close: 76.445, Volume: 91240.0
20.02.2026 10:42:34 - FileStorage - DEBUG - Кол-во бар    : 96
20.02.2026 10:42:34 - AlorPy - DEBUG - Запрос : /md/v2/history?exchange=MOEX&symbol=SiM6&tf=D&from=1771545600&to=1771573353&format=Simple
20.02.2026 10:42:34 - AlorPy - DEBUG - Ответ  : {"history":[{"time":1771545600,"close":77956.00000,"open":77910.00000,"high":78015.00000,"low":77770.00000,"volume":10387}],"next":null,"prev":1771459200}
20.02.2026 10:42:34 - FileStorage - DEBUG - Получение файла C:\Users\шадрин\PycharmProjects\CenterStrikeVolatility_API\FinLabPy\Storage\..\..\Data\Alor\SPBFUT.SiM6_D1.txt
20.02.2026 10:42:34 - FileStorage - DEBUG - Первый бар    : 06.10.2025 00:00
20.02.2026 10:42:34 - FileStorage - DEBUG - Последний бар : 20.02.2026 00:00
20.02.2026 10:42:34 - FileStorage - DEBUG - Кол-во бар    : 96
20.02.2026 10:42:34 - FileStorage - DEBUG - Сохранение файла C:\Users\шадрин\PycharmProjects\CenterStrikeVolatility_API\FinLabPy\Storage\..\..\Data\Alor\SPBFUT.SiM6_D1.txt
20.02.2026 10:42:34 - FileStorage - DEBUG - Первый бар    : 06.10.2025 00:00
20.02.2026 10:42:34 - FileStorage - DEBUG - Последний бар : 20.02.2026 00:00
20.02.2026 10:42:34 - FileStorage - DEBUG - Кол-во бар    : 96
20.02.2026 10:42:34 - Schedule.BarsStream - DEBUG - Текущая дата и время на бирже: 20.02.2026 10:42:34
20.02.2026 10:42:34 - Schedule.BarsStream - DEBUG - Нужно получить бар: 20.02.2026 00:00:00
20.02.2026 10:42:34 - Schedule.BarsStream - DEBUG - Время запроса бара: 23.02.2026 09:00:03
20.02.2026 10:42:34 - Schedule.BarsStream - DEBUG - Ожидание в секундах: 253049.0
20.02.2026 10:42:34 - FileStorage - DEBUG - Получение файла C:\Users\шадрин\PycharmProjects\CenterStrikeVolatility_API\FinLabPy\Storage\..\..\Data\Alor\SPBFUT.SiM6_D1.txt
20.02.2026 10:42:34 - FileStorage - DEBUG - Первый бар    : 06.10.2025 00:00
20.02.2026 10:42:34 - FileStorage - DEBUG - Последний бар : 20.02.2026 00:00
20.02.2026 10:42:34 - FileStorage - DEBUG - Кол-во бар    : 96
20.02.2026 10:42:34 - FileStorage - DEBUG - Фильтр с 03.10.2025 10:42
20.02.2026 10:42:34 - FileStorage - DEBUG - Первый бар    : SPBFUT.SiM6 (D1) 2025-10-06 00:00:00 Open: 89.804, High: 90.272, Low: 89.304, Close: 89.513, Volume: 322.0
20.02.2026 10:42:34 - FileStorage - DEBUG - Последний бар : SPBFUT.SiM6 (D1) 2026-02-20 00:00:00 Open: 77.91, High: 78.015, Low: 77.77, Close: 77.956, Volume: 10387.0
20.02.2026 10:42:34 - FileStorage - DEBUG - Кол-во бар    : 96
20.02.2026 10:42:34 - AlorPy - DEBUG - Запрос : /md/v2/history?exchange=MOEX&symbol=SRH6&tf=D&from=1771459200&to=1771573353&format=Simple
20.02.2026 10:42:34 - AlorPy - DEBUG - Ответ  : {"history":[{"time":1771459200,"close":31728.00000,"open":31830.00000,"high":31902.00000,"low":31654.00000,"volume":76116},{"time":1771545600,"close":31754.00000,"open":31703.00000,"high":31776.00000,"low":31693.00000,"volume":9432}],"next":null,"prev":1771372800}
20.02.2026 10:42:34 - FileStorage - DEBUG - Получение файла C:\Users\шадрин\PycharmProjects\CenterStrikeVolatility_API\FinLabPy\Storage\..\..\Data\Alor\SPBFUT.SRH6_D1.txt
20.02.2026 10:42:34 - FileStorage - DEBUG - Первый бар    : 04.10.2025 00:00
20.02.2026 10:42:34 - FileStorage - DEBUG - Последний бар : 19.02.2026 00:00
20.02.2026 10:42:34 - FileStorage - DEBUG - Кол-во бар    : 121
20.02.2026 10:42:34 - FileStorage - DEBUG - Сохранение файла C:\Users\шадрин\PycharmProjects\CenterStrikeVolatility_API\FinLabPy\Storage\..\..\Data\Alor\SPBFUT.SRH6_D1.txt
20.02.2026 10:42:34 - FileStorage - DEBUG - Первый бар    : 04.10.2025 00:00
20.02.2026 10:42:34 - FileStorage - DEBUG - Последний бар : 20.02.2026 00:00
20.02.2026 10:42:34 - FileStorage - DEBUG - Кол-во бар    : 122
20.02.2026 10:42:34 - Schedule.BarsStream - DEBUG - Текущая дата и время на бирже: 20.02.2026 10:42:34
20.02.2026 10:42:34 - Schedule.BarsStream - DEBUG - Нужно получить бар: 20.02.2026 00:00:00
20.02.2026 10:42:34 - Schedule.BarsStream - DEBUG - Время запроса бара: 23.02.2026 09:00:03
20.02.2026 10:42:34 - Schedule.BarsStream - DEBUG - Ожидание в секундах: 253049.0
20.02.2026 10:42:34 - FileStorage - DEBUG - Получение файла C:\Users\шадрин\PycharmProjects\CenterStrikeVolatility_API\FinLabPy\Storage\..\..\Data\Alor\SPBFUT.SRH6_D1.txt
20.02.2026 10:42:34 - FileStorage - DEBUG - Первый бар    : 04.10.2025 00:00
20.02.2026 10:42:34 - FileStorage - DEBUG - Последний бар : 20.02.2026 00:00
20.02.2026 10:42:34 - FileStorage - DEBUG - Кол-во бар    : 122
20.02.2026 10:42:34 - FileStorage - DEBUG - Фильтр с 03.10.2025 10:42
20.02.2026 10:42:34 - FileStorage - DEBUG - Первый бар    : SPBFUT.SRH6 (D1) 2025-10-04 00:00:00 Open: 305.03, High: 305.03, Low: 302.3, Close: 302.79, Volume: 102.0
20.02.2026 10:42:34 - FileStorage - DEBUG - Последний бар : SPBFUT.SRH6 (D1) 2026-02-20 00:00:00 Open: 317.03, High: 317.76, Low: 316.93, Close: 317.54, Volume: 9432.0
20.02.2026 10:42:34 - FileStorage - DEBUG - Кол-во бар    : 122
20.02.2026 10:42:35 - AlorPy - DEBUG - Запрос : /md/v2/history?exchange=MOEX&symbol=RIM6&tf=D&from=1771545600&to=1771573354&format=Simple
20.02.2026 10:42:35 - AlorPy - DEBUG - Ответ  : {"history":[{"time":1771545600,"close":116500.00000,"open":116470.00000,"high":116770.00000,"low":116290.00000,"volume":61}],"next":null,"prev":1771459200}
20.02.2026 10:42:35 - FileStorage - DEBUG - Получение файла C:\Users\шадрин\PycharmProjects\CenterStrikeVolatility_API\FinLabPy\Storage\..\..\Data\Alor\SPBFUT.RIM6_D1.txt
20.02.2026 10:42:35 - FileStorage - DEBUG - Первый бар    : 04.10.2025 00:00
20.02.2026 10:42:35 - FileStorage - DEBUG - Последний бар : 20.02.2026 00:00
20.02.2026 10:42:35 - FileStorage - DEBUG - Кол-во бар    : 107
20.02.2026 10:42:35 - FileStorage - DEBUG - Сохранение файла C:\Users\шадрин\PycharmProjects\CenterStrikeVolatility_API\FinLabPy\Storage\..\..\Data\Alor\SPBFUT.RIM6_D1.txt
20.02.2026 10:42:35 - FileStorage - DEBUG - Первый бар    : 04.10.2025 00:00
20.02.2026 10:42:35 - FileStorage - DEBUG - Последний бар : 20.02.2026 00:00
20.02.2026 10:42:35 - FileStorage - DEBUG - Кол-во бар    : 107
20.02.2026 10:42:35 - Schedule.BarsStream - DEBUG - Текущая дата и время на бирже: 20.02.2026 10:42:35
20.02.2026 10:42:35 - Schedule.BarsStream - DEBUG - Нужно получить бар: 20.02.2026 00:00:00
20.02.2026 10:42:35 - Schedule.BarsStream - DEBUG - Время запроса бара: 23.02.2026 09:00:03
20.02.2026 10:42:35 - Schedule.BarsStream - DEBUG - Ожидание в секундах: 253048.0
20.02.2026 10:42:35 - FileStorage - DEBUG - Получение файла C:\Users\шадрин\PycharmProjects\CenterStrikeVolatility_API\FinLabPy\Storage\..\..\Data\Alor\SPBFUT.RIM6_D1.txt
20.02.2026 10:42:35 - FileStorage - DEBUG - Первый бар    : 04.10.2025 00:00
20.02.2026 10:42:35 - FileStorage - DEBUG - Последний бар : 20.02.2026 00:00
20.02.2026 10:42:35 - FileStorage - DEBUG - Кол-во бар    : 107
20.02.2026 10:42:35 - FileStorage - DEBUG - Фильтр с 03.10.2025 10:42
20.02.2026 10:42:35 - FileStorage - DEBUG - Первый бар    : SPBFUT.RIM6 (D1) 2025-10-04 00:00:00 Open: 101350.0, High: 101350.0, Low: 101350.0, Close: 101350.0, Volume: 1.0
20.02.2026 10:42:35 - FileStorage - DEBUG - Последний бар : SPBFUT.RIM6 (D1) 2026-02-20 00:00:00 Open: 116470.0, High: 116770.0, Low: 116290.0, Close: 116500.0, Volume: 61.0
20.02.2026 10:42:35 - FileStorage - DEBUG - Кол-во бар    : 107
20.02.2026 10:42:35 - AlorPy - DEBUG - Запрос : /md/v2/history?exchange=MOEX&symbol=RIH6&tf=D&from=1771545600&to=1771573354&format=Simple
20.02.2026 10:42:35 - AlorPy - DEBUG - Ответ  : {"history":[{"time":1771545600,"close":116030.00000,"open":116130.00000,"high":116400.00000,"low":115810.00000,"volume":6367}],"next":null,"prev":1771459200}
20.02.2026 10:42:35 - FileStorage - DEBUG - Получение файла C:\Users\шадрин\PycharmProjects\CenterStrikeVolatility_API\FinLabPy\Storage\..\..\Data\Alor\SPBFUT.RIH6_D1.txt
20.02.2026 10:42:35 - FileStorage - DEBUG - Первый бар    : 04.10.2025 00:00
20.02.2026 10:42:35 - FileStorage - DEBUG - Последний бар : 20.02.2026 00:00
20.02.2026 10:42:35 - FileStorage - DEBUG - Кол-во бар    : 122
20.02.2026 10:42:35 - FileStorage - DEBUG - Сохранение файла C:\Users\шадрин\PycharmProjects\CenterStrikeVolatility_API\FinLabPy\Storage\..\..\Data\Alor\SPBFUT.RIH6_D1.txt
20.02.2026 10:42:35 - FileStorage - DEBUG - Первый бар    : 04.10.2025 00:00
20.02.2026 10:42:35 - FileStorage - DEBUG - Последний бар : 20.02.2026 00:00
20.02.2026 10:42:35 - FileStorage - DEBUG - Кол-во бар    : 122
20.02.2026 10:42:35 - Schedule.BarsStream - DEBUG - Текущая дата и время на бирже: 20.02.2026 10:42:35
20.02.2026 10:42:35 - Schedule.BarsStream - DEBUG - Нужно получить бар: 20.02.2026 00:00:00
20.02.2026 10:42:35 - Schedule.BarsStream - DEBUG - Время запроса бара: 23.02.2026 09:00:03
20.02.2026 10:42:35 - Schedule.BarsStream - DEBUG - Ожидание в секундах: 253048.0
20.02.2026 10:42:35 - FileStorage - DEBUG - Получение файла C:\Users\шадрин\PycharmProjects\CenterStrikeVolatility_API\FinLabPy\Storage\..\..\Data\Alor\SPBFUT.RIH6_D1.txt
20.02.2026 10:42:35 - FileStorage - DEBUG - Первый бар    : 04.10.2025 00:00
20.02.2026 10:42:35 - FileStorage - DEBUG - Последний бар : 20.02.2026 00:00
20.02.2026 10:42:35 - FileStorage - DEBUG - Кол-во бар    : 122
20.02.2026 10:42:35 - FileStorage - DEBUG - Фильтр с 03.10.2025 10:42
20.02.2026 10:42:35 - FileStorage - DEBUG - Первый бар    : SPBFUT.RIH6 (D1) 2025-10-04 00:00:00 Open: 100060.0, High: 100060.0, Low: 98820.0, Close: 99270.0, Volume: 83.0
20.02.2026 10:42:35 - FileStorage - DEBUG - Последний бар : SPBFUT.RIH6 (D1) 2026-02-20 00:00:00 Open: 116130.0, High: 116400.0, Low: 115810.0, Close: 116030.0, Volume: 6367.0
20.02.2026 10:42:35 - FileStorage - DEBUG - Кол-во бар    : 122
20.02.2026 10:42:35 - AlorPy - DEBUG - Запрос : /md/v2/history?exchange=MOEX&symbol=SiH6&tf=D&from=1771545600&to=1771573354&format=Simple
20.02.2026 10:42:35 - AlorPy - DEBUG - Ответ  : {"history":[{"time":1771545600,"close":76440.00000,"open":76230.00000,"high":76500.00000,"low":76123.00000,"volume":91412}],"next":null,"prev":1771459200}
20.02.2026 10:42:35 - FileStorage - DEBUG - Получение файла C:\Users\шадрин\PycharmProjects\CenterStrikeVolatility_API\FinLabPy\Storage\..\..\Data\Alor\SPBFUT.SiH6_D1.txt
20.02.2026 10:42:35 - FileStorage - DEBUG - Первый бар    : 06.10.2025 00:00
20.02.2026 10:42:35 - FileStorage - DEBUG - Последний бар : 20.02.2026 00:00
20.02.2026 10:42:35 - FileStorage - DEBUG - Кол-во бар    : 96
20.02.2026 10:42:35 - FileStorage - DEBUG - Сохранение файла C:\Users\шадрин\PycharmProjects\CenterStrikeVolatility_API\FinLabPy\Storage\..\..\Data\Alor\SPBFUT.SiH6_D1.txt
20.02.2026 10:42:35 - AlorPy - DEBUG - Запрос : /md/v2/history?exchange=MOEX&symbol=SiM6&tf=D&from=1771545600&to=1771573354&format=Simple
20.02.2026 10:42:35 - AlorPy - DEBUG - Ответ  : {"history":[{"time":1771545600,"close":77954.00000,"open":77910.00000,"high":78015.00000,"low":77770.00000,"volume":10389}],"next":null,"prev":1771459200}
20.02.2026 10:42:35 - FileStorage - DEBUG - Получение файла C:\Users\шадрин\PycharmProjects\CenterStrikeVolatility_API\FinLabPy\Storage\..\..\Data\Alor\SPBFUT.SiM6_D1.txt
20.02.2026 10:42:35 - FileStorage - DEBUG - Первый бар    : 06.10.2025 00:00
20.02.2026 10:42:35 - FileStorage - DEBUG - Последний бар : 20.02.2026 00:00
20.02.2026 10:42:35 - FileStorage - DEBUG - Кол-во бар    : 96
20.02.2026 10:42:35 - Schedule.BarsStream - DEBUG - Текущая дата и время на бирже: 20.02.2026 10:42:35
20.02.2026 10:42:35 - Schedule.BarsStream - DEBUG - Нужно получить бар: 20.02.2026 00:00:00
20.02.2026 10:42:35 - Schedule.BarsStream - DEBUG - Время запроса бара: 23.02.2026 09:00:03
20.02.2026 10:42:35 - AlorPy - DEBUG - Запрос : /md/v2/history?exchange=MOEX&symbol=SRH6&tf=D&from=1771545600&to=1771573354&format=Simple
20.02.2026 10:42:35 - FileStorage - DEBUG - Первый бар    : 06.10.2025 00:00
20.02.2026 10:42:35 - Schedule.BarsStream - DEBUG - Ожидание в секундах: 253048.0
20.02.2026 10:42:35 - AlorPy - DEBUG - Ответ  : {"history":[{"time":1771545600,"close":31754.00000,"open":31703.00000,"high":31776.00000,"low":31693.00000,"volume":9432}],"next":null,"prev":1771459200}
20.02.2026 10:42:35 - FileStorage - DEBUG - Последний бар : 20.02.2026 00:00
20.02.2026 10:42:35 - FileStorage - DEBUG - Получение файла C:\Users\шадрин\PycharmProjects\CenterStrikeVolatility_API\FinLabPy\Storage\..\..\Data\Alor\SPBFUT.SiH6_D1.txt
20.02.2026 10:42:35 - FileStorage - DEBUG - Кол-во бар    : 96
20.02.2026 10:42:35 - FileStorage - DEBUG - Получение файла C:\Users\шадрин\PycharmProjects\CenterStrikeVolatility_API\FinLabPy\Storage\..\..\Data\Alor\SPBFUT.SRH6_D1.txt
20.02.2026 10:42:35 - FileStorage - DEBUG - Сохранение файла C:\Users\шадрин\PycharmProjects\CenterStrikeVolatility_API\FinLabPy\Storage\..\..\Data\Alor\SPBFUT.SiM6_D1.txt
20.02.2026 10:42:35 - FileStorage - DEBUG - Первый бар    : 06.10.2025 00:00
20.02.2026 10:42:35 - FileStorage - DEBUG - Первый бар    : 06.10.2025 00:00
20.02.2026 10:42:35 - FileStorage - DEBUG - Последний бар : 20.02.2026 00:00
20.02.2026 10:42:35 - FileStorage - DEBUG - Последний бар : 20.02.2026 00:00
20.02.2026 10:42:35 - FileStorage - DEBUG - Первый бар    : 04.10.2025 00:00
20.02.2026 10:42:35 - FileStorage - DEBUG - Кол-во бар    : 96
20.02.2026 10:42:35 - FileStorage - DEBUG - Кол-во бар    : 96
20.02.2026 10:42:35 - FileStorage - DEBUG - Последний бар : 20.02.2026 00:00
20.02.2026 10:42:35 - FileStorage - DEBUG - Фильтр с 03.10.2025 10:42
20.02.2026 10:42:35 - FileStorage - DEBUG - Кол-во бар    : 122
20.02.2026 10:42:35 - FileStorage - DEBUG - Первый бар    : SPBFUT.SiH6 (D1) 2025-10-06 00:00:00 Open: 87.101, High: 87.638, Low: 86.591, Close: 86.731, Volume: 10858.0
20.02.2026 10:42:35 - Schedule.BarsStream - DEBUG - Текущая дата и время на бирже: 20.02.2026 10:42:35
20.02.2026 10:42:35 - FileStorage - DEBUG - Сохранение файла C:\Users\шадрин\PycharmProjects\CenterStrikeVolatility_API\FinLabPy\Storage\..\..\Data\Alor\SPBFUT.SRH6_D1.txt
20.02.2026 10:42:35 - FileStorage - DEBUG - Последний бар : SPBFUT.SiH6 (D1) 2026-02-20 00:00:00 Open: 76.23, High: 76.5, Low: 76.123, Close: 76.44, Volume: 91412.0
20.02.2026 10:42:35 - Schedule.BarsStream - DEBUG - Нужно получить бар: 20.02.2026 00:00:00
20.02.2026 10:42:35 - FileStorage - DEBUG - Кол-во бар    : 96
20.02.2026 10:42:35 - Schedule.BarsStream - DEBUG - Время запроса бара: 23.02.2026 09:00:03
20.02.2026 10:42:35 - Schedule.BarsStream - DEBUG - Ожидание в секундах: 253048.0
20.02.2026 10:42:35 - FileStorage - DEBUG - Первый бар    : 04.10.2025 00:00
20.02.2026 10:42:35 - FileStorage - DEBUG - Получение файла C:\Users\шадрин\PycharmProjects\CenterStrikeVolatility_API\FinLabPy\Storage\..\..\Data\Alor\SPBFUT.SiM6_D1.txt
20.02.2026 10:42:35 - FileStorage - DEBUG - Последний бар : 20.02.2026 00:00
20.02.2026 10:42:35 - FileStorage - DEBUG - Кол-во бар    : 122
20.02.2026 10:42:35 - Schedule.BarsStream - DEBUG - Текущая дата и время на бирже: 20.02.2026 10:42:35
20.02.2026 10:42:35 - Schedule.BarsStream - DEBUG - Нужно получить бар: 20.02.2026 00:00:00
20.02.2026 10:42:35 - Schedule.BarsStream - DEBUG - Время запроса бара: 23.02.2026 09:00:03
20.02.2026 10:42:35 - Schedule.BarsStream - DEBUG - Ожидание в секундах: 253048.0
20.02.2026 10:42:35 - FileStorage - DEBUG - Получение файла C:\Users\шадрин\PycharmProjects\CenterStrikeVolatility_API\FinLabPy\Storage\..\..\Data\Alor\SPBFUT.SRH6_D1.txt
20.02.2026 10:42:35 - FileStorage - DEBUG - Первый бар    : 06.10.2025 00:00
20.02.2026 10:42:35 - FileStorage - DEBUG - Последний бар : 20.02.2026 00:00
20.02.2026 10:42:35 - FileStorage - DEBUG - Кол-во бар    : 96
20.02.2026 10:42:35 - FileStorage - DEBUG - Фильтр с 03.10.2025 10:42
20.02.2026 10:42:35 - FileStorage - DEBUG - Первый бар    : SPBFUT.SiM6 (D1) 2025-10-06 00:00:00 Open: 89.804, High: 90.272, Low: 89.304, Close: 89.513, Volume: 322.0
20.02.2026 10:42:35 - FileStorage - DEBUG - Последний бар : SPBFUT.SiM6 (D1) 2026-02-20 00:00:00 Open: 77.91, High: 78.015, Low: 77.77, Close: 77.954, Volume: 10389.0
20.02.2026 10:42:35 - FileStorage - DEBUG - Кол-во бар    : 96
20.02.2026 10:42:35 - FileStorage - DEBUG - Первый бар    : 04.10.2025 00:00
20.02.2026 10:42:35 - FileStorage - DEBUG - Последний бар : 20.02.2026 00:00
20.02.2026 10:42:35 - FileStorage - DEBUG - Кол-во бар    : 122
20.02.2026 10:42:35 - FileStorage - DEBUG - Фильтр с 03.10.2025 10:42
20.02.2026 10:42:35 - FileStorage - DEBUG - Первый бар    : SPBFUT.SRH6 (D1) 2025-10-04 00:00:00 Open: 305.03, High: 305.03, Low: 302.3, Close: 302.79, Volume: 102.0
20.02.2026 10:42:35 - FileStorage - DEBUG - Последний бар : SPBFUT.SRH6 (D1) 2026-02-20 00:00:00 Open: 317.03, High: 317.76, Low: 316.93, Close: 317.54, Volume: 9432.0
20.02.2026 10:42:35 - FileStorage - DEBUG - Кол-во бар    : 122
20.02.2026 10:42:35 - AlorPy - DEBUG - Запрос : /md/v2/history?exchange=MOEX&symbol=RIM6&tf=D&from=1771545600&to=1771573355&format=Simple
20.02.2026 10:42:35 - AlorPy - DEBUG - Ответ  : {"history":[{"time":1771545600,"close":116500.00000,"open":116470.00000,"high":116770.00000,"low":116290.00000,"volume":61}],"next":null,"prev":1771459200}
20.02.2026 10:42:35 - FileStorage - DEBUG - Получение файла C:\Users\шадрин\PycharmProjects\CenterStrikeVolatility_API\FinLabPy\Storage\..\..\Data\Alor\SPBFUT.RIM6_D1.txt
20.02.2026 10:42:36 - FileStorage - DEBUG - Первый бар    : 04.10.2025 00:00
20.02.2026 10:42:36 - FileStorage - DEBUG - Последний бар : 20.02.2026 00:00
20.02.2026 10:42:36 - FileStorage - DEBUG - Кол-во бар    : 107
20.02.2026 10:42:36 - FileStorage - DEBUG - Сохранение файла C:\Users\шадрин\PycharmProjects\CenterStrikeVolatility_API\FinLabPy\Storage\..\..\Data\Alor\SPBFUT.RIM6_D1.txt
20.02.2026 10:42:36 - FileStorage - DEBUG - Первый бар    : 04.10.2025 00:00
20.02.2026 10:42:36 - FileStorage - DEBUG - Последний бар : 20.02.2026 00:00
20.02.2026 10:42:36 - FileStorage - DEBUG - Кол-во бар    : 107
20.02.2026 10:42:36 - Schedule.BarsStream - DEBUG - Текущая дата и время на бирже: 20.02.2026 10:42:36
20.02.2026 10:42:36 - Schedule.BarsStream - DEBUG - Нужно получить бар: 20.02.2026 00:00:00
20.02.2026 10:42:36 - Schedule.BarsStream - DEBUG - Время запроса бара: 23.02.2026 09:00:03
20.02.2026 10:42:36 - Schedule.BarsStream - DEBUG - Ожидание в секундах: 253047.0
20.02.2026 10:42:36 - FileStorage - DEBUG - Получение файла C:\Users\шадрин\PycharmProjects\CenterStrikeVolatility_API\FinLabPy\Storage\..\..\Data\Alor\SPBFUT.RIM6_D1.txt
20.02.2026 10:42:36 - FileStorage - DEBUG - Первый бар    : 04.10.2025 00:00
20.02.2026 10:42:36 - FileStorage - DEBUG - Последний бар : 20.02.2026 00:00
20.02.2026 10:42:36 - FileStorage - DEBUG - Кол-во бар    : 107
20.02.2026 10:42:36 - FileStorage - DEBUG - Фильтр с 03.10.2025 10:42
20.02.2026 10:42:36 - FileStorage - DEBUG - Первый бар    : SPBFUT.RIM6 (D1) 2025-10-04 00:00:00 Open: 101350.0, High: 101350.0, Low: 101350.0, Close: 101350.0, Volume: 1.0
20.02.2026 10:42:36 - FileStorage - DEBUG - Последний бар : SPBFUT.RIM6 (D1) 2026-02-20 00:00:00 Open: 116470.0, High: 116770.0, Low: 116290.0, Close: 116500.0, Volume: 61.0
20.02.2026 10:42:36 - FileStorage - DEBUG - Кол-во бар    : 107
20.02.2026 10:42:36 - AlorPy - DEBUG - Запрос : /md/v2/history?exchange=MOEX&symbol=RIH6&tf=D&from=1771545600&to=1771573355&format=Simple
20.02.2026 10:42:36 - AlorPy - DEBUG - Ответ  : {"history":[{"time":1771545600,"close":116030.00000,"open":116130.00000,"high":116400.00000,"low":115810.00000,"volume":6367}],"next":null,"prev":1771459200}
20.02.2026 10:42:36 - FileStorage - DEBUG - Получение файла C:\Users\шадрин\PycharmProjects\CenterStrikeVolatility_API\FinLabPy\Storage\..\..\Data\Alor\SPBFUT.RIH6_D1.txt
20.02.2026 10:42:36 - FileStorage - DEBUG - Первый бар    : 04.10.2025 00:00
20.02.2026 10:42:36 - FileStorage - DEBUG - Последний бар : 20.02.2026 00:00
20.02.2026 10:42:36 - FileStorage - DEBUG - Кол-во бар    : 122
20.02.2026 10:42:36 - FileStorage - DEBUG - Сохранение файла C:\Users\шадрин\PycharmProjects\CenterStrikeVolatility_API\FinLabPy\Storage\..\..\Data\Alor\SPBFUT.RIH6_D1.txt
20.02.2026 10:42:36 - FileStorage - DEBUG - Первый бар    : 04.10.2025 00:00
20.02.2026 10:42:36 - FileStorage - DEBUG - Последний бар : 20.02.2026 00:00
20.02.2026 10:42:36 - FileStorage - DEBUG - Кол-во бар    : 122
20.02.2026 10:42:36 - Schedule.BarsStream - DEBUG - Текущая дата и время на бирже: 20.02.2026 10:42:36
20.02.2026 10:42:36 - Schedule.BarsStream - DEBUG - Нужно получить бар: 20.02.2026 00:00:00
20.02.2026 10:42:36 - Schedule.BarsStream - DEBUG - Время запроса бара: 23.02.2026 09:00:03
20.02.2026 10:42:36 - Schedule.BarsStream - DEBUG - Ожидание в секундах: 253047.0
20.02.2026 10:42:36 - FileStorage - DEBUG - Получение файла C:\Users\шадрин\PycharmProjects\CenterStrikeVolatility_API\FinLabPy\Storage\..\..\Data\Alor\SPBFUT.RIH6_D1.txt
20.02.2026 10:42:36 - FileStorage - DEBUG - Первый бар    : 04.10.2025 00:00
20.02.2026 10:42:36 - FileStorage - DEBUG - Последний бар : 20.02.2026 00:00
20.02.2026 10:42:36 - FileStorage - DEBUG - Кол-во бар    : 122
20.02.2026 10:42:36 - FileStorage - DEBUG - Фильтр с 03.10.2025 10:42
20.02.2026 10:42:36 - FileStorage - DEBUG - Первый бар    : SPBFUT.RIH6 (D1) 2025-10-04 00:00:00 Open: 100060.0, High: 100060.0, Low: 98820.0, Close: 99270.0, Volume: 83.0
20.02.2026 10:42:36 - FileStorage - DEBUG - Последний бар : SPBFUT.RIH6 (D1) 2026-02-20 00:00:00 Open: 116130.0, High: 116400.0, Low: 115810.0, Close: 116030.0, Volume: 6367.0
20.02.2026 10:42:36 - FileStorage - DEBUG - Кол-во бар    : 122
20.02.2026 10:42:36 - AlorPy - DEBUG - Запрос : /md/v2/history?exchange=MOEX&symbol=SRH6&tf=D&from=1771545600&to=1771573355&format=Simple
20.02.2026 10:42:36 - AlorPy - DEBUG - Ответ  : {"history":[{"time":1771545600,"close":31754.00000,"open":31703.00000,"high":31776.00000,"low":31693.00000,"volume":9432}],"next":null,"prev":1771459200}
20.02.2026 10:42:36 - FileStorage - DEBUG - Получение файла C:\Users\шадрин\PycharmProjects\CenterStrikeVolatility_API\FinLabPy\Storage\..\..\Data\Alor\SPBFUT.SRH6_D1.txt
20.02.2026 10:42:36 - FileStorage - DEBUG - Первый бар    : 04.10.2025 00:00
20.02.2026 10:42:36 - FileStorage - DEBUG - Последний бар : 20.02.2026 00:00
20.02.2026 10:42:36 - FileStorage - DEBUG - Кол-во бар    : 122
20.02.2026 10:42:36 - FileStorage - DEBUG - Сохранение файла C:\Users\шадрин\PycharmProjects\CenterStrikeVolatility_API\FinLabPy\Storage\..\..\Data\Alor\SPBFUT.SRH6_D1.txt
20.02.2026 10:42:36 - AlorPy - DEBUG - Запрос : /md/v2/history?exchange=MOEX&symbol=SiM6&tf=D&from=1771545600&to=1771573355&format=Simple
20.02.2026 10:42:36 - AlorPy - DEBUG - Ответ  : {"history":[{"time":1771545600,"close":77947.00000,"open":77910.00000,"high":78015.00000,"low":77770.00000,"volume":10391}],"next":null,"prev":1771459200}
20.02.2026 10:42:36 - FileStorage - DEBUG - Первый бар    : 04.10.2025 00:00
20.02.2026 10:42:36 - FileStorage - DEBUG - Последний бар : 20.02.2026 00:00
20.02.2026 10:42:36 - FileStorage - DEBUG - Кол-во бар    : 122
20.02.2026 10:42:36 - FileStorage - DEBUG - Получение файла C:\Users\шадрин\PycharmProjects\CenterStrikeVolatility_API\FinLabPy\Storage\..\..\Data\Alor\SPBFUT.SiM6_D1.txt
20.02.2026 10:42:36 - Schedule.BarsStream - DEBUG - Текущая дата и время на бирже: 20.02.2026 10:42:36
20.02.2026 10:42:36 - Schedule.BarsStream - DEBUG - Нужно получить бар: 20.02.2026 00:00:00
20.02.2026 10:42:36 - AlorPy - DEBUG - Запрос : /md/v2/history?exchange=MOEX&symbol=SiH6&tf=D&from=1771545600&to=1771573355&format=Simple
20.02.2026 10:42:36 - Schedule.BarsStream - DEBUG - Время запроса бара: 23.02.2026 09:00:03
20.02.2026 10:42:36 - AlorPy - DEBUG - Ответ  : {"history":[{"time":1771545600,"close":76436.00000,"open":76230.00000,"high":76500.00000,"low":76123.00000,"volume":91416}],"next":null,"prev":1771459200}
20.02.2026 10:42:36 - Schedule.BarsStream - DEBUG - Ожидание в секундах: 253047.0
20.02.2026 10:42:36 - FileStorage - DEBUG - Первый бар    : 06.10.2025 00:00
20.02.2026 10:42:36 - FileStorage - DEBUG - Получение файла C:\Users\шадрин\PycharmProjects\CenterStrikeVolatility_API\FinLabPy\Storage\..\..\Data\Alor\SPBFUT.SiH6_D1.txt
20.02.2026 10:42:36 - FileStorage - DEBUG - Получение файла C:\Users\шадрин\PycharmProjects\CenterStrikeVolatility_API\FinLabPy\Storage\..\..\Data\Alor\SPBFUT.SRH6_D1.txt
20.02.2026 10:42:36 - FileStorage - DEBUG - Последний бар : 20.02.2026 00:00
20.02.2026 10:42:36 - FileStorage - DEBUG - Кол-во бар    : 96
20.02.2026 10:42:36 - FileStorage - DEBUG - Сохранение файла C:\Users\шадрин\PycharmProjects\CenterStrikeVolatility_API\FinLabPy\Storage\..\..\Data\Alor\SPBFUT.SiM6_D1.txt
20.02.2026 10:42:36 - FileStorage - DEBUG - Первый бар    : 06.10.2025 00:00
20.02.2026 10:42:36 - FileStorage - DEBUG - Последний бар : 20.02.2026 00:00
20.02.2026 10:42:36 - FileStorage - DEBUG - Первый бар    : 04.10.2025 00:00
20.02.2026 10:42:36 - FileStorage - DEBUG - Первый бар    : 06.10.2025 00:00
20.02.2026 10:42:36 - FileStorage - DEBUG - Кол-во бар    : 96
20.02.2026 10:42:36 - FileStorage - DEBUG - Последний бар : 20.02.2026 00:00
20.02.2026 10:42:36 - FileStorage - DEBUG - Последний бар : 20.02.2026 00:00
20.02.2026 10:42:36 - FileStorage - DEBUG - Сохранение файла C:\Users\шадрин\PycharmProjects\CenterStrikeVolatility_API\FinLabPy\Storage\..\..\Data\Alor\SPBFUT.SiH6_D1.txt
20.02.2026 10:42:36 - FileStorage - DEBUG - Кол-во бар    : 122
20.02.2026 10:42:36 - FileStorage - DEBUG - Кол-во бар    : 96
20.02.2026 10:42:36 - FileStorage - DEBUG - Фильтр с 03.10.2025 10:42
20.02.2026 10:42:36 - Schedule.BarsStream - DEBUG - Текущая дата и время на бирже: 20.02.2026 10:42:36
20.02.2026 10:42:36 - FileStorage - DEBUG - Первый бар    : SPBFUT.SRH6 (D1) 2025-10-04 00:00:00 Open: 305.03, High: 305.03, Low: 302.3, Close: 302.79, Volume: 102.0
20.02.2026 10:42:36 - Schedule.BarsStream - DEBUG - Нужно получить бар: 20.02.2026 00:00:00
20.02.2026 10:42:36 - FileStorage - DEBUG - Последний бар : SPBFUT.SRH6 (D1) 2026-02-20 00:00:00 Open: 317.03, High: 317.76, Low: 316.93, Close: 317.54, Volume: 9432.0
20.02.2026 10:42:36 - FileStorage - DEBUG - Первый бар    : 06.10.2025 00:00
20.02.2026 10:42:36 - Schedule.BarsStream - DEBUG - Время запроса бара: 23.02.2026 09:00:03
20.02.2026 10:42:36 - FileStorage - DEBUG - Кол-во бар    : 122
20.02.2026 10:42:36 - FileStorage - DEBUG - Последний бар : 20.02.2026 00:00
20.02.2026 10:42:36 - Schedule.BarsStream - DEBUG - Ожидание в секундах: 253047.0
20.02.2026 10:42:36 - FileStorage - DEBUG - Кол-во бар    : 96
20.02.2026 10:42:36 - Schedule.BarsStream - DEBUG - Текущая дата и время на бирже: 20.02.2026 10:42:36
20.02.2026 10:42:36 - Schedule.BarsStream - DEBUG - Нужно получить бар: 20.02.2026 00:00:00
20.02.2026 10:42:36 - FileStorage - DEBUG - Получение файла C:\Users\шадрин\PycharmProjects\CenterStrikeVolatility_API\FinLabPy\Storage\..\..\Data\Alor\SPBFUT.SiM6_D1.txt
20.02.2026 10:42:36 - Schedule.BarsStream - DEBUG - Время запроса бара: 23.02.2026 09:00:03
20.02.2026 10:42:36 - Schedule.BarsStream - DEBUG - Ожидание в секундах: 253047.0
20.02.2026 10:42:36 - FileStorage - DEBUG - Получение файла C:\Users\шадрин\PycharmProjects\CenterStrikeVolatility_API\FinLabPy\Storage\..\..\Data\Alor\SPBFUT.SiH6_D1.txt
20.02.2026 10:42:36 - FileStorage - DEBUG - Первый бар    : 06.10.2025 00:00
20.02.2026 10:42:36 - FileStorage - DEBUG - Первый бар    : 06.10.2025 00:00
20.02.2026 10:42:36 - FileStorage - DEBUG - Последний бар : 20.02.2026 00:00
20.02.2026 10:42:36 - FileStorage - DEBUG - Последний бар : 20.02.2026 00:00
20.02.2026 10:42:36 - FileStorage - DEBUG - Кол-во бар    : 96
20.02.2026 10:42:36 - FileStorage - DEBUG - Кол-во бар    : 96
20.02.2026 10:42:36 - FileStorage - DEBUG - Фильтр с 03.10.2025 10:42
20.02.2026 10:42:36 - FileStorage - DEBUG - Фильтр с 03.10.2025 10:42
20.02.2026 10:42:36 - FileStorage - DEBUG - Первый бар    : SPBFUT.SiM6 (D1) 2025-10-06 00:00:00 Open: 89.804, High: 90.272, Low: 89.304, Close: 89.513, Volume: 322.0
20.02.2026 10:42:36 - FileStorage - DEBUG - Первый бар    : SPBFUT.SiH6 (D1) 2025-10-06 00:00:00 Open: 87.101, High: 87.638, Low: 86.591, Close: 86.731, Volume: 10858.0
20.02.2026 10:42:36 - FileStorage - DEBUG - Последний бар : SPBFUT.SiM6 (D1) 2026-02-20 00:00:00 Open: 77.91, High: 78.015, Low: 77.77, Close: 77.947, Volume: 10391.0
20.02.2026 10:42:36 - FileStorage - DEBUG - Последний бар : SPBFUT.SiH6 (D1) 2026-02-20 00:00:00 Open: 76.23, High: 76.5, Low: 76.123, Close: 76.436, Volume: 91416.0
20.02.2026 10:42:36 - FileStorage - DEBUG - Кол-во бар    : 96
20.02.2026 10:42:36 - FileStorage - DEBUG - Кол-во бар    : 96
20.02.2026 10:42:36 - AlorPy - DEBUG - Запрос : /md/v2/history?exchange=MOEX&symbol=RIM6&tf=D&from=1771545600&to=1771573356&format=Simple
20.02.2026 10:42:36 - AlorPy - DEBUG - Ответ  : {"history":[{"time":1771545600,"close":116500.00000,"open":116470.00000,"high":116770.00000,"low":116290.00000,"volume":61}],"next":null,"prev":1771459200}
20.02.2026 10:42:36 - FileStorage - DEBUG - Получение файла C:\Users\шадрин\PycharmProjects\CenterStrikeVolatility_API\FinLabPy\Storage\..\..\Data\Alor\SPBFUT.RIM6_D1.txt
20.02.2026 10:42:36 - FileStorage - DEBUG - Первый бар    : 04.10.2025 00:00
20.02.2026 10:42:36 - FileStorage - DEBUG - Последний бар : 20.02.2026 00:00
20.02.2026 10:42:36 - FileStorage - DEBUG - Кол-во бар    : 107
20.02.2026 10:42:36 - FileStorage - DEBUG - Сохранение файла C:\Users\шадрин\PycharmProjects\CenterStrikeVolatility_API\FinLabPy\Storage\..\..\Data\Alor\SPBFUT.RIM6_D1.txt
20.02.2026 10:42:36 - FileStorage - DEBUG - Первый бар    : 04.10.2025 00:00
20.02.2026 10:42:36 - FileStorage - DEBUG - Последний бар : 20.02.2026 00:00
20.02.2026 10:42:36 - FileStorage - DEBUG - Кол-во бар    : 107
20.02.2026 10:42:36 - Schedule.BarsStream - DEBUG - Текущая дата и время на бирже: 20.02.2026 10:42:36
20.02.2026 10:42:36 - Schedule.BarsStream - DEBUG - Нужно получить бар: 20.02.2026 00:00:00
20.02.2026 10:42:36 - Schedule.BarsStream - DEBUG - Время запроса бара: 23.02.2026 09:00:03
20.02.2026 10:42:36 - Schedule.BarsStream - DEBUG - Ожидание в секундах: 253047.0
20.02.2026 10:42:36 - FileStorage - DEBUG - Получение файла C:\Users\шадрин\PycharmProjects\CenterStrikeVolatility_API\FinLabPy\Storage\..\..\Data\Alor\SPBFUT.RIM6_D1.txt
20.02.2026 10:42:36 - FileStorage - DEBUG - Первый бар    : 04.10.2025 00:00
20.02.2026 10:42:36 - FileStorage - DEBUG - Последний бар : 20.02.2026 00:00
20.02.2026 10:42:36 - FileStorage - DEBUG - Кол-во бар    : 107
20.02.2026 10:42:36 - FileStorage - DEBUG - Фильтр с 03.10.2025 10:42
20.02.2026 10:42:36 - FileStorage - DEBUG - Первый бар    : SPBFUT.RIM6 (D1) 2025-10-04 00:00:00 Open: 101350.0, High: 101350.0, Low: 101350.0, Close: 101350.0, Volume: 1.0
20.02.2026 10:42:36 - FileStorage - DEBUG - Последний бар : SPBFUT.RIM6 (D1) 2026-02-20 00:00:00 Open: 116470.0, High: 116770.0, Low: 116290.0, Close: 116500.0, Volume: 61.0
20.02.2026 10:42:36 - FileStorage - DEBUG - Кол-во бар    : 107
20.02.2026 10:42:37 - AlorPy - DEBUG - Запрос : /md/v2/history?exchange=MOEX&symbol=RIH6&tf=D&from=1771545600&to=1771573356&format=Simple
20.02.2026 10:42:37 - AlorPy - DEBUG - Ответ  : {"history":[{"time":1771545600,"close":116030.00000,"open":116130.00000,"high":116400.00000,"low":115810.00000,"volume":6367}],"next":null,"prev":1771459200}
20.02.2026 10:42:37 - FileStorage - DEBUG - Получение файла C:\Users\шадрин\PycharmProjects\CenterStrikeVolatility_API\FinLabPy\Storage\..\..\Data\Alor\SPBFUT.RIH6_D1.txt
20.02.2026 10:42:37 - FileStorage - DEBUG - Первый бар    : 04.10.2025 00:00
20.02.2026 10:42:37 - FileStorage - DEBUG - Последний бар : 20.02.2026 00:00
20.02.2026 10:42:37 - FileStorage - DEBUG - Кол-во бар    : 122
20.02.2026 10:42:37 - FileStorage - DEBUG - Сохранение файла C:\Users\шадрин\PycharmProjects\CenterStrikeVolatility_API\FinLabPy\Storage\..\..\Data\Alor\SPBFUT.RIH6_D1.txt
20.02.2026 10:42:37 - FileStorage - DEBUG - Первый бар    : 04.10.2025 00:00
20.02.2026 10:42:37 - FileStorage - DEBUG - Последний бар : 20.02.2026 00:00
20.02.2026 10:42:37 - FileStorage - DEBUG - Кол-во бар    : 122
20.02.2026 10:42:37 - Schedule.BarsStream - DEBUG - Текущая дата и время на бирже: 20.02.2026 10:42:37
20.02.2026 10:42:37 - Schedule.BarsStream - DEBUG - Нужно получить бар: 20.02.2026 00:00:00
20.02.2026 10:42:37 - Schedule.BarsStream - DEBUG - Время запроса бара: 23.02.2026 09:00:03
20.02.2026 10:42:37 - Schedule.BarsStream - DEBUG - Ожидание в секундах: 253046.0
20.02.2026 10:42:37 - FileStorage - DEBUG - Получение файла C:\Users\шадрин\PycharmProjects\CenterStrikeVolatility_API\FinLabPy\Storage\..\..\Data\Alor\SPBFUT.RIH6_D1.txt
20.02.2026 10:42:37 - FileStorage - DEBUG - Первый бар    : 04.10.2025 00:00
20.02.2026 10:42:37 - FileStorage - DEBUG - Последний бар : 20.02.2026 00:00
20.02.2026 10:42:37 - FileStorage - DEBUG - Кол-во бар    : 122
20.02.2026 10:42:37 - FileStorage - DEBUG - Фильтр с 03.10.2025 10:42
20.02.2026 10:42:37 - FileStorage - DEBUG - Первый бар    : SPBFUT.RIH6 (D1) 2025-10-04 00:00:00 Open: 100060.0, High: 100060.0, Low: 98820.0, Close: 99270.0, Volume: 83.0
20.02.2026 10:42:37 - FileStorage - DEBUG - Последний бар : SPBFUT.RIH6 (D1) 2026-02-20 00:00:00 Open: 116130.0, High: 116400.0, Low: 115810.0, Close: 116030.0, Volume: 6367.0
20.02.2026 10:42:37 - FileStorage - DEBUG - Кол-во бар    : 122
20.02.2026 10:42:37 - AlorPy - DEBUG - Запрос : /md/v2/history?exchange=MOEX&symbol=SRH6&tf=D&from=1771545600&to=1771573356&format=Simple
20.02.2026 10:42:37 - AlorPy - DEBUG - Ответ  : {"history":[{"time":1771545600,"close":31754.00000,"open":31703.00000,"high":31776.00000,"low":31693.00000,"volume":9432}],"next":null,"prev":1771459200}
20.02.2026 10:42:37 - FileStorage - DEBUG - Получение файла C:\Users\шадрин\PycharmProjects\CenterStrikeVolatility_API\FinLabPy\Storage\..\..\Data\Alor\SPBFUT.SRH6_D1.txt
20.02.2026 10:42:37 - FileStorage - DEBUG - Первый бар    : 04.10.2025 00:00
20.02.2026 10:42:37 - FileStorage - DEBUG - Последний бар : 20.02.2026 00:00
20.02.2026 10:42:37 - FileStorage - DEBUG - Кол-во бар    : 122
20.02.2026 10:42:37 - FileStorage - DEBUG - Сохранение файла C:\Users\шадрин\PycharmProjects\CenterStrikeVolatility_API\FinLabPy\Storage\..\..\Data\Alor\SPBFUT.SRH6_D1.txt
20.02.2026 10:42:37 - FileStorage - DEBUG - Первый бар    : 04.10.2025 00:00
20.02.2026 10:42:37 - FileStorage - DEBUG - Последний бар : 20.02.2026 00:00
20.02.2026 10:42:37 - FileStorage - DEBUG - Кол-во бар    : 122
20.02.2026 10:42:37 - Schedule.BarsStream - DEBUG - Текущая дата и время на бирже: 20.02.2026 10:42:37
20.02.2026 10:42:37 - Schedule.BarsStream - DEBUG - Нужно получить бар: 20.02.2026 00:00:00
20.02.2026 10:42:37 - Schedule.BarsStream - DEBUG - Время запроса бара: 23.02.2026 09:00:03
20.02.2026 10:42:37 - Schedule.BarsStream - DEBUG - Ожидание в секундах: 253046.0
20.02.2026 10:42:37 - FileStorage - DEBUG - Получение файла C:\Users\шадрин\PycharmProjects\CenterStrikeVolatility_API\FinLabPy\Storage\..\..\Data\Alor\SPBFUT.SRH6_D1.txt
20.02.2026 10:42:37 - FileStorage - DEBUG - Первый бар    : 04.10.2025 00:00
20.02.2026 10:42:37 - FileStorage - DEBUG - Последний бар : 20.02.2026 00:00
20.02.2026 10:42:37 - FileStorage - DEBUG - Кол-во бар    : 122
20.02.2026 10:42:37 - FileStorage - DEBUG - Фильтр с 03.10.2025 10:42
20.02.2026 10:42:37 - FileStorage - DEBUG - Первый бар    : SPBFUT.SRH6 (D1) 2025-10-04 00:00:00 Open: 305.03, High: 305.03, Low: 302.3, Close: 302.79, Volume: 102.0
20.02.2026 10:42:37 - FileStorage - DEBUG - Последний бар : SPBFUT.SRH6 (D1) 2026-02-20 00:00:00 Open: 317.03, High: 317.76, Low: 316.93, Close: 317.54, Volume: 9432.0
20.02.2026 10:42:37 - FileStorage - DEBUG - Кол-во бар    : 122
20.02.2026 10:42:37 - AlorPy - DEBUG - Запрос : /md/v2/history?exchange=MOEX&symbol=SiM6&tf=D&from=1771545600&to=1771573356&format=Simple
20.02.2026 10:42:37 - AlorPy - DEBUG - Ответ  : {"history":[{"time":1771545600,"close":77946.00000,"open":77910.00000,"high":78015.00000,"low":77770.00000,"volume":10393}],"next":null,"prev":1771459200}
20.02.2026 10:42:37 - FileStorage - DEBUG - Получение файла C:\Users\шадрин\PycharmProjects\CenterStrikeVolatility_API\FinLabPy\Storage\..\..\Data\Alor\SPBFUT.SiM6_D1.txt
20.02.2026 10:42:37 - FileStorage - DEBUG - Первый бар    : 06.10.2025 00:00
20.02.2026 10:42:37 - FileStorage - DEBUG - Последний бар : 20.02.2026 00:00
20.02.2026 10:42:37 - FileStorage - DEBUG - Кол-во бар    : 96
20.02.2026 10:42:37 - FileStorage - DEBUG - Сохранение файла C:\Users\шадрин\PycharmProjects\CenterStrikeVolatility_API\FinLabPy\Storage\..\..\Data\Alor\SPBFUT.SiM6_D1.txt
20.02.2026 10:42:37 - FileStorage - DEBUG - Первый бар    : 06.10.2025 00:00
20.02.2026 10:42:37 - FileStorage - DEBUG - Последний бар : 20.02.2026 00:00
20.02.2026 10:42:37 - FileStorage - DEBUG - Кол-во бар    : 96
20.02.2026 10:42:37 - Schedule.BarsStream - DEBUG - Текущая дата и время на бирже: 20.02.2026 10:42:37
20.02.2026 10:42:37 - Schedule.BarsStream - DEBUG - Нужно получить бар: 20.02.2026 00:00:00
20.02.2026 10:42:37 - Schedule.BarsStream - DEBUG - Время запроса бара: 23.02.2026 09:00:03
20.02.2026 10:42:37 - Schedule.BarsStream - DEBUG - Ожидание в секундах: 253046.0
20.02.2026 10:42:37 - FileStorage - DEBUG - Получение файла C:\Users\шадрин\PycharmProjects\CenterStrikeVolatility_API\FinLabPy\Storage\..\..\Data\Alor\SPBFUT.SiM6_D1.txt
20.02.2026 10:42:37 - FileStorage - DEBUG - Первый бар    : 06.10.2025 00:00
20.02.2026 10:42:37 - FileStorage - DEBUG - Последний бар : 20.02.2026 00:00
20.02.2026 10:42:37 - FileStorage - DEBUG - Кол-во бар    : 96
20.02.2026 10:42:37 - FileStorage - DEBUG - Фильтр с 03.10.2025 10:42
20.02.2026 10:42:37 - FileStorage - DEBUG - Первый бар    : SPBFUT.SiM6 (D1) 2025-10-06 00:00:00 Open: 89.804, High: 90.272, Low: 89.304, Close: 89.513, Volume: 322.0
20.02.2026 10:42:37 - FileStorage - DEBUG - Последний бар : SPBFUT.SiM6 (D1) 2026-02-20 00:00:00 Open: 77.91, High: 78.015, Low: 77.77, Close: 77.946, Volume: 10393.0
20.02.2026 10:42:37 - FileStorage - DEBUG - Кол-во бар    : 96
20.02.2026 10:42:37 - AlorPy - DEBUG - Запрос : /md/v2/history?exchange=MOEX&symbol=SiH6&tf=D&from=1771545600&to=1771573356&format=Simple
20.02.2026 10:42:37 - AlorPy - DEBUG - Ответ  : {"history":[{"time":1771545600,"close":76435.00000,"open":76230.00000,"high":76500.00000,"low":76123.00000,"volume":91420}],"next":null,"prev":1771459200}
20.02.2026 10:42:37 - FileStorage - DEBUG - Получение файла C:\Users\шадрин\PycharmProjects\CenterStrikeVolatility_API\FinLabPy\Storage\..\..\Data\Alor\SPBFUT.SiH6_D1.txt
20.02.2026 10:42:37 - FileStorage - DEBUG - Первый бар    : 06.10.2025 00:00
20.02.2026 10:42:37 - FileStorage - DEBUG - Последний бар : 20.02.2026 00:00
20.02.2026 10:42:37 - FileStorage - DEBUG - Кол-во бар    : 96
20.02.2026 10:42:37 - FileStorage - DEBUG - Сохранение файла C:\Users\шадрин\PycharmProjects\CenterStrikeVolatility_API\FinLabPy\Storage\..\..\Data\Alor\SPBFUT.SiH6_D1.txt
20.02.2026 10:42:37 - FileStorage - DEBUG - Первый бар    : 06.10.2025 00:00
20.02.2026 10:42:37 - FileStorage - DEBUG - Последний бар : 20.02.2026 00:00
20.02.2026 10:42:37 - FileStorage - DEBUG - Кол-во бар    : 96
20.02.2026 10:42:37 - Schedule.BarsStream - DEBUG - Текущая дата и время на бирже: 20.02.2026 10:42:37
20.02.2026 10:42:37 - Schedule.BarsStream - DEBUG - Нужно получить бар: 20.02.2026 00:00:00
20.02.2026 10:42:37 - Schedule.BarsStream - DEBUG - Время запроса бара: 23.02.2026 09:00:03
20.02.2026 10:42:37 - Schedule.BarsStream - DEBUG - Ожидание в секундах: 253046.0
20.02.2026 10:42:37 - FileStorage - DEBUG - Получение файла C:\Users\шадрин\PycharmProjects\CenterStrikeVolatility_API\FinLabPy\Storage\..\..\Data\Alor\SPBFUT.SiH6_D1.txt
20.02.2026 10:42:37 - FileStorage - DEBUG - Первый бар    : 06.10.2025 00:00
20.02.2026 10:42:37 - FileStorage - DEBUG - Последний бар : 20.02.2026 00:00
20.02.2026 10:42:37 - FileStorage - DEBUG - Кол-во бар    : 96
20.02.2026 10:42:37 - FileStorage - DEBUG - Фильтр с 03.10.2025 10:42
20.02.2026 10:42:37 - FileStorage - DEBUG - Первый бар    : SPBFUT.SiH6 (D1) 2025-10-06 00:00:00 Open: 87.101, High: 87.638, Low: 86.591, Close: 86.731, Volume: 10858.0
20.02.2026 10:42:37 - FileStorage - DEBUG - Последний бар : SPBFUT.SiH6 (D1) 2026-02-20 00:00:00 Open: 76.23, High: 76.5, Low: 76.123, Close: 76.435, Volume: 91420.0
20.02.2026 10:42:37 - FileStorage - DEBUG - Кол-во бар    : 96
20.02.2026 10:42:37 - Schedule.BarsStream - DEBUG - Текущая дата и время на бирже: 20.02.2026 10:42:37
20.02.2026 10:42:37 - Schedule.BarsStream - DEBUG - Нужно получить бар: 20.02.2026 00:00:00
20.02.2026 10:42:37 - Schedule.BarsStream - DEBUG - Время запроса бара: 23.02.2026 09:00:03
20.02.2026 10:42:37 - Schedule.BarsStream - DEBUG - Ожидание в секундах: 253046.0
20.02.2026 10:42:37 - AlorPy - DEBUG - Запрос : /md/v2/history?exchange=MOEX&symbol=RIM6&tf=D&from=1771545600&to=1771573356&format=Simple
20.02.2026 10:42:37 - AlorPy - DEBUG - Ответ  : {"history":[{"time":1771545600,"close":116500.00000,"open":116470.00000,"high":116770.00000,"low":116290.00000,"volume":61}],"next":null,"prev":1771459200}
20.02.2026 10:42:37 - FileStorage - DEBUG - Получение файла C:\Users\шадрин\PycharmProjects\CenterStrikeVolatility_API\FinLabPy\Storage\..\..\Data\Alor\SPBFUT.RIM6_D1.txt
20.02.2026 10:42:37 - FileStorage - DEBUG - Первый бар    : 04.10.2025 00:00
20.02.2026 10:42:37 - FileStorage - DEBUG - Последний бар : 20.02.2026 00:00
20.02.2026 10:42:37 - FileStorage - DEBUG - Кол-во бар    : 107
20.02.2026 10:42:37 - FileStorage - DEBUG - Сохранение файла C:\Users\шадрин\PycharmProjects\CenterStrikeVolatility_API\FinLabPy\Storage\..\..\Data\Alor\SPBFUT.RIM6_D1.txt
20.02.2026 10:42:37 - FileStorage - DEBUG - Первый бар    : 04.10.2025 00:00
20.02.2026 10:42:37 - FileStorage - DEBUG - Последний бар : 20.02.2026 00:00
20.02.2026 10:42:37 - FileStorage - DEBUG - Кол-во бар    : 107
20.02.2026 10:42:37 - Schedule.BarsStream - DEBUG - Текущая дата и время на бирже: 20.02.2026 10:42:37
20.02.2026 10:42:37 - Schedule.BarsStream - DEBUG - Нужно получить бар: 20.02.2026 00:00:00
20.02.2026 10:42:37 - Schedule.BarsStream - DEBUG - Время запроса бара: 23.02.2026 09:00:03
20.02.2026 10:42:37 - Schedule.BarsStream - DEBUG - Ожидание в секундах: 253046.0
20.02.2026 10:42:37 - FileStorage - DEBUG - Получение файла C:\Users\шадрин\PycharmProjects\CenterStrikeVolatility_API\FinLabPy\Storage\..\..\Data\Alor\SPBFUT.RIM6_D1.txt
20.02.2026 10:42:37 - FileStorage - DEBUG - Первый бар    : 04.10.2025 00:00
20.02.2026 10:42:37 - FileStorage - DEBUG - Последний бар : 20.02.2026 00:00
20.02.2026 10:42:37 - FileStorage - DEBUG - Кол-во бар    : 107
20.02.2026 10:42:37 - FileStorage - DEBUG - Фильтр с 03.10.2025 10:42
20.02.2026 10:42:37 - FileStorage - DEBUG - Первый бар    : SPBFUT.RIM6 (D1) 2025-10-04 00:00:00 Open: 101350.0, High: 101350.0, Low: 101350.0, Close: 101350.0, Volume: 1.0
20.02.2026 10:42:37 - FileStorage - DEBUG - Последний бар : SPBFUT.RIM6 (D1) 2026-02-20 00:00:00 Open: 116470.0, High: 116770.0, Low: 116290.0, Close: 116500.0, Volume: 61.0
20.02.2026 10:42:37 - FileStorage - DEBUG - Кол-во бар    : 107
20.02.2026 10:42:38 - AlorPy - DEBUG - Запрос : /md/v2/history?exchange=MOEX&symbol=RIH6&tf=D&from=1771545600&to=1771573357&format=Simple
20.02.2026 10:42:38 - AlorPy - DEBUG - Ответ  : {"history":[{"time":1771545600,"close":116030.00000,"open":116130.00000,"high":116400.00000,"low":115810.00000,"volume":6367}],"next":null,"prev":1771459200}
20.02.2026 10:42:38 - FileStorage - DEBUG - Получение файла C:\Users\шадрин\PycharmProjects\CenterStrikeVolatility_API\FinLabPy\Storage\..\..\Data\Alor\SPBFUT.RIH6_D1.txt
20.02.2026 10:42:38 - FileStorage - DEBUG - Первый бар    : 04.10.2025 00:00
20.02.2026 10:42:38 - FileStorage - DEBUG - Последний бар : 20.02.2026 00:00
20.02.2026 10:42:38 - FileStorage - DEBUG - Кол-во бар    : 122
20.02.2026 10:42:38 - FileStorage - DEBUG - Сохранение файла C:\Users\шадрин\PycharmProjects\CenterStrikeVolatility_API\FinLabPy\Storage\..\..\Data\Alor\SPBFUT.RIH6_D1.txt
20.02.2026 10:42:38 - FileStorage - DEBUG - Первый бар    : 04.10.2025 00:00
20.02.2026 10:42:38 - FileStorage - DEBUG - Последний бар : 20.02.2026 00:00
20.02.2026 10:42:38 - FileStorage - DEBUG - Кол-во бар    : 122
20.02.2026 10:42:38 - Schedule.BarsStream - DEBUG - Текущая дата и время на бирже: 20.02.2026 10:42:38
20.02.2026 10:42:38 - Schedule.BarsStream - DEBUG - Нужно получить бар: 20.02.2026 00:00:00
20.02.2026 10:42:38 - Schedule.BarsStream - DEBUG - Время запроса бара: 23.02.2026 09:00:03
20.02.2026 10:42:38 - Schedule.BarsStream - DEBUG - Ожидание в секундах: 253045.0
20.02.2026 10:42:38 - FileStorage - DEBUG - Получение файла C:\Users\шадрин\PycharmProjects\CenterStrikeVolatility_API\FinLabPy\Storage\..\..\Data\Alor\SPBFUT.RIH6_D1.txt
20.02.2026 10:42:38 - FileStorage - DEBUG - Первый бар    : 04.10.2025 00:00
20.02.2026 10:42:38 - FileStorage - DEBUG - Последний бар : 20.02.2026 00:00
20.02.2026 10:42:38 - FileStorage - DEBUG - Кол-во бар    : 122
20.02.2026 10:42:38 - FileStorage - DEBUG - Фильтр с 03.10.2025 10:42
20.02.2026 10:42:38 - FileStorage - DEBUG - Первый бар    : SPBFUT.RIH6 (D1) 2025-10-04 00:00:00 Open: 100060.0, High: 100060.0, Low: 98820.0, Close: 99270.0, Volume: 83.0
20.02.2026 10:42:38 - FileStorage - DEBUG - Последний бар : SPBFUT.RIH6 (D1) 2026-02-20 00:00:00 Open: 116130.0, High: 116400.0, Low: 115810.0, Close: 116030.0, Volume: 6367.0
20.02.2026 10:42:38 - FileStorage - DEBUG - Кол-во бар    : 122
20.02.2026 10:42:38 - AlorPy - DEBUG - Запрос : /md/v2/history?exchange=MOEX&symbol=SRH6&tf=D&from=1771545600&to=1771573357&format=Simple
20.02.2026 10:42:38 - AlorPy - DEBUG - Ответ  : {"history":[{"time":1771545600,"close":31754.00000,"open":31703.00000,"high":31776.00000,"low":31693.00000,"volume":9432}],"next":null,"prev":1771459200}
20.02.2026 10:42:38 - FileStorage - DEBUG - Получение файла C:\Users\шадрин\PycharmProjects\CenterStrikeVolatility_API\FinLabPy\Storage\..\..\Data\Alor\SPBFUT.SRH6_D1.txt
20.02.2026 10:42:38 - FileStorage - DEBUG - Первый бар    : 04.10.2025 00:00
20.02.2026 10:42:38 - FileStorage - DEBUG - Последний бар : 20.02.2026 00:00
20.02.2026 10:42:38 - FileStorage - DEBUG - Кол-во бар    : 122
20.02.2026 10:42:38 - FileStorage - DEBUG - Сохранение файла C:\Users\шадрин\PycharmProjects\CenterStrikeVolatility_API\FinLabPy\Storage\..\..\Data\Alor\SPBFUT.SRH6_D1.txt
20.02.2026 10:42:38 - FileStorage - DEBUG - Первый бар    : 04.10.2025 00:00
20.02.2026 10:42:38 - FileStorage - DEBUG - Последний бар : 20.02.2026 00:00
20.02.2026 10:42:38 - FileStorage - DEBUG - Кол-во бар    : 122
20.02.2026 10:42:38 - Schedule.BarsStream - DEBUG - Текущая дата и время на бирже: 20.02.2026 10:42:38
20.02.2026 10:42:38 - Schedule.BarsStream - DEBUG - Нужно получить бар: 20.02.2026 00:00:00
20.02.2026 10:42:38 - Schedule.BarsStream - DEBUG - Время запроса бара: 23.02.2026 09:00:03
20.02.2026 10:42:38 - Schedule.BarsStream - DEBUG - Ожидание в секундах: 253045.0
20.02.2026 10:42:38 - FileStorage - DEBUG - Получение файла C:\Users\шадрин\PycharmProjects\CenterStrikeVolatility_API\FinLabPy\Storage\..\..\Data\Alor\SPBFUT.SRH6_D1.txt
20.02.2026 10:42:38 - FileStorage - DEBUG - Первый бар    : 04.10.2025 00:00
20.02.2026 10:42:38 - FileStorage - DEBUG - Последний бар : 20.02.2026 00:00
20.02.2026 10:42:38 - FileStorage - DEBUG - Кол-во бар    : 122
20.02.2026 10:42:38 - FileStorage - DEBUG - Фильтр с 03.10.2025 10:42
20.02.2026 10:42:38 - FileStorage - DEBUG - Первый бар    : SPBFUT.SRH6 (D1) 2025-10-04 00:00:00 Open: 305.03, High: 305.03, Low: 302.3, Close: 302.79, Volume: 102.0
20.02.2026 10:42:38 - FileStorage - DEBUG - Последний бар : SPBFUT.SRH6 (D1) 2026-02-20 00:00:00 Open: 317.03, High: 317.76, Low: 316.93, Close: 317.54, Volume: 9432.0
20.02.2026 10:42:38 - FileStorage - DEBUG - Кол-во бар    : 122
20.02.2026 10:42:38 - AlorPy - DEBUG - Запрос : /md/v2/history?exchange=MOEX&symbol=SiM6&tf=D&from=1771545600&to=1771573357&format=Simple
20.02.2026 10:42:38 - AlorPy - DEBUG - Ответ  : {"history":[{"time":1771545600,"close":77947.00000,"open":77910.00000,"high":78015.00000,"low":77770.00000,"volume":10395}],"next":null,"prev":1771459200}
20.02.2026 10:42:38 - FileStorage - DEBUG - Получение файла C:\Users\шадрин\PycharmProjects\CenterStrikeVolatility_API\FinLabPy\Storage\..\..\Data\Alor\SPBFUT.SiM6_D1.txt
20.02.2026 10:42:38 - FileStorage - DEBUG - Первый бар    : 06.10.2025 00:00
20.02.2026 10:42:38 - FileStorage - DEBUG - Последний бар : 20.02.2026 00:00
20.02.2026 10:42:38 - FileStorage - DEBUG - Кол-во бар    : 96
20.02.2026 10:42:38 - FileStorage - DEBUG - Сохранение файла C:\Users\шадрин\PycharmProjects\CenterStrikeVolatility_API\FinLabPy\Storage\..\..\Data\Alor\SPBFUT.SiM6_D1.txt
20.02.2026 10:42:38 - FileStorage - DEBUG - Первый бар    : 06.10.2025 00:00
20.02.2026 10:42:38 - FileStorage - DEBUG - Последний бар : 20.02.2026 00:00
20.02.2026 10:42:38 - FileStorage - DEBUG - Кол-во бар    : 96
20.02.2026 10:42:38 - Schedule.BarsStream - DEBUG - Текущая дата и время на бирже: 20.02.2026 10:42:38
20.02.2026 10:42:38 - Schedule.BarsStream - DEBUG - Нужно получить бар: 20.02.2026 00:00:00
20.02.2026 10:42:38 - Schedule.BarsStream - DEBUG - Время запроса бара: 23.02.2026 09:00:03
20.02.2026 10:42:38 - Schedule.BarsStream - DEBUG - Ожидание в секундах: 253045.0
20.02.2026 10:42:38 - FileStorage - DEBUG - Получение файла C:\Users\шадрин\PycharmProjects\CenterStrikeVolatility_API\FinLabPy\Storage\..\..\Data\Alor\SPBFUT.SiM6_D1.txt
20.02.2026 10:42:38 - FileStorage - DEBUG - Первый бар    : 06.10.2025 00:00
20.02.2026 10:42:38 - FileStorage - DEBUG - Последний бар : 20.02.2026 00:00
20.02.2026 10:42:38 - FileStorage - DEBUG - Кол-во бар    : 96
20.02.2026 10:42:38 - FileStorage - DEBUG - Фильтр с 03.10.2025 10:42
20.02.2026 10:42:38 - FileStorage - DEBUG - Первый бар    : SPBFUT.SiM6 (D1) 2025-10-06 00:00:00 Open: 89.804, High: 90.272, Low: 89.304, Close: 89.513, Volume: 322.0
20.02.2026 10:42:38 - FileStorage - DEBUG - Последний бар : SPBFUT.SiM6 (D1) 2026-02-20 00:00:00 Open: 77.91, High: 78.015, Low: 77.77, Close: 77.947, Volume: 10395.0
20.02.2026 10:42:38 - FileStorage - DEBUG - Кол-во бар    : 96
20.02.2026 10:42:38 - AlorPy - DEBUG - Запрос : /md/v2/history?exchange=MOEX&symbol=SiH6&tf=D&from=1771545600&to=1771573357&format=Simple
20.02.2026 10:42:38 - AlorPy - DEBUG - Ответ  : {"history":[{"time":1771545600,"close":76432.00000,"open":76230.00000,"high":76500.00000,"low":76123.00000,"volume":91441}],"next":null,"prev":1771459200}
20.02.2026 10:42:38 - FileStorage - DEBUG - Получение файла C:\Users\шадрин\PycharmProjects\CenterStrikeVolatility_API\FinLabPy\Storage\..\..\Data\Alor\SPBFUT.SiH6_D1.txt
20.02.2026 10:42:38 - FileStorage - DEBUG - Первый бар    : 06.10.2025 00:00
20.02.2026 10:42:38 - FileStorage - DEBUG - Последний бар : 20.02.2026 00:00
20.02.2026 10:42:38 - FileStorage - DEBUG - Кол-во бар    : 96
20.02.2026 10:42:38 - FileStorage - DEBUG - Сохранение файла C:\Users\шадрин\PycharmProjects\CenterStrikeVolatility_API\FinLabPy\Storage\..\..\Data\Alor\SPBFUT.SiH6_D1.txt
20.02.2026 10:42:38 - FileStorage - DEBUG - Первый бар    : 06.10.2025 00:00
20.02.2026 10:42:38 - FileStorage - DEBUG - Последний бар : 20.02.2026 00:00
20.02.2026 10:42:38 - FileStorage - DEBUG - Кол-во бар    : 96
20.02.2026 10:42:38 - Schedule.BarsStream - DEBUG - Текущая дата и время на бирже: 20.02.2026 10:42:38
20.02.2026 10:42:38 - Schedule.BarsStream - DEBUG - Нужно получить бар: 20.02.2026 00:00:00
20.02.2026 10:42:38 - Schedule.BarsStream - DEBUG - Время запроса бара: 23.02.2026 09:00:03
20.02.2026 10:42:38 - Schedule.BarsStream - DEBUG - Ожидание в секундах: 253045.0
20.02.2026 10:42:38 - FileStorage - DEBUG - Получение файла C:\Users\шадрин\PycharmProjects\CenterStrikeVolatility_API\FinLabPy\Storage\..\..\Data\Alor\SPBFUT.SiH6_D1.txt
20.02.2026 10:42:38 - FileStorage - DEBUG - Первый бар    : 06.10.2025 00:00
20.02.2026 10:42:38 - FileStorage - DEBUG - Последний бар : 20.02.2026 00:00
20.02.2026 10:42:38 - FileStorage - DEBUG - Кол-во бар    : 96
20.02.2026 10:42:38 - FileStorage - DEBUG - Фильтр с 03.10.2025 10:42
20.02.2026 10:42:38 - FileStorage - DEBUG - Первый бар    : SPBFUT.SiH6 (D1) 2025-10-06 00:00:00 Open: 87.101, High: 87.638, Low: 86.591, Close: 86.731, Volume: 10858.0
20.02.2026 10:42:38 - FileStorage - DEBUG - Последний бар : SPBFUT.SiH6 (D1) 2026-02-20 00:00:00 Open: 76.23, High: 76.5, Low: 76.123, Close: 76.432, Volume: 91441.0
20.02.2026 10:42:38 - FileStorage - DEBUG - Кол-во бар    : 96
20.02.2026 10:42:38 - AlorPy - DEBUG - Запрос : /md/v2/Securities/MOEX/SRM6?format=Simple
20.02.2026 10:42:38 - AlorPy - DEBUG - Ответ  : {"symbol":"SBRF-6.26","shortname":"SRM6","description":"SRM6","exchange":"MOEX","market":"FORTS","type":"Фьючерсный контракт SBRF-6.26","lotsize":1,"facevalue":100,"cfiCode":"FFXPSX","cancellation":"2026-06-19T00:00:00.0000000","minstep":1,"rating":3895,"marginbuy":6068.2,"marginsell":6315.42,"marginrate":0,"priceMax":35782,"priceMin":29748,"theorPrice":0,"theorPriceLimit":0,"volatility":0,"currency":"RUB","ISIN":null,"yield":null,"board":"RFUD","primary_board":"RFUD","tradingStatus":17,"tradingStatusInfo":"нормальный период торгов","complexProductCategory":"2","priceMultiplier":1,"priceShownUnits":1,"pricestep":1}
20.02.2026 10:42:38 - FileStorage - DEBUG - Получение файла C:\Users\шадрин\PycharmProjects\CenterStrikeVolatility_API\FinLabPy\Storage\..\..\Data\Alor\SPBFUT.SRM6_D1.txt
20.02.2026 10:42:38 - FileStorage - DEBUG - Первый бар    : 04.10.2025 00:00
20.02.2026 10:42:38 - FileStorage - DEBUG - Последний бар : 19.02.2026 00:00
20.02.2026 10:42:38 - FileStorage - DEBUG - Кол-во бар    : 115
20.02.2026 10:42:38 - FileStorage - DEBUG - Фильтр с 03.10.2025 10:42
20.02.2026 10:42:38 - FileStorage - DEBUG - Первый бар    : SPBFUT.SRM6 (D1) 2025-10-04 00:00:00 Open: 314.01, High: 315.32, Low: 313.37, Close: 313.37, Volume: 3.0
20.02.2026 10:42:38 - FileStorage - DEBUG - Последний бар : SPBFUT.SRM6 (D1) 2026-02-19 00:00:00 Open: 328.31, High: 329.0, Low: 328.27, Close: 328.88, Volume: 288.0
20.02.2026 10:42:38 - FileStorage - DEBUG - Кол-во бар    : 115
20.02.2026 10:42:38 - AlorPy - DEBUG - Запрос : /md/v2/history?exchange=MOEX&symbol=RIM6&tf=D&from=1771545600&to=1771573357&format=Simple
20.02.2026 10:42:38 - AlorPy - DEBUG - Ответ  : {"history":[{"time":1771545600,"close":116500.00000,"open":116470.00000,"high":116770.00000,"low":116290.00000,"volume":61}],"next":null,"prev":1771459200}
20.02.2026 10:42:38 - FileStorage - DEBUG - Получение файла C:\Users\шадрин\PycharmProjects\CenterStrikeVolatility_API\FinLabPy\Storage\..\..\Data\Alor\SPBFUT.RIM6_D1.txt
20.02.2026 10:42:38 - FileStorage - DEBUG - Первый бар    : 04.10.2025 00:00
20.02.2026 10:42:38 - FileStorage - DEBUG - Последний бар : 20.02.2026 00:00
20.02.2026 10:42:38 - FileStorage - DEBUG - Кол-во бар    : 107
20.02.2026 10:42:38 - FileStorage - DEBUG - Сохранение файла C:\Users\шадрин\PycharmProjects\CenterStrikeVolatility_API\FinLabPy\Storage\..\..\Data\Alor\SPBFUT.RIM6_D1.txt
20.02.2026 10:42:38 - FileStorage - DEBUG - Первый бар    : 04.10.2025 00:00
20.02.2026 10:42:38 - FileStorage - DEBUG - Последний бар : 20.02.2026 00:00
20.02.2026 10:42:38 - FileStorage - DEBUG - Кол-во бар    : 107
20.02.2026 10:42:38 - Schedule.BarsStream - DEBUG - Текущая дата и время на бирже: 20.02.2026 10:42:38
20.02.2026 10:42:38 - Schedule.BarsStream - DEBUG - Нужно получить бар: 20.02.2026 00:00:00
20.02.2026 10:42:38 - Schedule.BarsStream - DEBUG - Время запроса бара: 23.02.2026 09:00:03
20.02.2026 10:42:38 - Schedule.BarsStream - DEBUG - Ожидание в секундах: 253045.0
20.02.2026 10:42:38 - FileStorage - DEBUG - Получение файла C:\Users\шадрин\PycharmProjects\CenterStrikeVolatility_API\FinLabPy\Storage\..\..\Data\Alor\SPBFUT.RIM6_D1.txt
20.02.2026 10:42:38 - FileStorage - DEBUG - Первый бар    : 04.10.2025 00:00
20.02.2026 10:42:38 - FileStorage - DEBUG - Последний бар : 20.02.2026 00:00
20.02.2026 10:42:38 - FileStorage - DEBUG - Кол-во бар    : 107
20.02.2026 10:42:38 - FileStorage - DEBUG - Фильтр с 03.10.2025 10:42
20.02.2026 10:42:38 - FileStorage - DEBUG - Первый бар    : SPBFUT.RIM6 (D1) 2025-10-04 00:00:00 Open: 101350.0, High: 101350.0, Low: 101350.0, Close: 101350.0, Volume: 1.0
20.02.2026 10:42:38 - FileStorage - DEBUG - Последний бар : SPBFUT.RIM6 (D1) 2026-02-20 00:00:00 Open: 116470.0, High: 116770.0, Low: 116290.0, Close: 116500.0, Volume: 61.0
20.02.2026 10:42:38 - FileStorage - DEBUG - Кол-во бар    : 107
20.02.2026 10:42:39 - AlorPy - DEBUG - Запрос : /md/v2/history?exchange=MOEX&symbol=RIH6&tf=D&from=1771545600&to=1771573358&format=Simple
20.02.2026 10:42:39 - AlorPy - DEBUG - Ответ  : {"history":[{"time":1771545600,"close":116030.00000,"open":116130.00000,"high":116400.00000,"low":115810.00000,"volume":6367}],"next":null,"prev":1771459200}
20.02.2026 10:42:39 - FileStorage - DEBUG - Получение файла C:\Users\шадрин\PycharmProjects\CenterStrikeVolatility_API\FinLabPy\Storage\..\..\Data\Alor\SPBFUT.RIH6_D1.txt
20.02.2026 10:42:39 - FileStorage - DEBUG - Первый бар    : 04.10.2025 00:00
20.02.2026 10:42:39 - FileStorage - DEBUG - Последний бар : 20.02.2026 00:00
20.02.2026 10:42:39 - FileStorage - DEBUG - Кол-во бар    : 122
20.02.2026 10:42:39 - FileStorage - DEBUG - Сохранение файла C:\Users\шадрин\PycharmProjects\CenterStrikeVolatility_API\FinLabPy\Storage\..\..\Data\Alor\SPBFUT.RIH6_D1.txt
20.02.2026 10:42:39 - FileStorage - DEBUG - Первый бар    : 04.10.2025 00:00
20.02.2026 10:42:39 - FileStorage - DEBUG - Последний бар : 20.02.2026 00:00
20.02.2026 10:42:39 - FileStorage - DEBUG - Кол-во бар    : 122
20.02.2026 10:42:39 - Schedule.BarsStream - DEBUG - Текущая дата и время на бирже: 20.02.2026 10:42:39
20.02.2026 10:42:39 - Schedule.BarsStream - DEBUG - Нужно получить бар: 20.02.2026 00:00:00
20.02.2026 10:42:39 - Schedule.BarsStream - DEBUG - Время запроса бара: 23.02.2026 09:00:03
20.02.2026 10:42:39 - Schedule.BarsStream - DEBUG - Ожидание в секундах: 253044.0
20.02.2026 10:42:39 - FileStorage - DEBUG - Получение файла C:\Users\шадрин\PycharmProjects\CenterStrikeVolatility_API\FinLabPy\Storage\..\..\Data\Alor\SPBFUT.RIH6_D1.txt
20.02.2026 10:42:39 - FileStorage - DEBUG - Первый бар    : 04.10.2025 00:00
20.02.2026 10:42:39 - FileStorage - DEBUG - Последний бар : 20.02.2026 00:00
20.02.2026 10:42:39 - FileStorage - DEBUG - Кол-во бар    : 122
20.02.2026 10:42:39 - FileStorage - DEBUG - Фильтр с 03.10.2025 10:42
20.02.2026 10:42:39 - FileStorage - DEBUG - Первый бар    : SPBFUT.RIH6 (D1) 2025-10-04 00:00:00 Open: 100060.0, High: 100060.0, Low: 98820.0, Close: 99270.0, Volume: 83.0
20.02.2026 10:42:39 - FileStorage - DEBUG - Последний бар : SPBFUT.RIH6 (D1) 2026-02-20 00:00:00 Open: 116130.0, High: 116400.0, Low: 115810.0, Close: 116030.0, Volume: 6367.0
20.02.2026 10:42:39 - FileStorage - DEBUG - Кол-во бар    : 122
20.02.2026 10:42:39 - AlorPy - DEBUG - Запрос : /md/v2/history?exchange=MOEX&symbol=SRH6&tf=D&from=1771545600&to=1771573358&format=Simple
20.02.2026 10:42:39 - AlorPy - DEBUG - Ответ  : {"history":[{"time":1771545600,"close":31754.00000,"open":31703.00000,"high":31776.00000,"low":31693.00000,"volume":9432}],"next":null,"prev":1771459200}
20.02.2026 10:42:39 - FileStorage - DEBUG - Получение файла C:\Users\шадрин\PycharmProjects\CenterStrikeVolatility_API\FinLabPy\Storage\..\..\Data\Alor\SPBFUT.SRH6_D1.txt
20.02.2026 10:42:39 - FileStorage - DEBUG - Первый бар    : 04.10.2025 00:00
20.02.2026 10:42:39 - FileStorage - DEBUG - Последний бар : 20.02.2026 00:00
20.02.2026 10:42:39 - FileStorage - DEBUG - Кол-во бар    : 122
20.02.2026 10:42:39 - FileStorage - DEBUG - Сохранение файла C:\Users\шадрин\PycharmProjects\CenterStrikeVolatility_API\FinLabPy\Storage\..\..\Data\Alor\SPBFUT.SRH6_D1.txt
20.02.2026 10:42:39 - FileStorage - DEBUG - Первый бар    : 04.10.2025 00:00
20.02.2026 10:42:39 - FileStorage - DEBUG - Последний бар : 20.02.2026 00:00
20.02.2026 10:42:39 - FileStorage - DEBUG - Кол-во бар    : 122
20.02.2026 10:42:39 - Schedule.BarsStream - DEBUG - Текущая дата и время на бирже: 20.02.2026 10:42:39
20.02.2026 10:42:39 - Schedule.BarsStream - DEBUG - Нужно получить бар: 20.02.2026 00:00:00
20.02.2026 10:42:39 - Schedule.BarsStream - DEBUG - Время запроса бара: 23.02.2026 09:00:03
20.02.2026 10:42:39 - Schedule.BarsStream - DEBUG - Ожидание в секундах: 253044.0
20.02.2026 10:42:39 - FileStorage - DEBUG - Получение файла C:\Users\шадрин\PycharmProjects\CenterStrikeVolatility_API\FinLabPy\Storage\..\..\Data\Alor\SPBFUT.SRH6_D1.txt
20.02.2026 10:42:39 - FileStorage - DEBUG - Первый бар    : 04.10.2025 00:00
20.02.2026 10:42:39 - FileStorage - DEBUG - Последний бар : 20.02.2026 00:00
20.02.2026 10:42:39 - FileStorage - DEBUG - Кол-во бар    : 122
20.02.2026 10:42:39 - FileStorage - DEBUG - Фильтр с 03.10.2025 10:42
20.02.2026 10:42:39 - FileStorage - DEBUG - Первый бар    : SPBFUT.SRH6 (D1) 2025-10-04 00:00:00 Open: 305.03, High: 305.03, Low: 302.3, Close: 302.79, Volume: 102.0
20.02.2026 10:42:39 - FileStorage - DEBUG - Последний бар : SPBFUT.SRH6 (D1) 2026-02-20 00:00:00 Open: 317.03, High: 317.76, Low: 316.93, Close: 317.54, Volume: 9432.0
20.02.2026 10:42:39 - FileStorage - DEBUG - Кол-во бар    : 122
20.02.2026 10:42:39 - AlorPy - DEBUG - Запрос : /md/v2/history?exchange=MOEX&symbol=SiM6&tf=D&from=1771545600&to=1771573358&format=Simple
20.02.2026 10:42:39 - AlorPy - DEBUG - Ответ  : {"history":[{"time":1771545600,"close":77943.00000,"open":77910.00000,"high":78015.00000,"low":77770.00000,"volume":10403}],"next":null,"prev":1771459200}
20.02.2026 10:42:39 - FileStorage - DEBUG - Получение файла C:\Users\шадрин\PycharmProjects\CenterStrikeVolatility_API\FinLabPy\Storage\..\..\Data\Alor\SPBFUT.SiM6_D1.txt
20.02.2026 10:42:39 - FileStorage - DEBUG - Первый бар    : 06.10.2025 00:00
20.02.2026 10:42:39 - FileStorage - DEBUG - Последний бар : 20.02.2026 00:00
20.02.2026 10:42:39 - FileStorage - DEBUG - Кол-во бар    : 96
20.02.2026 10:42:39 - FileStorage - DEBUG - Сохранение файла C:\Users\шадрин\PycharmProjects\CenterStrikeVolatility_API\FinLabPy\Storage\..\..\Data\Alor\SPBFUT.SiM6_D1.txt
20.02.2026 10:42:39 - FileStorage - DEBUG - Первый бар    : 06.10.2025 00:00
20.02.2026 10:42:39 - FileStorage - DEBUG - Последний бар : 20.02.2026 00:00
20.02.2026 10:42:39 - FileStorage - DEBUG - Кол-во бар    : 96
20.02.2026 10:42:39 - Schedule.BarsStream - DEBUG - Текущая дата и время на бирже: 20.02.2026 10:42:39
20.02.2026 10:42:39 - Schedule.BarsStream - DEBUG - Нужно получить бар: 20.02.2026 00:00:00
20.02.2026 10:42:39 - Schedule.BarsStream - DEBUG - Время запроса бара: 23.02.2026 09:00:03
20.02.2026 10:42:39 - Schedule.BarsStream - DEBUG - Ожидание в секундах: 253044.0
20.02.2026 10:42:39 - FileStorage - DEBUG - Получение файла C:\Users\шадрин\PycharmProjects\CenterStrikeVolatility_API\FinLabPy\Storage\..\..\Data\Alor\SPBFUT.SiM6_D1.txt
20.02.2026 10:42:39 - FileStorage - DEBUG - Первый бар    : 06.10.2025 00:00
20.02.2026 10:42:39 - FileStorage - DEBUG - Последний бар : 20.02.2026 00:00
20.02.2026 10:42:39 - FileStorage - DEBUG - Кол-во бар    : 96
20.02.2026 10:42:39 - FileStorage - DEBUG - Фильтр с 03.10.2025 10:42
20.02.2026 10:42:39 - FileStorage - DEBUG - Первый бар    : SPBFUT.SiM6 (D1) 2025-10-06 00:00:00 Open: 89.804, High: 90.272, Low: 89.304, Close: 89.513, Volume: 322.0
20.02.2026 10:42:39 - FileStorage - DEBUG - Последний бар : SPBFUT.SiM6 (D1) 2026-02-20 00:00:00 Open: 77.91, High: 78.015, Low: 77.77, Close: 77.943, Volume: 10403.0
20.02.2026 10:42:39 - FileStorage - DEBUG - Кол-во бар    : 96
20.02.2026 10:42:39 - AlorPy - DEBUG - Запрос : /md/v2/history?exchange=MOEX&symbol=SiH6&tf=D&from=1771545600&to=1771573358&format=Simple
20.02.2026 10:42:39 - AlorPy - DEBUG - Ответ  : {"history":[{"time":1771545600,"close":76432.00000,"open":76230.00000,"high":76500.00000,"low":76123.00000,"volume":91454}],"next":null,"prev":1771459200}
20.02.2026 10:42:39 - FileStorage - DEBUG - Получение файла C:\Users\шадрин\PycharmProjects\CenterStrikeVolatility_API\FinLabPy\Storage\..\..\Data\Alor\SPBFUT.SiH6_D1.txt
20.02.2026 10:42:39 - FileStorage - DEBUG - Первый бар    : 06.10.2025 00:00
20.02.2026 10:42:39 - FileStorage - DEBUG - Последний бар : 20.02.2026 00:00
20.02.2026 10:42:39 - FileStorage - DEBUG - Кол-во бар    : 96
20.02.2026 10:42:39 - FileStorage - DEBUG - Сохранение файла C:\Users\шадрин\PycharmProjects\CenterStrikeVolatility_API\FinLabPy\Storage\..\..\Data\Alor\SPBFUT.SiH6_D1.txt
20.02.2026 10:42:39 - FileStorage - DEBUG - Первый бар    : 06.10.2025 00:00
20.02.2026 10:42:39 - FileStorage - DEBUG - Последний бар : 20.02.2026 00:00
20.02.2026 10:42:39 - FileStorage - DEBUG - Кол-во бар    : 96
20.02.2026 10:42:39 - Schedule.BarsStream - DEBUG - Текущая дата и время на бирже: 20.02.2026 10:42:39
20.02.2026 10:42:39 - Schedule.BarsStream - DEBUG - Нужно получить бар: 20.02.2026 00:00:00
20.02.2026 10:42:39 - AlorPy - DEBUG - Запрос : /md/v2/history?exchange=MOEX&symbol=SRM6&tf=D&from=1771459200&to=1771573358&format=Simple
20.02.2026 10:42:39 - Schedule.BarsStream - DEBUG - Время запроса бара: 23.02.2026 09:00:03
20.02.2026 10:42:39 - AlorPy - DEBUG - Ответ  : {"history":[{"time":1771459200,"close":32800.00000,"open":32831.00000,"high":33146.00000,"low":32666.00000,"volume":3895},{"time":1771545600,"close":32815.00000,"open":32770.00000,"high":32840.00000,"low":32762.00000,"volume":378}],"next":null,"prev":1771372800}
20.02.2026 10:42:39 - Schedule.BarsStream - DEBUG - Ожидание в секундах: 253044.0
20.02.2026 10:42:39 - FileStorage - DEBUG - Получение файла C:\Users\шадрин\PycharmProjects\CenterStrikeVolatility_API\FinLabPy\Storage\..\..\Data\Alor\SPBFUT.SiH6_D1.txt
20.02.2026 10:42:39 - FileStorage - DEBUG - Получение файла C:\Users\шадрин\PycharmProjects\CenterStrikeVolatility_API\FinLabPy\Storage\..\..\Data\Alor\SPBFUT.SRM6_D1.txt
20.02.2026 10:42:39 - FileStorage - DEBUG - Первый бар    : 06.10.2025 00:00
20.02.2026 10:42:39 - FileStorage - DEBUG - Последний бар : 20.02.2026 00:00
20.02.2026 10:42:39 - FileStorage - DEBUG - Первый бар    : 04.10.2025 00:00
20.02.2026 10:42:39 - FileStorage - DEBUG - Кол-во бар    : 96
20.02.2026 10:42:39 - FileStorage - DEBUG - Последний бар : 19.02.2026 00:00
20.02.2026 10:42:39 - FileStorage - DEBUG - Фильтр с 03.10.2025 10:42
20.02.2026 10:42:39 - FileStorage - DEBUG - Кол-во бар    : 115
20.02.2026 10:42:39 - FileStorage - DEBUG - Первый бар    : SPBFUT.SiH6 (D1) 2025-10-06 00:00:00 Open: 87.101, High: 87.638, Low: 86.591, Close: 86.731, Volume: 10858.0
20.02.2026 10:42:39 - FileStorage - DEBUG - Сохранение файла C:\Users\шадрин\PycharmProjects\CenterStrikeVolatility_API\FinLabPy\Storage\..\..\Data\Alor\SPBFUT.SRM6_D1.txt
20.02.2026 10:42:39 - FileStorage - DEBUG - Последний бар : SPBFUT.SiH6 (D1) 2026-02-20 00:00:00 Open: 76.23, High: 76.5, Low: 76.123, Close: 76.432, Volume: 91454.0
20.02.2026 10:42:39 - FileStorage - DEBUG - Кол-во бар    : 96
20.02.2026 10:42:39 - FileStorage - DEBUG - Первый бар    : 04.10.2025 00:00
20.02.2026 10:42:39 - FileStorage - DEBUG - Последний бар : 20.02.2026 00:00
20.02.2026 10:42:39 - FileStorage - DEBUG - Кол-во бар    : 116
20.02.2026 10:42:39 - Schedule.BarsStream - DEBUG - Текущая дата и время на бирже: 20.02.2026 10:42:39
20.02.2026 10:42:39 - Schedule.BarsStream - DEBUG - Нужно получить бар: 20.02.2026 00:00:00
20.02.2026 10:42:39 - Schedule.BarsStream - DEBUG - Время запроса бара: 23.02.2026 09:00:03
20.02.2026 10:42:39 - Schedule.BarsStream - DEBUG - Ожидание в секундах: 253044.0
20.02.2026 10:42:39 - FileStorage - DEBUG - Получение файла C:\Users\шадрин\PycharmProjects\CenterStrikeVolatility_API\FinLabPy\Storage\..\..\Data\Alor\SPBFUT.SRM6_D1.txt
20.02.2026 10:42:39 - FileStorage - DEBUG - Первый бар    : 04.10.2025 00:00
20.02.2026 10:42:39 - FileStorage - DEBUG - Последний бар : 20.02.2026 00:00
20.02.2026 10:42:39 - FileStorage - DEBUG - Кол-во бар    : 116
20.02.2026 10:42:39 - FileStorage - DEBUG - Фильтр с 03.10.2025 10:42
20.02.2026 10:42:39 - FileStorage - DEBUG - Первый бар    : SPBFUT.SRM6 (D1) 2025-10-04 00:00:00 Open: 314.01, High: 315.32, Low: 313.37, Close: 313.37, Volume: 3.0
20.02.2026 10:42:39 - FileStorage - DEBUG - Последний бар : SPBFUT.SRM6 (D1) 2026-02-20 00:00:00 Open: 327.7, High: 328.4, Low: 327.62, Close: 328.15, Volume: 378.0
20.02.2026 10:42:39 - FileStorage - DEBUG - Кол-во бар    : 116
20.02.2026 10:42:40 - AlorPy - DEBUG - Запрос : /md/v2/history?exchange=MOEX&symbol=RIM6&tf=D&from=1771545600&to=1771573358&format=Simple
20.02.2026 10:42:40 - AlorPy - DEBUG - Ответ  : {"history":[{"time":1771545600,"close":116500.00000,"open":116470.00000,"high":116770.00000,"low":116290.00000,"volume":61}],"next":null,"prev":1771459200}
20.02.2026 10:42:40 - FileStorage - DEBUG - Получение файла C:\Users\шадрин\PycharmProjects\CenterStrikeVolatility_API\FinLabPy\Storage\..\..\Data\Alor\SPBFUT.RIM6_D1.txt
20.02.2026 10:42:40 - FileStorage - DEBUG - Первый бар    : 04.10.2025 00:00
20.02.2026 10:42:40 - FileStorage - DEBUG - Последний бар : 20.02.2026 00:00
20.02.2026 10:42:40 - FileStorage - DEBUG - Кол-во бар    : 107
20.02.2026 10:42:40 - FileStorage - DEBUG - Сохранение файла C:\Users\шадрин\PycharmProjects\CenterStrikeVolatility_API\FinLabPy\Storage\..\..\Data\Alor\SPBFUT.RIM6_D1.txt
20.02.2026 10:42:40 - FileStorage - DEBUG - Первый бар    : 04.10.2025 00:00
20.02.2026 10:42:40 - FileStorage - DEBUG - Последний бар : 20.02.2026 00:00
20.02.2026 10:42:40 - FileStorage - DEBUG - Кол-во бар    : 107
20.02.2026 10:42:40 - Schedule.BarsStream - DEBUG - Текущая дата и время на бирже: 20.02.2026 10:42:40
20.02.2026 10:42:40 - Schedule.BarsStream - DEBUG - Нужно получить бар: 20.02.2026 00:00:00
20.02.2026 10:42:40 - Schedule.BarsStream - DEBUG - Время запроса бара: 23.02.2026 09:00:03
20.02.2026 10:42:40 - Schedule.BarsStream - DEBUG - Ожидание в секундах: 253043.0
20.02.2026 10:42:40 - FileStorage - DEBUG - Получение файла C:\Users\шадрин\PycharmProjects\CenterStrikeVolatility_API\FinLabPy\Storage\..\..\Data\Alor\SPBFUT.RIM6_D1.txt
20.02.2026 10:42:40 - FileStorage - DEBUG - Первый бар    : 04.10.2025 00:00
20.02.2026 10:42:40 - FileStorage - DEBUG - Последний бар : 20.02.2026 00:00
20.02.2026 10:42:40 - FileStorage - DEBUG - Кол-во бар    : 107
20.02.2026 10:42:40 - FileStorage - DEBUG - Фильтр с 03.10.2025 10:42
20.02.2026 10:42:40 - FileStorage - DEBUG - Первый бар    : SPBFUT.RIM6 (D1) 2025-10-04 00:00:00 Open: 101350.0, High: 101350.0, Low: 101350.0, Close: 101350.0, Volume: 1.0
20.02.2026 10:42:40 - FileStorage - DEBUG - Последний бар : SPBFUT.RIM6 (D1) 2026-02-20 00:00:00 Open: 116470.0, High: 116770.0, Low: 116290.0, Close: 116500.0, Volume: 61.0
20.02.2026 10:42:40 - FileStorage - DEBUG - Кол-во бар    : 107
20.02.2026 10:42:40 - AlorPy - DEBUG - Запрос : /md/v2/history?exchange=MOEX&symbol=RIH6&tf=D&from=1771545600&to=1771573359&format=Simple
20.02.2026 10:42:40 - AlorPy - DEBUG - Ответ  : {"history":[{"time":1771545600,"close":116030.00000,"open":116130.00000,"high":116400.00000,"low":115810.00000,"volume":6367}],"next":null,"prev":1771459200}
20.02.2026 10:42:40 - FileStorage - DEBUG - Получение файла C:\Users\шадрин\PycharmProjects\CenterStrikeVolatility_API\FinLabPy\Storage\..\..\Data\Alor\SPBFUT.RIH6_D1.txt
20.02.2026 10:42:40 - FileStorage - DEBUG - Первый бар    : 04.10.2025 00:00
20.02.2026 10:42:40 - FileStorage - DEBUG - Последний бар : 20.02.2026 00:00
20.02.2026 10:42:40 - FileStorage - DEBUG - Кол-во бар    : 122
20.02.2026 10:42:40 - FileStorage - DEBUG - Сохранение файла C:\Users\шадрин\PycharmProjects\CenterStrikeVolatility_API\FinLabPy\Storage\..\..\Data\Alor\SPBFUT.RIH6_D1.txt
20.02.2026 10:42:40 - FileStorage - DEBUG - Первый бар    : 04.10.2025 00:00
20.02.2026 10:42:40 - FileStorage - DEBUG - Последний бар : 20.02.2026 00:00
20.02.2026 10:42:40 - FileStorage - DEBUG - Кол-во бар    : 122
20.02.2026 10:42:40 - Schedule.BarsStream - DEBUG - Текущая дата и время на бирже: 20.02.2026 10:42:40
20.02.2026 10:42:40 - Schedule.BarsStream - DEBUG - Нужно получить бар: 20.02.2026 00:00:00
20.02.2026 10:42:40 - Schedule.BarsStream - DEBUG - Время запроса бара: 23.02.2026 09:00:03
20.02.2026 10:42:40 - Schedule.BarsStream - DEBUG - Ожидание в секундах: 253043.0
20.02.2026 10:42:40 - FileStorage - DEBUG - Получение файла C:\Users\шадрин\PycharmProjects\CenterStrikeVolatility_API\FinLabPy\Storage\..\..\Data\Alor\SPBFUT.RIH6_D1.txt
20.02.2026 10:42:40 - FileStorage - DEBUG - Первый бар    : 04.10.2025 00:00
20.02.2026 10:42:40 - FileStorage - DEBUG - Последний бар : 20.02.2026 00:00
20.02.2026 10:42:40 - FileStorage - DEBUG - Кол-во бар    : 122
20.02.2026 10:42:40 - FileStorage - DEBUG - Фильтр с 03.10.2025 10:42
20.02.2026 10:42:40 - FileStorage - DEBUG - Первый бар    : SPBFUT.RIH6 (D1) 2025-10-04 00:00:00 Open: 100060.0, High: 100060.0, Low: 98820.0, Close: 99270.0, Volume: 83.0
20.02.2026 10:42:40 - FileStorage - DEBUG - Последний бар : SPBFUT.RIH6 (D1) 2026-02-20 00:00:00 Open: 116130.0, High: 116400.0, Low: 115810.0, Close: 116030.0, Volume: 6367.0
20.02.2026 10:42:40 - FileStorage - DEBUG - Кол-во бар    : 122
20.02.2026 10:42:40 - AlorPy - DEBUG - Запрос : /md/v2/history?exchange=MOEX&symbol=SRH6&tf=D&from=1771545600&to=1771573359&format=Simple
20.02.2026 10:42:40 - AlorPy - DEBUG - Ответ  : {"history":[{"time":1771545600,"close":31754.00000,"open":31703.00000,"high":31776.00000,"low":31693.00000,"volume":9432}],"next":null,"prev":1771459200}
20.02.2026 10:42:40 - FileStorage - DEBUG - Получение файла C:\Users\шадрин\PycharmProjects\CenterStrikeVolatility_API\FinLabPy\Storage\..\..\Data\Alor\SPBFUT.SRH6_D1.txt
20.02.2026 10:42:40 - FileStorage - DEBUG - Первый бар    : 04.10.2025 00:00
20.02.2026 10:42:40 - FileStorage - DEBUG - Последний бар : 20.02.2026 00:00
20.02.2026 10:42:40 - FileStorage - DEBUG - Кол-во бар    : 122
20.02.2026 10:42:40 - FileStorage - DEBUG - Сохранение файла C:\Users\шадрин\PycharmProjects\CenterStrikeVolatility_API\FinLabPy\Storage\..\..\Data\Alor\SPBFUT.SRH6_D1.txt
20.02.2026 10:42:40 - FileStorage - DEBUG - Первый бар    : 04.10.2025 00:00
20.02.2026 10:42:40 - FileStorage - DEBUG - Последний бар : 20.02.2026 00:00
20.02.2026 10:42:40 - FileStorage - DEBUG - Кол-во бар    : 122
20.02.2026 10:42:40 - Schedule.BarsStream - DEBUG - Текущая дата и время на бирже: 20.02.2026 10:42:40
20.02.2026 10:42:40 - Schedule.BarsStream - DEBUG - Нужно получить бар: 20.02.2026 00:00:00
20.02.2026 10:42:40 - Schedule.BarsStream - DEBUG - Время запроса бара: 23.02.2026 09:00:03
20.02.2026 10:42:40 - Schedule.BarsStream - DEBUG - Ожидание в секундах: 253043.0
20.02.2026 10:42:40 - FileStorage - DEBUG - Получение файла C:\Users\шадрин\PycharmProjects\CenterStrikeVolatility_API\FinLabPy\Storage\..\..\Data\Alor\SPBFUT.SRH6_D1.txt
20.02.2026 10:42:40 - FileStorage - DEBUG - Первый бар    : 04.10.2025 00:00
20.02.2026 10:42:40 - FileStorage - DEBUG - Последний бар : 20.02.2026 00:00
20.02.2026 10:42:40 - FileStorage - DEBUG - Кол-во бар    : 122
20.02.2026 10:42:40 - FileStorage - DEBUG - Фильтр с 03.10.2025 10:42
20.02.2026 10:42:40 - FileStorage - DEBUG - Первый бар    : SPBFUT.SRH6 (D1) 2025-10-04 00:00:00 Open: 305.03, High: 305.03, Low: 302.3, Close: 302.79, Volume: 102.0
20.02.2026 10:42:40 - FileStorage - DEBUG - Последний бар : SPBFUT.SRH6 (D1) 2026-02-20 00:00:00 Open: 317.03, High: 317.76, Low: 316.93, Close: 317.54, Volume: 9432.0
20.02.2026 10:42:40 - FileStorage - DEBUG - Кол-во бар    : 122
20.02.2026 10:42:40 - AlorPy - DEBUG - Запрос : /md/v2/history?exchange=MOEX&symbol=SiM6&tf=D&from=1771545600&to=1771573359&format=Simple
20.02.2026 10:42:40 - AlorPy - DEBUG - Ответ  : {"history":[{"time":1771545600,"close":77962.00000,"open":77910.00000,"high":78015.00000,"low":77770.00000,"volume":10474}],"next":null,"prev":1771459200}
20.02.2026 10:42:40 - FileStorage - DEBUG - Получение файла C:\Users\шадрин\PycharmProjects\CenterStrikeVolatility_API\FinLabPy\Storage\..\..\Data\Alor\SPBFUT.SiM6_D1.txt
20.02.2026 10:42:40 - FileStorage - DEBUG - Первый бар    : 06.10.2025 00:00
20.02.2026 10:42:40 - FileStorage - DEBUG - Последний бар : 20.02.2026 00:00
20.02.2026 10:42:40 - FileStorage - DEBUG - Кол-во бар    : 96
20.02.2026 10:42:40 - FileStorage - DEBUG - Сохранение файла C:\Users\шадрин\PycharmProjects\CenterStrikeVolatility_API\FinLabPy\Storage\..\..\Data\Alor\SPBFUT.SiM6_D1.txt
20.02.2026 10:42:40 - FileStorage - DEBUG - Первый бар    : 06.10.2025 00:00
20.02.2026 10:42:40 - FileStorage - DEBUG - Последний бар : 20.02.2026 00:00
20.02.2026 10:42:40 - FileStorage - DEBUG - Кол-во бар    : 96
20.02.2026 10:42:40 - Schedule.BarsStream - DEBUG - Текущая дата и время на бирже: 20.02.2026 10:42:40
20.02.2026 10:42:40 - Schedule.BarsStream - DEBUG - Нужно получить бар: 20.02.2026 00:00:00
20.02.2026 10:42:40 - Schedule.BarsStream - DEBUG - Время запроса бара: 23.02.2026 09:00:03
20.02.2026 10:42:40 - Schedule.BarsStream - DEBUG - Ожидание в секундах: 253043.0
20.02.2026 10:42:40 - FileStorage - DEBUG - Получение файла C:\Users\шадрин\PycharmProjects\CenterStrikeVolatility_API\FinLabPy\Storage\..\..\Data\Alor\SPBFUT.SiM6_D1.txt
20.02.2026 10:42:40 - FileStorage - DEBUG - Первый бар    : 06.10.2025 00:00
20.02.2026 10:42:40 - FileStorage - DEBUG - Последний бар : 20.02.2026 00:00
20.02.2026 10:42:40 - FileStorage - DEBUG - Кол-во бар    : 96
20.02.2026 10:42:40 - FileStorage - DEBUG - Фильтр с 03.10.2025 10:42
20.02.2026 10:42:40 - FileStorage - DEBUG - Первый бар    : SPBFUT.SiM6 (D1) 2025-10-06 00:00:00 Open: 89.804, High: 90.272, Low: 89.304, Close: 89.513, Volume: 322.0
20.02.2026 10:42:40 - FileStorage - DEBUG - Последний бар : SPBFUT.SiM6 (D1) 2026-02-20 00:00:00 Open: 77.91, High: 78.015, Low: 77.77, Close: 77.962, Volume: 10474.0
20.02.2026 10:42:40 - FileStorage - DEBUG - Кол-во бар    : 96
20.02.2026 10:42:41 - AlorPy - DEBUG - Запрос : /md/v2/history?exchange=MOEX&symbol=SRM6&tf=D&from=1771545600&to=1771573359&format=Simple
20.02.2026 10:42:41 - AlorPy - DEBUG - Ответ  : {"history":[{"time":1771545600,"close":32815.00000,"open":32770.00000,"high":32840.00000,"low":32762.00000,"volume":378}],"next":null,"prev":1771459200}
20.02.2026 10:42:41 - FileStorage - DEBUG - Получение файла C:\Users\шадрин\PycharmProjects\CenterStrikeVolatility_API\FinLabPy\Storage\..\..\Data\Alor\SPBFUT.SRM6_D1.txt
20.02.2026 10:42:41 - FileStorage - DEBUG - Первый бар    : 04.10.2025 00:00
20.02.2026 10:42:41 - FileStorage - DEBUG - Последний бар : 20.02.2026 00:00
20.02.2026 10:42:41 - FileStorage - DEBUG - Кол-во бар    : 116
20.02.2026 10:42:41 - FileStorage - DEBUG - Сохранение файла C:\Users\шадрин\PycharmProjects\CenterStrikeVolatility_API\FinLabPy\Storage\..\..\Data\Alor\SPBFUT.SRM6_D1.txt
20.02.2026 10:42:41 - FileStorage - DEBUG - Первый бар    : 04.10.2025 00:00
20.02.2026 10:42:41 - FileStorage - DEBUG - Последний бар : 20.02.2026 00:00
20.02.2026 10:42:41 - FileStorage - DEBUG - Кол-во бар    : 116
20.02.2026 10:42:41 - Schedule.BarsStream - DEBUG - Текущая дата и время на бирже: 20.02.2026 10:42:41
20.02.2026 10:42:41 - AlorPy - DEBUG - Запрос : /md/v2/history?exchange=MOEX&symbol=RIM6&tf=D&from=1771545600&to=1771573360&format=Simple
20.02.2026 10:42:41 - Schedule.BarsStream - DEBUG - Нужно получить бар: 20.02.2026 00:00:00
20.02.2026 10:42:41 - AlorPy - DEBUG - Ответ  : {"history":[{"time":1771545600,"close":116500.00000,"open":116470.00000,"high":116770.00000,"low":116290.00000,"volume":61}],"next":null,"prev":1771459200}
20.02.2026 10:42:41 - Schedule.BarsStream - DEBUG - Время запроса бара: 23.02.2026 09:00:03
20.02.2026 10:42:41 - Schedule.BarsStream - DEBUG - Ожидание в секундах: 253042.0
20.02.2026 10:42:41 - FileStorage - DEBUG - Получение файла C:\Users\шадрин\PycharmProjects\CenterStrikeVolatility_API\FinLabPy\Storage\..\..\Data\Alor\SPBFUT.RIM6_D1.txt
20.02.2026 10:42:41 - FileStorage - DEBUG - Получение файла C:\Users\шадрин\PycharmProjects\CenterStrikeVolatility_API\FinLabPy\Storage\..\..\Data\Alor\SPBFUT.SRM6_D1.txt
20.02.2026 10:42:41 - FileStorage - DEBUG - Первый бар    : 04.10.2025 00:00
20.02.2026 10:42:41 - FileStorage - DEBUG - Последний бар : 20.02.2026 00:00
20.02.2026 10:42:41 - FileStorage - DEBUG - Первый бар    : 04.10.2025 00:00
20.02.2026 10:42:41 - AlorPy - DEBUG - Запрос : /md/v2/history?exchange=MOEX&symbol=SiH6&tf=D&from=1771545600&to=1771573359&format=Simple
20.02.2026 10:42:41 - FileStorage - DEBUG - Кол-во бар    : 107
20.02.2026 10:42:41 - FileStorage - DEBUG - Последний бар : 20.02.2026 00:00
20.02.2026 10:42:41 - AlorPy - DEBUG - Ответ  : {"history":[{"time":1771545600,"close":76437.00000,"open":76230.00000,"high":76500.00000,"low":76123.00000,"volume":91527}],"next":null,"prev":1771459200}
20.02.2026 10:42:41 - FileStorage - DEBUG - Кол-во бар    : 116
20.02.2026 10:42:41 - FileStorage - DEBUG - Сохранение файла C:\Users\шадрин\PycharmProjects\CenterStrikeVolatility_API\FinLabPy\Storage\..\..\Data\Alor\SPBFUT.RIM6_D1.txt
20.02.2026 10:42:41 - FileStorage - DEBUG - Фильтр с 03.10.2025 10:42
20.02.2026 10:42:41 - FileStorage - DEBUG - Получение файла C:\Users\шадрин\PycharmProjects\CenterStrikeVolatility_API\FinLabPy\Storage\..\..\Data\Alor\SPBFUT.SiH6_D1.txt
20.02.2026 10:42:41 - FileStorage - DEBUG - Первый бар    : SPBFUT.SRM6 (D1) 2025-10-04 00:00:00 Open: 314.01, High: 315.32, Low: 313.37, Close: 313.37, Volume: 3.0
20.02.2026 10:42:41 - FileStorage - DEBUG - Последний бар : SPBFUT.SRM6 (D1) 2026-02-20 00:00:00 Open: 327.7, High: 328.4, Low: 327.62, Close: 328.15, Volume: 378.0
20.02.2026 10:42:41 - FileStorage - DEBUG - Кол-во бар    : 116
20.02.2026 10:42:41 - FileStorage - DEBUG - Первый бар    : 04.10.2025 00:00
20.02.2026 10:42:41 - FileStorage - DEBUG - Последний бар : 20.02.2026 00:00
20.02.2026 10:42:41 - FileStorage - DEBUG - Кол-во бар    : 107
20.02.2026 10:42:41 - Schedule.BarsStream - DEBUG - Текущая дата и время на бирже: 20.02.2026 10:42:41
20.02.2026 10:42:41 - Schedule.BarsStream - DEBUG - Нужно получить бар: 20.02.2026 00:00:00
20.02.2026 10:42:41 - FileStorage - DEBUG - Первый бар    : 06.10.2025 00:00
20.02.2026 10:42:41 - Schedule.BarsStream - DEBUG - Время запроса бара: 23.02.2026 09:00:03
20.02.2026 10:42:41 - FileStorage - DEBUG - Последний бар : 20.02.2026 00:00
20.02.2026 10:42:41 - Schedule.BarsStream - DEBUG - Ожидание в секундах: 253042.0
20.02.2026 10:42:41 - FileStorage - DEBUG - Кол-во бар    : 96
20.02.2026 10:42:41 - FileStorage - DEBUG - Сохранение файла C:\Users\шадрин\PycharmProjects\CenterStrikeVolatility_API\FinLabPy\Storage\..\..\Data\Alor\SPBFUT.SiH6_D1.txt
20.02.2026 10:42:41 - FileStorage - DEBUG - Получение файла C:\Users\шадрин\PycharmProjects\CenterStrikeVolatility_API\FinLabPy\Storage\..\..\Data\Alor\SPBFUT.RIM6_D1.txt
20.02.2026 10:42:41 - FileStorage - DEBUG - Первый бар    : 06.10.2025 00:00
20.02.2026 10:42:41 - FileStorage - DEBUG - Последний бар : 20.02.2026 00:00
20.02.2026 10:42:41 - FileStorage - DEBUG - Кол-во бар    : 96
20.02.2026 10:42:41 - FileStorage - DEBUG - Первый бар    : 04.10.2025 00:00
20.02.2026 10:42:41 - Schedule.BarsStream - DEBUG - Текущая дата и время на бирже: 20.02.2026 10:42:41
20.02.2026 10:42:41 - FileStorage - DEBUG - Последний бар : 20.02.2026 00:00
20.02.2026 10:42:41 - Schedule.BarsStream - DEBUG - Нужно получить бар: 20.02.2026 00:00:00
20.02.2026 10:42:41 - FileStorage - DEBUG - Кол-во бар    : 107
20.02.2026 10:42:41 - Schedule.BarsStream - DEBUG - Время запроса бара: 23.02.2026 09:00:03
20.02.2026 10:42:41 - FileStorage - DEBUG - Фильтр с 03.10.2025 10:42
20.02.2026 10:42:41 - Schedule.BarsStream - DEBUG - Ожидание в секундах: 253042.0
20.02.2026 10:42:41 - FileStorage - DEBUG - Первый бар    : SPBFUT.RIM6 (D1) 2025-10-04 00:00:00 Open: 101350.0, High: 101350.0, Low: 101350.0, Close: 101350.0, Volume: 1.0
20.02.2026 10:42:41 - FileStorage - DEBUG - Последний бар : SPBFUT.RIM6 (D1) 2026-02-20 00:00:00 Open: 116470.0, High: 116770.0, Low: 116290.0, Close: 116500.0, Volume: 61.0
20.02.2026 10:42:41 - FileStorage - DEBUG - Получение файла C:\Users\шадрин\PycharmProjects\CenterStrikeVolatility_API\FinLabPy\Storage\..\..\Data\Alor\SPBFUT.SiH6_D1.txt
20.02.2026 10:42:41 - FileStorage - DEBUG - Кол-во бар    : 107
20.02.2026 10:42:41 - FileStorage - DEBUG - Первый бар    : 06.10.2025 00:00
20.02.2026 10:42:41 - FileStorage - DEBUG - Последний бар : 20.02.2026 00:00
20.02.2026 10:42:41 - FileStorage - DEBUG - Кол-во бар    : 96
20.02.2026 10:42:41 - FileStorage - DEBUG - Фильтр с 03.10.2025 10:42
20.02.2026 10:42:41 - FileStorage - DEBUG - Первый бар    : SPBFUT.SiH6 (D1) 2025-10-06 00:00:00 Open: 87.101, High: 87.638, Low: 86.591, Close: 86.731, Volume: 10858.0
20.02.2026 10:42:41 - AlorPy - DEBUG - Запрос : /md/v2/history?exchange=MOEX&symbol=RIH6&tf=D&from=1771545600&to=1771573360&format=Simple
20.02.2026 10:42:41 - FileStorage - DEBUG - Последний бар : SPBFUT.SiH6 (D1) 2026-02-20 00:00:00 Open: 76.23, High: 76.5, Low: 76.123, Close: 76.437, Volume: 91527.0
20.02.2026 10:42:41 - AlorPy - DEBUG - Ответ  : {"history":[{"time":1771545600,"close":116030.00000,"open":116130.00000,"high":116400.00000,"low":115810.00000,"volume":6367}],"next":null,"prev":1771459200}
20.02.2026 10:42:41 - FileStorage - DEBUG - Кол-во бар    : 96
20.02.2026 10:42:41 - FileStorage - DEBUG - Получение файла C:\Users\шадрин\PycharmProjects\CenterStrikeVolatility_API\FinLabPy\Storage\..\..\Data\Alor\SPBFUT.RIH6_D1.txt
20.02.2026 10:42:41 - FileStorage - DEBUG - Первый бар    : 04.10.2025 00:00
20.02.2026 10:42:41 - FileStorage - DEBUG - Последний бар : 20.02.2026 00:00
20.02.2026 10:42:41 - FileStorage - DEBUG - Кол-во бар    : 122
20.02.2026 10:42:41 - FileStorage - DEBUG - Сохранение файла C:\Users\шадрин\PycharmProjects\CenterStrikeVolatility_API\FinLabPy\Storage\..\..\Data\Alor\SPBFUT.RIH6_D1.txt
20.02.2026 10:42:41 - FileStorage - DEBUG - Первый бар    : 04.10.2025 00:00
20.02.2026 10:42:41 - FileStorage - DEBUG - Последний бар : 20.02.2026 00:00
20.02.2026 10:42:41 - FileStorage - DEBUG - Кол-во бар    : 122
20.02.2026 10:42:41 - Schedule.BarsStream - DEBUG - Текущая дата и время на бирже: 20.02.2026 10:42:41
20.02.2026 10:42:41 - Schedule.BarsStream - DEBUG - Нужно получить бар: 20.02.2026 00:00:00
20.02.2026 10:42:41 - Schedule.BarsStream - DEBUG - Время запроса бара: 23.02.2026 09:00:03
20.02.2026 10:42:41 - Schedule.BarsStream - DEBUG - Ожидание в секундах: 253042.0
20.02.2026 10:42:41 - FileStorage - DEBUG - Получение файла C:\Users\шадрин\PycharmProjects\CenterStrikeVolatility_API\FinLabPy\Storage\..\..\Data\Alor\SPBFUT.RIH6_D1.txt
20.02.2026 10:42:41 - FileStorage - DEBUG - Первый бар    : 04.10.2025 00:00
20.02.2026 10:42:41 - FileStorage - DEBUG - Последний бар : 20.02.2026 00:00
20.02.2026 10:42:41 - FileStorage - DEBUG - Кол-во бар    : 122
20.02.2026 10:42:41 - FileStorage - DEBUG - Фильтр с 03.10.2025 10:42
20.02.2026 10:42:41 - FileStorage - DEBUG - Первый бар    : SPBFUT.RIH6 (D1) 2025-10-04 00:00:00 Open: 100060.0, High: 100060.0, Low: 98820.0, Close: 99270.0, Volume: 83.0
20.02.2026 10:42:41 - FileStorage - DEBUG - Последний бар : SPBFUT.RIH6 (D1) 2026-02-20 00:00:00 Open: 116130.0, High: 116400.0, Low: 115810.0, Close: 116030.0, Volume: 6367.0
20.02.2026 10:42:41 - FileStorage - DEBUG - Кол-во бар    : 122
20.02.2026 10:42:41 - AlorPy - DEBUG - Запрос : /md/v2/history?exchange=MOEX&symbol=SRH6&tf=D&from=1771545600&to=1771573360&format=Simple
20.02.2026 10:42:41 - AlorPy - DEBUG - Ответ  : {"history":[{"time":1771545600,"close":31754.00000,"open":31703.00000,"high":31776.00000,"low":31693.00000,"volume":9432}],"next":null,"prev":1771459200}
20.02.2026 10:42:41 - FileStorage - DEBUG - Получение файла C:\Users\шадрин\PycharmProjects\CenterStrikeVolatility_API\FinLabPy\Storage\..\..\Data\Alor\SPBFUT.SRH6_D1.txt
20.02.2026 10:42:41 - FileStorage - DEBUG - Первый бар    : 04.10.2025 00:00
20.02.2026 10:42:41 - FileStorage - DEBUG - Последний бар : 20.02.2026 00:00
20.02.2026 10:42:41 - FileStorage - DEBUG - Кол-во бар    : 122
20.02.2026 10:42:41 - FileStorage - DEBUG - Сохранение файла C:\Users\шадрин\PycharmProjects\CenterStrikeVolatility_API\FinLabPy\Storage\..\..\Data\Alor\SPBFUT.SRH6_D1.txt
20.02.2026 10:42:41 - FileStorage - DEBUG - Первый бар    : 04.10.2025 00:00
20.02.2026 10:42:41 - FileStorage - DEBUG - Последний бар : 20.02.2026 00:00
20.02.2026 10:42:41 - FileStorage - DEBUG - Кол-во бар    : 122
20.02.2026 10:42:41 - Schedule.BarsStream - DEBUG - Текущая дата и время на бирже: 20.02.2026 10:42:41
20.02.2026 10:42:41 - Schedule.BarsStream - DEBUG - Нужно получить бар: 20.02.2026 00:00:00
20.02.2026 10:42:41 - Schedule.BarsStream - DEBUG - Время запроса бара: 23.02.2026 09:00:03
20.02.2026 10:42:41 - Schedule.BarsStream - DEBUG - Ожидание в секундах: 253042.0
20.02.2026 10:42:41 - FileStorage - DEBUG - Получение файла C:\Users\шадрин\PycharmProjects\CenterStrikeVolatility_API\FinLabPy\Storage\..\..\Data\Alor\SPBFUT.SRH6_D1.txt
20.02.2026 10:42:41 - FileStorage - DEBUG - Первый бар    : 04.10.2025 00:00
20.02.2026 10:42:41 - FileStorage - DEBUG - Последний бар : 20.02.2026 00:00
20.02.2026 10:42:41 - FileStorage - DEBUG - Кол-во бар    : 122
20.02.2026 10:42:41 - FileStorage - DEBUG - Фильтр с 03.10.2025 10:42
20.02.2026 10:42:41 - FileStorage - DEBUG - Первый бар    : SPBFUT.SRH6 (D1) 2025-10-04 00:00:00 Open: 305.03, High: 305.03, Low: 302.3, Close: 302.79, Volume: 102.0
20.02.2026 10:42:41 - FileStorage - DEBUG - Последний бар : SPBFUT.SRH6 (D1) 2026-02-20 00:00:00 Open: 317.03, High: 317.76, Low: 316.93, Close: 317.54, Volume: 9432.0
20.02.2026 10:42:41 - FileStorage - DEBUG - Кол-во бар    : 122
20.02.2026 10:42:41 - AlorPy - DEBUG - Запрос : /md/v2/history?exchange=MOEX&symbol=SiM6&tf=D&from=1771545600&to=1771573360&format=Simple
20.02.2026 10:42:41 - AlorPy - DEBUG - Ответ  : {"history":[{"time":1771545600,"close":77962.00000,"open":77910.00000,"high":78015.00000,"low":77770.00000,"volume":10478}],"next":null,"prev":1771459200}
20.02.2026 10:42:41 - FileStorage - DEBUG - Получение файла C:\Users\шадрин\PycharmProjects\CenterStrikeVolatility_API\FinLabPy\Storage\..\..\Data\Alor\SPBFUT.SiM6_D1.txt
20.02.2026 10:42:41 - FileStorage - DEBUG - Первый бар    : 06.10.2025 00:00
20.02.2026 10:42:41 - FileStorage - DEBUG - Последний бар : 20.02.2026 00:00
20.02.2026 10:42:41 - FileStorage - DEBUG - Кол-во бар    : 96
20.02.2026 10:42:41 - FileStorage - DEBUG - Сохранение файла C:\Users\шадрин\PycharmProjects\CenterStrikeVolatility_API\FinLabPy\Storage\..\..\Data\Alor\SPBFUT.SiM6_D1.txt
20.02.2026 10:42:41 - FileStorage - DEBUG - Первый бар    : 06.10.2025 00:00
20.02.2026 10:42:41 - FileStorage - DEBUG - Последний бар : 20.02.2026 00:00
20.02.2026 10:42:41 - FileStorage - DEBUG - Кол-во бар    : 96
20.02.2026 10:42:41 - Schedule.BarsStream - DEBUG - Текущая дата и время на бирже: 20.02.2026 10:42:41
20.02.2026 10:42:41 - Schedule.BarsStream - DEBUG - Нужно получить бар: 20.02.2026 00:00:00
20.02.2026 10:42:41 - Schedule.BarsStream - DEBUG - Время запроса бара: 23.02.2026 09:00:03
20.02.2026 10:42:41 - Schedule.BarsStream - DEBUG - Ожидание в секундах: 253042.0
20.02.2026 10:42:41 - FileStorage - DEBUG - Получение файла C:\Users\шадрин\PycharmProjects\CenterStrikeVolatility_API\FinLabPy\Storage\..\..\Data\Alor\SPBFUT.SiM6_D1.txt
20.02.2026 10:42:41 - FileStorage - DEBUG - Первый бар    : 06.10.2025 00:00
20.02.2026 10:42:41 - FileStorage - DEBUG - Последний бар : 20.02.2026 00:00
20.02.2026 10:42:41 - FileStorage - DEBUG - Кол-во бар    : 96
20.02.2026 10:42:41 - FileStorage - DEBUG - Фильтр с 03.10.2025 10:42
20.02.2026 10:42:41 - FileStorage - DEBUG - Первый бар    : SPBFUT.SiM6 (D1) 2025-10-06 00:00:00 Open: 89.804, High: 90.272, Low: 89.304, Close: 89.513, Volume: 322.0
20.02.2026 10:42:41 - FileStorage - DEBUG - Последний бар : SPBFUT.SiM6 (D1) 2026-02-20 00:00:00 Open: 77.91, High: 78.015, Low: 77.77, Close: 77.962, Volume: 10478.0
20.02.2026 10:42:41 - FileStorage - DEBUG - Кол-во бар    : 96
20.02.2026 10:42:42 - AlorPy - DEBUG - Запрос : /md/v2/history?exchange=MOEX&symbol=RIM6&tf=D&from=1771545600&to=1771573361&format=Simple
20.02.2026 10:42:42 - AlorPy - DEBUG - Ответ  : {"history":[{"time":1771545600,"close":116500.00000,"open":116470.00000,"high":116770.00000,"low":116290.00000,"volume":61}],"next":null,"prev":1771459200}
20.02.2026 10:42:42 - AlorPy - DEBUG - Запрос : /md/v2/history?exchange=MOEX&symbol=SRM6&tf=D&from=1771545600&to=1771573361&format=Simple
20.02.2026 10:42:42 - FileStorage - DEBUG - Получение файла C:\Users\шадрин\PycharmProjects\CenterStrikeVolatility_API\FinLabPy\Storage\..\..\Data\Alor\SPBFUT.RIM6_D1.txt
20.02.2026 10:42:42 - AlorPy - DEBUG - Ответ  : {"history":[{"time":1771545600,"close":32815.00000,"open":32770.00000,"high":32840.00000,"low":32762.00000,"volume":378}],"next":null,"prev":1771459200}
20.02.2026 10:42:42 - FileStorage - DEBUG - Получение файла C:\Users\шадрин\PycharmProjects\CenterStrikeVolatility_API\FinLabPy\Storage\..\..\Data\Alor\SPBFUT.SRM6_D1.txt
20.02.2026 10:42:42 - FileStorage - DEBUG - Первый бар    : 04.10.2025 00:00
20.02.2026 10:42:42 - FileStorage - DEBUG - Последний бар : 20.02.2026 00:00
20.02.2026 10:42:42 - FileStorage - DEBUG - Первый бар    : 04.10.2025 00:00
20.02.2026 10:42:42 - FileStorage - DEBUG - Кол-во бар    : 116
20.02.2026 10:42:42 - FileStorage - DEBUG - Последний бар : 20.02.2026 00:00
20.02.2026 10:42:42 - FileStorage - DEBUG - Сохранение файла C:\Users\шадрин\PycharmProjects\CenterStrikeVolatility_API\FinLabPy\Storage\..\..\Data\Alor\SPBFUT.SRM6_D1.txt
20.02.2026 10:42:42 - FileStorage - DEBUG - Кол-во бар    : 107
20.02.2026 10:42:42 - FileStorage - DEBUG - Сохранение файла C:\Users\шадрин\PycharmProjects\CenterStrikeVolatility_API\FinLabPy\Storage\..\..\Data\Alor\SPBFUT.RIM6_D1.txt
20.02.2026 10:42:42 - FileStorage - DEBUG - Первый бар    : 04.10.2025 00:00
20.02.2026 10:42:42 - FileStorage - DEBUG - Первый бар    : 04.10.2025 00:00
20.02.2026 10:42:42 - FileStorage - DEBUG - Последний бар : 20.02.2026 00:00
20.02.2026 10:42:42 - FileStorage - DEBUG - Последний бар : 20.02.2026 00:00
20.02.2026 10:42:42 - FileStorage - DEBUG - Кол-во бар    : 116
20.02.2026 10:42:42 - FileStorage - DEBUG - Кол-во бар    : 107
20.02.2026 10:42:42 - Schedule.BarsStream - DEBUG - Текущая дата и время на бирже: 20.02.2026 10:42:42
20.02.2026 10:42:42 - Schedule.BarsStream - DEBUG - Нужно получить бар: 20.02.2026 00:00:00
20.02.2026 10:42:42 - Schedule.BarsStream - DEBUG - Время запроса бара: 23.02.2026 09:00:03
20.02.2026 10:42:42 - Schedule.BarsStream - DEBUG - Ожидание в секундах: 253041.0
20.02.2026 10:42:42 - Schedule.BarsStream - DEBUG - Текущая дата и время на бирже: 20.02.2026 10:42:42
20.02.2026 10:42:42 - Schedule.BarsStream - DEBUG - Нужно получить бар: 20.02.2026 00:00:00
20.02.2026 10:42:42 - FileStorage - DEBUG - Получение файла C:\Users\шадрин\PycharmProjects\CenterStrikeVolatility_API\FinLabPy\Storage\..\..\Data\Alor\SPBFUT.SRM6_D1.txt
20.02.2026 10:42:42 - Schedule.BarsStream - DEBUG - Время запроса бара: 23.02.2026 09:00:03
20.02.2026 10:42:42 - Schedule.BarsStream - DEBUG - Ожидание в секундах: 253041.0
20.02.2026 10:42:42 - FileStorage - DEBUG - Получение файла C:\Users\шадрин\PycharmProjects\CenterStrikeVolatility_API\FinLabPy\Storage\..\..\Data\Alor\SPBFUT.RIM6_D1.txt
20.02.2026 10:42:42 - FileStorage - DEBUG - Первый бар    : 04.10.2025 00:00
20.02.2026 10:42:42 - FileStorage - DEBUG - Последний бар : 20.02.2026 00:00
20.02.2026 10:42:42 - AlorPy - DEBUG - Запрос : /md/v2/history?exchange=MOEX&symbol=SiH6&tf=D&from=1771545600&to=1771573361&format=Simple
20.02.2026 10:42:42 - FileStorage - DEBUG - Кол-во бар    : 116
20.02.2026 10:42:42 - AlorPy - DEBUG - Ответ  : {"history":[{"time":1771545600,"close":76440.00000,"open":76230.00000,"high":76500.00000,"low":76123.00000,"volume":91535}],"next":null,"prev":1771459200}
20.02.2026 10:42:42 - FileStorage - DEBUG - Первый бар    : 04.10.2025 00:00
20.02.2026 10:42:42 - FileStorage - DEBUG - Фильтр с 03.10.2025 10:42
20.02.2026 10:42:42 - FileStorage - DEBUG - Последний бар : 20.02.2026 00:00
20.02.2026 10:42:42 - FileStorage - DEBUG - Получение файла C:\Users\шадрин\PycharmProjects\CenterStrikeVolatility_API\FinLabPy\Storage\..\..\Data\Alor\SPBFUT.SiH6_D1.txt
20.02.2026 10:42:42 - FileStorage - DEBUG - Первый бар    : SPBFUT.SRM6 (D1) 2025-10-04 00:00:00 Open: 314.01, High: 315.32, Low: 313.37, Close: 313.37, Volume: 3.0
20.02.2026 10:42:42 - FileStorage - DEBUG - Кол-во бар    : 107
20.02.2026 10:42:42 - FileStorage - DEBUG - Последний бар : SPBFUT.SRM6 (D1) 2026-02-20 00:00:00 Open: 327.7, High: 328.4, Low: 327.62, Close: 328.15, Volume: 378.0
20.02.2026 10:42:42 - FileStorage - DEBUG - Кол-во бар    : 116
20.02.2026 10:42:42 - FileStorage - DEBUG - Фильтр с 03.10.2025 10:42
20.02.2026 10:42:42 - AlorPy - DEBUG - Запрос : /md/v2/history?exchange=MOEX&symbol=RIH6&tf=D&from=1771545600&to=1771573361&format=Simple
20.02.2026 10:42:42 - FileStorage - DEBUG - Первый бар    : SPBFUT.RIM6 (D1) 2025-10-04 00:00:00 Open: 101350.0, High: 101350.0, Low: 101350.0, Close: 101350.0, Volume: 1.0
20.02.2026 10:42:42 - AlorPy - DEBUG - Ответ  : {"history":[{"time":1771545600,"close":116030.00000,"open":116130.00000,"high":116400.00000,"low":115810.00000,"volume":6367}],"next":null,"prev":1771459200}
20.02.2026 10:42:42 - FileStorage - DEBUG - Последний бар : SPBFUT.RIM6 (D1) 2026-02-20 00:00:00 Open: 116470.0, High: 116770.0, Low: 116290.0, Close: 116500.0, Volume: 61.0
20.02.2026 10:42:42 - FileStorage - DEBUG - Первый бар    : 06.10.2025 00:00
20.02.2026 10:42:42 - FileStorage - DEBUG - Кол-во бар    : 107
20.02.2026 10:42:42 - FileStorage - DEBUG - Получение файла C:\Users\шадрин\PycharmProjects\CenterStrikeVolatility_API\FinLabPy\Storage\..\..\Data\Alor\SPBFUT.RIH6_D1.txt
20.02.2026 10:42:42 - FileStorage - DEBUG - Последний бар : 20.02.2026 00:00
20.02.2026 10:42:42 - FileStorage - DEBUG - Кол-во бар    : 96
20.02.2026 10:42:42 - FileStorage - DEBUG - Сохранение файла C:\Users\шадрин\PycharmProjects\CenterStrikeVolatility_API\FinLabPy\Storage\..\..\Data\Alor\SPBFUT.SiH6_D1.txt
20.02.2026 10:42:42 - FileStorage - DEBUG - Первый бар    : 06.10.2025 00:00
20.02.2026 10:42:42 - FileStorage - DEBUG - Первый бар    : 04.10.2025 00:00
20.02.2026 10:42:42 - FileStorage - DEBUG - Последний бар : 20.02.2026 00:00
20.02.2026 10:42:42 - FileStorage - DEBUG - Последний бар : 20.02.2026 00:00
20.02.2026 10:42:42 - FileStorage - DEBUG - Кол-во бар    : 96
20.02.2026 10:42:42 - FileStorage - DEBUG - Кол-во бар    : 122
20.02.2026 10:42:42 - FileStorage - DEBUG - Сохранение файла C:\Users\шадрин\PycharmProjects\CenterStrikeVolatility_API\FinLabPy\Storage\..\..\Data\Alor\SPBFUT.RIH6_D1.txt
20.02.2026 10:42:42 - Schedule.BarsStream - DEBUG - Текущая дата и время на бирже: 20.02.2026 10:42:42
20.02.2026 10:42:42 - Schedule.BarsStream - DEBUG - Нужно получить бар: 20.02.2026 00:00:00
20.02.2026 10:42:42 - Schedule.BarsStream - DEBUG - Время запроса бара: 23.02.2026 09:00:03
20.02.2026 10:42:42 - Schedule.BarsStream - DEBUG - Ожидание в секундах: 253041.0
20.02.2026 10:42:42 - FileStorage - DEBUG - Первый бар    : 04.10.2025 00:00
20.02.2026 10:42:42 - FileStorage - DEBUG - Последний бар : 20.02.2026 00:00
20.02.2026 10:42:42 - FileStorage - DEBUG - Кол-во бар    : 122
20.02.2026 10:42:42 - Schedule.BarsStream - DEBUG - Текущая дата и время на бирже: 20.02.2026 10:42:42
20.02.2026 10:42:42 - Schedule.BarsStream - DEBUG - Нужно получить бар: 20.02.2026 00:00:00
20.02.2026 10:42:42 - Schedule.BarsStream - DEBUG - Время запроса бара: 23.02.2026 09:00:03
20.02.2026 10:42:42 - Schedule.BarsStream - DEBUG - Ожидание в секундах: 253041.0
20.02.2026 10:42:42 - FileStorage - DEBUG - Получение файла C:\Users\шадрин\PycharmProjects\CenterStrikeVolatility_API\FinLabPy\Storage\..\..\Data\Alor\SPBFUT.RIH6_D1.txt
20.02.2026 10:42:42 - FileStorage - DEBUG - Получение файла C:\Users\шадрин\PycharmProjects\CenterStrikeVolatility_API\FinLabPy\Storage\..\..\Data\Alor\SPBFUT.SiH6_D1.txt
20.02.2026 10:42:42 - FileStorage - DEBUG - Первый бар    : 06.10.2025 00:00
20.02.2026 10:42:42 - FileStorage - DEBUG - Последний бар : 20.02.2026 00:00
20.02.2026 10:42:42 - FileStorage - DEBUG - Кол-во бар    : 96
20.02.2026 10:42:42 - FileStorage - DEBUG - Фильтр с 03.10.2025 10:42
20.02.2026 10:42:42 - FileStorage - DEBUG - Первый бар    : SPBFUT.SiH6 (D1) 2025-10-06 00:00:00 Open: 87.101, High: 87.638, Low: 86.591, Close: 86.731, Volume: 10858.0
20.02.2026 10:42:42 - FileStorage - DEBUG - Последний бар : SPBFUT.SiH6 (D1) 2026-02-20 00:00:00 Open: 76.23, High: 76.5, Low: 76.123, Close: 76.44, Volume: 91535.0
20.02.2026 10:42:42 - FileStorage - DEBUG - Первый бар    : 04.10.2025 00:00
20.02.2026 10:42:42 - FileStorage - DEBUG - Кол-во бар    : 96
20.02.2026 10:42:42 - FileStorage - DEBUG - Последний бар : 20.02.2026 00:00
20.02.2026 10:42:42 - FileStorage - DEBUG - Кол-во бар    : 122
20.02.2026 10:42:42 - FileStorage - DEBUG - Фильтр с 03.10.2025 10:42
20.02.2026 10:42:42 - FileStorage - DEBUG - Первый бар    : SPBFUT.RIH6 (D1) 2025-10-04 00:00:00 Open: 100060.0, High: 100060.0, Low: 98820.0, Close: 99270.0, Volume: 83.0
20.02.2026 10:42:42 - FileStorage - DEBUG - Последний бар : SPBFUT.RIH6 (D1) 2026-02-20 00:00:00 Open: 116130.0, High: 116400.0, Low: 115810.0, Close: 116030.0, Volume: 6367.0
20.02.2026 10:42:42 - FileStorage - DEBUG - Кол-во бар    : 122
20.02.2026 10:42:42 - AlorPy - DEBUG - Запрос : /md/v2/history?exchange=MOEX&symbol=SRH6&tf=D&from=1771545600&to=1771573361&format=Simple
20.02.2026 10:42:42 - AlorPy - DEBUG - Ответ  : {"history":[{"time":1771545600,"close":31754.00000,"open":31703.00000,"high":31776.00000,"low":31693.00000,"volume":9432}],"next":null,"prev":1771459200}
20.02.2026 10:42:42 - FileStorage - DEBUG - Получение файла C:\Users\шадрин\PycharmProjects\CenterStrikeVolatility_API\FinLabPy\Storage\..\..\Data\Alor\SPBFUT.SRH6_D1.txt
20.02.2026 10:42:42 - FileStorage - DEBUG - Первый бар    : 04.10.2025 00:00
20.02.2026 10:42:42 - FileStorage - DEBUG - Последний бар : 20.02.2026 00:00
20.02.2026 10:42:42 - FileStorage - DEBUG - Кол-во бар    : 122
20.02.2026 10:42:42 - FileStorage - DEBUG - Сохранение файла C:\Users\шадрин\PycharmProjects\CenterStrikeVolatility_API\FinLabPy\Storage\..\..\Data\Alor\SPBFUT.SRH6_D1.txt
20.02.2026 10:42:42 - FileStorage - DEBUG - Первый бар    : 04.10.2025 00:00
20.02.2026 10:42:42 - FileStorage - DEBUG - Последний бар : 20.02.2026 00:00
20.02.2026 10:42:42 - FileStorage - DEBUG - Кол-во бар    : 122
20.02.2026 10:42:42 - Schedule.BarsStream - DEBUG - Текущая дата и время на бирже: 20.02.2026 10:42:42
20.02.2026 10:42:42 - Schedule.BarsStream - DEBUG - Нужно получить бар: 20.02.2026 00:00:00
20.02.2026 10:42:42 - Schedule.BarsStream - DEBUG - Время запроса бара: 23.02.2026 09:00:03
20.02.2026 10:42:42 - Schedule.BarsStream - DEBUG - Ожидание в секундах: 253041.0
20.02.2026 10:42:42 - FileStorage - DEBUG - Получение файла C:\Users\шадрин\PycharmProjects\CenterStrikeVolatility_API\FinLabPy\Storage\..\..\Data\Alor\SPBFUT.SRH6_D1.txt
20.02.2026 10:42:42 - FileStorage - DEBUG - Первый бар    : 04.10.2025 00:00
20.02.2026 10:42:42 - FileStorage - DEBUG - Последний бар : 20.02.2026 00:00
20.02.2026 10:42:42 - FileStorage - DEBUG - Кол-во бар    : 122
20.02.2026 10:42:42 - FileStorage - DEBUG - Фильтр с 03.10.2025 10:42
20.02.2026 10:42:42 - FileStorage - DEBUG - Первый бар    : SPBFUT.SRH6 (D1) 2025-10-04 00:00:00 Open: 305.03, High: 305.03, Low: 302.3, Close: 302.79, Volume: 102.0
20.02.2026 10:42:42 - FileStorage - DEBUG - Последний бар : SPBFUT.SRH6 (D1) 2026-02-20 00:00:00 Open: 317.03, High: 317.76, Low: 316.93, Close: 317.54, Volume: 9432.0
20.02.2026 10:42:42 - FileStorage - DEBUG - Кол-во бар    : 122
20.02.2026 10:42:42 - FileStorage - DEBUG - Получение файла C:\Users\шадрин\PycharmProjects\CenterStrikeVolatility_API\FinLabPy\Storage\..\..\Data\Alor\SPBFUT.RIH6_M15.txt
20.02.2026 10:42:42 - AlorPy - DEBUG - Запрос : /md/v2/history?exchange=MOEX&symbol=SiM6&tf=D&from=1771545600&to=1771573361&format=Simple
20.02.2026 10:42:42 - AlorPy - DEBUG - Ответ  : {"history":[{"time":1771545600,"close":77962.00000,"open":77910.00000,"high":78015.00000,"low":77770.00000,"volume":10482}],"next":null,"prev":1771459200}
20.02.2026 10:42:42 - FileStorage - DEBUG - Первый бар    : 03.10.2025 10:45
20.02.2026 10:42:42 - FileStorage - DEBUG - Последний бар : 20.02.2026 10:15
20.02.2026 10:42:42 - FileStorage - DEBUG - Кол-во бар    : 5605
20.02.2026 10:42:42 - FileStorage - DEBUG - Получение файла C:\Users\шадрин\PycharmProjects\CenterStrikeVolatility_API\FinLabPy\Storage\..\..\Data\Alor\SPBFUT.SiM6_D1.txt
20.02.2026 10:42:43 - FileStorage - DEBUG - Первый бар    : 06.10.2025 00:00
20.02.2026 10:42:43 - FileStorage - DEBUG - Последний бар : 20.02.2026 00:00
20.02.2026 10:42:43 - FileStorage - DEBUG - Кол-во бар    : 96
20.02.2026 10:42:43 - FileStorage - DEBUG - Сохранение файла C:\Users\шадрин\PycharmProjects\CenterStrikeVolatility_API\FinLabPy\Storage\..\..\Data\Alor\SPBFUT.SiM6_D1.txt
20.02.2026 10:42:43 - FileStorage - DEBUG - Первый бар    : 06.10.2025 00:00
20.02.2026 10:42:43 - FileStorage - DEBUG - Последний бар : 20.02.2026 00:00
20.02.2026 10:42:43 - FileStorage - DEBUG - Кол-во бар    : 96
20.02.2026 10:42:43 - Schedule.BarsStream - DEBUG - Текущая дата и время на бирже: 20.02.2026 10:42:43
20.02.2026 10:42:43 - Schedule.BarsStream - DEBUG - Нужно получить бар: 20.02.2026 00:00:00
20.02.2026 10:42:43 - FileStorage - DEBUG - Фильтр с 03.10.2025 10:42
20.02.2026 10:42:43 - AlorPy - DEBUG - Запрос : /md/v2/history?exchange=MOEX&symbol=RIM6&tf=D&from=1771545600&to=1771573362&format=Simple
20.02.2026 10:42:43 - Schedule.BarsStream - DEBUG - Время запроса бара: 23.02.2026 09:00:03
20.02.2026 10:42:43 - FileStorage - DEBUG - Первый бар    : SPBFUT.RIH6 (M15) 2025-10-03 10:45:00 Open: 103860.0, High: 103860.0, Low: 103860.0, Close: 103860.0, Volume: 1.0
20.02.2026 10:42:43 - AlorPy - DEBUG - Ответ  : {"history":[{"time":1771545600,"close":116500.00000,"open":116470.00000,"high":116770.00000,"low":116290.00000,"volume":61}],"next":null,"prev":1771459200}
20.02.2026 10:42:43 - Schedule.BarsStream - DEBUG - Ожидание в секундах: 253040.0
20.02.2026 10:42:43 - FileStorage - DEBUG - Последний бар : SPBFUT.RIH6 (M15) 2026-02-20 10:15:00 Open: 115880.0, High: 116070.0, Low: 115810.0, Close: 116010.0, Volume: 1091.0
20.02.2026 10:42:43 - FileStorage - DEBUG - Получение файла C:\Users\шадрин\PycharmProjects\CenterStrikeVolatility_API\FinLabPy\Storage\..\..\Data\Alor\SPBFUT.RIM6_D1.txt
20.02.2026 10:42:43 - FileStorage - DEBUG - Кол-во бар    : 5605
20.02.2026 10:42:43 - FileStorage - DEBUG - Получение файла C:\Users\шадрин\PycharmProjects\CenterStrikeVolatility_API\FinLabPy\Storage\..\..\Data\Alor\SPBFUT.SiM6_D1.txt
20.02.2026 10:42:43 - FileStorage - DEBUG - Первый бар    : 04.10.2025 00:00
20.02.2026 10:42:43 - FileStorage - DEBUG - Последний бар : 20.02.2026 00:00
20.02.2026 10:42:43 - FileStorage - DEBUG - Кол-во бар    : 107
20.02.2026 10:42:43 - FileStorage - DEBUG - Первый бар    : 06.10.2025 00:00
20.02.2026 10:42:43 - FileStorage - DEBUG - Сохранение файла C:\Users\шадрин\PycharmProjects\CenterStrikeVolatility_API\FinLabPy\Storage\..\..\Data\Alor\SPBFUT.RIM6_D1.txt
20.02.2026 10:42:43 - FileStorage - DEBUG - Последний бар : 20.02.2026 00:00
20.02.2026 10:42:43 - FileStorage - DEBUG - Кол-во бар    : 96
20.02.2026 10:42:43 - FileStorage - DEBUG - Фильтр с 03.10.2025 10:42
20.02.2026 10:42:43 - FileStorage - DEBUG - Первый бар    : SPBFUT.SiM6 (D1) 2025-10-06 00:00:00 Open: 89.804, High: 90.272, Low: 89.304, Close: 89.513, Volume: 322.0
20.02.2026 10:42:43 - FileStorage - DEBUG - Последний бар : SPBFUT.SiM6 (D1) 2026-02-20 00:00:00 Open: 77.91, High: 78.015, Low: 77.77, Close: 77.962, Volume: 10482.0
20.02.2026 10:42:43 - FileStorage - DEBUG - Кол-во бар    : 96
20.02.2026 10:42:43 - FileStorage - DEBUG - Первый бар    : 04.10.2025 00:00
20.02.2026 10:42:43 - FileStorage - DEBUG - Последний бар : 20.02.2026 00:00
20.02.2026 10:42:43 - FileStorage - DEBUG - Кол-во бар    : 107
20.02.2026 10:42:43 - Schedule.BarsStream - DEBUG - Текущая дата и время на бирже: 20.02.2026 10:42:43
20.02.2026 10:42:43 - Schedule.BarsStream - DEBUG - Нужно получить бар: 20.02.2026 00:00:00
20.02.2026 10:42:43 - Schedule.BarsStream - DEBUG - Время запроса бара: 23.02.2026 09:00:03
20.02.2026 10:42:43 - Schedule.BarsStream - DEBUG - Ожидание в секундах: 253040.0
20.02.2026 10:42:43 - FileStorage - DEBUG - Получение файла C:\Users\шадрин\PycharmProjects\CenterStrikeVolatility_API\FinLabPy\Storage\..\..\Data\Alor\SPBFUT.RIM6_D1.txt
20.02.2026 10:42:43 - FileStorage - DEBUG - Первый бар    : 04.10.2025 00:00
20.02.2026 10:42:43 - AlorPy - DEBUG - Запрос : /md/v2/history?exchange=MOEX&symbol=RIH6&tf=D&from=1771545600&to=1771573362&format=Simple
20.02.2026 10:42:43 - FileStorage - DEBUG - Последний бар : 20.02.2026 00:00
20.02.2026 10:42:43 - AlorPy - DEBUG - Ответ  : {"history":[{"time":1771545600,"close":116030.00000,"open":116130.00000,"high":116400.00000,"low":115810.00000,"volume":6367}],"next":null,"prev":1771459200}
20.02.2026 10:42:43 - AlorPy - DEBUG - Запрос : /md/v2/history?exchange=MOEX&symbol=SRM6&tf=D&from=1771545600&to=1771573362&format=Simple
20.02.2026 10:42:43 - FileStorage - DEBUG - Кол-во бар    : 107
20.02.2026 10:42:43 - FileStorage - DEBUG - Получение файла C:\Users\шадрин\PycharmProjects\CenterStrikeVolatility_API\FinLabPy\Storage\..\..\Data\Alor\SPBFUT.RIH6_D1.txt
20.02.2026 10:42:43 - AlorPy - DEBUG - Ответ  : {"history":[{"time":1771545600,"close":32815.00000,"open":32770.00000,"high":32840.00000,"low":32762.00000,"volume":378}],"next":null,"prev":1771459200}
20.02.2026 10:42:43 - FileStorage - DEBUG - Фильтр с 03.10.2025 10:42
20.02.2026 10:42:43 - FileStorage - DEBUG - Первый бар    : SPBFUT.RIM6 (D1) 2025-10-04 00:00:00 Open: 101350.0, High: 101350.0, Low: 101350.0, Close: 101350.0, Volume: 1.0
20.02.2026 10:42:43 - FileStorage - DEBUG - Последний бар : SPBFUT.RIM6 (D1) 2026-02-20 00:00:00 Open: 116470.0, High: 116770.0, Low: 116290.0, Close: 116500.0, Volume: 61.0
20.02.2026 10:42:43 - FileStorage - DEBUG - Кол-во бар    : 107
20.02.2026 10:42:43 - FileStorage - DEBUG - Получение файла C:\Users\шадрин\PycharmProjects\CenterStrikeVolatility_API\FinLabPy\Storage\..\..\Data\Alor\SPBFUT.SRM6_D1.txt
20.02.2026 10:42:43 - AlorPy - DEBUG - Запрос : /md/v2/history?exchange=MOEX&symbol=SiH6&tf=D&from=1771545600&to=1771573362&format=Simple
20.02.2026 10:42:43 - FileStorage - DEBUG - Первый бар    : 04.10.2025 00:00
20.02.2026 10:42:43 - AlorPy - DEBUG - Ответ  : {"history":[{"time":1771545600,"close":76440.00000,"open":76230.00000,"high":76500.00000,"low":76123.00000,"volume":91539}],"next":null,"prev":1771459200}
20.02.2026 10:42:43 - FileStorage - DEBUG - Последний бар : 20.02.2026 00:00
20.02.2026 10:42:43 - FileStorage - DEBUG - Кол-во бар    : 122
20.02.2026 10:42:43 - FileStorage - DEBUG - Получение файла C:\Users\шадрин\PycharmProjects\CenterStrikeVolatility_API\FinLabPy\Storage\..\..\Data\Alor\SPBFUT.SiH6_D1.txt
20.02.2026 10:42:43 - FileStorage - DEBUG - Сохранение файла C:\Users\шадрин\PycharmProjects\CenterStrikeVolatility_API\FinLabPy\Storage\..\..\Data\Alor\SPBFUT.RIH6_D1.txt
20.02.2026 10:42:43 - FileStorage - DEBUG - Первый бар    : 04.10.2025 00:00
20.02.2026 10:42:43 - FileStorage - DEBUG - Последний бар : 20.02.2026 00:00
20.02.2026 10:42:43 - FileStorage - DEBUG - Кол-во бар    : 116
20.02.2026 10:42:43 - FileStorage - DEBUG - Сохранение файла C:\Users\шадрин\PycharmProjects\CenterStrikeVolatility_API\FinLabPy\Storage\..\..\Data\Alor\SPBFUT.SRM6_D1.txt
20.02.2026 10:42:43 - FileStorage - DEBUG - Первый бар    : 04.10.2025 00:00
20.02.2026 10:42:43 - FileStorage - DEBUG - Первый бар    : 06.10.2025 00:00
20.02.2026 10:42:43 - FileStorage - DEBUG - Последний бар : 20.02.2026 00:00
20.02.2026 10:42:43 - FileStorage - DEBUG - Последний бар : 20.02.2026 00:00
20.02.2026 10:42:43 - FileStorage - DEBUG - Кол-во бар    : 122
20.02.2026 10:42:43 - AlorPy - DEBUG - Запрос : /md/v2/history?exchange=MOEX&symbol=SRH6&tf=D&from=1771545600&to=1771573362&format=Simple
20.02.2026 10:42:43 - FileStorage - DEBUG - Первый бар    : 04.10.2025 00:00
20.02.2026 10:42:43 - FileStorage - DEBUG - Кол-во бар    : 96
20.02.2026 10:42:43 - AlorPy - DEBUG - Ответ  : {"history":[{"time":1771545600,"close":31756.00000,"open":31703.00000,"high":31776.00000,"low":31693.00000,"volume":9435}],"next":null,"prev":1771459200}
20.02.2026 10:42:43 - FileStorage - DEBUG - Последний бар : 20.02.2026 00:00
20.02.2026 10:42:43 - Schedule.BarsStream - DEBUG - Текущая дата и время на бирже: 20.02.2026 10:42:43
20.02.2026 10:42:43 - FileStorage - DEBUG - Сохранение файла C:\Users\шадрин\PycharmProjects\CenterStrikeVolatility_API\FinLabPy\Storage\..\..\Data\Alor\SPBFUT.SiH6_D1.txt
20.02.2026 10:42:43 - FileStorage - DEBUG - Кол-во бар    : 116
20.02.2026 10:42:43 - FileStorage - DEBUG - Получение файла C:\Users\шадрин\PycharmProjects\CenterStrikeVolatility_API\FinLabPy\Storage\..\..\Data\Alor\SPBFUT.SRH6_D1.txt
20.02.2026 10:42:43 - Schedule.BarsStream - DEBUG - Нужно получить бар: 20.02.2026 00:00:00
20.02.2026 10:42:43 - Schedule.BarsStream - DEBUG - Текущая дата и время на бирже: 20.02.2026 10:42:43
20.02.2026 10:42:43 - Schedule.BarsStream - DEBUG - Время запроса бара: 23.02.2026 09:00:03
20.02.2026 10:42:43 - Schedule.BarsStream - DEBUG - Нужно получить бар: 20.02.2026 00:00:00
20.02.2026 10:42:43 - FileStorage - DEBUG - Первый бар    : 06.10.2025 00:00
20.02.2026 10:42:43 - Schedule.BarsStream - DEBUG - Ожидание в секундах: 253040.0
20.02.2026 10:42:43 - Schedule.BarsStream - DEBUG - Время запроса бара: 23.02.2026 09:00:03
20.02.2026 10:42:43 - FileStorage - DEBUG - Последний бар : 20.02.2026 00:00
20.02.2026 10:42:43 - Schedule.BarsStream - DEBUG - Ожидание в секундах: 253040.0
20.02.2026 10:42:43 - FileStorage - DEBUG - Получение файла C:\Users\шадрин\PycharmProjects\CenterStrikeVolatility_API\FinLabPy\Storage\..\..\Data\Alor\SPBFUT.RIH6_D1.txt
20.02.2026 10:42:43 - FileStorage - DEBUG - Первый бар    : 04.10.2025 00:00
20.02.2026 10:42:43 - FileStorage - DEBUG - Кол-во бар    : 96
20.02.2026 10:42:43 - FileStorage - DEBUG - Последний бар : 20.02.2026 00:00
20.02.2026 10:42:43 - FileStorage - DEBUG - Получение файла C:\Users\шадрин\PycharmProjects\CenterStrikeVolatility_API\FinLabPy\Storage\..\..\Data\Alor\SPBFUT.SRM6_D1.txt
20.02.2026 10:42:43 - Schedule.BarsStream - DEBUG - Текущая дата и время на бирже: 20.02.2026 10:42:43
20.02.2026 10:42:43 - FileStorage - DEBUG - Кол-во бар    : 122
20.02.2026 10:42:43 - Schedule.BarsStream - DEBUG - Нужно получить бар: 20.02.2026 00:00:00
20.02.2026 10:42:43 - FileStorage - DEBUG - Первый бар    : 04.10.2025 00:00
20.02.2026 10:42:43 - Schedule.BarsStream - DEBUG - Время запроса бара: 23.02.2026 09:00:03
20.02.2026 10:42:43 - FileStorage - DEBUG - Последний бар : 20.02.2026 00:00
20.02.2026 10:42:43 - FileStorage - DEBUG - Сохранение файла C:\Users\шадрин\PycharmProjects\CenterStrikeVolatility_API\FinLabPy\Storage\..\..\Data\Alor\SPBFUT.SRH6_D1.txt
20.02.2026 10:42:43 - Schedule.BarsStream - DEBUG - Ожидание в секундах: 253040.0
20.02.2026 10:42:43 - FileStorage - DEBUG - Кол-во бар    : 122
20.02.2026 10:42:43 - FileStorage - DEBUG - Первый бар    : 04.10.2025 00:00
20.02.2026 10:42:43 - FileStorage - DEBUG - Фильтр с 03.10.2025 10:42
20.02.2026 10:42:43 - FileStorage - DEBUG - Получение файла C:\Users\шадрин\PycharmProjects\CenterStrikeVolatility_API\FinLabPy\Storage\..\..\Data\Alor\SPBFUT.SiH6_D1.txt
20.02.2026 10:42:43 - FileStorage - DEBUG - Последний бар : 20.02.2026 00:00
20.02.2026 10:42:43 - FileStorage - DEBUG - Первый бар    : SPBFUT.RIH6 (D1) 2025-10-04 00:00:00 Open: 100060.0, High: 100060.0, Low: 98820.0, Close: 99270.0, Volume: 83.0
20.02.2026 10:42:43 - FileStorage - DEBUG - Кол-во бар    : 116
20.02.2026 10:42:43 - FileStorage - DEBUG - Первый бар    : 04.10.2025 00:00
20.02.2026 10:42:43 - FileStorage - DEBUG - Последний бар : SPBFUT.RIH6 (D1) 2026-02-20 00:00:00 Open: 116130.0, High: 116400.0, Low: 115810.0, Close: 116030.0, Volume: 6367.0
20.02.2026 10:42:43 - FileStorage - DEBUG - Фильтр с 03.10.2025 10:42
20.02.2026 10:42:43 - FileStorage - DEBUG - Последний бар : 20.02.2026 00:00
20.02.2026 10:42:43 - FileStorage - DEBUG - Кол-во бар    : 122
20.02.2026 10:42:43 - FileStorage - DEBUG - Первый бар    : SPBFUT.SRM6 (D1) 2025-10-04 00:00:00 Open: 314.01, High: 315.32, Low: 313.37, Close: 313.37, Volume: 3.0
20.02.2026 10:42:43 - FileStorage - DEBUG - Кол-во бар    : 122
20.02.2026 10:42:43 - FileStorage - DEBUG - Первый бар    : 06.10.2025 00:00
20.02.2026 10:42:43 - FileStorage - DEBUG - Последний бар : SPBFUT.SRM6 (D1) 2026-02-20 00:00:00 Open: 327.7, High: 328.4, Low: 327.62, Close: 328.15, Volume: 378.0
20.02.2026 10:42:43 - FileStorage - DEBUG - Последний бар : 20.02.2026 00:00
20.02.2026 10:42:43 - FileStorage - DEBUG - Кол-во бар    : 116
20.02.2026 10:42:43 - Schedule.BarsStream - DEBUG - Текущая дата и время на бирже: 20.02.2026 10:42:43
20.02.2026 10:42:43 - FileStorage - DEBUG - Кол-во бар    : 96
20.02.2026 10:42:43 - Schedule.BarsStream - DEBUG - Нужно получить бар: 20.02.2026 00:00:00
20.02.2026 10:42:43 - FileStorage - DEBUG - Фильтр с 03.10.2025 10:42
20.02.2026 10:42:43 - Schedule.BarsStream - DEBUG - Время запроса бара: 23.02.2026 09:00:03
20.02.2026 10:42:43 - FileStorage - DEBUG - Первый бар    : SPBFUT.SiH6 (D1) 2025-10-06 00:00:00 Open: 87.101, High: 87.638, Low: 86.591, Close: 86.731, Volume: 10858.0
20.02.2026 10:42:43 - Schedule.BarsStream - DEBUG - Ожидание в секундах: 253040.0
20.02.2026 10:42:43 - FileStorage - DEBUG - Последний бар : SPBFUT.SiH6 (D1) 2026-02-20 00:00:00 Open: 76.23, High: 76.5, Low: 76.123, Close: 76.44, Volume: 91539.0
20.02.2026 10:42:43 - FileStorage - DEBUG - Кол-во бар    : 96
20.02.2026 10:42:43 - FileStorage - DEBUG - Получение файла C:\Users\шадрин\PycharmProjects\CenterStrikeVolatility_API\FinLabPy\Storage\..\..\Data\Alor\SPBFUT.SRH6_D1.txt
20.02.2026 10:42:43 - FileStorage - DEBUG - Первый бар    : 04.10.2025 00:00
20.02.2026 10:42:43 - FileStorage - DEBUG - Последний бар : 20.02.2026 00:00
20.02.2026 10:42:43 - FileStorage - DEBUG - Кол-во бар    : 122
20.02.2026 10:42:43 - FileStorage - DEBUG - Фильтр с 03.10.2025 10:42
20.02.2026 10:42:43 - FileStorage - DEBUG - Первый бар    : SPBFUT.SRH6 (D1) 2025-10-04 00:00:00 Open: 305.03, High: 305.03, Low: 302.3, Close: 302.79, Volume: 102.0
20.02.2026 10:42:43 - FileStorage - DEBUG - Последний бар : SPBFUT.SRH6 (D1) 2026-02-20 00:00:00 Open: 317.03, High: 317.76, Low: 316.93, Close: 317.56, Volume: 9435.0
20.02.2026 10:42:43 - FileStorage - DEBUG - Кол-во бар    : 122
20.02.2026 10:42:44 - AlorPy - DEBUG - Запрос : /md/v2/history?exchange=MOEX&symbol=RIH6&tf=900&from=1771571700&to=1771573363&format=Simple
20.02.2026 10:42:44 - AlorPy - DEBUG - Ответ  : {"history":[{"time":1771571700,"close":116140.00000,"open":115880.00000,"high":116170.00000,"low":115810.00000,"volume":1507},{"time":1771572600,"close":116030.00000,"open":116140.00000,"high":116190.00000,"low":116010.00000,"volume":790}],"next":null,"prev":1771569900}
20.02.2026 10:42:44 - AlorPy - DEBUG - Запрос : /md/v2/history?exchange=MOEX&symbol=SiM6&tf=D&from=1771545600&to=1771573363&format=Simple
20.02.2026 10:42:45 - AlorPy - DEBUG - Ответ  : {"history":[{"time":1771545600,"close":77962.00000,"open":77910.00000,"high":78015.00000,"low":77770.00000,"volume":10490}],"next":null,"prev":1771459200}
20.02.2026 10:42:45 - FileStorage - DEBUG - Получение файла C:\Users\шадрин\PycharmProjects\CenterStrikeVolatility_API\FinLabPy\Storage\..\..\Data\Alor\SPBFUT.SiM6_D1.txt
20.02.2026 10:42:45 - FileStorage - DEBUG - Получение файла C:\Users\шадрин\PycharmProjects\CenterStrikeVolatility_API\FinLabPy\Storage\..\..\Data\Alor\SPBFUT.RIH6_M15.txt
20.02.2026 10:42:45 - FileStorage - DEBUG - Первый бар    : 06.10.2025 00:00
20.02.2026 10:42:45 - FileStorage - DEBUG - Последний бар : 20.02.2026 00:00
20.02.2026 10:42:45 - FileStorage - DEBUG - Кол-во бар    : 96
20.02.2026 10:42:45 - FileStorage - DEBUG - Сохранение файла C:\Users\шадрин\PycharmProjects\CenterStrikeVolatility_API\FinLabPy\Storage\..\..\Data\Alor\SPBFUT.SiM6_D1.txt
20.02.2026 10:42:45 - AlorPy - DEBUG - Запрос : /md/v2/history?exchange=MOEX&symbol=RIM6&tf=D&from=1771545600&to=1771573363&format=Simple
20.02.2026 10:42:45 - AlorPy - DEBUG - Ответ  : {"history":[{"time":1771545600,"close":116500.00000,"open":116470.00000,"high":116770.00000,"low":116290.00000,"volume":61}],"next":null,"prev":1771459200}
20.02.2026 10:42:45 - FileStorage - DEBUG - Первый бар    : 06.10.2025 00:00
20.02.2026 10:42:45 - FileStorage - DEBUG - Получение файла C:\Users\шадрин\PycharmProjects\CenterStrikeVolatility_API\FinLabPy\Storage\..\..\Data\Alor\SPBFUT.RIM6_D1.txt
20.02.2026 10:42:45 - FileStorage - DEBUG - Последний бар : 20.02.2026 00:00
20.02.2026 10:42:45 - AlorPy - DEBUG - Запрос : /md/v2/history?exchange=MOEX&symbol=SRM6&tf=D&from=1771545600&to=1771573363&format=Simple
20.02.2026 10:42:45 - FileStorage - DEBUG - Кол-во бар    : 96
20.02.2026 10:42:45 - AlorPy - DEBUG - Ответ  : {"history":[{"time":1771545600,"close":32815.00000,"open":32770.00000,"high":32840.00000,"low":32762.00000,"volume":378}],"next":null,"prev":1771459200}
20.02.2026 10:42:45 - Schedule.BarsStream - DEBUG - Текущая дата и время на бирже: 20.02.2026 10:42:45
20.02.2026 10:42:45 - Schedule.BarsStream - DEBUG - Нужно получить бар: 20.02.2026 00:00:00
20.02.2026 10:42:45 - Schedule.BarsStream - DEBUG - Время запроса бара: 23.02.2026 09:00:03
20.02.2026 10:42:45 - Schedule.BarsStream - DEBUG - Ожидание в секундах: 253038.0
20.02.2026 10:42:45 - FileStorage - DEBUG - Получение файла C:\Users\шадрин\PycharmProjects\CenterStrikeVolatility_API\FinLabPy\Storage\..\..\Data\Alor\SPBFUT.SiM6_D1.txt
20.02.2026 10:42:45 - FileStorage - DEBUG - Получение файла C:\Users\шадрин\PycharmProjects\CenterStrikeVolatility_API\FinLabPy\Storage\..\..\Data\Alor\SPBFUT.SRM6_D1.txt
20.02.2026 10:42:45 - AlorPy - DEBUG - Запрос : /md/v2/history?exchange=MOEX&symbol=SRH6&tf=D&from=1771545600&to=1771573363&format=Simple
20.02.2026 10:42:45 - AlorPy - DEBUG - Ответ  : {"history":[{"time":1771545600,"close":31756.00000,"open":31703.00000,"high":31776.00000,"low":31693.00000,"volume":9435}],"next":null,"prev":1771459200}
20.02.2026 10:42:45 - FileStorage - DEBUG - Получение файла C:\Users\шадрин\PycharmProjects\CenterStrikeVolatility_API\FinLabPy\Storage\..\..\Data\Alor\SPBFUT.SRH6_D1.txt
20.02.2026 10:42:45 - FileStorage - DEBUG - Первый бар    : 04.10.2025 00:00
20.02.2026 10:42:45 - FileStorage - DEBUG - Последний бар : 20.02.2026 00:00
20.02.2026 10:42:45 - FileStorage - DEBUG - Кол-во бар    : 107
20.02.2026 10:42:45 - AlorPy - DEBUG - Запрос : /md/v2/history?exchange=MOEX&symbol=RIH6&tf=D&from=1771545600&to=1771573363&format=Simple
20.02.2026 10:42:45 - FileStorage - DEBUG - Сохранение файла C:\Users\шадрин\PycharmProjects\CenterStrikeVolatility_API\FinLabPy\Storage\..\..\Data\Alor\SPBFUT.RIM6_D1.txt
20.02.2026 10:42:45 - AlorPy - DEBUG - Ответ  : {"history":[{"time":1771545600,"close":116030.00000,"open":116130.00000,"high":116400.00000,"low":115810.00000,"volume":6367}],"next":null,"prev":1771459200}
20.02.2026 10:42:45 - FileStorage - DEBUG - Первый бар    : 04.10.2025 00:00
20.02.2026 10:42:45 - FileStorage - DEBUG - Последний бар : 20.02.2026 00:00
20.02.2026 10:42:45 - FileStorage - DEBUG - Кол-во бар    : 116
20.02.2026 10:42:45 - FileStorage - DEBUG - Первый бар    : 03.10.2025 10:45
20.02.2026 10:42:45 - FileStorage - DEBUG - Первый бар    : 06.10.2025 00:00
20.02.2026 10:42:45 - FileStorage - DEBUG - Сохранение файла C:\Users\шадрин\PycharmProjects\CenterStrikeVolatility_API\FinLabPy\Storage\..\..\Data\Alor\SPBFUT.SRM6_D1.txt
20.02.2026 10:42:45 - FileStorage - DEBUG - Последний бар : 20.02.2026 10:15
20.02.2026 10:42:45 - FileStorage - DEBUG - Последний бар : 20.02.2026 00:00
20.02.2026 10:42:45 - AlorPy - DEBUG - Запрос : /md/v2/history?exchange=MOEX&symbol=SiH6&tf=D&from=1771545600&to=1771573363&format=Simple
20.02.2026 10:42:45 - FileStorage - DEBUG - Первый бар    : 04.10.2025 00:00
20.02.2026 10:42:45 - FileStorage - DEBUG - Получение файла C:\Users\шадрин\PycharmProjects\CenterStrikeVolatility_API\FinLabPy\Storage\..\..\Data\Alor\SPBFUT.RIH6_D1.txt
20.02.2026 10:42:45 - FileStorage - DEBUG - Кол-во бар    : 5605
20.02.2026 10:42:45 - FileStorage - DEBUG - Первый бар    : 04.10.2025 00:00
20.02.2026 10:42:45 - FileStorage - DEBUG - Кол-во бар    : 96
20.02.2026 10:42:45 - AlorPy - DEBUG - Ответ  : {"history":[{"time":1771545600,"close":76440.00000,"open":76230.00000,"high":76500.00000,"low":76123.00000,"volume":91542}],"next":null,"prev":1771459200}
20.02.2026 10:42:45 - FileStorage - DEBUG - Последний бар : 20.02.2026 00:00
20.02.2026 10:42:45 - FileStorage - DEBUG - Первый бар    : 04.10.2025 00:00
20.02.2026 10:42:45 - FileStorage - DEBUG - Последний бар : 20.02.2026 00:00
20.02.2026 10:42:45 - FileStorage - DEBUG - Фильтр с 03.10.2025 10:42
20.02.2026 10:42:45 - FileStorage - DEBUG - Кол-во бар    : 122
20.02.2026 10:42:45 - FileStorage - DEBUG - Последний бар : 20.02.2026 00:00
20.02.2026 10:42:45 - FileStorage - DEBUG - Получение файла C:\Users\шадрин\PycharmProjects\CenterStrikeVolatility_API\FinLabPy\Storage\..\..\Data\Alor\SPBFUT.SiH6_D1.txt
20.02.2026 10:42:45 - FileStorage - DEBUG - Кол-во бар    : 107
20.02.2026 10:42:45 - FileStorage - DEBUG - Первый бар    : SPBFUT.SiM6 (D1) 2025-10-06 00:00:00 Open: 89.804, High: 90.272, Low: 89.304, Close: 89.513, Volume: 322.0
20.02.2026 10:42:45 - FileStorage - DEBUG - Сохранение файла C:\Users\шадрин\PycharmProjects\CenterStrikeVolatility_API\FinLabPy\Storage\..\..\Data\Alor\SPBFUT.SRH6_D1.txt
20.02.2026 10:42:45 - FileStorage - DEBUG - Кол-во бар    : 116
20.02.2026 10:42:45 - FileStorage - DEBUG - Первый бар    : 04.10.2025 00:00
20.02.2026 10:42:45 - Schedule.BarsStream - DEBUG - Текущая дата и время на бирже: 20.02.2026 10:42:45
20.02.2026 10:42:45 - FileStorage - DEBUG - Последний бар : SPBFUT.SiM6 (D1) 2026-02-20 00:00:00 Open: 77.91, High: 78.015, Low: 77.77, Close: 77.962, Volume: 10490.0
20.02.2026 10:42:45 - FileStorage - DEBUG - Последний бар : 20.02.2026 00:00
20.02.2026 10:42:45 - Schedule.BarsStream - DEBUG - Нужно получить бар: 20.02.2026 00:00:00
20.02.2026 10:42:45 - FileStorage - DEBUG - Кол-во бар    : 96
20.02.2026 10:42:45 - FileStorage - DEBUG - Первый бар    : 04.10.2025 00:00
20.02.2026 10:42:45 - FileStorage - DEBUG - Кол-во бар    : 122
20.02.2026 10:42:45 - Schedule.BarsStream - DEBUG - Текущая дата и время на бирже: 20.02.2026 10:42:45
20.02.2026 10:42:45 - Schedule.BarsStream - DEBUG - Время запроса бара: 23.02.2026 09:00:03
20.02.2026 10:42:45 - FileStorage - DEBUG - Последний бар : 20.02.2026 00:00
20.02.2026 10:42:45 - FileStorage - DEBUG - Первый бар    : 06.10.2025 00:00
20.02.2026 10:42:45 - FileStorage - DEBUG - Сохранение файла C:\Users\шадрин\PycharmProjects\CenterStrikeVolatility_API\FinLabPy\Storage\..\..\Data\Alor\SPBFUT.RIH6_D1.txt
20.02.2026 10:42:45 - Schedule.BarsStream - DEBUG - Нужно получить бар: 20.02.2026 00:00:00
20.02.2026 10:42:45 - Schedule.BarsStream - DEBUG - Ожидание в секундах: 253038.0
20.02.2026 10:42:45 - FileStorage - DEBUG - Кол-во бар    : 122
20.02.2026 10:42:45 - FileStorage - DEBUG - Последний бар : 20.02.2026 00:00
20.02.2026 10:42:45 - Schedule.BarsStream - DEBUG - Время запроса бара: 23.02.2026 09:00:03
20.02.2026 10:42:45 - FileStorage - DEBUG - Получение файла C:\Users\шадрин\PycharmProjects\CenterStrikeVolatility_API\FinLabPy\Storage\..\..\Data\Alor\SPBFUT.RIM6_D1.txt
20.02.2026 10:42:45 - Schedule.BarsStream - DEBUG - Текущая дата и время на бирже: 20.02.2026 10:42:45
20.02.2026 10:42:45 - FileStorage - DEBUG - Кол-во бар    : 96
20.02.2026 10:42:45 - FileStorage - DEBUG - Первый бар    : 04.10.2025 00:00
20.02.2026 10:42:45 - Schedule.BarsStream - DEBUG - Ожидание в секундах: 253038.0
20.02.2026 10:42:45 - Schedule.BarsStream - DEBUG - Нужно получить бар: 20.02.2026 00:00:00
20.02.2026 10:42:45 - FileStorage - DEBUG - Сохранение файла C:\Users\шадрин\PycharmProjects\CenterStrikeVolatility_API\FinLabPy\Storage\..\..\Data\Alor\SPBFUT.RIH6_M15.txt
20.02.2026 10:42:45 - FileStorage - DEBUG - Сохранение файла C:\Users\шадрин\PycharmProjects\CenterStrikeVolatility_API\FinLabPy\Storage\..\..\Data\Alor\SPBFUT.SiH6_D1.txt
20.02.2026 10:42:45 - FileStorage - DEBUG - Последний бар : 20.02.2026 00:00
20.02.2026 10:42:45 - Schedule.BarsStream - DEBUG - Время запроса бара: 23.02.2026 09:00:03
20.02.2026 10:42:45 - FileStorage - DEBUG - Получение файла C:\Users\шадрин\PycharmProjects\CenterStrikeVolatility_API\FinLabPy\Storage\..\..\Data\Alor\SPBFUT.SRM6_D1.txt
20.02.2026 10:42:45 - FileStorage - DEBUG - Первый бар    : 04.10.2025 00:00
20.02.2026 10:42:45 - FileStorage - DEBUG - Кол-во бар    : 122
20.02.2026 10:42:45 - Schedule.BarsStream - DEBUG - Ожидание в секундах: 253038.0
20.02.2026 10:42:45 - FileStorage - DEBUG - Последний бар : 20.02.2026 00:00
20.02.2026 10:42:45 - FileStorage - DEBUG - Первый бар    : 06.10.2025 00:00
20.02.2026 10:42:45 - Schedule.BarsStream - DEBUG - Текущая дата и время на бирже: 20.02.2026 10:42:45
20.02.2026 10:42:45 - FileStorage - DEBUG - Первый бар    : 04.10.2025 00:00
20.02.2026 10:42:45 - FileStorage - DEBUG - Кол-во бар    : 107
20.02.2026 10:42:45 - FileStorage - DEBUG - Последний бар : 20.02.2026 00:00
20.02.2026 10:42:45 - FileStorage - DEBUG - Получение файла C:\Users\шадрин\PycharmProjects\CenterStrikeVolatility_API\FinLabPy\Storage\..\..\Data\Alor\SPBFUT.SRH6_D1.txt
20.02.2026 10:42:45 - Schedule.BarsStream - DEBUG - Нужно получить бар: 20.02.2026 00:00:00
20.02.2026 10:42:45 - FileStorage - DEBUG - Последний бар : 20.02.2026 00:00
20.02.2026 10:42:45 - FileStorage - DEBUG - Фильтр с 03.10.2025 10:42
20.02.2026 10:42:45 - FileStorage - DEBUG - Кол-во бар    : 96
20.02.2026 10:42:45 - FileStorage - DEBUG - Первый бар    : 03.10.2025 10:45
20.02.2026 10:42:45 - Schedule.BarsStream - DEBUG - Время запроса бара: 23.02.2026 09:00:03
20.02.2026 10:42:45 - FileStorage - DEBUG - Кол-во бар    : 116
20.02.2026 10:42:45 - FileStorage - DEBUG - Первый бар    : SPBFUT.RIM6 (D1) 2025-10-04 00:00:00 Open: 101350.0, High: 101350.0, Low: 101350.0, Close: 101350.0, Volume: 1.0
20.02.2026 10:42:45 - Schedule.BarsStream - DEBUG - Текущая дата и время на бирже: 20.02.2026 10:42:45
20.02.2026 10:42:45 - FileStorage - DEBUG - Последний бар : 20.02.2026 10:30
20.02.2026 10:42:45 - Schedule.BarsStream - DEBUG - Ожидание в секундах: 253038.0
20.02.2026 10:42:45 - FileStorage - DEBUG - Фильтр с 03.10.2025 10:42
20.02.2026 10:42:45 - FileStorage - DEBUG - Последний бар : SPBFUT.RIM6 (D1) 2026-02-20 00:00:00 Open: 116470.0, High: 116770.0, Low: 116290.0, Close: 116500.0, Volume: 61.0
20.02.2026 10:42:45 - Schedule.BarsStream - DEBUG - Нужно получить бар: 20.02.2026 00:00:00
20.02.2026 10:42:45 - FileStorage - DEBUG - Кол-во бар    : 5606
20.02.2026 10:42:45 - FileStorage - DEBUG - Первый бар    : SPBFUT.SRM6 (D1) 2025-10-04 00:00:00 Open: 314.01, High: 315.32, Low: 313.37, Close: 313.37, Volume: 3.0
20.02.2026 10:42:45 - FileStorage - DEBUG - Первый бар    : 04.10.2025 00:00
20.02.2026 10:42:45 - FileStorage - DEBUG - Кол-во бар    : 107
20.02.2026 10:42:45 - Schedule.BarsStream - DEBUG - Время запроса бара: 23.02.2026 09:00:03
20.02.2026 10:42:45 - FileStorage - DEBUG - Последний бар : SPBFUT.SRM6 (D1) 2026-02-20 00:00:00 Open: 327.7, High: 328.4, Low: 327.62, Close: 328.15, Volume: 378.0
20.02.2026 10:42:45 - FileStorage - DEBUG - Получение файла C:\Users\шадрин\PycharmProjects\CenterStrikeVolatility_API\FinLabPy\Storage\..\..\Data\Alor\SPBFUT.RIH6_D1.txt
20.02.2026 10:42:45 - FileStorage - DEBUG - Последний бар : 20.02.2026 00:00
20.02.2026 10:42:45 - Schedule.BarsStream - DEBUG - Ожидание в секундах: 253038.0
20.02.2026 10:42:45 - FileStorage - DEBUG - Кол-во бар    : 116
20.02.2026 10:42:45 - FileStorage - DEBUG - Кол-во бар    : 122
20.02.2026 10:42:45 - FileStorage - DEBUG - Получение файла C:\Users\шадрин\PycharmProjects\CenterStrikeVolatility_API\FinLabPy\Storage\..\..\Data\Alor\SPBFUT.SiH6_D1.txt
20.02.2026 10:42:45 - FileStorage - DEBUG - Фильтр с 03.10.2025 10:42
20.02.2026 10:42:45 - FileStorage - DEBUG - Первый бар    : SPBFUT.SRH6 (D1) 2025-10-04 00:00:00 Open: 305.03, High: 305.03, Low: 302.3, Close: 302.79, Volume: 102.0
20.02.2026 10:42:45 - FileStorage - DEBUG - Последний бар : SPBFUT.SRH6 (D1) 2026-02-20 00:00:00 Open: 317.03, High: 317.76, Low: 316.93, Close: 317.56, Volume: 9435.0
20.02.2026 10:42:45 - FileStorage - DEBUG - Кол-во бар    : 122
20.02.2026 10:42:45 - FileStorage - DEBUG - Первый бар    : 04.10.2025 00:00
20.02.2026 10:42:45 - FileStorage - DEBUG - Последний бар : 20.02.2026 00:00
20.02.2026 10:42:45 - FileStorage - DEBUG - Кол-во бар    : 122
20.02.2026 10:42:45 - FileStorage - DEBUG - Фильтр с 03.10.2025 10:42
20.02.2026 10:42:45 - FileStorage - DEBUG - Первый бар    : SPBFUT.RIH6 (D1) 2025-10-04 00:00:00 Open: 100060.0, High: 100060.0, Low: 98820.0, Close: 99270.0, Volume: 83.0
20.02.2026 10:42:45 - FileStorage - DEBUG - Последний бар : SPBFUT.RIH6 (D1) 2026-02-20 00:00:00 Open: 116130.0, High: 116400.0, Low: 115810.0, Close: 116030.0, Volume: 6367.0
20.02.2026 10:42:45 - FileStorage - DEBUG - Кол-во бар    : 122
20.02.2026 10:42:45 - FileStorage - DEBUG - Первый бар    : 06.10.2025 00:00
20.02.2026 10:42:45 - FileStorage - DEBUG - Последний бар : 20.02.2026 00:00
20.02.2026 10:42:45 - FileStorage - DEBUG - Кол-во бар    : 96
20.02.2026 10:42:45 - FileStorage - DEBUG - Фильтр с 03.10.2025 10:42
20.02.2026 10:42:45 - FileStorage - DEBUG - Первый бар    : SPBFUT.SiH6 (D1) 2025-10-06 00:00:00 Open: 87.101, High: 87.638, Low: 86.591, Close: 86.731, Volume: 10858.0
20.02.2026 10:42:45 - FileStorage - DEBUG - Последний бар : SPBFUT.SiH6 (D1) 2026-02-20 00:00:00 Open: 76.23, High: 76.5, Low: 76.123, Close: 76.44, Volume: 91542.0
20.02.2026 10:42:45 - FileStorage - DEBUG - Кол-во бар    : 96
20.02.2026 10:42:46 - AlorPy - DEBUG - Запрос : /md/v2/history?exchange=MOEX&symbol=SiM6&tf=D&from=1771545600&to=1771573365&format=Simple
20.02.2026 10:42:46 - AlorPy - DEBUG - Ответ  : {"history":[{"time":1771545600,"close":77962.00000,"open":77910.00000,"high":78015.00000,"low":77770.00000,"volume":10496}],"next":null,"prev":1771459200}
20.02.2026 10:42:46 - FileStorage - DEBUG - Получение файла C:\Users\шадрин\PycharmProjects\CenterStrikeVolatility_API\FinLabPy\Storage\..\..\Data\Alor\SPBFUT.SiM6_D1.txt
20.02.2026 10:42:46 - FileStorage - DEBUG - Первый бар    : 06.10.2025 00:00
20.02.2026 10:42:46 - FileStorage - DEBUG - Последний бар : 20.02.2026 00:00
20.02.2026 10:42:46 - FileStorage - DEBUG - Кол-во бар    : 96
20.02.2026 10:42:46 - FileStorage - DEBUG - Сохранение файла C:\Users\шадрин\PycharmProjects\CenterStrikeVolatility_API\FinLabPy\Storage\..\..\Data\Alor\SPBFUT.SiM6_D1.txt
20.02.2026 10:42:46 - FileStorage - DEBUG - Первый бар    : 06.10.2025 00:00
20.02.2026 10:42:46 - FileStorage - DEBUG - Последний бар : 20.02.2026 00:00
20.02.2026 10:42:46 - FileStorage - DEBUG - Кол-во бар    : 96
20.02.2026 10:42:46 - Schedule.BarsStream - DEBUG - Текущая дата и время на бирже: 20.02.2026 10:42:46
20.02.2026 10:42:46 - Schedule.BarsStream - DEBUG - Нужно получить бар: 20.02.2026 00:00:00
20.02.2026 10:42:46 - Schedule.BarsStream - DEBUG - Время запроса бара: 23.02.2026 09:00:03
20.02.2026 10:42:46 - Schedule.BarsStream - DEBUG - Ожидание в секундах: 253037.0
20.02.2026 10:42:46 - FileStorage - DEBUG - Получение файла C:\Users\шадрин\PycharmProjects\CenterStrikeVolatility_API\FinLabPy\Storage\..\..\Data\Alor\SPBFUT.SiM6_D1.txt
20.02.2026 10:42:46 - FileStorage - DEBUG - Первый бар    : 06.10.2025 00:00
20.02.2026 10:42:46 - FileStorage - DEBUG - Последний бар : 20.02.2026 00:00
20.02.2026 10:42:46 - FileStorage - DEBUG - Кол-во бар    : 96
20.02.2026 10:42:46 - FileStorage - DEBUG - Фильтр с 03.10.2025 10:42
20.02.2026 10:42:46 - FileStorage - DEBUG - Первый бар    : SPBFUT.SiM6 (D1) 2025-10-06 00:00:00 Open: 89.804, High: 90.272, Low: 89.304, Close: 89.513, Volume: 322.0
20.02.2026 10:42:46 - FileStorage - DEBUG - Последний бар : SPBFUT.SiM6 (D1) 2026-02-20 00:00:00 Open: 77.91, High: 78.015, Low: 77.77, Close: 77.962, Volume: 10496.0
20.02.2026 10:42:46 - FileStorage - DEBUG - Кол-во бар    : 96
20.02.2026 10:42:46 - FileStorage - DEBUG - Получение файла C:\Users\шадрин\PycharmProjects\CenterStrikeVolatility_API\FinLabPy\Storage\..\..\Data\Alor\SPBFUT.SiH6_M15.txt
20.02.2026 10:42:46 - FileStorage - DEBUG - Первый бар    : 03.10.2025 10:30
20.02.2026 10:42:46 - FileStorage - DEBUG - Последний бар : 20.02.2026 10:15
20.02.2026 10:42:46 - FileStorage - DEBUG - Кол-во бар    : 5785
20.02.2026 10:42:46 - AlorPy - DEBUG - Запрос : /md/v2/history?exchange=MOEX&symbol=SRM6&tf=D&from=1771545600&to=1771573365&format=Simple
20.02.2026 10:42:46 - AlorPy - DEBUG - Запрос : /md/v2/history?exchange=MOEX&symbol=RIM6&tf=D&from=1771545600&to=1771573365&format=Simple
20.02.2026 10:42:46 - AlorPy - DEBUG - Ответ  : {"history":[{"time":1771545600,"close":32815.00000,"open":32770.00000,"high":32840.00000,"low":32762.00000,"volume":378}],"next":null,"prev":1771459200}
20.02.2026 10:42:47 - AlorPy - DEBUG - Ответ  : {"history":[{"time":1771545600,"close":116500.00000,"open":116470.00000,"high":116770.00000,"low":116290.00000,"volume":61}],"next":null,"prev":1771459200}
20.02.2026 10:42:47 - AlorPy - DEBUG - Запрос : /md/v2/history?exchange=MOEX&symbol=SiH6&tf=D&from=1771545600&to=1771573365&format=Simple
20.02.2026 10:42:47 - AlorPy - DEBUG - Запрос : /md/v2/history?exchange=MOEX&symbol=RIH6&tf=D&from=1771545600&to=1771573365&format=Simple
20.02.2026 10:42:47 - AlorPy - DEBUG - Ответ  : {"history":[{"time":1771545600,"close":76439.00000,"open":76230.00000,"high":76500.00000,"low":76123.00000,"volume":91548}],"next":null,"prev":1771459200}
20.02.2026 10:42:47 - AlorPy - DEBUG - Запрос : /md/v2/history?exchange=MOEX&symbol=SRH6&tf=D&from=1771545600&to=1771573365&format=Simple
20.02.2026 10:42:47 - FileStorage - DEBUG - Получение файла C:\Users\шадрин\PycharmProjects\CenterStrikeVolatility_API\FinLabPy\Storage\..\..\Data\Alor\SPBFUT.RIM6_D1.txt
20.02.2026 10:42:47 - FileStorage - DEBUG - Получение файла C:\Users\шадрин\PycharmProjects\CenterStrikeVolatility_API\FinLabPy\Storage\..\..\Data\Alor\SPBFUT.SRM6_D1.txt
20.02.2026 10:42:47 - AlorPy - DEBUG - Ответ  : {"history":[{"time":1771545600,"close":116050.00000,"open":116130.00000,"high":116400.00000,"low":115810.00000,"volume":6369}],"next":null,"prev":1771459200}
20.02.2026 10:42:47 - AlorPy - DEBUG - Ответ  : {"history":[{"time":1771545600,"close":31756.00000,"open":31703.00000,"high":31776.00000,"low":31693.00000,"volume":9435}],"next":null,"prev":1771459200}
20.02.2026 10:42:47 - FileStorage - DEBUG - Получение файла C:\Users\шадрин\PycharmProjects\CenterStrikeVolatility_API\FinLabPy\Storage\..\..\Data\Alor\SPBFUT.SiH6_D1.txt
20.02.2026 10:42:47 - FileStorage - DEBUG - Получение файла C:\Users\шадрин\PycharmProjects\CenterStrikeVolatility_API\FinLabPy\Storage\..\..\Data\Alor\SPBFUT.RIH6_D1.txt
20.02.2026 10:42:47 - FileStorage - DEBUG - Получение файла C:\Users\шадрин\PycharmProjects\CenterStrikeVolatility_API\FinLabPy\Storage\..\..\Data\Alor\SPBFUT.SRH6_D1.txt
20.02.2026 10:42:47 - FileStorage - DEBUG - Первый бар    : 04.10.2025 00:00
20.02.2026 10:42:47 - FileStorage - DEBUG - Фильтр с 03.10.2025 10:42
20.02.2026 10:42:47 - FileStorage - DEBUG - Первый бар    : 06.10.2025 00:00
20.02.2026 10:42:47 - FileStorage - DEBUG - Первый бар    : 04.10.2025 00:00
20.02.2026 10:42:47 - FileStorage - DEBUG - Последний бар : 20.02.2026 00:00
20.02.2026 10:42:47 - FileStorage - DEBUG - Первый бар    : SPBFUT.SiH6 (M15) 2025-10-03 10:45:00 Open: 85.682, High: 85.682, Low: 85.594, Close: 85.594, Volume: 38.0
20.02.2026 10:42:47 - FileStorage - DEBUG - Первый бар    : 04.10.2025 00:00
20.02.2026 10:42:47 - FileStorage - DEBUG - Последний бар : 20.02.2026 00:00
20.02.2026 10:42:47 - FileStorage - DEBUG - Последний бар : 20.02.2026 00:00
20.02.2026 10:42:47 - FileStorage - DEBUG - Кол-во бар    : 107
20.02.2026 10:42:47 - FileStorage - DEBUG - Последний бар : SPBFUT.SiH6 (M15) 2026-02-20 10:15:00 Open: 76.441, High: 76.5, Low: 76.407, Close: 76.447, Volume: 17802.0
20.02.2026 10:42:47 - FileStorage - DEBUG - Последний бар : 20.02.2026 00:00
20.02.2026 10:42:47 - FileStorage - DEBUG - Первый бар    : 04.10.2025 00:00
20.02.2026 10:42:47 - FileStorage - DEBUG - Кол-во бар    : 96
20.02.2026 10:42:47 - FileStorage - DEBUG - Кол-во бар    : 116
20.02.2026 10:42:47 - FileStorage - DEBUG - Кол-во бар    : 5784
20.02.2026 10:42:47 - FileStorage - DEBUG - Сохранение файла C:\Users\шадрин\PycharmProjects\CenterStrikeVolatility_API\FinLabPy\Storage\..\..\Data\Alor\SPBFUT.RIM6_D1.txt
20.02.2026 10:42:47 - FileStorage - DEBUG - Кол-во бар    : 122
20.02.2026 10:42:47 - FileStorage - DEBUG - Последний бар : 20.02.2026 00:00
20.02.2026 10:42:47 - FileStorage - DEBUG - Сохранение файла C:\Users\шадрин\PycharmProjects\CenterStrikeVolatility_API\FinLabPy\Storage\..\..\Data\Alor\SPBFUT.SRM6_D1.txt
20.02.2026 10:42:47 - FileStorage - DEBUG - Сохранение файла C:\Users\шадрин\PycharmProjects\CenterStrikeVolatility_API\FinLabPy\Storage\..\..\Data\Alor\SPBFUT.SiH6_D1.txt
20.02.2026 10:42:47 - FileStorage - DEBUG - Кол-во бар    : 122
20.02.2026 10:42:47 - FileStorage - DEBUG - Сохранение файла C:\Users\шадрин\PycharmProjects\CenterStrikeVolatility_API\FinLabPy\Storage\..\..\Data\Alor\SPBFUT.SRH6_D1.txt
20.02.2026 10:42:47 - AlorPy - DEBUG - Запрос : /md/v2/history?exchange=MOEX&symbol=SiM6&tf=D&from=1771545600&to=1771573366&format=Simple
20.02.2026 10:42:47 - FileStorage - DEBUG - Сохранение файла C:\Users\шадрин\PycharmProjects\CenterStrikeVolatility_API\FinLabPy\Storage\..\..\Data\Alor\SPBFUT.RIH6_D1.txt
20.02.2026 10:42:47 - AlorPy - DEBUG - Ответ  : {"history":[{"time":1771545600,"close":77962.00000,"open":77910.00000,"high":78015.00000,"low":77770.00000,"volume":10500}],"next":null,"prev":1771459200}
20.02.2026 10:42:47 - FileStorage - DEBUG - Первый бар    : 06.10.2025 00:00
20.02.2026 10:42:47 - FileStorage - DEBUG - Первый бар    : 04.10.2025 00:00
20.02.2026 10:42:47 - FileStorage - DEBUG - Последний бар : 20.02.2026 00:00
20.02.2026 10:42:47 - FileStorage - DEBUG - Первый бар    : 04.10.2025 00:00
20.02.2026 10:42:47 - FileStorage - DEBUG - Получение файла C:\Users\шадрин\PycharmProjects\CenterStrikeVolatility_API\FinLabPy\Storage\..\..\Data\Alor\SPBFUT.SiM6_D1.txt
20.02.2026 10:42:47 - FileStorage - DEBUG - Первый бар    : 04.10.2025 00:00
20.02.2026 10:42:47 - FileStorage - DEBUG - Первый бар    : 04.10.2025 00:00
20.02.2026 10:42:47 - FileStorage - DEBUG - Последний бар : 20.02.2026 00:00
20.02.2026 10:42:47 - FileStorage - DEBUG - Кол-во бар    : 96
20.02.2026 10:42:47 - FileStorage - DEBUG - Последний бар : 20.02.2026 00:00
20.02.2026 10:42:47 - FileStorage - DEBUG - Последний бар : 20.02.2026 00:00
20.02.2026 10:42:47 - FileStorage - DEBUG - Последний бар : 20.02.2026 00:00
20.02.2026 10:42:47 - FileStorage - DEBUG - Кол-во бар    : 107
20.02.2026 10:42:47 - FileStorage - DEBUG - Кол-во бар    : 116
20.02.2026 10:42:47 - FileStorage - DEBUG - Кол-во бар    : 122
20.02.2026 10:42:47 - FileStorage - DEBUG - Первый бар    : 06.10.2025 00:00
20.02.2026 10:42:47 - Schedule.BarsStream - DEBUG - Текущая дата и время на бирже: 20.02.2026 10:42:47
20.02.2026 10:42:47 - FileStorage - DEBUG - Кол-во бар    : 122
20.02.2026 10:42:47 - Schedule.BarsStream - DEBUG - Текущая дата и время на бирже: 20.02.2026 10:42:47
20.02.2026 10:42:47 - Schedule.BarsStream - DEBUG - Текущая дата и время на бирже: 20.02.2026 10:42:47
20.02.2026 10:42:47 - Schedule.BarsStream - DEBUG - Текущая дата и время на бирже: 20.02.2026 10:42:47
20.02.2026 10:42:47 - FileStorage - DEBUG - Последний бар : 20.02.2026 00:00
20.02.2026 10:42:47 - Schedule.BarsStream - DEBUG - Нужно получить бар: 20.02.2026 00:00:00
20.02.2026 10:42:47 - Schedule.BarsStream - DEBUG - Нужно получить бар: 20.02.2026 00:00:00
20.02.2026 10:42:47 - Schedule.BarsStream - DEBUG - Текущая дата и время на бирже: 20.02.2026 10:42:47
20.02.2026 10:42:47 - Schedule.BarsStream - DEBUG - Нужно получить бар: 20.02.2026 00:00:00
20.02.2026 10:42:47 - Schedule.BarsStream - DEBUG - Нужно получить бар: 20.02.2026 00:00:00
20.02.2026 10:42:47 - FileStorage - DEBUG - Кол-во бар    : 96
20.02.2026 10:42:47 - Schedule.BarsStream - DEBUG - Время запроса бара: 23.02.2026 09:00:03
20.02.2026 10:42:47 - Schedule.BarsStream - DEBUG - Время запроса бара: 23.02.2026 09:00:03
20.02.2026 10:42:47 - Schedule.BarsStream - DEBUG - Нужно получить бар: 20.02.2026 00:00:00
20.02.2026 10:42:47 - Schedule.BarsStream - DEBUG - Время запроса бара: 23.02.2026 09:00:03
20.02.2026 10:42:47 - Schedule.BarsStream - DEBUG - Время запроса бара: 23.02.2026 09:00:03
20.02.2026 10:42:47 - Schedule.BarsStream - DEBUG - Ожидание в секундах: 253036.0
20.02.2026 10:42:47 - FileStorage - DEBUG - Сохранение файла C:\Users\шадрин\PycharmProjects\CenterStrikeVolatility_API\FinLabPy\Storage\..\..\Data\Alor\SPBFUT.SiM6_D1.txt
20.02.2026 10:42:47 - Schedule.BarsStream - DEBUG - Ожидание в секундах: 253036.0
20.02.2026 10:42:47 - Schedule.BarsStream - DEBUG - Время запроса бара: 23.02.2026 09:00:03
20.02.2026 10:42:47 - Schedule.BarsStream - DEBUG - Ожидание в секундах: 253036.0
20.02.2026 10:42:47 - Schedule.BarsStream - DEBUG - Ожидание в секундах: 253036.0
20.02.2026 10:42:47 - FileStorage - DEBUG - Получение файла C:\Users\шадрин\PycharmProjects\CenterStrikeVolatility_API\FinLabPy\Storage\..\..\Data\Alor\SPBFUT.SiH6_D1.txt
20.02.2026 10:42:47 - Schedule.BarsStream - DEBUG - Ожидание в секундах: 253036.0
20.02.2026 10:42:47 - FileStorage - DEBUG - Получение файла C:\Users\шадрин\PycharmProjects\CenterStrikeVolatility_API\FinLabPy\Storage\..\..\Data\Alor\SPBFUT.SRM6_D1.txt
20.02.2026 10:42:47 - FileStorage - DEBUG - Получение файла C:\Users\шадрин\PycharmProjects\CenterStrikeVolatility_API\FinLabPy\Storage\..\..\Data\Alor\SPBFUT.RIM6_D1.txt
20.02.2026 10:42:47 - FileStorage - DEBUG - Получение файла C:\Users\шадрин\PycharmProjects\CenterStrikeVolatility_API\FinLabPy\Storage\..\..\Data\Alor\SPBFUT.SRH6_D1.txt
20.02.2026 10:42:47 - FileStorage - DEBUG - Получение файла C:\Users\шадрин\PycharmProjects\CenterStrikeVolatility_API\FinLabPy\Storage\..\..\Data\Alor\SPBFUT.RIH6_D1.txt
20.02.2026 10:42:47 - FileStorage - DEBUG - Первый бар    : 06.10.2025 00:00
20.02.2026 10:42:47 - FileStorage - DEBUG - Последний бар : 20.02.2026 00:00
20.02.2026 10:42:47 - FileStorage - DEBUG - Кол-во бар    : 96
20.02.2026 10:42:47 - Schedule.BarsStream - DEBUG - Текущая дата и время на бирже: 20.02.2026 10:42:47
20.02.2026 10:42:47 - FileStorage - DEBUG - Первый бар    : 06.10.2025 00:00
20.02.2026 10:42:47 - Schedule.BarsStream - DEBUG - Нужно получить бар: 20.02.2026 00:00:00
20.02.2026 10:42:47 - FileStorage - DEBUG - Первый бар    : 04.10.2025 00:00
20.02.2026 10:42:47 - FileStorage - DEBUG - Последний бар : 20.02.2026 00:00
20.02.2026 10:42:47 - Schedule.BarsStream - DEBUG - Время запроса бара: 23.02.2026 09:00:03
20.02.2026 10:42:47 - FileStorage - DEBUG - Первый бар    : 04.10.2025 00:00
20.02.2026 10:42:47 - FileStorage - DEBUG - Первый бар    : 04.10.2025 00:00
20.02.2026 10:42:47 - FileStorage - DEBUG - Первый бар    : 04.10.2025 00:00
20.02.2026 10:42:47 - FileStorage - DEBUG - Последний бар : 20.02.2026 00:00
20.02.2026 10:42:47 - FileStorage - DEBUG - Кол-во бар    : 96
20.02.2026 10:42:47 - Schedule.BarsStream - DEBUG - Ожидание в секундах: 253036.0
20.02.2026 10:42:47 - FileStorage - DEBUG - Последний бар : 20.02.2026 00:00
20.02.2026 10:42:47 - FileStorage - DEBUG - Последний бар : 20.02.2026 00:00
20.02.2026 10:42:47 - FileStorage - DEBUG - Последний бар : 20.02.2026 00:00
20.02.2026 10:42:47 - FileStorage - DEBUG - Кол-во бар    : 116
20.02.2026 10:42:47 - FileStorage - DEBUG - Фильтр с 03.10.2025 10:42
20.02.2026 10:42:47 - FileStorage - DEBUG - Кол-во бар    : 107
20.02.2026 10:42:47 - FileStorage - DEBUG - Кол-во бар    : 122
20.02.2026 10:42:47 - FileStorage - DEBUG - Кол-во бар    : 122
20.02.2026 10:42:47 - FileStorage - DEBUG - Получение файла C:\Users\шадрин\PycharmProjects\CenterStrikeVolatility_API\FinLabPy\Storage\..\..\Data\Alor\SPBFUT.SiM6_D1.txt
20.02.2026 10:42:47 - FileStorage - DEBUG - Фильтр с 03.10.2025 10:42
20.02.2026 10:42:47 - FileStorage - DEBUG - Первый бар    : SPBFUT.SiH6 (D1) 2025-10-06 00:00:00 Open: 87.101, High: 87.638, Low: 86.591, Close: 86.731, Volume: 10858.0
20.02.2026 10:42:47 - FileStorage - DEBUG - Фильтр с 03.10.2025 10:42
20.02.2026 10:42:47 - FileStorage - DEBUG - Фильтр с 03.10.2025 10:42
20.02.2026 10:42:47 - FileStorage - DEBUG - Фильтр с 03.10.2025 10:42
20.02.2026 10:42:47 - FileStorage - DEBUG - Первый бар    : SPBFUT.SRM6 (D1) 2025-10-04 00:00:00 Open: 314.01, High: 315.32, Low: 313.37, Close: 313.37, Volume: 3.0
20.02.2026 10:42:47 - FileStorage - DEBUG - Последний бар : SPBFUT.SiH6 (D1) 2026-02-20 00:00:00 Open: 76.23, High: 76.5, Low: 76.123, Close: 76.439, Volume: 91548.0
20.02.2026 10:42:47 - FileStorage - DEBUG - Первый бар    : SPBFUT.RIM6 (D1) 2025-10-04 00:00:00 Open: 101350.0, High: 101350.0, Low: 101350.0, Close: 101350.0, Volume: 1.0
20.02.2026 10:42:47 - FileStorage - DEBUG - Первый бар    : SPBFUT.RIH6 (D1) 2025-10-04 00:00:00 Open: 100060.0, High: 100060.0, Low: 98820.0, Close: 99270.0, Volume: 83.0
20.02.2026 10:42:47 - FileStorage - DEBUG - Первый бар    : SPBFUT.SRH6 (D1) 2025-10-04 00:00:00 Open: 305.03, High: 305.03, Low: 302.3, Close: 302.79, Volume: 102.0
20.02.2026 10:42:47 - FileStorage - DEBUG - Последний бар : SPBFUT.SRM6 (D1) 2026-02-20 00:00:00 Open: 327.7, High: 328.4, Low: 327.62, Close: 328.15, Volume: 378.0
20.02.2026 10:42:47 - FileStorage - DEBUG - Кол-во бар    : 96
20.02.2026 10:42:47 - FileStorage - DEBUG - Последний бар : SPBFUT.RIM6 (D1) 2026-02-20 00:00:00 Open: 116470.0, High: 116770.0, Low: 116290.0, Close: 116500.0, Volume: 61.0
20.02.2026 10:42:47 - FileStorage - DEBUG - Последний бар : SPBFUT.RIH6 (D1) 2026-02-20 00:00:00 Open: 116130.0, High: 116400.0, Low: 115810.0, Close: 116050.0, Volume: 6369.0
20.02.2026 10:42:47 - FileStorage - DEBUG - Первый бар    : 06.10.2025 00:00
20.02.2026 10:42:47 - FileStorage - DEBUG - Последний бар : SPBFUT.SRH6 (D1) 2026-02-20 00:00:00 Open: 317.03, High: 317.76, Low: 316.93, Close: 317.56, Volume: 9435.0
20.02.2026 10:42:47 - FileStorage - DEBUG - Кол-во бар    : 116
20.02.2026 10:42:47 - FileStorage - DEBUG - Кол-во бар    : 107
20.02.2026 10:42:47 - FileStorage - DEBUG - Кол-во бар    : 122
20.02.2026 10:42:47 - FileStorage - DEBUG - Последний бар : 20.02.2026 00:00
20.02.2026 10:42:47 - FileStorage - DEBUG - Кол-во бар    : 122
20.02.2026 10:42:47 - FileStorage - DEBUG - Кол-во бар    : 96
20.02.2026 10:42:47 - FileStorage - DEBUG - Фильтр с 03.10.2025 10:42
20.02.2026 10:42:47 - FileStorage - DEBUG - Первый бар    : SPBFUT.SiM6 (D1) 2025-10-06 00:00:00 Open: 89.804, High: 90.272, Low: 89.304, Close: 89.513, Volume: 322.0
20.02.2026 10:42:47 - FileStorage - DEBUG - Последний бар : SPBFUT.SiM6 (D1) 2026-02-20 00:00:00 Open: 77.91, High: 78.015, Low: 77.77, Close: 77.962, Volume: 10500.0
20.02.2026 10:42:47 - FileStorage - DEBUG - Кол-во бар    : 96
20.02.2026 10:42:48 - AlorPy - DEBUG - Запрос : /md/v2/history?exchange=MOEX&symbol=SiH6&tf=900&from=1771571700&to=1771573367&format=Simple
20.02.2026 10:42:48 - AlorPy - DEBUG - Ответ  : {"history":[{"time":1771571700,"close":76439.00000,"open":76441.00000,"high":76500.00000,"low":76407.00000,"volume":30072},{"time":1771572600,"close":76437.00000,"open":76439.00000,"high":76450.00000,"low":76386.00000,"volume":12920}],"next":null,"prev":1771569900}
20.02.2026 10:42:48 - FileStorage - DEBUG - Получение файла C:\Users\шадрин\PycharmProjects\CenterStrikeVolatility_API\FinLabPy\Storage\..\..\Data\Alor\SPBFUT.SiH6_M15.txt
20.02.2026 10:42:48 - FileStorage - DEBUG - Первый бар    : 03.10.2025 10:30
20.02.2026 10:42:48 - FileStorage - DEBUG - Последний бар : 20.02.2026 10:15
20.02.2026 10:42:48 - FileStorage - DEBUG - Кол-во бар    : 5785
20.02.2026 10:42:48 - AlorPy - DEBUG - Запрос : /md/v2/history?exchange=MOEX&symbol=SRM6&tf=D&from=1771545600&to=1771573367&format=Simple
20.02.2026 10:42:48 - AlorPy - DEBUG - Запрос : /md/v2/history?exchange=MOEX&symbol=SiH6&tf=D&from=1771545600&to=1771573367&format=Simple
20.02.2026 10:42:48 - AlorPy - DEBUG - Ответ  : {"history":[{"time":1771545600,"close":32815.00000,"open":32770.00000,"high":32840.00000,"low":32762.00000,"volume":378}],"next":null,"prev":1771459200}
20.02.2026 10:42:49 - AlorPy - DEBUG - Запрос : /md/v2/history?exchange=MOEX&symbol=RIM6&tf=D&from=1771545600&to=1771573367&format=Simple
20.02.2026 10:42:49 - AlorPy - DEBUG - Ответ  : {"history":[{"time":1771545600,"close":76437.00000,"open":76230.00000,"high":76500.00000,"low":76123.00000,"volume":91561}],"next":null,"prev":1771459200}
20.02.2026 10:42:49 - AlorPy - DEBUG - Запрос : /md/v2/history?exchange=MOEX&symbol=SRH6&tf=D&from=1771545600&to=1771573367&format=Simple
20.02.2026 10:42:49 - AlorPy - DEBUG - Запрос : /md/v2/history?exchange=MOEX&symbol=RIH6&tf=D&from=1771545600&to=1771573367&format=Simple
20.02.2026 10:42:49 - AlorPy - DEBUG - Запрос : /md/v2/history?exchange=MOEX&symbol=SiM6&tf=D&from=1771545600&to=1771573367&format=Simple
20.02.2026 10:42:49 - AlorPy - DEBUG - Ответ  : {"history":[{"time":1771545600,"close":116500.00000,"open":116470.00000,"high":116770.00000,"low":116290.00000,"volume":61}],"next":null,"prev":1771459200}
20.02.2026 10:42:49 - FileStorage - DEBUG - Получение файла C:\Users\шадрин\PycharmProjects\CenterStrikeVolatility_API\FinLabPy\Storage\..\..\Data\Alor\SPBFUT.SRM6_D1.txt
20.02.2026 10:42:49 - AlorPy - DEBUG - Ответ  : {"history":[{"time":1771545600,"close":31756.00000,"open":31703.00000,"high":31776.00000,"low":31693.00000,"volume":9435}],"next":null,"prev":1771459200}
20.02.2026 10:42:49 - AlorPy - DEBUG - Ответ  : {"history":[{"time":1771545600,"close":116050.00000,"open":116130.00000,"high":116400.00000,"low":115810.00000,"volume":6370}],"next":null,"prev":1771459200}
20.02.2026 10:42:49 - FileStorage - DEBUG - Получение файла C:\Users\шадрин\PycharmProjects\CenterStrikeVolatility_API\FinLabPy\Storage\..\..\Data\Alor\SPBFUT.SiH6_D1.txt
20.02.2026 10:42:49 - AlorPy - DEBUG - Ответ  : {"history":[{"time":1771545600,"close":77962.00000,"open":77910.00000,"high":78015.00000,"low":77770.00000,"volume":10505}],"next":null,"prev":1771459200}
20.02.2026 10:42:49 - FileStorage - DEBUG - Получение файла C:\Users\шадрин\PycharmProjects\CenterStrikeVolatility_API\FinLabPy\Storage\..\..\Data\Alor\SPBFUT.RIM6_D1.txt
20.02.2026 10:42:49 - FileStorage - DEBUG - Получение файла C:\Users\шадрин\PycharmProjects\CenterStrikeVolatility_API\FinLabPy\Storage\..\..\Data\Alor\SPBFUT.SRH6_D1.txt
20.02.2026 10:42:49 - FileStorage - DEBUG - Получение файла C:\Users\шадрин\PycharmProjects\CenterStrikeVolatility_API\FinLabPy\Storage\..\..\Data\Alor\SPBFUT.RIH6_D1.txt
20.02.2026 10:42:49 - FileStorage - DEBUG - Получение файла C:\Users\шадрин\PycharmProjects\CenterStrikeVolatility_API\FinLabPy\Storage\..\..\Data\Alor\SPBFUT.SiM6_D1.txt
20.02.2026 10:42:49 - FileStorage - DEBUG - Сохранение файла C:\Users\шадрин\PycharmProjects\CenterStrikeVolatility_API\FinLabPy\Storage\..\..\Data\Alor\SPBFUT.SiH6_M15.txt
20.02.2026 10:42:49 - FileStorage - DEBUG - Первый бар    : 04.10.2025 00:00
20.02.2026 10:42:49 - FileStorage - DEBUG - Первый бар    : 04.10.2025 00:00
20.02.2026 10:42:49 - FileStorage - DEBUG - Первый бар    : 04.10.2025 00:00
20.02.2026 10:42:49 - FileStorage - DEBUG - Последний бар : 20.02.2026 00:00
20.02.2026 10:42:49 - FileStorage - DEBUG - Последний бар : 20.02.2026 00:00
20.02.2026 10:42:49 - FileStorage - DEBUG - Первый бар    : 06.10.2025 00:00
20.02.2026 10:42:49 - FileStorage - DEBUG - Последний бар : 20.02.2026 00:00
20.02.2026 10:42:49 - FileStorage - DEBUG - Первый бар    : 06.10.2025 00:00
20.02.2026 10:42:49 - FileStorage - DEBUG - Кол-во бар    : 122
20.02.2026 10:42:49 - FileStorage - DEBUG - Кол-во бар    : 122
20.02.2026 10:42:49 - FileStorage - DEBUG - Первый бар    : 04.10.2025 00:00
20.02.2026 10:42:49 - FileStorage - DEBUG - Последний бар : 20.02.2026 00:00
20.02.2026 10:42:49 - FileStorage - DEBUG - Кол-во бар    : 116
20.02.2026 10:42:49 - FileStorage - DEBUG - Последний бар : 20.02.2026 00:00
20.02.2026 10:42:49 - FileStorage - DEBUG - Сохранение файла C:\Users\шадрин\PycharmProjects\CenterStrikeVolatility_API\FinLabPy\Storage\..\..\Data\Alor\SPBFUT.RIH6_D1.txt
20.02.2026 10:42:49 - FileStorage - DEBUG - Сохранение файла C:\Users\шадрин\PycharmProjects\CenterStrikeVolatility_API\FinLabPy\Storage\..\..\Data\Alor\SPBFUT.SRH6_D1.txt
20.02.2026 10:42:49 - FileStorage - DEBUG - Последний бар : 20.02.2026 00:00
20.02.2026 10:42:49 - FileStorage - DEBUG - Кол-во бар    : 96
20.02.2026 10:42:49 - FileStorage - DEBUG - Кол-во бар    : 96
20.02.2026 10:42:49 - FileStorage - DEBUG - Первый бар    : 03.10.2025 10:30
20.02.2026 10:42:49 - FileStorage - DEBUG - Сохранение файла C:\Users\шадрин\PycharmProjects\CenterStrikeVolatility_API\FinLabPy\Storage\..\..\Data\Alor\SPBFUT.SRM6_D1.txt
20.02.2026 10:42:49 - FileStorage - DEBUG - Кол-во бар    : 107
20.02.2026 10:42:49 - FileStorage - DEBUG - Сохранение файла C:\Users\шадрин\PycharmProjects\CenterStrikeVolatility_API\FinLabPy\Storage\..\..\Data\Alor\SPBFUT.SiH6_D1.txt
20.02.2026 10:42:49 - FileStorage - DEBUG - Первый бар    : 04.10.2025 00:00
20.02.2026 10:42:49 - FileStorage - DEBUG - Сохранение файла C:\Users\шадрин\PycharmProjects\CenterStrikeVolatility_API\FinLabPy\Storage\..\..\Data\Alor\SPBFUT.SiM6_D1.txt
20.02.2026 10:42:49 - FileStorage - DEBUG - Последний бар : 20.02.2026 10:30
20.02.2026 10:42:49 - FileStorage - DEBUG - Первый бар    : 04.10.2025 00:00
20.02.2026 10:42:49 - FileStorage - DEBUG - Сохранение файла C:\Users\шадрин\PycharmProjects\CenterStrikeVolatility_API\FinLabPy\Storage\..\..\Data\Alor\SPBFUT.RIM6_D1.txt
20.02.2026 10:42:49 - FileStorage - DEBUG - Последний бар : 20.02.2026 00:00
20.02.2026 10:42:49 - FileStorage - DEBUG - Первый бар    : 06.10.2025 00:00
20.02.2026 10:42:49 - FileStorage - DEBUG - Кол-во бар    : 5786
20.02.2026 10:42:49 - FileStorage - DEBUG - Последний бар : 20.02.2026 00:00
20.02.2026 10:42:49 - FileStorage - DEBUG - Первый бар    : 04.10.2025 00:00
20.02.2026 10:42:49 - FileStorage - DEBUG - Кол-во бар    : 122
20.02.2026 10:42:49 - FileStorage - DEBUG - Последний бар : 20.02.2026 00:00
20.02.2026 10:42:49 - FileStorage - DEBUG - Первый бар    : 06.10.2025 00:00
20.02.2026 10:42:49 - FileStorage - DEBUG - Кол-во бар    : 122
20.02.2026 10:42:49 - FileStorage - DEBUG - Последний бар : 20.02.2026 00:00
20.02.2026 10:42:49 - FileStorage - DEBUG - Кол-во бар    : 96
20.02.2026 10:42:49 - Schedule.BarsStream - DEBUG - Текущая дата и время на бирже: 20.02.2026 10:42:49
20.02.2026 10:42:49 - FileStorage - DEBUG - Последний бар : 20.02.2026 00:00
20.02.2026 10:42:49 - Schedule.BarsStream - DEBUG - Текущая дата и время на бирже: 20.02.2026 10:42:49
20.02.2026 10:42:49 - FileStorage - DEBUG - Кол-во бар    : 116
20.02.2026 10:42:49 - FileStorage - DEBUG - Первый бар    : 04.10.2025 00:00
20.02.2026 10:42:49 - Schedule.BarsStream - DEBUG - Текущая дата и время на бирже: 20.02.2026 10:42:49
20.02.2026 10:42:49 - Schedule.BarsStream - DEBUG - Нужно получить бар: 20.02.2026 00:00:00
20.02.2026 10:42:49 - FileStorage - DEBUG - Кол-во бар    : 96
20.02.2026 10:42:49 - Schedule.BarsStream - DEBUG - Нужно получить бар: 20.02.2026 00:00:00
20.02.2026 10:42:49 - Schedule.BarsStream - DEBUG - Текущая дата и время на бирже: 20.02.2026 10:42:49
20.02.2026 10:42:49 - FileStorage - DEBUG - Последний бар : 20.02.2026 00:00
20.02.2026 10:42:49 - Schedule.BarsStream - DEBUG - Нужно получить бар: 20.02.2026 00:00:00
20.02.2026 10:42:49 - Schedule.BarsStream - DEBUG - Время запроса бара: 23.02.2026 09:00:03
20.02.2026 10:42:49 - Schedule.BarsStream - DEBUG - Время запроса бара: 23.02.2026 09:00:03
20.02.2026 10:42:49 - Schedule.BarsStream - DEBUG - Нужно получить бар: 20.02.2026 00:00:00
20.02.2026 10:42:49 - FileStorage - DEBUG - Кол-во бар    : 107
20.02.2026 10:42:49 - Schedule.BarsStream - DEBUG - Время запроса бара: 23.02.2026 09:00:03
20.02.2026 10:42:49 - Schedule.BarsStream - DEBUG - Ожидание в секундах: 253034.0
20.02.2026 10:42:49 - Schedule.BarsStream - DEBUG - Текущая дата и время на бирже: 20.02.2026 10:42:49
20.02.2026 10:42:49 - Schedule.BarsStream - DEBUG - Ожидание в секундах: 253034.0
20.02.2026 10:42:49 - Schedule.BarsStream - DEBUG - Время запроса бара: 23.02.2026 09:00:03
20.02.2026 10:42:49 - Schedule.BarsStream - DEBUG - Текущая дата и время на бирже: 20.02.2026 10:42:49
20.02.2026 10:42:49 - Schedule.BarsStream - DEBUG - Ожидание в секундах: 253034.0
20.02.2026 10:42:49 - Schedule.BarsStream - DEBUG - Нужно получить бар: 20.02.2026 00:00:00
20.02.2026 10:42:49 - FileStorage - DEBUG - Получение файла C:\Users\шадрин\PycharmProjects\CenterStrikeVolatility_API\FinLabPy\Storage\..\..\Data\Alor\SPBFUT.RIH6_D1.txt
20.02.2026 10:42:49 - Schedule.BarsStream - DEBUG - Ожидание в секундах: 253034.0
20.02.2026 10:42:49 - FileStorage - DEBUG - Получение файла C:\Users\шадрин\PycharmProjects\CenterStrikeVolatility_API\FinLabPy\Storage\..\..\Data\Alor\SPBFUT.SRH6_D1.txt
20.02.2026 10:42:49 - Schedule.BarsStream - DEBUG - Нужно получить бар: 20.02.2026 00:00:00
20.02.2026 10:42:49 - Schedule.BarsStream - DEBUG - Время запроса бара: 23.02.2026 09:00:03
20.02.2026 10:42:49 - FileStorage - DEBUG - Получение файла C:\Users\шадрин\PycharmProjects\CenterStrikeVolatility_API\FinLabPy\Storage\..\..\Data\Alor\SPBFUT.SiH6_D1.txt
20.02.2026 10:42:49 - FileStorage - DEBUG - Получение файла C:\Users\шадрин\PycharmProjects\CenterStrikeVolatility_API\FinLabPy\Storage\..\..\Data\Alor\SPBFUT.SRM6_D1.txt
20.02.2026 10:42:49 - Schedule.BarsStream - DEBUG - Время запроса бара: 23.02.2026 09:00:03
20.02.2026 10:42:49 - Schedule.BarsStream - DEBUG - Ожидание в секундах: 253034.0
20.02.2026 10:42:49 - Schedule.BarsStream - DEBUG - Ожидание в секундах: 253034.0
20.02.2026 10:42:49 - FileStorage - DEBUG - Первый бар    : 04.10.2025 00:00
20.02.2026 10:42:49 - FileStorage - DEBUG - Первый бар    : 04.10.2025 00:00
20.02.2026 10:42:49 - FileStorage - DEBUG - Последний бар : 20.02.2026 00:00
20.02.2026 10:42:49 - FileStorage - DEBUG - Получение файла C:\Users\шадрин\PycharmProjects\CenterStrikeVolatility_API\FinLabPy\Storage\..\..\Data\Alor\SPBFUT.RIM6_D1.txt
20.02.2026 10:42:49 - FileStorage - DEBUG - Последний бар : 20.02.2026 00:00
20.02.2026 10:42:49 - FileStorage - DEBUG - Первый бар    : 06.10.2025 00:00
20.02.2026 10:42:49 - FileStorage - DEBUG - Получение файла C:\Users\шадрин\PycharmProjects\CenterStrikeVolatility_API\FinLabPy\Storage\..\..\Data\Alor\SPBFUT.SiM6_D1.txt
20.02.2026 10:42:49 - FileStorage - DEBUG - Кол-во бар    : 122
20.02.2026 10:42:49 - FileStorage - DEBUG - Первый бар    : 04.10.2025 00:00
20.02.2026 10:42:49 - FileStorage - DEBUG - Кол-во бар    : 122
20.02.2026 10:42:49 - FileStorage - DEBUG - Последний бар : 20.02.2026 00:00
20.02.2026 10:42:49 - FileStorage - DEBUG - Фильтр с 03.10.2025 10:42
20.02.2026 10:42:49 - FileStorage - DEBUG - Последний бар : 20.02.2026 00:00
20.02.2026 10:42:49 - FileStorage - DEBUG - Кол-во бар    : 96
20.02.2026 10:42:49 - FileStorage - DEBUG - Фильтр с 03.10.2025 10:42
20.02.2026 10:42:49 - FileStorage - DEBUG - Первый бар    : 04.10.2025 00:00
20.02.2026 10:42:49 - FileStorage - DEBUG - Первый бар    : SPBFUT.SRH6 (D1) 2025-10-04 00:00:00 Open: 305.03, High: 305.03, Low: 302.3, Close: 302.79, Volume: 102.0
20.02.2026 10:42:49 - FileStorage - DEBUG - Кол-во бар    : 116
20.02.2026 10:42:49 - FileStorage - DEBUG - Первый бар    : 06.10.2025 00:00
20.02.2026 10:42:49 - FileStorage - DEBUG - Первый бар    : SPBFUT.RIH6 (D1) 2025-10-04 00:00:00 Open: 100060.0, High: 100060.0, Low: 98820.0, Close: 99270.0, Volume: 83.0
20.02.2026 10:42:49 - FileStorage - DEBUG - Фильтр с 03.10.2025 10:42
20.02.2026 10:42:49 - FileStorage - DEBUG - Последний бар : 20.02.2026 00:00
20.02.2026 10:42:49 - FileStorage - DEBUG - Последний бар : SPBFUT.SRH6 (D1) 2026-02-20 00:00:00 Open: 317.03, High: 317.76, Low: 316.93, Close: 317.56, Volume: 9435.0
20.02.2026 10:42:49 - FileStorage - DEBUG - Фильтр с 03.10.2025 10:42
20.02.2026 10:42:49 - FileStorage - DEBUG - Последний бар : 20.02.2026 00:00
20.02.2026 10:42:49 - FileStorage - DEBUG - Последний бар : SPBFUT.RIH6 (D1) 2026-02-20 00:00:00 Open: 116130.0, High: 116400.0, Low: 115810.0, Close: 116050.0, Volume: 6370.0
20.02.2026 10:42:49 - FileStorage - DEBUG - Первый бар    : SPBFUT.SiH6 (D1) 2025-10-06 00:00:00 Open: 87.101, High: 87.638, Low: 86.591, Close: 86.731, Volume: 10858.0
20.02.2026 10:42:49 - FileStorage - DEBUG - Кол-во бар    : 107
20.02.2026 10:42:49 - FileStorage - DEBUG - Кол-во бар    : 122
20.02.2026 10:42:49 - FileStorage - DEBUG - Первый бар    : SPBFUT.SRM6 (D1) 2025-10-04 00:00:00 Open: 314.01, High: 315.32, Low: 313.37, Close: 313.37, Volume: 3.0
20.02.2026 10:42:49 - FileStorage - DEBUG - Кол-во бар    : 96
20.02.2026 10:42:49 - FileStorage - DEBUG - Кол-во бар    : 122
20.02.2026 10:42:49 - FileStorage - DEBUG - Последний бар : SPBFUT.SiH6 (D1) 2026-02-20 00:00:00 Open: 76.23, High: 76.5, Low: 76.123, Close: 76.437, Volume: 91561.0
20.02.2026 10:42:49 - FileStorage - DEBUG - Фильтр с 03.10.2025 10:42
20.02.2026 10:42:49 - FileStorage - DEBUG - Последний бар : SPBFUT.SRM6 (D1) 2026-02-20 00:00:00 Open: 327.7, High: 328.4, Low: 327.62, Close: 328.15, Volume: 378.0
20.02.2026 10:42:49 - FileStorage - DEBUG - Фильтр с 03.10.2025 10:42
20.02.2026 10:42:49 - FileStorage - DEBUG - Кол-во бар    : 96
20.02.2026 10:42:49 - FileStorage - DEBUG - Первый бар    : SPBFUT.RIM6 (D1) 2025-10-04 00:00:00 Open: 101350.0, High: 101350.0, Low: 101350.0, Close: 101350.0, Volume: 1.0
20.02.2026 10:42:49 - FileStorage - DEBUG - Кол-во бар    : 116
20.02.2026 10:42:49 - FileStorage - DEBUG - Первый бар    : SPBFUT.SiM6 (D1) 2025-10-06 00:00:00 Open: 89.804, High: 90.272, Low: 89.304, Close: 89.513, Volume: 322.0
20.02.2026 10:42:49 - FileStorage - DEBUG - Последний бар : SPBFUT.RIM6 (D1) 2026-02-20 00:00:00 Open: 116470.0, High: 116770.0, Low: 116290.0, Close: 116500.0, Volume: 61.0
20.02.2026 10:42:49 - FileStorage - DEBUG - Последний бар : SPBFUT.SiM6 (D1) 2026-02-20 00:00:00 Open: 77.91, High: 78.015, Low: 77.77, Close: 77.962, Volume: 10505.0
20.02.2026 10:42:49 - FileStorage - DEBUG - Кол-во бар    : 107
20.02.2026 10:42:49 - FileStorage - DEBUG - Кол-во бар    : 96
20.02.2026 10:42:50 - FileStorage - DEBUG - Получение файла C:\Users\шадрин\PycharmProjects\CenterStrikeVolatility_API\FinLabPy\Storage\..\..\Data\Alor\SPBFUT.RIM6_M15.txt
20.02.2026 10:42:50 - FileStorage - DEBUG - Первый бар    : 03.10.2025 12:15
20.02.2026 10:42:50 - FileStorage - DEBUG - Последний бар : 20.02.2026 10:15
20.02.2026 10:42:50 - FileStorage - DEBUG - Кол-во бар    : 1811
20.02.2026 10:42:50 - FileStorage - DEBUG - Фильтр с 03.10.2025 10:42
20.02.2026 10:42:50 - FileStorage - DEBUG - Первый бар    : SPBFUT.RIM6 (M15) 2025-10-03 12:15:00 Open: 104000.0, High: 104000.0, Low: 104000.0, Close: 104000.0, Volume: 2.0
20.02.2026 10:42:50 - FileStorage - DEBUG - Последний бар : SPBFUT.RIM6 (M15) 2026-02-20 10:15:00 Open: 116300.0, High: 116490.0, Low: 116290.0, Close: 116460.0, Volume: 17.0
20.02.2026 10:42:50 - FileStorage - DEBUG - Кол-во бар    : 1811
20.02.2026 10:42:50 - AlorPy - DEBUG - Запрос : /md/v2/history?exchange=MOEX&symbol=RIM6&tf=D&from=1771545600&to=1771573369&format=Simple
20.02.2026 10:42:50 - AlorPy - DEBUG - Ответ  : {"history":[{"time":1771545600,"close":116500.00000,"open":116470.00000,"high":116770.00000,"low":116290.00000,"volume":61}],"next":null,"prev":1771459200}
20.02.2026 10:42:50 - FileStorage - DEBUG - Получение файла C:\Users\шадрин\PycharmProjects\CenterStrikeVolatility_API\FinLabPy\Storage\..\..\Data\Alor\SPBFUT.RIM6_D1.txt
20.02.2026 10:42:50 - FileStorage - DEBUG - Первый бар    : 04.10.2025 00:00
20.02.2026 10:42:50 - FileStorage - DEBUG - Последний бар : 20.02.2026 00:00
20.02.2026 10:42:50 - FileStorage - DEBUG - Кол-во бар    : 107
20.02.2026 10:42:50 - FileStorage - DEBUG - Сохранение файла C:\Users\шадрин\PycharmProjects\CenterStrikeVolatility_API\FinLabPy\Storage\..\..\Data\Alor\SPBFUT.RIM6_D1.txt
20.02.2026 10:42:50 - AlorPy - DEBUG - Запрос : /md/v2/history?exchange=MOEX&symbol=RIH6&tf=D&from=1771545600&to=1771573369&format=Simple
20.02.2026 10:42:50 - AlorPy - DEBUG - Ответ  : {"history":[{"time":1771545600,"close":116050.00000,"open":116130.00000,"high":116400.00000,"low":115810.00000,"volume":6370}],"next":null,"prev":1771459200}
20.02.2026 10:42:50 - FileStorage - DEBUG - Первый бар    : 04.10.2025 00:00
20.02.2026 10:42:50 - FileStorage - DEBUG - Получение файла C:\Users\шадрин\PycharmProjects\CenterStrikeVolatility_API\FinLabPy\Storage\..\..\Data\Alor\SPBFUT.RIH6_D1.txt
20.02.2026 10:42:50 - FileStorage - DEBUG - Последний бар : 20.02.2026 00:00
20.02.2026 10:42:50 - FileStorage - DEBUG - Кол-во бар    : 107
20.02.2026 10:42:50 - Schedule.BarsStream - DEBUG - Текущая дата и время на бирже: 20.02.2026 10:42:50
20.02.2026 10:42:50 - Schedule.BarsStream - DEBUG - Нужно получить бар: 20.02.2026 00:00:00
20.02.2026 10:42:50 - Schedule.BarsStream - DEBUG - Время запроса бара: 23.02.2026 09:00:03
20.02.2026 10:42:50 - Schedule.BarsStream - DEBUG - Ожидание в секундах: 253033.0
20.02.2026 10:42:50 - FileStorage - DEBUG - Получение файла C:\Users\шадрин\PycharmProjects\CenterStrikeVolatility_API\FinLabPy\Storage\..\..\Data\Alor\SPBFUT.RIM6_D1.txt
20.02.2026 10:42:50 - FileStorage - DEBUG - Первый бар    : 04.10.2025 00:00
20.02.2026 10:42:50 - FileStorage - DEBUG - Последний бар : 20.02.2026 00:00
20.02.2026 10:42:50 - FileStorage - DEBUG - Кол-во бар    : 122
20.02.2026 10:42:50 - FileStorage - DEBUG - Сохранение файла C:\Users\шадрин\PycharmProjects\CenterStrikeVolatility_API\FinLabPy\Storage\..\..\Data\Alor\SPBFUT.RIH6_D1.txt
20.02.2026 10:42:50 - AlorPy - DEBUG - Запрос : /md/v2/history?exchange=MOEX&symbol=SRH6&tf=D&from=1771545600&to=1771573369&format=Simple
20.02.2026 10:42:50 - AlorPy - DEBUG - Ответ  : {"history":[{"time":1771545600,"close":31756.00000,"open":31703.00000,"high":31776.00000,"low":31693.00000,"volume":9435}],"next":null,"prev":1771459200}
20.02.2026 10:42:50 - FileStorage - DEBUG - Получение файла C:\Users\шадрин\PycharmProjects\CenterStrikeVolatility_API\FinLabPy\Storage\..\..\Data\Alor\SPBFUT.SRH6_D1.txt
20.02.2026 10:42:50 - FileStorage - DEBUG - Первый бар    : 04.10.2025 00:00
20.02.2026 10:42:50 - FileStorage - DEBUG - Последний бар : 20.02.2026 00:00
20.02.2026 10:42:50 - FileStorage - DEBUG - Кол-во бар    : 107
20.02.2026 10:42:50 - FileStorage - DEBUG - Первый бар    : 04.10.2025 00:00
20.02.2026 10:42:50 - FileStorage - DEBUG - Фильтр с 03.10.2025 10:42
20.02.2026 10:42:50 - FileStorage - DEBUG - Первый бар    : 04.10.2025 00:00
20.02.2026 10:42:50 - FileStorage - DEBUG - Последний бар : 20.02.2026 00:00
20.02.2026 10:42:50 - AlorPy - DEBUG - Запрос : /md/v2/history?exchange=MOEX&symbol=SRM6&tf=D&from=1771545600&to=1771573369&format=Simple
20.02.2026 10:42:50 - FileStorage - DEBUG - Первый бар    : SPBFUT.RIM6 (D1) 2025-10-04 00:00:00 Open: 101350.0, High: 101350.0, Low: 101350.0, Close: 101350.0, Volume: 1.0
20.02.2026 10:42:50 - FileStorage - DEBUG - Последний бар : 20.02.2026 00:00
20.02.2026 10:42:50 - FileStorage - DEBUG - Кол-во бар    : 122
20.02.2026 10:42:50 - AlorPy - DEBUG - Ответ  : {"history":[{"time":1771545600,"close":32815.00000,"open":32770.00000,"high":32840.00000,"low":32762.00000,"volume":378}],"next":null,"prev":1771459200}
20.02.2026 10:42:50 - FileStorage - DEBUG - Последний бар : SPBFUT.RIM6 (D1) 2026-02-20 00:00:00 Open: 116470.0, High: 116770.0, Low: 116290.0, Close: 116500.0, Volume: 61.0
20.02.2026 10:42:50 - FileStorage - DEBUG - Кол-во бар    : 122
20.02.2026 10:42:50 - Schedule.BarsStream - DEBUG - Текущая дата и время на бирже: 20.02.2026 10:42:50
20.02.2026 10:42:50 - FileStorage - DEBUG - Кол-во бар    : 107
20.02.2026 10:42:50 - FileStorage - DEBUG - Получение файла C:\Users\шадрин\PycharmProjects\CenterStrikeVolatility_API\FinLabPy\Storage\..\..\Data\Alor\SPBFUT.SRM6_D1.txt
20.02.2026 10:42:50 - FileStorage - DEBUG - Сохранение файла C:\Users\шадрин\PycharmProjects\CenterStrikeVolatility_API\FinLabPy\Storage\..\..\Data\Alor\SPBFUT.SRH6_D1.txt
20.02.2026 10:42:50 - AlorPy - DEBUG - Запрос : /md/v2/history?exchange=MOEX&symbol=SiM6&tf=D&from=1771545600&to=1771573369&format=Simple
20.02.2026 10:42:50 - Schedule.BarsStream - DEBUG - Нужно получить бар: 20.02.2026 00:00:00
20.02.2026 10:42:50 - AlorPy - DEBUG - Ответ  : {"history":[{"time":1771545600,"close":77962.00000,"open":77910.00000,"high":78015.00000,"low":77770.00000,"volume":10510}],"next":null,"prev":1771459200}
20.02.2026 10:42:50 - Schedule.BarsStream - DEBUG - Время запроса бара: 23.02.2026 09:00:03
20.02.2026 10:42:50 - Schedule.BarsStream - DEBUG - Ожидание в секундах: 253033.0
20.02.2026 10:42:50 - FileStorage - DEBUG - Получение файла C:\Users\шадрин\PycharmProjects\CenterStrikeVolatility_API\FinLabPy\Storage\..\..\Data\Alor\SPBFUT.SiM6_D1.txt
20.02.2026 10:42:50 - FileStorage - DEBUG - Первый бар    : 04.10.2025 00:00
20.02.2026 10:42:50 - FileStorage - DEBUG - Первый бар    : 04.10.2025 00:00
20.02.2026 10:42:50 - FileStorage - DEBUG - Последний бар : 20.02.2026 00:00
20.02.2026 10:42:50 - FileStorage - DEBUG - Последний бар : 20.02.2026 00:00
20.02.2026 10:42:50 - FileStorage - DEBUG - Кол-во бар    : 122
20.02.2026 10:42:50 - FileStorage - DEBUG - Кол-во бар    : 116
20.02.2026 10:42:50 - Schedule.BarsStream - DEBUG - Текущая дата и время на бирже: 20.02.2026 10:42:50
20.02.2026 10:42:50 - FileStorage - DEBUG - Получение файла C:\Users\шадрин\PycharmProjects\CenterStrikeVolatility_API\FinLabPy\Storage\..\..\Data\Alor\SPBFUT.RIH6_D1.txt
20.02.2026 10:42:50 - Schedule.BarsStream - DEBUG - Нужно получить бар: 20.02.2026 00:00:00
20.02.2026 10:42:50 - FileStorage - DEBUG - Сохранение файла C:\Users\шадрин\PycharmProjects\CenterStrikeVolatility_API\FinLabPy\Storage\..\..\Data\Alor\SPBFUT.SRM6_D1.txt
20.02.2026 10:42:50 - Schedule.BarsStream - DEBUG - Время запроса бара: 23.02.2026 09:00:03
20.02.2026 10:42:50 - FileStorage - DEBUG - Первый бар    : 06.10.2025 00:00
20.02.2026 10:42:50 - Schedule.BarsStream - DEBUG - Ожидание в секундах: 253033.0
20.02.2026 10:42:50 - FileStorage - DEBUG - Последний бар : 20.02.2026 00:00
20.02.2026 10:42:50 - FileStorage - DEBUG - Кол-во бар    : 96
20.02.2026 10:42:50 - FileStorage - DEBUG - Получение файла C:\Users\шадрин\PycharmProjects\CenterStrikeVolatility_API\FinLabPy\Storage\..\..\Data\Alor\SPBFUT.SRH6_D1.txt
20.02.2026 10:42:50 - FileStorage - DEBUG - Сохранение файла C:\Users\шадрин\PycharmProjects\CenterStrikeVolatility_API\FinLabPy\Storage\..\..\Data\Alor\SPBFUT.SiM6_D1.txt
20.02.2026 10:42:50 - AlorPy - DEBUG - Запрос : /md/v2/history?exchange=MOEX&symbol=SiH6&tf=D&from=1771545600&to=1771573369&format=Simple
20.02.2026 10:42:50 - AlorPy - DEBUG - Ответ  : {"history":[{"time":1771545600,"close":76448.00000,"open":76230.00000,"high":76500.00000,"low":76123.00000,"volume":91900}],"next":null,"prev":1771459200}
20.02.2026 10:42:50 - FileStorage - DEBUG - Первый бар    : 04.10.2025 00:00
20.02.2026 10:42:50 - FileStorage - DEBUG - Первый бар    : 04.10.2025 00:00
20.02.2026 10:42:50 - FileStorage - DEBUG - Последний бар : 20.02.2026 00:00
20.02.2026 10:42:50 - FileStorage - DEBUG - Получение файла C:\Users\шадрин\PycharmProjects\CenterStrikeVolatility_API\FinLabPy\Storage\..\..\Data\Alor\SPBFUT.SiH6_D1.txt
20.02.2026 10:42:50 - FileStorage - DEBUG - Последний бар : 20.02.2026 00:00
20.02.2026 10:42:50 - FileStorage - DEBUG - Первый бар    : 06.10.2025 00:00
20.02.2026 10:42:50 - FileStorage - DEBUG - Кол-во бар    : 122
20.02.2026 10:42:50 - FileStorage - DEBUG - Кол-во бар    : 116
20.02.2026 10:42:50 - FileStorage - DEBUG - Первый бар    : 04.10.2025 00:00
20.02.2026 10:42:50 - FileStorage - DEBUG - Последний бар : 20.02.2026 00:00
20.02.2026 10:42:50 - FileStorage - DEBUG - Фильтр с 03.10.2025 10:42
20.02.2026 10:42:50 - FileStorage - DEBUG - Первый бар    : 06.10.2025 00:00
20.02.2026 10:42:50 - FileStorage - DEBUG - Последний бар : 20.02.2026 00:00
20.02.2026 10:42:50 - FileStorage - DEBUG - Кол-во бар    : 96
20.02.2026 10:42:50 - Schedule.BarsStream - DEBUG - Текущая дата и время на бирже: 20.02.2026 10:42:50
20.02.2026 10:42:50 - FileStorage - DEBUG - Первый бар    : SPBFUT.RIH6 (D1) 2025-10-04 00:00:00 Open: 100060.0, High: 100060.0, Low: 98820.0, Close: 99270.0, Volume: 83.0
20.02.2026 10:42:50 - FileStorage - DEBUG - Последний бар : 20.02.2026 00:00
20.02.2026 10:42:50 - FileStorage - DEBUG - Кол-во бар    : 122
20.02.2026 10:42:50 - Schedule.BarsStream - DEBUG - Текущая дата и время на бирже: 20.02.2026 10:42:50
20.02.2026 10:42:50 - Schedule.BarsStream - DEBUG - Нужно получить бар: 20.02.2026 00:00:00
20.02.2026 10:42:50 - FileStorage - DEBUG - Последний бар : SPBFUT.RIH6 (D1) 2026-02-20 00:00:00 Open: 116130.0, High: 116400.0, Low: 115810.0, Close: 116050.0, Volume: 6370.0
20.02.2026 10:42:50 - FileStorage - DEBUG - Кол-во бар    : 96
20.02.2026 10:42:50 - FileStorage - DEBUG - Фильтр с 03.10.2025 10:42
20.02.2026 10:42:50 - Schedule.BarsStream - DEBUG - Нужно получить бар: 20.02.2026 00:00:00
20.02.2026 10:42:50 - Schedule.BarsStream - DEBUG - Время запроса бара: 23.02.2026 09:00:03
20.02.2026 10:42:50 - FileStorage - DEBUG - Кол-во бар    : 122
20.02.2026 10:42:50 - FileStorage - DEBUG - Сохранение файла C:\Users\шадрин\PycharmProjects\CenterStrikeVolatility_API\FinLabPy\Storage\..\..\Data\Alor\SPBFUT.SiH6_D1.txt
20.02.2026 10:42:50 - FileStorage - DEBUG - Первый бар    : SPBFUT.SRH6 (D1) 2025-10-04 00:00:00 Open: 305.03, High: 305.03, Low: 302.3, Close: 302.79, Volume: 102.0
20.02.2026 10:42:50 - Schedule.BarsStream - DEBUG - Время запроса бара: 23.02.2026 09:00:03
20.02.2026 10:42:50 - Schedule.BarsStream - DEBUG - Ожидание в секундах: 253033.0
20.02.2026 10:42:50 - FileStorage - DEBUG - Последний бар : SPBFUT.SRH6 (D1) 2026-02-20 00:00:00 Open: 317.03, High: 317.76, Low: 316.93, Close: 317.56, Volume: 9435.0
20.02.2026 10:42:50 - Schedule.BarsStream - DEBUG - Ожидание в секундах: 253033.0
20.02.2026 10:42:50 - FileStorage - DEBUG - Кол-во бар    : 122
20.02.2026 10:42:50 - FileStorage - DEBUG - Получение файла C:\Users\шадрин\PycharmProjects\CenterStrikeVolatility_API\FinLabPy\Storage\..\..\Data\Alor\SPBFUT.SRM6_D1.txt
20.02.2026 10:42:50 - FileStorage - DEBUG - Первый бар    : 06.10.2025 00:00
20.02.2026 10:42:50 - FileStorage - DEBUG - Получение файла C:\Users\шадрин\PycharmProjects\CenterStrikeVolatility_API\FinLabPy\Storage\..\..\Data\Alor\SPBFUT.SiM6_D1.txt
20.02.2026 10:42:50 - FileStorage - DEBUG - Последний бар : 20.02.2026 00:00
20.02.2026 10:42:50 - FileStorage - DEBUG - Кол-во бар    : 96
20.02.2026 10:42:50 - Schedule.BarsStream - DEBUG - Текущая дата и время на бирже: 20.02.2026 10:42:50
20.02.2026 10:42:50 - Schedule.BarsStream - DEBUG - Нужно получить бар: 20.02.2026 00:00:00
20.02.2026 10:42:50 - Schedule.BarsStream - DEBUG - Время запроса бара: 23.02.2026 09:00:03
20.02.2026 10:42:50 - Schedule.BarsStream - DEBUG - Ожидание в секундах: 253033.0
20.02.2026 10:42:50 - FileStorage - DEBUG - Первый бар    : 04.10.2025 00:00
20.02.2026 10:42:50 - FileStorage - DEBUG - Последний бар : 20.02.2026 00:00
20.02.2026 10:42:50 - FileStorage - DEBUG - Получение файла C:\Users\шадрин\PycharmProjects\CenterStrikeVolatility_API\FinLabPy\Storage\..\..\Data\Alor\SPBFUT.SiH6_D1.txt
20.02.2026 10:42:50 - FileStorage - DEBUG - Кол-во бар    : 116
20.02.2026 10:42:50 - FileStorage - DEBUG - Первый бар    : 06.10.2025 00:00
20.02.2026 10:42:50 - FileStorage - DEBUG - Последний бар : 20.02.2026 00:00
20.02.2026 10:42:50 - FileStorage - DEBUG - Фильтр с 03.10.2025 10:42
20.02.2026 10:42:50 - FileStorage - DEBUG - Кол-во бар    : 96
20.02.2026 10:42:50 - FileStorage - DEBUG - Первый бар    : SPBFUT.SRM6 (D1) 2025-10-04 00:00:00 Open: 314.01, High: 315.32, Low: 313.37, Close: 313.37, Volume: 3.0
20.02.2026 10:42:50 - FileStorage - DEBUG - Фильтр с 03.10.2025 10:42
20.02.2026 10:42:50 - FileStorage - DEBUG - Последний бар : SPBFUT.SRM6 (D1) 2026-02-20 00:00:00 Open: 327.7, High: 328.4, Low: 327.62, Close: 328.15, Volume: 378.0
20.02.2026 10:42:50 - FileStorage - DEBUG - Первый бар    : SPBFUT.SiM6 (D1) 2025-10-06 00:00:00 Open: 89.804, High: 90.272, Low: 89.304, Close: 89.513, Volume: 322.0
20.02.2026 10:42:50 - FileStorage - DEBUG - Первый бар    : 06.10.2025 00:00
20.02.2026 10:42:50 - FileStorage - DEBUG - Кол-во бар    : 116
20.02.2026 10:42:50 - FileStorage - DEBUG - Последний бар : SPBFUT.SiM6 (D1) 2026-02-20 00:00:00 Open: 77.91, High: 78.015, Low: 77.77, Close: 77.962, Volume: 10510.0
20.02.2026 10:42:50 - FileStorage - DEBUG - Последний бар : 20.02.2026 00:00
20.02.2026 10:42:50 - FileStorage - DEBUG - Кол-во бар    : 96
20.02.2026 10:42:50 - FileStorage - DEBUG - Кол-во бар    : 96
20.02.2026 10:42:51 - FileStorage - DEBUG - Фильтр с 03.10.2025 10:42
20.02.2026 10:42:51 - FileStorage - DEBUG - Первый бар    : SPBFUT.SiH6 (D1) 2025-10-06 00:00:00 Open: 87.101, High: 87.638, Low: 86.591, Close: 86.731, Volume: 10858.0
20.02.2026 10:42:51 - FileStorage - DEBUG - Последний бар : SPBFUT.SiH6 (D1) 2026-02-20 00:00:00 Open: 76.23, High: 76.5, Low: 76.123, Close: 76.448, Volume: 91900.0
20.02.2026 10:42:51 - FileStorage - DEBUG - Кол-во бар    : 96
20.02.2026 10:42:51 - AlorPy - DEBUG - Запрос : /md/v2/history?exchange=MOEX&symbol=RIM6&tf=900&from=1771571700&to=1771573370&format=Simple
20.02.2026 10:42:51 - AlorPy - DEBUG - Ответ  : {"history":[{"time":1771571700,"close":116540.00000,"open":116300.00000,"high":116540.00000,"low":116290.00000,"volume":21},{"time":1771572600,"close":116500.00000,"open":116610.00000,"high":116610.00000,"low":116500.00000,"volume":3}],"next":null,"prev":1771569900}
20.02.2026 10:42:51 - FileStorage - DEBUG - Получение файла C:\Users\шадрин\PycharmProjects\CenterStrikeVolatility_API\FinLabPy\Storage\..\..\Data\Alor\SPBFUT.RIM6_M15.txt
20.02.2026 10:42:51 - FileStorage - DEBUG - Первый бар    : 03.10.2025 12:15
20.02.2026 10:42:51 - FileStorage - DEBUG - Последний бар : 20.02.2026 10:15
20.02.2026 10:42:51 - FileStorage - DEBUG - Кол-во бар    : 1811
20.02.2026 10:42:52 - AlorPy - DEBUG - Запрос : /md/v2/history?exchange=MOEX&symbol=RIM6&tf=D&from=1771545600&to=1771573370&format=Simple
20.02.2026 10:42:52 - AlorPy - DEBUG - Ответ  : {"history":[{"time":1771545600,"close":116500.00000,"open":116470.00000,"high":116770.00000,"low":116290.00000,"volume":61}],"next":null,"prev":1771459200}
20.02.2026 10:42:52 - FileStorage - DEBUG - Получение файла C:\Users\шадрин\PycharmProjects\CenterStrikeVolatility_API\FinLabPy\Storage\..\..\Data\Alor\SPBFUT.RIM6_D1.txt
20.02.2026 10:42:52 - FileStorage - DEBUG - Сохранение файла C:\Users\шадрин\PycharmProjects\CenterStrikeVolatility_API\FinLabPy\Storage\..\..\Data\Alor\SPBFUT.RIM6_M15.txt
20.02.2026 10:42:52 - FileStorage - DEBUG - Первый бар    : 04.10.2025 00:00
20.02.2026 10:42:52 - FileStorage - DEBUG - Последний бар : 20.02.2026 00:00
20.02.2026 10:42:52 - FileStorage - DEBUG - Кол-во бар    : 107
20.02.2026 10:42:52 - FileStorage - DEBUG - Сохранение файла C:\Users\шадрин\PycharmProjects\CenterStrikeVolatility_API\FinLabPy\Storage\..\..\Data\Alor\SPBFUT.RIM6_D1.txt
20.02.2026 10:42:52 - FileStorage - DEBUG - Первый бар    : 04.10.2025 00:00
20.02.2026 10:42:52 - FileStorage - DEBUG - Последний бар : 20.02.2026 00:00
20.02.2026 10:42:52 - FileStorage - DEBUG - Кол-во бар    : 107
20.02.2026 10:42:52 - Schedule.BarsStream - DEBUG - Текущая дата и время на бирже: 20.02.2026 10:42:52
20.02.2026 10:42:52 - Schedule.BarsStream - DEBUG - Нужно получить бар: 20.02.2026 00:00:00
20.02.2026 10:42:52 - Schedule.BarsStream - DEBUG - Время запроса бара: 23.02.2026 09:00:03
20.02.2026 10:42:52 - Schedule.BarsStream - DEBUG - Ожидание в секундах: 253031.0
20.02.2026 10:42:52 - FileStorage - DEBUG - Первый бар    : 03.10.2025 12:15
20.02.2026 10:42:52 - FileStorage - DEBUG - Последний бар : 20.02.2026 10:30
20.02.2026 10:42:52 - FileStorage - DEBUG - Кол-во бар    : 1812
20.02.2026 10:42:52 - FileStorage - DEBUG - Получение файла C:\Users\шадрин\PycharmProjects\CenterStrikeVolatility_API\FinLabPy\Storage\..\..\Data\Alor\SPBFUT.RIM6_D1.txt
20.02.2026 10:42:52 - FileStorage - DEBUG - Первый бар    : 04.10.2025 00:00
20.02.2026 10:42:52 - FileStorage - DEBUG - Последний бар : 20.02.2026 00:00
20.02.2026 10:42:52 - FileStorage - DEBUG - Кол-во бар    : 107
20.02.2026 10:42:52 - FileStorage - DEBUG - Фильтр с 03.10.2025 10:42
20.02.2026 10:42:52 - FileStorage - DEBUG - Первый бар    : SPBFUT.RIM6 (D1) 2025-10-04 00:00:00 Open: 101350.0, High: 101350.0, Low: 101350.0, Close: 101350.0, Volume: 1.0
20.02.2026 10:42:52 - FileStorage - DEBUG - Последний бар : SPBFUT.RIM6 (D1) 2026-02-20 00:00:00 Open: 116470.0, High: 116770.0, Low: 116290.0, Close: 116500.0, Volume: 61.0
20.02.2026 10:42:52 - FileStorage - DEBUG - Кол-во бар    : 107
20.02.2026 10:42:52 - AlorPy - DEBUG - Запрос : /md/v2/history?exchange=MOEX&symbol=RIH6&tf=D&from=1771545600&to=1771573370&format=Simple
20.02.2026 10:42:52 - AlorPy - DEBUG - Ответ  : {"history":[{"time":1771545600,"close":116050.00000,"open":116130.00000,"high":116400.00000,"low":115810.00000,"volume":6370}],"next":null,"prev":1771459200}
20.02.2026 10:42:52 - FileStorage - DEBUG - Получение файла C:\Users\шадрин\PycharmProjects\CenterStrikeVolatility_API\FinLabPy\Storage\..\..\Data\Alor\SPBFUT.RIH6_D1.txt
20.02.2026 10:42:52 - FileStorage - DEBUG - Первый бар    : 04.10.2025 00:00
20.02.2026 10:42:52 - FileStorage - DEBUG - Последний бар : 20.02.2026 00:00
20.02.2026 10:42:52 - FileStorage - DEBUG - Кол-во бар    : 122
20.02.2026 10:42:52 - FileStorage - DEBUG - Сохранение файла C:\Users\шадрин\PycharmProjects\CenterStrikeVolatility_API\FinLabPy\Storage\..\..\Data\Alor\SPBFUT.RIH6_D1.txt
20.02.2026 10:42:52 - FileStorage - DEBUG - Первый бар    : 04.10.2025 00:00
20.02.2026 10:42:52 - FileStorage - DEBUG - Последний бар : 20.02.2026 00:00
20.02.2026 10:42:52 - FileStorage - DEBUG - Кол-во бар    : 122
20.02.2026 10:42:52 - Schedule.BarsStream - DEBUG - Текущая дата и время на бирже: 20.02.2026 10:42:52
20.02.2026 10:42:52 - Schedule.BarsStream - DEBUG - Нужно получить бар: 20.02.2026 00:00:00
20.02.2026 10:42:52 - Schedule.BarsStream - DEBUG - Время запроса бара: 23.02.2026 09:00:03
20.02.2026 10:42:52 - Schedule.BarsStream - DEBUG - Ожидание в секундах: 253031.0
20.02.2026 10:42:52 - FileStorage - DEBUG - Получение файла C:\Users\шадрин\PycharmProjects\CenterStrikeVolatility_API\FinLabPy\Storage\..\..\Data\Alor\SPBFUT.RIH6_D1.txt
20.02.2026 10:42:52 - FileStorage - DEBUG - Первый бар    : 04.10.2025 00:00
20.02.2026 10:42:52 - FileStorage - DEBUG - Последний бар : 20.02.2026 00:00
20.02.2026 10:42:52 - FileStorage - DEBUG - Кол-во бар    : 122
20.02.2026 10:42:52 - FileStorage - DEBUG - Фильтр с 03.10.2025 10:42
20.02.2026 10:42:52 - FileStorage - DEBUG - Первый бар    : SPBFUT.RIH6 (D1) 2025-10-04 00:00:00 Open: 100060.0, High: 100060.0, Low: 98820.0, Close: 99270.0, Volume: 83.0
20.02.2026 10:42:52 - FileStorage - DEBUG - Последний бар : SPBFUT.RIH6 (D1) 2026-02-20 00:00:00 Open: 116130.0, High: 116400.0, Low: 115810.0, Close: 116050.0, Volume: 6370.0
20.02.2026 10:42:52 - FileStorage - DEBUG - Кол-во бар    : 122
20.02.2026 10:42:52 - AlorPy - DEBUG - Запрос : /md/v2/history?exchange=MOEX&symbol=SRH6&tf=D&from=1771545600&to=1771573370&format=Simple
20.02.2026 10:42:52 - AlorPy - DEBUG - Запрос : /md/v2/history?exchange=MOEX&symbol=SiM6&tf=D&from=1771545600&to=1771573370&format=Simple
20.02.2026 10:42:52 - AlorPy - DEBUG - Ответ  : {"history":[{"time":1771545600,"close":31756.00000,"open":31703.00000,"high":31776.00000,"low":31693.00000,"volume":9435}],"next":null,"prev":1771459200}
20.02.2026 10:42:52 - AlorPy - DEBUG - Ответ  : {"history":[{"time":1771545600,"close":77962.00000,"open":77910.00000,"high":78015.00000,"low":77770.00000,"volume":10512}],"next":null,"prev":1771459200}
20.02.2026 10:42:52 - FileStorage - DEBUG - Получение файла C:\Users\шадрин\PycharmProjects\CenterStrikeVolatility_API\FinLabPy\Storage\..\..\Data\Alor\SPBFUT.SRH6_D1.txt
20.02.2026 10:42:52 - FileStorage - DEBUG - Получение файла C:\Users\шадрин\PycharmProjects\CenterStrikeVolatility_API\FinLabPy\Storage\..\..\Data\Alor\SPBFUT.SiM6_D1.txt
20.02.2026 10:42:52 - AlorPy - DEBUG - Запрос : /md/v2/history?exchange=MOEX&symbol=SRM6&tf=D&from=1771545600&to=1771573370&format=Simple
20.02.2026 10:42:52 - AlorPy - DEBUG - Ответ  : {"history":[{"time":1771545600,"close":32815.00000,"open":32770.00000,"high":32840.00000,"low":32762.00000,"volume":378}],"next":null,"prev":1771459200}
20.02.2026 10:42:52 - FileStorage - DEBUG - Получение файла C:\Users\шадрин\PycharmProjects\CenterStrikeVolatility_API\FinLabPy\Storage\..\..\Data\Alor\SPBFUT.SRM6_D1.txt
20.02.2026 10:42:52 - FileStorage - DEBUG - Первый бар    : 06.10.2025 00:00
20.02.2026 10:42:52 - FileStorage - DEBUG - Последний бар : 20.02.2026 00:00
20.02.2026 10:42:52 - FileStorage - DEBUG - Кол-во бар    : 96
20.02.2026 10:42:52 - FileStorage - DEBUG - Сохранение файла C:\Users\шадрин\PycharmProjects\CenterStrikeVolatility_API\FinLabPy\Storage\..\..\Data\Alor\SPBFUT.SiM6_D1.txt
20.02.2026 10:42:52 - FileStorage - DEBUG - Первый бар    : 04.10.2025 00:00
20.02.2026 10:42:52 - FileStorage - DEBUG - Последний бар : 20.02.2026 00:00
20.02.2026 10:42:52 - FileStorage - DEBUG - Кол-во бар    : 122
20.02.2026 10:42:52 - FileStorage - DEBUG - Сохранение файла C:\Users\шадрин\PycharmProjects\CenterStrikeVolatility_API\FinLabPy\Storage\..\..\Data\Alor\SPBFUT.SRH6_D1.txt
20.02.2026 10:42:52 - FileStorage - DEBUG - Первый бар    : 04.10.2025 00:00
20.02.2026 10:42:52 - FileStorage - DEBUG - Первый бар    : 06.10.2025 00:00
20.02.2026 10:42:52 - FileStorage - DEBUG - Последний бар : 20.02.2026 00:00
20.02.2026 10:42:52 - FileStorage - DEBUG - Последний бар : 20.02.2026 00:00
20.02.2026 10:42:52 - FileStorage - DEBUG - Кол-во бар    : 116
20.02.2026 10:42:52 - FileStorage - DEBUG - Кол-во бар    : 96
20.02.2026 10:42:52 - FileStorage - DEBUG - Первый бар    : 04.10.2025 00:00
20.02.2026 10:42:52 - FileStorage - DEBUG - Сохранение файла C:\Users\шадрин\PycharmProjects\CenterStrikeVolatility_API\FinLabPy\Storage\..\..\Data\Alor\SPBFUT.SRM6_D1.txt
20.02.2026 10:42:52 - Schedule.BarsStream - DEBUG - Текущая дата и время на бирже: 20.02.2026 10:42:52
20.02.2026 10:42:52 - AlorPy - DEBUG - Запрос : /md/v2/history?exchange=MOEX&symbol=SiH6&tf=D&from=1771545600&to=1771573371&format=Simple
20.02.2026 10:42:52 - FileStorage - DEBUG - Последний бар : 20.02.2026 00:00
20.02.2026 10:42:52 - Schedule.BarsStream - DEBUG - Нужно получить бар: 20.02.2026 00:00:00
20.02.2026 10:42:52 - AlorPy - DEBUG - Ответ  : {"history":[{"time":1771545600,"close":76448.00000,"open":76230.00000,"high":76500.00000,"low":76123.00000,"volume":91904}],"next":null,"prev":1771459200}
20.02.2026 10:42:52 - FileStorage - DEBUG - Кол-во бар    : 122
20.02.2026 10:42:52 - Schedule.BarsStream - DEBUG - Время запроса бара: 23.02.2026 09:00:03
20.02.2026 10:42:52 - FileStorage - DEBUG - Первый бар    : 04.10.2025 00:00
20.02.2026 10:42:52 - Schedule.BarsStream - DEBUG - Ожидание в секундах: 253031.0
20.02.2026 10:42:52 - FileStorage - DEBUG - Получение файла C:\Users\шадрин\PycharmProjects\CenterStrikeVolatility_API\FinLabPy\Storage\..\..\Data\Alor\SPBFUT.SiH6_D1.txt
20.02.2026 10:42:52 - FileStorage - DEBUG - Последний бар : 20.02.2026 00:00
20.02.2026 10:42:52 - Schedule.BarsStream - DEBUG - Текущая дата и время на бирже: 20.02.2026 10:42:52
20.02.2026 10:42:52 - FileStorage - DEBUG - Кол-во бар    : 116
20.02.2026 10:42:52 - FileStorage - DEBUG - Получение файла C:\Users\шадрин\PycharmProjects\CenterStrikeVolatility_API\FinLabPy\Storage\..\..\Data\Alor\SPBFUT.SiM6_D1.txt
20.02.2026 10:42:52 - Schedule.BarsStream - DEBUG - Нужно получить бар: 20.02.2026 00:00:00
20.02.2026 10:42:52 - Schedule.BarsStream - DEBUG - Время запроса бара: 23.02.2026 09:00:03
20.02.2026 10:42:52 - Schedule.BarsStream - DEBUG - Текущая дата и время на бирже: 20.02.2026 10:42:52
20.02.2026 10:42:52 - Schedule.BarsStream - DEBUG - Ожидание в секундах: 253031.0
20.02.2026 10:42:52 - Schedule.BarsStream - DEBUG - Нужно получить бар: 20.02.2026 00:00:00
20.02.2026 10:42:52 - FileStorage - DEBUG - Первый бар    : 06.10.2025 00:00
20.02.2026 10:42:52 - Schedule.BarsStream - DEBUG - Время запроса бара: 23.02.2026 09:00:03
20.02.2026 10:42:52 - FileStorage - DEBUG - Получение файла C:\Users\шадрин\PycharmProjects\CenterStrikeVolatility_API\FinLabPy\Storage\..\..\Data\Alor\SPBFUT.SRH6_D1.txt
20.02.2026 10:42:52 - FileStorage - DEBUG - Последний бар : 20.02.2026 00:00
20.02.2026 10:42:52 - Schedule.BarsStream - DEBUG - Ожидание в секундах: 253031.0
20.02.2026 10:42:52 - FileStorage - DEBUG - Первый бар    : 06.10.2025 00:00
20.02.2026 10:42:52 - FileStorage - DEBUG - Кол-во бар    : 96
20.02.2026 10:42:52 - FileStorage - DEBUG - Последний бар : 20.02.2026 00:00
20.02.2026 10:42:52 - FileStorage - DEBUG - Получение файла C:\Users\шадрин\PycharmProjects\CenterStrikeVolatility_API\FinLabPy\Storage\..\..\Data\Alor\SPBFUT.SRM6_D1.txt
20.02.2026 10:42:52 - FileStorage - DEBUG - Кол-во бар    : 96
20.02.2026 10:42:52 - FileStorage - DEBUG - Сохранение файла C:\Users\шадрин\PycharmProjects\CenterStrikeVolatility_API\FinLabPy\Storage\..\..\Data\Alor\SPBFUT.SiH6_D1.txt
20.02.2026 10:42:52 - FileStorage - DEBUG - Фильтр с 03.10.2025 10:42
20.02.2026 10:42:52 - FileStorage - DEBUG - Первый бар    : SPBFUT.SiM6 (D1) 2025-10-06 00:00:00 Open: 89.804, High: 90.272, Low: 89.304, Close: 89.513, Volume: 322.0
20.02.2026 10:42:52 - FileStorage - DEBUG - Последний бар : SPBFUT.SiM6 (D1) 2026-02-20 00:00:00 Open: 77.91, High: 78.015, Low: 77.77, Close: 77.962, Volume: 10512.0
20.02.2026 10:42:52 - FileStorage - DEBUG - Кол-во бар    : 96
20.02.2026 10:42:52 - FileStorage - DEBUG - Первый бар    : 04.10.2025 00:00
20.02.2026 10:42:52 - FileStorage - DEBUG - Последний бар : 20.02.2026 00:00
20.02.2026 10:42:52 - FileStorage - DEBUG - Кол-во бар    : 122
20.02.2026 10:42:52 - FileStorage - DEBUG - Первый бар    : 04.10.2025 00:00
20.02.2026 10:42:52 - FileStorage - DEBUG - Последний бар : 20.02.2026 00:00
20.02.2026 10:42:52 - FileStorage - DEBUG - Фильтр с 03.10.2025 10:42
20.02.2026 10:42:52 - FileStorage - DEBUG - Кол-во бар    : 116
20.02.2026 10:42:52 - FileStorage - DEBUG - Первый бар    : SPBFUT.SRH6 (D1) 2025-10-04 00:00:00 Open: 305.03, High: 305.03, Low: 302.3, Close: 302.79, Volume: 102.0
20.02.2026 10:42:52 - FileStorage - DEBUG - Фильтр с 03.10.2025 10:42
20.02.2026 10:42:52 - FileStorage - DEBUG - Первый бар    : 06.10.2025 00:00
20.02.2026 10:42:52 - FileStorage - DEBUG - Последний бар : SPBFUT.SRH6 (D1) 2026-02-20 00:00:00 Open: 317.03, High: 317.76, Low: 316.93, Close: 317.56, Volume: 9435.0
20.02.2026 10:42:52 - FileStorage - DEBUG - Первый бар    : SPBFUT.SRM6 (D1) 2025-10-04 00:00:00 Open: 314.01, High: 315.32, Low: 313.37, Close: 313.37, Volume: 3.0
20.02.2026 10:42:52 - FileStorage - DEBUG - Последний бар : 20.02.2026 00:00
20.02.2026 10:42:52 - FileStorage - DEBUG - Кол-во бар    : 122
20.02.2026 10:42:52 - FileStorage - DEBUG - Последний бар : SPBFUT.SRM6 (D1) 2026-02-20 00:00:00 Open: 327.7, High: 328.4, Low: 327.62, Close: 328.15, Volume: 378.0
20.02.2026 10:42:52 - FileStorage - DEBUG - Кол-во бар    : 96
20.02.2026 10:42:52 - FileStorage - DEBUG - Кол-во бар    : 116
20.02.2026 10:42:52 - Schedule.BarsStream - DEBUG - Текущая дата и время на бирже: 20.02.2026 10:42:52
20.02.2026 10:42:52 - Schedule.BarsStream - DEBUG - Нужно получить бар: 20.02.2026 00:00:00
20.02.2026 10:42:52 - Schedule.BarsStream - DEBUG - Время запроса бара: 23.02.2026 09:00:03
20.02.2026 10:42:52 - Schedule.BarsStream - DEBUG - Ожидание в секундах: 253031.0
20.02.2026 10:42:52 - FileStorage - DEBUG - Получение файла C:\Users\шадрин\PycharmProjects\CenterStrikeVolatility_API\FinLabPy\Storage\..\..\Data\Alor\SPBFUT.SiH6_D1.txt
20.02.2026 10:42:52 - FileStorage - DEBUG - Первый бар    : 06.10.2025 00:00
20.02.2026 10:42:52 - FileStorage - DEBUG - Последний бар : 20.02.2026 00:00
20.02.2026 10:42:52 - FileStorage - DEBUG - Кол-во бар    : 96
20.02.2026 10:42:52 - FileStorage - DEBUG - Фильтр с 03.10.2025 10:42
20.02.2026 10:42:52 - FileStorage - DEBUG - Первый бар    : SPBFUT.SiH6 (D1) 2025-10-06 00:00:00 Open: 87.101, High: 87.638, Low: 86.591, Close: 86.731, Volume: 10858.0
20.02.2026 10:42:52 - FileStorage - DEBUG - Последний бар : SPBFUT.SiH6 (D1) 2026-02-20 00:00:00 Open: 76.23, High: 76.5, Low: 76.123, Close: 76.448, Volume: 91904.0
20.02.2026 10:42:52 - FileStorage - DEBUG - Кол-во бар    : 96
20.02.2026 10:42:53 - FileStorage - DEBUG - Получение файла C:\Users\шадрин\PycharmProjects\CenterStrikeVolatility_API\FinLabPy\Storage\..\..\Data\Alor\SPBFUT.SiM6_M15.txt
20.02.2026 10:42:53 - AlorPy - DEBUG - Запрос : /md/v2/history?exchange=MOEX&symbol=RIM6&tf=D&from=1771545600&to=1771573372&format=Simple
20.02.2026 10:42:53 - AlorPy - DEBUG - Ответ  : {"history":[{"time":1771545600,"close":116500.00000,"open":116470.00000,"high":116770.00000,"low":116290.00000,"volume":61}],"next":null,"prev":1771459200}
20.02.2026 10:42:53 - FileStorage - DEBUG - Первый бар    : 03.10.2025 10:45
20.02.2026 10:42:53 - FileStorage - DEBUG - Последний бар : 20.02.2026 10:15
20.02.2026 10:42:53 - FileStorage - DEBUG - Кол-во бар    : 4752
20.02.2026 10:42:53 - FileStorage - DEBUG - Получение файла C:\Users\шадрин\PycharmProjects\CenterStrikeVolatility_API\FinLabPy\Storage\..\..\Data\Alor\SPBFUT.RIM6_D1.txt
20.02.2026 10:42:53 - AlorPy - DEBUG - Запрос : /md/v2/history?exchange=MOEX&symbol=RIH6&tf=D&from=1771545600&to=1771573372&format=Simple
20.02.2026 10:42:53 - AlorPy - DEBUG - Ответ  : {"history":[{"time":1771545600,"close":116050.00000,"open":116130.00000,"high":116400.00000,"low":115810.00000,"volume":6370}],"next":null,"prev":1771459200}
20.02.2026 10:42:53 - FileStorage - DEBUG - Получение файла C:\Users\шадрин\PycharmProjects\CenterStrikeVolatility_API\FinLabPy\Storage\..\..\Data\Alor\SPBFUT.RIH6_D1.txt
20.02.2026 10:42:53 - FileStorage - DEBUG - Первый бар    : 04.10.2025 00:00
20.02.2026 10:42:53 - FileStorage - DEBUG - Последний бар : 20.02.2026 00:00
20.02.2026 10:42:53 - FileStorage - DEBUG - Кол-во бар    : 107
20.02.2026 10:42:53 - FileStorage - DEBUG - Первый бар    : 04.10.2025 00:00
20.02.2026 10:42:53 - FileStorage - DEBUG - Последний бар : 20.02.2026 00:00
20.02.2026 10:42:53 - FileStorage - DEBUG - Кол-во бар    : 122
20.02.2026 10:42:53 - FileStorage - DEBUG - Сохранение файла C:\Users\шадрин\PycharmProjects\CenterStrikeVolatility_API\FinLabPy\Storage\..\..\Data\Alor\SPBFUT.RIM6_D1.txt
20.02.2026 10:42:53 - FileStorage - DEBUG - Сохранение файла C:\Users\шадрин\PycharmProjects\CenterStrikeVolatility_API\FinLabPy\Storage\..\..\Data\Alor\SPBFUT.RIH6_D1.txt
20.02.2026 10:42:53 - AlorPy - DEBUG - Запрос : /md/v2/history?exchange=MOEX&symbol=SRM6&tf=D&from=1771545600&to=1771573372&format=Simple
20.02.2026 10:42:53 - AlorPy - DEBUG - Запрос : /md/v2/history?exchange=MOEX&symbol=SRH6&tf=D&from=1771545600&to=1771573372&format=Simple
20.02.2026 10:42:53 - AlorPy - DEBUG - Запрос : /md/v2/history?exchange=MOEX&symbol=SiM6&tf=D&from=1771545600&to=1771573372&format=Simple
20.02.2026 10:42:53 - AlorPy - DEBUG - Ответ  : {"history":[{"time":1771545600,"close":32815.00000,"open":32770.00000,"high":32840.00000,"low":32762.00000,"volume":378}],"next":null,"prev":1771459200}
20.02.2026 10:42:53 - AlorPy - DEBUG - Запрос : /md/v2/history?exchange=MOEX&symbol=SiH6&tf=D&from=1771545600&to=1771573372&format=Simple
20.02.2026 10:42:53 - AlorPy - DEBUG - Ответ  : {"history":[{"time":1771545600,"close":31756.00000,"open":31703.00000,"high":31776.00000,"low":31693.00000,"volume":9435}],"next":null,"prev":1771459200}
20.02.2026 10:42:53 - AlorPy - DEBUG - Ответ  : {"history":[{"time":1771545600,"close":77962.00000,"open":77910.00000,"high":78015.00000,"low":77770.00000,"volume":10516}],"next":null,"prev":1771459200}
20.02.2026 10:42:53 - FileStorage - DEBUG - Первый бар    : 04.10.2025 00:00
20.02.2026 10:42:53 - FileStorage - DEBUG - Первый бар    : 04.10.2025 00:00
20.02.2026 10:42:53 - AlorPy - DEBUG - Ответ  : {"history":[{"time":1771545600,"close":76449.00000,"open":76230.00000,"high":76500.00000,"low":76123.00000,"volume":91906}],"next":null,"prev":1771459200}
20.02.2026 10:42:53 - FileStorage - DEBUG - Получение файла C:\Users\шадрин\PycharmProjects\CenterStrikeVolatility_API\FinLabPy\Storage\..\..\Data\Alor\SPBFUT.SRM6_D1.txt
20.02.2026 10:42:53 - FileStorage - DEBUG - Фильтр с 03.10.2025 10:42
20.02.2026 10:42:53 - FileStorage - DEBUG - Получение файла C:\Users\шадрин\PycharmProjects\CenterStrikeVolatility_API\FinLabPy\Storage\..\..\Data\Alor\SPBFUT.SRH6_D1.txt
20.02.2026 10:42:53 - FileStorage - DEBUG - Последний бар : 20.02.2026 00:00
20.02.2026 10:42:53 - FileStorage - DEBUG - Получение файла C:\Users\шадрин\PycharmProjects\CenterStrikeVolatility_API\FinLabPy\Storage\..\..\Data\Alor\SPBFUT.SiM6_D1.txt
20.02.2026 10:42:53 - FileStorage - DEBUG - Последний бар : 20.02.2026 00:00
20.02.2026 10:42:53 - FileStorage - DEBUG - Первый бар    : SPBFUT.SiM6 (M15) 2025-10-03 10:45:00 Open: 88.4, High: 88.4, Low: 88.35, Close: 88.35, Volume: 17.0
20.02.2026 10:42:53 - FileStorage - DEBUG - Получение файла C:\Users\шадрин\PycharmProjects\CenterStrikeVolatility_API\FinLabPy\Storage\..\..\Data\Alor\SPBFUT.SiH6_D1.txt
20.02.2026 10:42:53 - FileStorage - DEBUG - Кол-во бар    : 122
20.02.2026 10:42:53 - FileStorage - DEBUG - Кол-во бар    : 107
20.02.2026 10:42:53 - FileStorage - DEBUG - Последний бар : SPBFUT.SiM6 (M15) 2026-02-20 10:15:00 Open: 77.958, High: 78.015, Low: 77.919, Close: 77.93, Volume: 2549.0
20.02.2026 10:42:53 - Schedule.BarsStream - DEBUG - Текущая дата и время на бирже: 20.02.2026 10:42:53
20.02.2026 10:42:53 - Schedule.BarsStream - DEBUG - Текущая дата и время на бирже: 20.02.2026 10:42:53
20.02.2026 10:42:53 - FileStorage - DEBUG - Кол-во бар    : 4752
20.02.2026 10:42:53 - FileStorage - DEBUG - Первый бар    : 04.10.2025 00:00
20.02.2026 10:42:53 - Schedule.BarsStream - DEBUG - Нужно получить бар: 20.02.2026 00:00:00
20.02.2026 10:42:53 - FileStorage - DEBUG - Первый бар    : 06.10.2025 00:00
20.02.2026 10:42:53 - FileStorage - DEBUG - Первый бар    : 06.10.2025 00:00
20.02.2026 10:42:53 - FileStorage - DEBUG - Первый бар    : 04.10.2025 00:00
20.02.2026 10:42:53 - Schedule.BarsStream - DEBUG - Нужно получить бар: 20.02.2026 00:00:00
20.02.2026 10:42:53 - FileStorage - DEBUG - Последний бар : 20.02.2026 00:00
20.02.2026 10:42:53 - Schedule.BarsStream - DEBUG - Время запроса бара: 23.02.2026 09:00:03
20.02.2026 10:42:53 - FileStorage - DEBUG - Последний бар : 20.02.2026 00:00
20.02.2026 10:42:53 - FileStorage - DEBUG - Последний бар : 20.02.2026 00:00
20.02.2026 10:42:53 - FileStorage - DEBUG - Последний бар : 20.02.2026 00:00
20.02.2026 10:42:53 - Schedule.BarsStream - DEBUG - Время запроса бара: 23.02.2026 09:00:03
20.02.2026 10:42:53 - FileStorage - DEBUG - Кол-во бар    : 122
20.02.2026 10:42:53 - Schedule.BarsStream - DEBUG - Ожидание в секундах: 253030.0
20.02.2026 10:42:53 - FileStorage - DEBUG - Кол-во бар    : 96
20.02.2026 10:42:53 - FileStorage - DEBUG - Кол-во бар    : 96
20.02.2026 10:42:53 - FileStorage - DEBUG - Кол-во бар    : 116
20.02.2026 10:42:53 - Schedule.BarsStream - DEBUG - Ожидание в секундах: 253030.0
20.02.2026 10:42:53 - FileStorage - DEBUG - Получение файла C:\Users\шадрин\PycharmProjects\CenterStrikeVolatility_API\FinLabPy\Storage\..\..\Data\Alor\SPBFUT.RIM6_D1.txt
20.02.2026 10:42:53 - FileStorage - DEBUG - Сохранение файла C:\Users\шадрин\PycharmProjects\CenterStrikeVolatility_API\FinLabPy\Storage\..\..\Data\Alor\SPBFUT.SRH6_D1.txt
20.02.2026 10:42:53 - FileStorage - DEBUG - Сохранение файла C:\Users\шадрин\PycharmProjects\CenterStrikeVolatility_API\FinLabPy\Storage\..\..\Data\Alor\SPBFUT.SiH6_D1.txt
20.02.2026 10:42:53 - FileStorage - DEBUG - Сохранение файла C:\Users\шадрин\PycharmProjects\CenterStrikeVolatility_API\FinLabPy\Storage\..\..\Data\Alor\SPBFUT.SRM6_D1.txt
20.02.2026 10:42:53 - FileStorage - DEBUG - Получение файла C:\Users\шадрин\PycharmProjects\CenterStrikeVolatility_API\FinLabPy\Storage\..\..\Data\Alor\SPBFUT.RIH6_D1.txt
20.02.2026 10:42:53 - FileStorage - DEBUG - Сохранение файла C:\Users\шадрин\PycharmProjects\CenterStrikeVolatility_API\FinLabPy\Storage\..\..\Data\Alor\SPBFUT.SiM6_D1.txt
20.02.2026 10:42:53 - FileStorage - DEBUG - Первый бар    : 04.10.2025 00:00
20.02.2026 10:42:53 - FileStorage - DEBUG - Последний бар : 20.02.2026 00:00
20.02.2026 10:42:53 - FileStorage - DEBUG - Первый бар    : 06.10.2025 00:00
20.02.2026 10:42:53 - FileStorage - DEBUG - Кол-во бар    : 122
20.02.2026 10:42:53 - FileStorage - DEBUG - Первый бар    : 06.10.2025 00:00
20.02.2026 10:42:53 - FileStorage - DEBUG - Первый бар    : 04.10.2025 00:00
20.02.2026 10:42:53 - FileStorage - DEBUG - Первый бар    : 04.10.2025 00:00
20.02.2026 10:42:53 - FileStorage - DEBUG - Последний бар : 20.02.2026 00:00
20.02.2026 10:42:53 - FileStorage - DEBUG - Последний бар : 20.02.2026 00:00
20.02.2026 10:42:53 - Schedule.BarsStream - DEBUG - Текущая дата и время на бирже: 20.02.2026 10:42:53
20.02.2026 10:42:53 - FileStorage - DEBUG - Последний бар : 20.02.2026 00:00
20.02.2026 10:42:53 - FileStorage - DEBUG - Последний бар : 20.02.2026 00:00
20.02.2026 10:42:53 - FileStorage - DEBUG - Первый бар    : 04.10.2025 00:00
20.02.2026 10:42:53 - FileStorage - DEBUG - Кол-во бар    : 96
20.02.2026 10:42:53 - FileStorage - DEBUG - Кол-во бар    : 96
20.02.2026 10:42:53 - Schedule.BarsStream - DEBUG - Нужно получить бар: 20.02.2026 00:00:00
20.02.2026 10:42:53 - FileStorage - DEBUG - Кол-во бар    : 116
20.02.2026 10:42:53 - FileStorage - DEBUG - Кол-во бар    : 107
20.02.2026 10:42:53 - FileStorage - DEBUG - Последний бар : 20.02.2026 00:00
20.02.2026 10:42:53 - Schedule.BarsStream - DEBUG - Время запроса бара: 23.02.2026 09:00:03
20.02.2026 10:42:53 - Schedule.BarsStream - DEBUG - Текущая дата и время на бирже: 20.02.2026 10:42:53
20.02.2026 10:42:53 - Schedule.BarsStream - DEBUG - Текущая дата и время на бирже: 20.02.2026 10:42:53
20.02.2026 10:42:53 - FileStorage - DEBUG - Фильтр с 03.10.2025 10:42
20.02.2026 10:42:53 - FileStorage - DEBUG - Кол-во бар    : 122
20.02.2026 10:42:53 - Schedule.BarsStream - DEBUG - Текущая дата и время на бирже: 20.02.2026 10:42:53
20.02.2026 10:42:53 - Schedule.BarsStream - DEBUG - Ожидание в секундах: 253030.0
20.02.2026 10:42:53 - Schedule.BarsStream - DEBUG - Нужно получить бар: 20.02.2026 00:00:00
20.02.2026 10:42:53 - Schedule.BarsStream - DEBUG - Нужно получить бар: 20.02.2026 00:00:00
20.02.2026 10:42:53 - FileStorage - DEBUG - Первый бар    : SPBFUT.RIM6 (D1) 2025-10-04 00:00:00 Open: 101350.0, High: 101350.0, Low: 101350.0, Close: 101350.0, Volume: 1.0
20.02.2026 10:42:53 - FileStorage - DEBUG - Фильтр с 03.10.2025 10:42
20.02.2026 10:42:53 - Schedule.BarsStream - DEBUG - Нужно получить бар: 20.02.2026 00:00:00
20.02.2026 10:42:53 - Schedule.BarsStream - DEBUG - Время запроса бара: 23.02.2026 09:00:03
20.02.2026 10:42:53 - Schedule.BarsStream - DEBUG - Время запроса бара: 23.02.2026 09:00:03
20.02.2026 10:42:53 - FileStorage - DEBUG - Получение файла C:\Users\шадрин\PycharmProjects\CenterStrikeVolatility_API\FinLabPy\Storage\..\..\Data\Alor\SPBFUT.SRH6_D1.txt
20.02.2026 10:42:53 - FileStorage - DEBUG - Последний бар : SPBFUT.RIM6 (D1) 2026-02-20 00:00:00 Open: 116470.0, High: 116770.0, Low: 116290.0, Close: 116500.0, Volume: 61.0
20.02.2026 10:42:53 - FileStorage - DEBUG - Первый бар    : SPBFUT.RIH6 (D1) 2025-10-04 00:00:00 Open: 100060.0, High: 100060.0, Low: 98820.0, Close: 99270.0, Volume: 83.0
20.02.2026 10:42:53 - Schedule.BarsStream - DEBUG - Время запроса бара: 23.02.2026 09:00:03
20.02.2026 10:42:53 - Schedule.BarsStream - DEBUG - Ожидание в секундах: 253030.0
20.02.2026 10:42:53 - Schedule.BarsStream - DEBUG - Ожидание в секундах: 253030.0
20.02.2026 10:42:53 - FileStorage - DEBUG - Кол-во бар    : 107
20.02.2026 10:42:53 - FileStorage - DEBUG - Последний бар : SPBFUT.RIH6 (D1) 2026-02-20 00:00:00 Open: 116130.0, High: 116400.0, Low: 115810.0, Close: 116050.0, Volume: 6370.0
20.02.2026 10:42:53 - Schedule.BarsStream - DEBUG - Ожидание в секундах: 253030.0
20.02.2026 10:42:53 - FileStorage - DEBUG - Получение файла C:\Users\шадрин\PycharmProjects\CenterStrikeVolatility_API\FinLabPy\Storage\..\..\Data\Alor\SPBFUT.SiM6_D1.txt
20.02.2026 10:42:53 - FileStorage - DEBUG - Получение файла C:\Users\шадрин\PycharmProjects\CenterStrikeVolatility_API\FinLabPy\Storage\..\..\Data\Alor\SPBFUT.SiH6_D1.txt
20.02.2026 10:42:53 - FileStorage - DEBUG - Кол-во бар    : 122
20.02.2026 10:42:53 - FileStorage - DEBUG - Получение файла C:\Users\шадрин\PycharmProjects\CenterStrikeVolatility_API\FinLabPy\Storage\..\..\Data\Alor\SPBFUT.SRM6_D1.txt
20.02.2026 10:42:53 - FileStorage - DEBUG - Первый бар    : 04.10.2025 00:00
20.02.2026 10:42:53 - FileStorage - DEBUG - Последний бар : 20.02.2026 00:00
20.02.2026 10:42:53 - FileStorage - DEBUG - Кол-во бар    : 122
20.02.2026 10:42:53 - FileStorage - DEBUG - Фильтр с 03.10.2025 10:42
20.02.2026 10:42:53 - FileStorage - DEBUG - Первый бар    : 06.10.2025 00:00
20.02.2026 10:42:53 - FileStorage - DEBUG - Первый бар    : SPBFUT.SRH6 (D1) 2025-10-04 00:00:00 Open: 305.03, High: 305.03, Low: 302.3, Close: 302.79, Volume: 102.0
20.02.2026 10:42:53 - FileStorage - DEBUG - Первый бар    : 04.10.2025 00:00
20.02.2026 10:42:53 - FileStorage - DEBUG - Последний бар : 20.02.2026 00:00
20.02.2026 10:42:53 - FileStorage - DEBUG - Последний бар : SPBFUT.SRH6 (D1) 2026-02-20 00:00:00 Open: 317.03, High: 317.76, Low: 316.93, Close: 317.56, Volume: 9435.0
20.02.2026 10:42:53 - FileStorage - DEBUG - Первый бар    : 06.10.2025 00:00
20.02.2026 10:42:53 - FileStorage - DEBUG - Последний бар : 20.02.2026 00:00
20.02.2026 10:42:53 - FileStorage - DEBUG - Кол-во бар    : 96
20.02.2026 10:42:53 - FileStorage - DEBUG - Кол-во бар    : 122
20.02.2026 10:42:53 - FileStorage - DEBUG - Последний бар : 20.02.2026 00:00
20.02.2026 10:42:53 - FileStorage - DEBUG - Кол-во бар    : 116
20.02.2026 10:42:53 - FileStorage - DEBUG - Фильтр с 03.10.2025 10:42
20.02.2026 10:42:53 - FileStorage - DEBUG - Кол-во бар    : 96
20.02.2026 10:42:53 - FileStorage - DEBUG - Фильтр с 03.10.2025 10:42
20.02.2026 10:42:54 - FileStorage - DEBUG - Первый бар    : SPBFUT.SiM6 (D1) 2025-10-06 00:00:00 Open: 89.804, High: 90.272, Low: 89.304, Close: 89.513, Volume: 322.0
20.02.2026 10:42:54 - FileStorage - DEBUG - Фильтр с 03.10.2025 10:42
20.02.2026 10:42:54 - FileStorage - DEBUG - Первый бар    : SPBFUT.SRM6 (D1) 2025-10-04 00:00:00 Open: 314.01, High: 315.32, Low: 313.37, Close: 313.37, Volume: 3.0
20.02.2026 10:42:54 - FileStorage - DEBUG - Последний бар : SPBFUT.SiM6 (D1) 2026-02-20 00:00:00 Open: 77.91, High: 78.015, Low: 77.77, Close: 77.962, Volume: 10516.0
20.02.2026 10:42:54 - FileStorage - DEBUG - Первый бар    : SPBFUT.SiH6 (D1) 2025-10-06 00:00:00 Open: 87.101, High: 87.638, Low: 86.591, Close: 86.731, Volume: 10858.0
20.02.2026 10:42:54 - FileStorage - DEBUG - Последний бар : SPBFUT.SRM6 (D1) 2026-02-20 00:00:00 Open: 327.7, High: 328.4, Low: 327.62, Close: 328.15, Volume: 378.0
20.02.2026 10:42:54 - FileStorage - DEBUG - Кол-во бар    : 96
20.02.2026 10:42:54 - FileStorage - DEBUG - Последний бар : SPBFUT.SiH6 (D1) 2026-02-20 00:00:00 Open: 76.23, High: 76.5, Low: 76.123, Close: 76.449, Volume: 91906.0
20.02.2026 10:42:54 - FileStorage - DEBUG - Кол-во бар    : 116
20.02.2026 10:42:54 - FileStorage - DEBUG - Кол-во бар    : 96
20.02.2026 10:42:54 - AlorPy - DEBUG - Запрос : /md/v2/history?exchange=MOEX&symbol=SiM6&tf=900&from=1771571700&to=1771573373&format=Simple
20.02.2026 10:42:54 - AlorPy - DEBUG - Ответ  : {"history":[{"time":1771571700,"close":77960.00000,"open":77958.00000,"high":78015.00000,"low":77910.00000,"volume":5744},{"time":1771572600,"close":77962.00000,"open":77970.00000,"high":77980.00000,"low":77899.00000,"volume":2285}],"next":null,"prev":1771569900}
20.02.2026 10:42:55 - FileStorage - DEBUG - Получение файла C:\Users\шадрин\PycharmProjects\CenterStrikeVolatility_API\FinLabPy\Storage\..\..\Data\Alor\SPBFUT.SiM6_M15.txt
20.02.2026 10:42:55 - FileStorage - DEBUG - Первый бар    : 03.10.2025 10:45
20.02.2026 10:42:55 - FileStorage - DEBUG - Последний бар : 20.02.2026 10:15
20.02.2026 10:42:55 - FileStorage - DEBUG - Кол-во бар    : 4752
20.02.2026 10:42:55 - AlorPy - DEBUG - Запрос : /md/v2/history?exchange=MOEX&symbol=RIM6&tf=D&from=1771545600&to=1771573373&format=Simple
20.02.2026 10:42:55 - AlorPy - DEBUG - Ответ  : {"history":[{"time":1771545600,"close":116500.00000,"open":116470.00000,"high":116770.00000,"low":116290.00000,"volume":61}],"next":null,"prev":1771459200}
20.02.2026 10:42:55 - FileStorage - DEBUG - Получение файла C:\Users\шадрин\PycharmProjects\CenterStrikeVolatility_API\FinLabPy\Storage\..\..\Data\Alor\SPBFUT.RIM6_D1.txt
20.02.2026 10:42:55 - AlorPy - DEBUG - Запрос : /md/v2/history?exchange=MOEX&symbol=RIH6&tf=D&from=1771545600&to=1771573373&format=Simple
20.02.2026 10:42:55 - AlorPy - DEBUG - Ответ  : {"history":[{"time":1771545600,"close":116050.00000,"open":116130.00000,"high":116400.00000,"low":115810.00000,"volume":6370}],"next":null,"prev":1771459200}
20.02.2026 10:42:55 - AlorPy - DEBUG - Запрос : /md/v2/history?exchange=MOEX&symbol=SRH6&tf=D&from=1771545600&to=1771573373&format=Simple
20.02.2026 10:42:55 - AlorPy - DEBUG - Ответ  : {"history":[{"time":1771545600,"close":31756.00000,"open":31703.00000,"high":31776.00000,"low":31693.00000,"volume":9435}],"next":null,"prev":1771459200}
20.02.2026 10:42:55 - AlorPy - DEBUG - Запрос : /md/v2/history?exchange=MOEX&symbol=SiM6&tf=D&from=1771545600&to=1771573374&format=Simple
20.02.2026 10:42:55 - AlorPy - DEBUG - Ответ  : {"history":[{"time":1771545600,"close":77962.00000,"open":77910.00000,"high":78015.00000,"low":77770.00000,"volume":10520}],"next":null,"prev":1771459200}
20.02.2026 10:42:55 - AlorPy - DEBUG - Запрос : /md/v2/history?exchange=MOEX&symbol=SiH6&tf=D&from=1771545600&to=1771573374&format=Simple
20.02.2026 10:42:55 - AlorPy - DEBUG - Ответ  : {"history":[{"time":1771545600,"close":76448.00000,"open":76230.00000,"high":76500.00000,"low":76123.00000,"volume":91910}],"next":null,"prev":1771459200}
20.02.2026 10:42:55 - FileStorage - DEBUG - Получение файла C:\Users\шадрин\PycharmProjects\CenterStrikeVolatility_API\FinLabPy\Storage\..\..\Data\Alor\SPBFUT.SRH6_D1.txt
20.02.2026 10:42:55 - FileStorage - DEBUG - Получение файла C:\Users\шадрин\PycharmProjects\CenterStrikeVolatility_API\FinLabPy\Storage\..\..\Data\Alor\SPBFUT.SiH6_D1.txt
20.02.2026 10:42:55 - FileStorage - DEBUG - Первый бар    : 04.10.2025 00:00
20.02.2026 10:42:55 - AlorPy - DEBUG - Запрос : /md/v2/history?exchange=MOEX&symbol=SRM6&tf=D&from=1771545600&to=1771573374&format=Simple
20.02.2026 10:42:55 - FileStorage - DEBUG - Получение файла C:\Users\шадрин\PycharmProjects\CenterStrikeVolatility_API\FinLabPy\Storage\..\..\Data\Alor\SPBFUT.RIH6_D1.txt
20.02.2026 10:42:55 - FileStorage - DEBUG - Получение файла C:\Users\шадрин\PycharmProjects\CenterStrikeVolatility_API\FinLabPy\Storage\..\..\Data\Alor\SPBFUT.SiM6_D1.txt
20.02.2026 10:42:55 - FileStorage - DEBUG - Последний бар : 20.02.2026 00:00
20.02.2026 10:42:55 - AlorPy - DEBUG - Ответ  : {"history":[{"time":1771545600,"close":32815.00000,"open":32770.00000,"high":32840.00000,"low":32762.00000,"volume":378}],"next":null,"prev":1771459200}
20.02.2026 10:42:55 - FileStorage - DEBUG - Первый бар    : 04.10.2025 00:00
20.02.2026 10:42:55 - FileStorage - DEBUG - Кол-во бар    : 107
20.02.2026 10:42:55 - FileStorage - DEBUG - Получение файла C:\Users\шадрин\PycharmProjects\CenterStrikeVolatility_API\FinLabPy\Storage\..\..\Data\Alor\SPBFUT.SRM6_D1.txt
20.02.2026 10:42:55 - FileStorage - DEBUG - Последний бар : 20.02.2026 00:00
20.02.2026 10:42:55 - FileStorage - DEBUG - Первый бар    : 06.10.2025 00:00
20.02.2026 10:42:55 - FileStorage - DEBUG - Первый бар    : 06.10.2025 00:00
20.02.2026 10:42:55 - FileStorage - DEBUG - Сохранение файла C:\Users\шадрин\PycharmProjects\CenterStrikeVolatility_API\FinLabPy\Storage\..\..\Data\Alor\SPBFUT.RIM6_D1.txt
20.02.2026 10:42:55 - FileStorage - DEBUG - Кол-во бар    : 122
20.02.2026 10:42:55 - FileStorage - DEBUG - Последний бар : 20.02.2026 00:00
20.02.2026 10:42:55 - FileStorage - DEBUG - Последний бар : 20.02.2026 00:00
20.02.2026 10:42:55 - FileStorage - DEBUG - Кол-во бар    : 96
20.02.2026 10:42:55 - FileStorage - DEBUG - Сохранение файла C:\Users\шадрин\PycharmProjects\CenterStrikeVolatility_API\FinLabPy\Storage\..\..\Data\Alor\SPBFUT.SRH6_D1.txt
20.02.2026 10:42:55 - FileStorage - DEBUG - Первый бар    : 04.10.2025 00:00
20.02.2026 10:42:55 - FileStorage - DEBUG - Кол-во бар    : 96
20.02.2026 10:42:55 - FileStorage - DEBUG - Первый бар    : 04.10.2025 00:00
20.02.2026 10:42:55 - FileStorage - DEBUG - Сохранение файла C:\Users\шадрин\PycharmProjects\CenterStrikeVolatility_API\FinLabPy\Storage\..\..\Data\Alor\SPBFUT.SiM6_M15.txt
20.02.2026 10:42:55 - FileStorage - DEBUG - Сохранение файла C:\Users\шадрин\PycharmProjects\CenterStrikeVolatility_API\FinLabPy\Storage\..\..\Data\Alor\SPBFUT.SiH6_D1.txt
20.02.2026 10:42:55 - FileStorage - DEBUG - Первый бар    : 04.10.2025 00:00
20.02.2026 10:42:55 - FileStorage - DEBUG - Последний бар : 20.02.2026 00:00
20.02.2026 10:42:55 - FileStorage - DEBUG - Сохранение файла C:\Users\шадрин\PycharmProjects\CenterStrikeVolatility_API\FinLabPy\Storage\..\..\Data\Alor\SPBFUT.SiM6_D1.txt
20.02.2026 10:42:55 - FileStorage - DEBUG - Последний бар : 20.02.2026 00:00
20.02.2026 10:42:55 - FileStorage - DEBUG - Последний бар : 20.02.2026 00:00
20.02.2026 10:42:55 - FileStorage - DEBUG - Первый бар    : 04.10.2025 00:00
20.02.2026 10:42:55 - FileStorage - DEBUG - Кол-во бар    : 122
20.02.2026 10:42:55 - FileStorage - DEBUG - Первый бар    : 06.10.2025 00:00
20.02.2026 10:42:55 - FileStorage - DEBUG - Кол-во бар    : 116
20.02.2026 10:42:55 - FileStorage - DEBUG - Кол-во бар    : 107
20.02.2026 10:42:55 - FileStorage - DEBUG - Последний бар : 20.02.2026 00:00
20.02.2026 10:42:55 - FileStorage - DEBUG - Сохранение файла C:\Users\шадрин\PycharmProjects\CenterStrikeVolatility_API\FinLabPy\Storage\..\..\Data\Alor\SPBFUT.RIH6_D1.txt
20.02.2026 10:42:55 - FileStorage - DEBUG - Первый бар    : 06.10.2025 00:00
20.02.2026 10:42:55 - FileStorage - DEBUG - Последний бар : 20.02.2026 00:00
20.02.2026 10:42:55 - FileStorage - DEBUG - Сохранение файла C:\Users\шадрин\PycharmProjects\CenterStrikeVolatility_API\FinLabPy\Storage\..\..\Data\Alor\SPBFUT.SRM6_D1.txt
20.02.2026 10:42:55 - Schedule.BarsStream - DEBUG - Текущая дата и время на бирже: 20.02.2026 10:42:55
20.02.2026 10:42:55 - FileStorage - DEBUG - Кол-во бар    : 122
20.02.2026 10:42:55 - FileStorage - DEBUG - Последний бар : 20.02.2026 00:00
20.02.2026 10:42:55 - FileStorage - DEBUG - Кол-во бар    : 96
20.02.2026 10:42:55 - Schedule.BarsStream - DEBUG - Нужно получить бар: 20.02.2026 00:00:00
20.02.2026 10:42:55 - FileStorage - DEBUG - Первый бар    : 04.10.2025 00:00
20.02.2026 10:42:55 - FileStorage - DEBUG - Первый бар    : 03.10.2025 10:45
20.02.2026 10:42:55 - FileStorage - DEBUG - Первый бар    : 04.10.2025 00:00
20.02.2026 10:42:55 - FileStorage - DEBUG - Кол-во бар    : 96
20.02.2026 10:42:55 - Schedule.BarsStream - DEBUG - Текущая дата и время на бирже: 20.02.2026 10:42:55
20.02.2026 10:42:55 - Schedule.BarsStream - DEBUG - Время запроса бара: 23.02.2026 09:00:03
20.02.2026 10:42:55 - FileStorage - DEBUG - Последний бар : 20.02.2026 00:00
20.02.2026 10:42:55 - Schedule.BarsStream - DEBUG - Текущая дата и время на бирже: 20.02.2026 10:42:55
20.02.2026 10:42:55 - FileStorage - DEBUG - Последний бар : 20.02.2026 10:30
20.02.2026 10:42:55 - FileStorage - DEBUG - Последний бар : 20.02.2026 00:00
20.02.2026 10:42:55 - Schedule.BarsStream - DEBUG - Текущая дата и время на бирже: 20.02.2026 10:42:55
20.02.2026 10:42:55 - Schedule.BarsStream - DEBUG - Нужно получить бар: 20.02.2026 00:00:00
20.02.2026 10:42:55 - Schedule.BarsStream - DEBUG - Ожидание в секундах: 253028.0
20.02.2026 10:42:55 - FileStorage - DEBUG - Кол-во бар    : 122
20.02.2026 10:42:55 - Schedule.BarsStream - DEBUG - Нужно получить бар: 20.02.2026 00:00:00
20.02.2026 10:42:55 - FileStorage - DEBUG - Кол-во бар    : 4753
20.02.2026 10:42:55 - FileStorage - DEBUG - Кол-во бар    : 116
20.02.2026 10:42:55 - Schedule.BarsStream - DEBUG - Нужно получить бар: 20.02.2026 00:00:00
20.02.2026 10:42:55 - Schedule.BarsStream - DEBUG - Время запроса бара: 23.02.2026 09:00:03
20.02.2026 10:42:55 - Schedule.BarsStream - DEBUG - Текущая дата и время на бирже: 20.02.2026 10:42:55
20.02.2026 10:42:55 - FileStorage - DEBUG - Получение файла C:\Users\шадрин\PycharmProjects\CenterStrikeVolatility_API\FinLabPy\Storage\..\..\Data\Alor\SPBFUT.RIM6_D1.txt
20.02.2026 10:42:55 - Schedule.BarsStream - DEBUG - Время запроса бара: 23.02.2026 09:00:03
20.02.2026 10:42:55 - Schedule.BarsStream - DEBUG - Время запроса бара: 23.02.2026 09:00:03
20.02.2026 10:42:55 - Schedule.BarsStream - DEBUG - Текущая дата и время на бирже: 20.02.2026 10:42:55
20.02.2026 10:42:55 - Schedule.BarsStream - DEBUG - Ожидание в секундах: 253028.0
20.02.2026 10:42:55 - Schedule.BarsStream - DEBUG - Нужно получить бар: 20.02.2026 00:00:00
20.02.2026 10:42:55 - Schedule.BarsStream - DEBUG - Ожидание в секундах: 253028.0
20.02.2026 10:42:55 - Schedule.BarsStream - DEBUG - Ожидание в секундах: 253028.0
20.02.2026 10:42:55 - Schedule.BarsStream - DEBUG - Нужно получить бар: 20.02.2026 00:00:00
20.02.2026 10:42:55 - FileStorage - DEBUG - Получение файла C:\Users\шадрин\PycharmProjects\CenterStrikeVolatility_API\FinLabPy\Storage\..\..\Data\Alor\SPBFUT.SRH6_D1.txt
20.02.2026 10:42:55 - Schedule.BarsStream - DEBUG - Время запроса бара: 23.02.2026 09:00:03
20.02.2026 10:42:55 - FileStorage - DEBUG - Получение файла C:\Users\шадрин\PycharmProjects\CenterStrikeVolatility_API\FinLabPy\Storage\..\..\Data\Alor\SPBFUT.SiH6_D1.txt
20.02.2026 10:42:55 - FileStorage - DEBUG - Получение файла C:\Users\шадрин\PycharmProjects\CenterStrikeVolatility_API\FinLabPy\Storage\..\..\Data\Alor\SPBFUT.SiM6_D1.txt
20.02.2026 10:42:55 - Schedule.BarsStream - DEBUG - Время запроса бара: 23.02.2026 09:00:03
20.02.2026 10:42:55 - FileStorage - DEBUG - Первый бар    : 04.10.2025 00:00
20.02.2026 10:42:55 - Schedule.BarsStream - DEBUG - Ожидание в секундах: 253028.0
20.02.2026 10:42:55 - Schedule.BarsStream - DEBUG - Ожидание в секундах: 253028.0
20.02.2026 10:42:55 - FileStorage - DEBUG - Последний бар : 20.02.2026 00:00
20.02.2026 10:42:55 - FileStorage - DEBUG - Получение файла C:\Users\шадрин\PycharmProjects\CenterStrikeVolatility_API\FinLabPy\Storage\..\..\Data\Alor\SPBFUT.RIH6_D1.txt
20.02.2026 10:42:55 - FileStorage - DEBUG - Кол-во бар    : 107
20.02.2026 10:42:55 - FileStorage - DEBUG - Получение файла C:\Users\шадрин\PycharmProjects\CenterStrikeVolatility_API\FinLabPy\Storage\..\..\Data\Alor\SPBFUT.SRM6_D1.txt
20.02.2026 10:42:55 - FileStorage - DEBUG - Первый бар    : 06.10.2025 00:00
20.02.2026 10:42:55 - FileStorage - DEBUG - Первый бар    : 04.10.2025 00:00
20.02.2026 10:42:55 - FileStorage - DEBUG - Фильтр с 03.10.2025 10:42
20.02.2026 10:42:55 - FileStorage - DEBUG - Последний бар : 20.02.2026 00:00
20.02.2026 10:42:55 - FileStorage - DEBUG - Последний бар : 20.02.2026 00:00
20.02.2026 10:42:55 - FileStorage - DEBUG - Первый бар    : 06.10.2025 00:00
20.02.2026 10:42:55 - FileStorage - DEBUG - Первый бар    : SPBFUT.RIM6 (D1) 2025-10-04 00:00:00 Open: 101350.0, High: 101350.0, Low: 101350.0, Close: 101350.0, Volume: 1.0
20.02.2026 10:42:55 - FileStorage - DEBUG - Кол-во бар    : 96
20.02.2026 10:42:55 - FileStorage - DEBUG - Кол-во бар    : 122
20.02.2026 10:42:55 - FileStorage - DEBUG - Первый бар    : 04.10.2025 00:00
20.02.2026 10:42:55 - FileStorage - DEBUG - Последний бар : 20.02.2026 00:00
20.02.2026 10:42:55 - FileStorage - DEBUG - Последний бар : SPBFUT.RIM6 (D1) 2026-02-20 00:00:00 Open: 116470.0, High: 116770.0, Low: 116290.0, Close: 116500.0, Volume: 61.0
20.02.2026 10:42:55 - FileStorage - DEBUG - Первый бар    : 04.10.2025 00:00
20.02.2026 10:42:55 - FileStorage - DEBUG - Фильтр с 03.10.2025 10:42
20.02.2026 10:42:55 - FileStorage - DEBUG - Фильтр с 03.10.2025 10:42
20.02.2026 10:42:55 - FileStorage - DEBUG - Последний бар : 20.02.2026 00:00
20.02.2026 10:42:55 - FileStorage - DEBUG - Кол-во бар    : 96
20.02.2026 10:42:55 - FileStorage - DEBUG - Кол-во бар    : 107
20.02.2026 10:42:55 - FileStorage - DEBUG - Последний бар : 20.02.2026 00:00
20.02.2026 10:42:55 - FileStorage - DEBUG - Первый бар    : SPBFUT.SiH6 (D1) 2025-10-06 00:00:00 Open: 87.101, High: 87.638, Low: 86.591, Close: 86.731, Volume: 10858.0
20.02.2026 10:42:55 - FileStorage - DEBUG - Первый бар    : SPBFUT.SRH6 (D1) 2025-10-04 00:00:00 Open: 305.03, High: 305.03, Low: 302.3, Close: 302.79, Volume: 102.0
20.02.2026 10:42:55 - FileStorage - DEBUG - Кол-во бар    : 116
20.02.2026 10:42:55 - FileStorage - DEBUG - Фильтр с 03.10.2025 10:42
20.02.2026 10:42:55 - FileStorage - DEBUG - Кол-во бар    : 122
20.02.2026 10:42:55 - FileStorage - DEBUG - Последний бар : SPBFUT.SiH6 (D1) 2026-02-20 00:00:00 Open: 76.23, High: 76.5, Low: 76.123, Close: 76.448, Volume: 91910.0
20.02.2026 10:42:55 - FileStorage - DEBUG - Последний бар : SPBFUT.SRH6 (D1) 2026-02-20 00:00:00 Open: 317.03, High: 317.76, Low: 316.93, Close: 317.56, Volume: 9435.0
20.02.2026 10:42:55 - FileStorage - DEBUG - Фильтр с 03.10.2025 10:42
20.02.2026 10:42:55 - FileStorage - DEBUG - Первый бар    : SPBFUT.SiM6 (D1) 2025-10-06 00:00:00 Open: 89.804, High: 90.272, Low: 89.304, Close: 89.513, Volume: 322.0
20.02.2026 10:42:55 - FileStorage - DEBUG - Фильтр с 03.10.2025 10:42
20.02.2026 10:42:55 - FileStorage - DEBUG - Кол-во бар    : 96
20.02.2026 10:42:55 - FileStorage - DEBUG - Кол-во бар    : 122
20.02.2026 10:42:55 - FileStorage - DEBUG - Первый бар    : SPBFUT.SRM6 (D1) 2025-10-04 00:00:00 Open: 314.01, High: 315.32, Low: 313.37, Close: 313.37, Volume: 3.0
20.02.2026 10:42:55 - FileStorage - DEBUG - Последний бар : SPBFUT.SiM6 (D1) 2026-02-20 00:00:00 Open: 77.91, High: 78.015, Low: 77.77, Close: 77.962, Volume: 10520.0
20.02.2026 10:42:55 - FileStorage - DEBUG - Первый бар    : SPBFUT.RIH6 (D1) 2025-10-04 00:00:00 Open: 100060.0, High: 100060.0, Low: 98820.0, Close: 99270.0, Volume: 83.0
20.02.2026 10:42:55 - FileStorage - DEBUG - Последний бар : SPBFUT.SRM6 (D1) 2026-02-20 00:00:00 Open: 327.7, High: 328.4, Low: 327.62, Close: 328.15, Volume: 378.0
20.02.2026 10:42:55 - FileStorage - DEBUG - Кол-во бар    : 96
20.02.2026 10:42:55 - FileStorage - DEBUG - Последний бар : SPBFUT.RIH6 (D1) 2026-02-20 00:00:00 Open: 116130.0, High: 116400.0, Low: 115810.0, Close: 116050.0, Volume: 6370.0
20.02.2026 10:42:55 - FileStorage - DEBUG - Кол-во бар    : 116
20.02.2026 10:42:55 - FileStorage - DEBUG - Кол-во бар    : 122
20.02.2026 10:42:56 - FileStorage - DEBUG - Получение файла C:\Users\шадрин\PycharmProjects\CenterStrikeVolatility_API\FinLabPy\Storage\..\..\Data\Alor\SPBFUT.SRH6_M15.txt
20.02.2026 10:42:56 - FileStorage - DEBUG - Первый бар    : 03.10.2025 10:30
20.02.2026 10:42:56 - FileStorage - DEBUG - Последний бар : 20.02.2026 10:15
20.02.2026 10:42:56 - FileStorage - DEBUG - Кол-во бар    : 5906
20.02.2026 10:42:57 - AlorPy - DEBUG - Запрос : /md/v2/history?exchange=MOEX&symbol=SiM6&tf=D&from=1771545600&to=1771573375&format=Simple
20.02.2026 10:42:57 - AlorPy - DEBUG - Запрос : /md/v2/history?exchange=MOEX&symbol=RIM6&tf=D&from=1771545600&to=1771573375&format=Simple
20.02.2026 10:42:57 - AlorPy - DEBUG - Ответ  : {"history":[{"time":1771545600,"close":77962.00000,"open":77910.00000,"high":78015.00000,"low":77770.00000,"volume":10522}],"next":null,"prev":1771459200}
20.02.2026 10:42:57 - AlorPy - DEBUG - Ответ  : {"history":[{"time":1771545600,"close":116500.00000,"open":116470.00000,"high":116770.00000,"low":116290.00000,"volume":61}],"next":null,"prev":1771459200}
20.02.2026 10:42:57 - AlorPy - DEBUG - Запрос : /md/v2/history?exchange=MOEX&symbol=SRH6&tf=D&from=1771545600&to=1771573375&format=Simple
20.02.2026 10:42:57 - AlorPy - DEBUG - Запрос : /md/v2/history?exchange=MOEX&symbol=RIH6&tf=D&from=1771545600&to=1771573375&format=Simple
20.02.2026 10:42:57 - AlorPy - DEBUG - Запрос : /md/v2/history?exchange=MOEX&symbol=SiH6&tf=D&from=1771545600&to=1771573375&format=Simple
20.02.2026 10:42:57 - AlorPy - DEBUG - Запрос : /md/v2/history?exchange=MOEX&symbol=SRM6&tf=D&from=1771545600&to=1771573375&format=Simple
20.02.2026 10:42:57 - AlorPy - DEBUG - Ответ  : {"history":[{"time":1771545600,"close":31756.00000,"open":31703.00000,"high":31776.00000,"low":31693.00000,"volume":9435}],"next":null,"prev":1771459200}
20.02.2026 10:42:57 - AlorPy - DEBUG - Ответ  : {"history":[{"time":1771545600,"close":116050.00000,"open":116130.00000,"high":116400.00000,"low":115810.00000,"volume":6372}],"next":null,"prev":1771459200}
20.02.2026 10:42:57 - FileStorage - DEBUG - Получение файла C:\Users\шадрин\PycharmProjects\CenterStrikeVolatility_API\FinLabPy\Storage\..\..\Data\Alor\SPBFUT.RIM6_D1.txt
20.02.2026 10:42:57 - FileStorage - DEBUG - Получение файла C:\Users\шадрин\PycharmProjects\CenterStrikeVolatility_API\FinLabPy\Storage\..\..\Data\Alor\SPBFUT.SiM6_D1.txt
20.02.2026 10:42:57 - AlorPy - DEBUG - Ответ  : {"history":[{"time":1771545600,"close":76449.00000,"open":76230.00000,"high":76500.00000,"low":76123.00000,"volume":91912}],"next":null,"prev":1771459200}
20.02.2026 10:42:57 - AlorPy - DEBUG - Ответ  : {"history":[{"time":1771545600,"close":32815.00000,"open":32770.00000,"high":32840.00000,"low":32762.00000,"volume":378}],"next":null,"prev":1771459200}
20.02.2026 10:42:57 - FileStorage - DEBUG - Получение файла C:\Users\шадрин\PycharmProjects\CenterStrikeVolatility_API\FinLabPy\Storage\..\..\Data\Alor\SPBFUT.SRH6_D1.txt
20.02.2026 10:42:57 - FileStorage - DEBUG - Получение файла C:\Users\шадрин\PycharmProjects\CenterStrikeVolatility_API\FinLabPy\Storage\..\..\Data\Alor\SPBFUT.RIH6_D1.txt
20.02.2026 10:42:57 - FileStorage - DEBUG - Фильтр с 03.10.2025 10:42
20.02.2026 10:42:57 - FileStorage - DEBUG - Первый бар    : 04.10.2025 00:00
20.02.2026 10:42:57 - FileStorage - DEBUG - Первый бар    : SPBFUT.SRH6 (M15) 2025-10-03 10:45:00 Open: 309.53, High: 309.53, Low: 309.53, Close: 309.53, Volume: 2.0
20.02.2026 10:42:57 - FileStorage - DEBUG - Получение файла C:\Users\шадрин\PycharmProjects\CenterStrikeVolatility_API\FinLabPy\Storage\..\..\Data\Alor\SPBFUT.SiH6_D1.txt
20.02.2026 10:42:57 - FileStorage - DEBUG - Первый бар    : 06.10.2025 00:00
20.02.2026 10:42:57 - FileStorage - DEBUG - Получение файла C:\Users\шадрин\PycharmProjects\CenterStrikeVolatility_API\FinLabPy\Storage\..\..\Data\Alor\SPBFUT.SRM6_D1.txt
20.02.2026 10:42:57 - FileStorage - DEBUG - Последний бар : 20.02.2026 00:00
20.02.2026 10:42:57 - FileStorage - DEBUG - Последний бар : SPBFUT.SRH6 (M15) 2026-02-20 10:15:00 Open: 317.23, High: 317.58, Low: 317.2, Close: 317.33, Volume: 805.0
20.02.2026 10:42:57 - FileStorage - DEBUG - Первый бар    : 04.10.2025 00:00
20.02.2026 10:42:57 - FileStorage - DEBUG - Последний бар : 20.02.2026 00:00
20.02.2026 10:42:57 - FileStorage - DEBUG - Кол-во бар    : 107
20.02.2026 10:42:57 - FileStorage - DEBUG - Кол-во бар    : 5905
20.02.2026 10:42:57 - FileStorage - DEBUG - Последний бар : 20.02.2026 00:00
20.02.2026 10:42:57 - FileStorage - DEBUG - Первый бар    : 06.10.2025 00:00
20.02.2026 10:42:57 - FileStorage - DEBUG - Кол-во бар    : 96
20.02.2026 10:42:57 - FileStorage - DEBUG - Сохранение файла C:\Users\шадрин\PycharmProjects\CenterStrikeVolatility_API\FinLabPy\Storage\..\..\Data\Alor\SPBFUT.RIM6_D1.txt
20.02.2026 10:42:57 - FileStorage - DEBUG - Первый бар    : 04.10.2025 00:00
20.02.2026 10:42:57 - FileStorage - DEBUG - Кол-во бар    : 122
20.02.2026 10:42:57 - FileStorage - DEBUG - Последний бар : 20.02.2026 00:00
20.02.2026 10:42:57 - FileStorage - DEBUG - Первый бар    : 04.10.2025 00:00
20.02.2026 10:42:57 - FileStorage - DEBUG - Сохранение файла C:\Users\шадрин\PycharmProjects\CenterStrikeVolatility_API\FinLabPy\Storage\..\..\Data\Alor\SPBFUT.SiM6_D1.txt
20.02.2026 10:42:57 - FileStorage - DEBUG - Последний бар : 20.02.2026 00:00
20.02.2026 10:42:57 - FileStorage - DEBUG - Сохранение файла C:\Users\шадрин\PycharmProjects\CenterStrikeVolatility_API\FinLabPy\Storage\..\..\Data\Alor\SPBFUT.SRH6_D1.txt
20.02.2026 10:42:57 - FileStorage - DEBUG - Кол-во бар    : 96
20.02.2026 10:42:57 - FileStorage - DEBUG - Последний бар : 20.02.2026 00:00
20.02.2026 10:42:57 - FileStorage - DEBUG - Кол-во бар    : 122
20.02.2026 10:42:57 - FileStorage - DEBUG - Первый бар    : 04.10.2025 00:00
20.02.2026 10:42:57 - FileStorage - DEBUG - Кол-во бар    : 116
20.02.2026 10:42:57 - FileStorage - DEBUG - Сохранение файла C:\Users\шадрин\PycharmProjects\CenterStrikeVolatility_API\FinLabPy\Storage\..\..\Data\Alor\SPBFUT.SiH6_D1.txt
20.02.2026 10:42:57 - FileStorage - DEBUG - Сохранение файла C:\Users\шадрин\PycharmProjects\CenterStrikeVolatility_API\FinLabPy\Storage\..\..\Data\Alor\SPBFUT.RIH6_D1.txt
20.02.2026 10:42:57 - FileStorage - DEBUG - Последний бар : 20.02.2026 00:00
20.02.2026 10:42:57 - FileStorage - DEBUG - Первый бар    : 06.10.2025 00:00
20.02.2026 10:42:57 - FileStorage - DEBUG - Сохранение файла C:\Users\шадрин\PycharmProjects\CenterStrikeVolatility_API\FinLabPy\Storage\..\..\Data\Alor\SPBFUT.SRM6_D1.txt
20.02.2026 10:42:57 - FileStorage - DEBUG - Кол-во бар    : 107
20.02.2026 10:42:57 - FileStorage - DEBUG - Первый бар    : 04.10.2025 00:00
20.02.2026 10:42:57 - FileStorage - DEBUG - Последний бар : 20.02.2026 00:00
20.02.2026 10:42:57 - FileStorage - DEBUG - Первый бар    : 04.10.2025 00:00
20.02.2026 10:42:57 - FileStorage - DEBUG - Первый бар    : 06.10.2025 00:00
20.02.2026 10:42:57 - Schedule.BarsStream - DEBUG - Текущая дата и время на бирже: 20.02.2026 10:42:57
20.02.2026 10:42:57 - FileStorage - DEBUG - Последний бар : 20.02.2026 00:00
20.02.2026 10:42:57 - FileStorage - DEBUG - Кол-во бар    : 96
20.02.2026 10:42:57 - FileStorage - DEBUG - Последний бар : 20.02.2026 00:00
20.02.2026 10:42:57 - FileStorage - DEBUG - Последний бар : 20.02.2026 00:00
20.02.2026 10:42:57 - Schedule.BarsStream - DEBUG - Нужно получить бар: 20.02.2026 00:00:00
20.02.2026 10:42:57 - FileStorage - DEBUG - Кол-во бар    : 122
20.02.2026 10:42:57 - Schedule.BarsStream - DEBUG - Текущая дата и время на бирже: 20.02.2026 10:42:57
20.02.2026 10:42:57 - FileStorage - DEBUG - Кол-во бар    : 122
20.02.2026 10:42:57 - FileStorage - DEBUG - Первый бар    : 04.10.2025 00:00
20.02.2026 10:42:57 - FileStorage - DEBUG - Кол-во бар    : 96
20.02.2026 10:42:57 - Schedule.BarsStream - DEBUG - Время запроса бара: 23.02.2026 09:00:03
20.02.2026 10:42:57 - Schedule.BarsStream - DEBUG - Текущая дата и время на бирже: 20.02.2026 10:42:57
20.02.2026 10:42:57 - Schedule.BarsStream - DEBUG - Нужно получить бар: 20.02.2026 00:00:00
20.02.2026 10:42:57 - FileStorage - DEBUG - Последний бар : 20.02.2026 00:00
20.02.2026 10:42:57 - Schedule.BarsStream - DEBUG - Текущая дата и время на бирже: 20.02.2026 10:42:57
20.02.2026 10:42:57 - Schedule.BarsStream - DEBUG - Ожидание в секундах: 253026.0
20.02.2026 10:42:57 - Schedule.BarsStream - DEBUG - Нужно получить бар: 20.02.2026 00:00:00
20.02.2026 10:42:57 - Schedule.BarsStream - DEBUG - Текущая дата и время на бирже: 20.02.2026 10:42:57
20.02.2026 10:42:57 - Schedule.BarsStream - DEBUG - Время запроса бара: 23.02.2026 09:00:03
20.02.2026 10:42:57 - FileStorage - DEBUG - Кол-во бар    : 116
20.02.2026 10:42:57 - Schedule.BarsStream - DEBUG - Нужно получить бар: 20.02.2026 00:00:00
20.02.2026 10:42:57 - Schedule.BarsStream - DEBUG - Время запроса бара: 23.02.2026 09:00:03
20.02.2026 10:42:57 - Schedule.BarsStream - DEBUG - Нужно получить бар: 20.02.2026 00:00:00
20.02.2026 10:42:57 - FileStorage - DEBUG - Получение файла C:\Users\шадрин\PycharmProjects\CenterStrikeVolatility_API\FinLabPy\Storage\..\..\Data\Alor\SPBFUT.RIM6_D1.txt
20.02.2026 10:42:57 - Schedule.BarsStream - DEBUG - Ожидание в секундах: 253026.0
20.02.2026 10:42:57 - Schedule.BarsStream - DEBUG - Текущая дата и время на бирже: 20.02.2026 10:42:57
20.02.2026 10:42:57 - Schedule.BarsStream - DEBUG - Время запроса бара: 23.02.2026 09:00:03
20.02.2026 10:42:57 - Schedule.BarsStream - DEBUG - Ожидание в секундах: 253026.0
20.02.2026 10:42:57 - Schedule.BarsStream - DEBUG - Время запроса бара: 23.02.2026 09:00:03
20.02.2026 10:42:57 - Schedule.BarsStream - DEBUG - Нужно получить бар: 20.02.2026 00:00:00
20.02.2026 10:42:57 - FileStorage - DEBUG - Получение файла C:\Users\шадрин\PycharmProjects\CenterStrikeVolatility_API\FinLabPy\Storage\..\..\Data\Alor\SPBFUT.SiM6_D1.txt
20.02.2026 10:42:57 - Schedule.BarsStream - DEBUG - Ожидание в секундах: 253026.0
20.02.2026 10:42:57 - Schedule.BarsStream - DEBUG - Ожидание в секундах: 253026.0
20.02.2026 10:42:57 - Schedule.BarsStream - DEBUG - Время запроса бара: 23.02.2026 09:00:03
20.02.2026 10:42:57 - FileStorage - DEBUG - Получение файла C:\Users\шадрин\PycharmProjects\CenterStrikeVolatility_API\FinLabPy\Storage\..\..\Data\Alor\SPBFUT.SRH6_D1.txt
20.02.2026 10:42:57 - Schedule.BarsStream - DEBUG - Ожидание в секундах: 253026.0
20.02.2026 10:42:57 - FileStorage - DEBUG - Получение файла C:\Users\шадрин\PycharmProjects\CenterStrikeVolatility_API\FinLabPy\Storage\..\..\Data\Alor\SPBFUT.SiH6_D1.txt
20.02.2026 10:42:57 - FileStorage - DEBUG - Первый бар    : 04.10.2025 00:00
20.02.2026 10:42:57 - FileStorage - DEBUG - Получение файла C:\Users\шадрин\PycharmProjects\CenterStrikeVolatility_API\FinLabPy\Storage\..\..\Data\Alor\SPBFUT.RIH6_D1.txt
20.02.2026 10:42:57 - FileStorage - DEBUG - Получение файла C:\Users\шадрин\PycharmProjects\CenterStrikeVolatility_API\FinLabPy\Storage\..\..\Data\Alor\SPBFUT.SRM6_D1.txt
20.02.2026 10:42:57 - FileStorage - DEBUG - Последний бар : 20.02.2026 00:00
20.02.2026 10:42:57 - FileStorage - DEBUG - Первый бар    : 06.10.2025 00:00
20.02.2026 10:42:57 - FileStorage - DEBUG - Кол-во бар    : 107
20.02.2026 10:42:57 - FileStorage - DEBUG - Последний бар : 20.02.2026 00:00
20.02.2026 10:42:57 - FileStorage - DEBUG - Первый бар    : 04.10.2025 00:00
20.02.2026 10:42:57 - FileStorage - DEBUG - Фильтр с 03.10.2025 10:42
20.02.2026 10:42:57 - FileStorage - DEBUG - Кол-во бар    : 96
20.02.2026 10:42:57 - FileStorage - DEBUG - Последний бар : 20.02.2026 00:00
20.02.2026 10:42:57 - FileStorage - DEBUG - Первый бар    : SPBFUT.RIM6 (D1) 2025-10-04 00:00:00 Open: 101350.0, High: 101350.0, Low: 101350.0, Close: 101350.0, Volume: 1.0
20.02.2026 10:42:57 - FileStorage - DEBUG - Первый бар    : 06.10.2025 00:00
20.02.2026 10:42:57 - FileStorage - DEBUG - Фильтр с 03.10.2025 10:42
20.02.2026 10:42:57 - FileStorage - DEBUG - Кол-во бар    : 122
20.02.2026 10:42:57 - FileStorage - DEBUG - Последний бар : SPBFUT.RIM6 (D1) 2026-02-20 00:00:00 Open: 116470.0, High: 116770.0, Low: 116290.0, Close: 116500.0, Volume: 61.0
20.02.2026 10:42:57 - FileStorage - DEBUG - Первый бар    : 04.10.2025 00:00
20.02.2026 10:42:57 - FileStorage - DEBUG - Последний бар : 20.02.2026 00:00
20.02.2026 10:42:57 - FileStorage - DEBUG - Первый бар    : 04.10.2025 00:00
20.02.2026 10:42:57 - FileStorage - DEBUG - Первый бар    : SPBFUT.SiM6 (D1) 2025-10-06 00:00:00 Open: 89.804, High: 90.272, Low: 89.304, Close: 89.513, Volume: 322.0
20.02.2026 10:42:57 - FileStorage - DEBUG - Фильтр с 03.10.2025 10:42
20.02.2026 10:42:57 - FileStorage - DEBUG - Кол-во бар    : 107
20.02.2026 10:42:57 - FileStorage - DEBUG - Последний бар : 20.02.2026 00:00
20.02.2026 10:42:57 - FileStorage - DEBUG - Кол-во бар    : 96
20.02.2026 10:42:57 - FileStorage - DEBUG - Последний бар : 20.02.2026 00:00
20.02.2026 10:42:57 - FileStorage - DEBUG - Последний бар : SPBFUT.SiM6 (D1) 2026-02-20 00:00:00 Open: 77.91, High: 78.015, Low: 77.77, Close: 77.962, Volume: 10522.0
20.02.2026 10:42:57 - FileStorage - DEBUG - Первый бар    : SPBFUT.SRH6 (D1) 2025-10-04 00:00:00 Open: 305.03, High: 305.03, Low: 302.3, Close: 302.79, Volume: 102.0
20.02.2026 10:42:57 - FileStorage - DEBUG - Кол-во бар    : 116
20.02.2026 10:42:57 - FileStorage - DEBUG - Фильтр с 03.10.2025 10:42
20.02.2026 10:42:57 - FileStorage - DEBUG - Кол-во бар    : 122
20.02.2026 10:42:57 - FileStorage - DEBUG - Кол-во бар    : 96
20.02.2026 10:42:57 - FileStorage - DEBUG - Последний бар : SPBFUT.SRH6 (D1) 2026-02-20 00:00:00 Open: 317.03, High: 317.76, Low: 316.93, Close: 317.56, Volume: 9435.0
20.02.2026 10:42:57 - FileStorage - DEBUG - Фильтр с 03.10.2025 10:42
20.02.2026 10:42:57 - FileStorage - DEBUG - Первый бар    : SPBFUT.SiH6 (D1) 2025-10-06 00:00:00 Open: 87.101, High: 87.638, Low: 86.591, Close: 86.731, Volume: 10858.0
20.02.2026 10:42:57 - FileStorage - DEBUG - Фильтр с 03.10.2025 10:42
20.02.2026 10:42:57 - FileStorage - DEBUG - Кол-во бар    : 122
20.02.2026 10:42:57 - FileStorage - DEBUG - Первый бар    : SPBFUT.SRM6 (D1) 2025-10-04 00:00:00 Open: 314.01, High: 315.32, Low: 313.37, Close: 313.37, Volume: 3.0
20.02.2026 10:42:57 - FileStorage - DEBUG - Последний бар : SPBFUT.SiH6 (D1) 2026-02-20 00:00:00 Open: 76.23, High: 76.5, Low: 76.123, Close: 76.449, Volume: 91912.0
20.02.2026 10:42:57 - FileStorage - DEBUG - Первый бар    : SPBFUT.RIH6 (D1) 2025-10-04 00:00:00 Open: 100060.0, High: 100060.0, Low: 98820.0, Close: 99270.0, Volume: 83.0
20.02.2026 10:42:57 - FileStorage - DEBUG - Последний бар : SPBFUT.SRM6 (D1) 2026-02-20 00:00:00 Open: 327.7, High: 328.4, Low: 327.62, Close: 328.15, Volume: 378.0
20.02.2026 10:42:57 - FileStorage - DEBUG - Кол-во бар    : 96
20.02.2026 10:42:57 - FileStorage - DEBUG - Последний бар : SPBFUT.RIH6 (D1) 2026-02-20 00:00:00 Open: 116130.0, High: 116400.0, Low: 115810.0, Close: 116050.0, Volume: 6372.0
20.02.2026 10:42:57 - FileStorage - DEBUG - Кол-во бар    : 116
20.02.2026 10:42:57 - FileStorage - DEBUG - Кол-во бар    : 122
20.02.2026 10:42:58 - AlorPy - DEBUG - Запрос : /md/v2/history?exchange=MOEX&symbol=SRH6&tf=900&from=1771571700&to=1771573377&format=Simple
20.02.2026 10:42:58 - AlorPy - DEBUG - Ответ  : {"history":[{"time":1771571700,"close":31760.00000,"open":31723.00000,"high":31760.00000,"low":31720.00000,"volume":1177},{"time":1771572600,"close":31756.00000,"open":31761.00000,"high":31776.00000,"low":31746.00000,"volume":755}],"next":null,"prev":1771569900}
20.02.2026 10:42:58 - FileStorage - DEBUG - Получение файла C:\Users\шадрин\PycharmProjects\CenterStrikeVolatility_API\FinLabPy\Storage\..\..\Data\Alor\SPBFUT.SRH6_M15.txt
20.02.2026 10:42:58 - FileStorage - DEBUG - Первый бар    : 03.10.2025 10:30
20.02.2026 10:42:58 - FileStorage - DEBUG - Последний бар : 20.02.2026 10:15
20.02.2026 10:42:58 - FileStorage - DEBUG - Кол-во бар    : 5906
20.02.2026 10:42:58 - AlorPy - DEBUG - Запрос : /md/v2/history?exchange=MOEX&symbol=RIM6&tf=D&from=1771545600&to=1771573377&format=Simple
20.02.2026 10:42:58 - AlorPy - DEBUG - Запрос : /md/v2/history?exchange=MOEX&symbol=SiM6&tf=D&from=1771545600&to=1771573377&format=Simple
20.02.2026 10:42:59 - AlorPy - DEBUG - Ответ  : {"history":[{"time":1771545600,"close":116500.00000,"open":116470.00000,"high":116770.00000,"low":116290.00000,"volume":61}],"next":null,"prev":1771459200}
20.02.2026 10:42:59 - AlorPy - DEBUG - Запрос : /md/v2/history?exchange=MOEX&symbol=RIH6&tf=D&from=1771545600&to=1771573377&format=Simple
20.02.2026 10:42:59 - AlorPy - DEBUG - Ответ  : {"history":[{"time":1771545600,"close":77962.00000,"open":77910.00000,"high":78015.00000,"low":77770.00000,"volume":10526}],"next":null,"prev":1771459200}
20.02.2026 10:42:59 - AlorPy - DEBUG - Запрос : /md/v2/history?exchange=MOEX&symbol=SRM6&tf=D&from=1771545600&to=1771573377&format=Simple
20.02.2026 10:42:59 - AlorPy - DEBUG - Запрос : /md/v2/history?exchange=MOEX&symbol=SiH6&tf=D&from=1771545600&to=1771573377&format=Simple
20.02.2026 10:42:59 - AlorPy - DEBUG - Запрос : /md/v2/history?exchange=MOEX&symbol=SRH6&tf=D&from=1771545600&to=1771573377&format=Simple
20.02.2026 10:42:59 - AlorPy - DEBUG - Ответ  : {"history":[{"time":1771545600,"close":116050.00000,"open":116130.00000,"high":116400.00000,"low":115810.00000,"volume":6372}],"next":null,"prev":1771459200}
20.02.2026 10:42:59 - FileStorage - DEBUG - Получение файла C:\Users\шадрин\PycharmProjects\CenterStrikeVolatility_API\FinLabPy\Storage\..\..\Data\Alor\SPBFUT.RIM6_D1.txt
20.02.2026 10:42:59 - AlorPy - DEBUG - Ответ  : {"history":[{"time":1771545600,"close":32815.00000,"open":32770.00000,"high":32840.00000,"low":32762.00000,"volume":378}],"next":null,"prev":1771459200}
20.02.2026 10:42:59 - FileStorage - DEBUG - Получение файла C:\Users\шадрин\PycharmProjects\CenterStrikeVolatility_API\FinLabPy\Storage\..\..\Data\Alor\SPBFUT.SiM6_D1.txt
20.02.2026 10:42:59 - AlorPy - DEBUG - Ответ  : {"history":[{"time":1771545600,"close":76449.00000,"open":76230.00000,"high":76500.00000,"low":76123.00000,"volume":91916}],"next":null,"prev":1771459200}
20.02.2026 10:42:59 - AlorPy - DEBUG - Ответ  : {"history":[{"time":1771545600,"close":31756.00000,"open":31703.00000,"high":31776.00000,"low":31693.00000,"volume":9436}],"next":null,"prev":1771459200}
20.02.2026 10:42:59 - FileStorage - DEBUG - Получение файла C:\Users\шадрин\PycharmProjects\CenterStrikeVolatility_API\FinLabPy\Storage\..\..\Data\Alor\SPBFUT.RIH6_D1.txt
20.02.2026 10:42:59 - FileStorage - DEBUG - Получение файла C:\Users\шадрин\PycharmProjects\CenterStrikeVolatility_API\FinLabPy\Storage\..\..\Data\Alor\SPBFUT.SRM6_D1.txt
20.02.2026 10:42:59 - FileStorage - DEBUG - Получение файла C:\Users\шадрин\PycharmProjects\CenterStrikeVolatility_API\FinLabPy\Storage\..\..\Data\Alor\SPBFUT.SiH6_D1.txt
20.02.2026 10:42:59 - FileStorage - DEBUG - Сохранение файла C:\Users\шадрин\PycharmProjects\CenterStrikeVolatility_API\FinLabPy\Storage\..\..\Data\Alor\SPBFUT.SRH6_M15.txt
20.02.2026 10:42:59 - FileStorage - DEBUG - Получение файла C:\Users\шадрин\PycharmProjects\CenterStrikeVolatility_API\FinLabPy\Storage\..\..\Data\Alor\SPBFUT.SRH6_D1.txt
20.02.2026 10:42:59 - FileStorage - DEBUG - Первый бар    : 06.10.2025 00:00
20.02.2026 10:42:59 - FileStorage - DEBUG - Последний бар : 20.02.2026 00:00
20.02.2026 10:42:59 - FileStorage - DEBUG - Кол-во бар    : 96
20.02.2026 10:42:59 - FileStorage - DEBUG - Сохранение файла C:\Users\шадрин\PycharmProjects\CenterStrikeVolatility_API\FinLabPy\Storage\..\..\Data\Alor\SPBFUT.SiM6_D1.txt
20.02.2026 10:42:59 - FileStorage - DEBUG - Первый бар    : 04.10.2025 00:00
20.02.2026 10:42:59 - FileStorage - DEBUG - Последний бар : 20.02.2026 00:00
20.02.2026 10:42:59 - FileStorage - DEBUG - Кол-во бар    : 122
20.02.2026 10:42:59 - FileStorage - DEBUG - Первый бар    : 06.10.2025 00:00
20.02.2026 10:42:59 - FileStorage - DEBUG - Первый бар    : 04.10.2025 00:00
20.02.2026 10:42:59 - FileStorage - DEBUG - Сохранение файла C:\Users\шадрин\PycharmProjects\CenterStrikeVolatility_API\FinLabPy\Storage\..\..\Data\Alor\SPBFUT.RIH6_D1.txt
20.02.2026 10:42:59 - FileStorage - DEBUG - Первый бар    : 06.10.2025 00:00
20.02.2026 10:42:59 - FileStorage - DEBUG - Последний бар : 20.02.2026 00:00
20.02.2026 10:42:59 - FileStorage - DEBUG - Первый бар    : 04.10.2025 00:00
20.02.2026 10:42:59 - FileStorage - DEBUG - Последний бар : 20.02.2026 00:00
20.02.2026 10:42:59 - FileStorage - DEBUG - Первый бар    : 04.10.2025 00:00
20.02.2026 10:42:59 - FileStorage - DEBUG - Последний бар : 20.02.2026 00:00
20.02.2026 10:42:59 - FileStorage - DEBUG - Кол-во бар    : 96
20.02.2026 10:42:59 - FileStorage - DEBUG - Последний бар : 20.02.2026 00:00
20.02.2026 10:42:59 - FileStorage - DEBUG - Кол-во бар    : 107
20.02.2026 10:42:59 - FileStorage - DEBUG - Последний бар : 20.02.2026 00:00
20.02.2026 10:42:59 - FileStorage - DEBUG - Кол-во бар    : 96
20.02.2026 10:42:59 - FileStorage - DEBUG - Первый бар    : 04.10.2025 00:00
20.02.2026 10:42:59 - Schedule.BarsStream - DEBUG - Текущая дата и время на бирже: 20.02.2026 10:42:59
20.02.2026 10:42:59 - FileStorage - DEBUG - Кол-во бар    : 116
20.02.2026 10:42:59 - FileStorage - DEBUG - Кол-во бар    : 122
20.02.2026 10:42:59 - FileStorage - DEBUG - Сохранение файла C:\Users\шадрин\PycharmProjects\CenterStrikeVolatility_API\FinLabPy\Storage\..\..\Data\Alor\SPBFUT.RIM6_D1.txt
20.02.2026 10:42:59 - FileStorage - DEBUG - Сохранение файла C:\Users\шадрин\PycharmProjects\CenterStrikeVolatility_API\FinLabPy\Storage\..\..\Data\Alor\SPBFUT.SiH6_D1.txt
20.02.2026 10:42:59 - FileStorage - DEBUG - Последний бар : 20.02.2026 00:00
20.02.2026 10:42:59 - Schedule.BarsStream - DEBUG - Нужно получить бар: 20.02.2026 00:00:00
20.02.2026 10:42:59 - FileStorage - DEBUG - Сохранение файла C:\Users\шадрин\PycharmProjects\CenterStrikeVolatility_API\FinLabPy\Storage\..\..\Data\Alor\SPBFUT.SRM6_D1.txt
20.02.2026 10:42:59 - FileStorage - DEBUG - Сохранение файла C:\Users\шадрин\PycharmProjects\CenterStrikeVolatility_API\FinLabPy\Storage\..\..\Data\Alor\SPBFUT.SRH6_D1.txt
20.02.2026 10:42:59 - FileStorage - DEBUG - Кол-во бар    : 122
20.02.2026 10:42:59 - FileStorage - DEBUG - Первый бар    : 03.10.2025 10:30
20.02.2026 10:42:59 - Schedule.BarsStream - DEBUG - Время запроса бара: 23.02.2026 09:00:03
20.02.2026 10:42:59 - FileStorage - DEBUG - Первый бар    : 06.10.2025 00:00
20.02.2026 10:42:59 - FileStorage - DEBUG - Последний бар : 20.02.2026 10:30
20.02.2026 10:42:59 - Schedule.BarsStream - DEBUG - Текущая дата и время на бирже: 20.02.2026 10:42:59
20.02.2026 10:42:59 - Schedule.BarsStream - DEBUG - Ожидание в секундах: 253024.0
20.02.2026 10:42:59 - FileStorage - DEBUG - Первый бар    : 04.10.2025 00:00
20.02.2026 10:42:59 - FileStorage - DEBUG - Первый бар    : 04.10.2025 00:00
20.02.2026 10:42:59 - FileStorage - DEBUG - Первый бар    : 04.10.2025 00:00
20.02.2026 10:42:59 - FileStorage - DEBUG - Последний бар : 20.02.2026 00:00
20.02.2026 10:42:59 - FileStorage - DEBUG - Кол-во бар    : 5907
20.02.2026 10:42:59 - Schedule.BarsStream - DEBUG - Нужно получить бар: 20.02.2026 00:00:00
20.02.2026 10:42:59 - FileStorage - DEBUG - Последний бар : 20.02.2026 00:00
20.02.2026 10:42:59 - FileStorage - DEBUG - Получение файла C:\Users\шадрин\PycharmProjects\CenterStrikeVolatility_API\FinLabPy\Storage\..\..\Data\Alor\SPBFUT.SiM6_D1.txt
20.02.2026 10:42:59 - FileStorage - DEBUG - Последний бар : 20.02.2026 00:00
20.02.2026 10:42:59 - FileStorage - DEBUG - Последний бар : 20.02.2026 00:00
20.02.2026 10:42:59 - FileStorage - DEBUG - Кол-во бар    : 96
20.02.2026 10:42:59 - Schedule.BarsStream - DEBUG - Время запроса бара: 23.02.2026 09:00:03
20.02.2026 10:42:59 - FileStorage - DEBUG - Кол-во бар    : 107
20.02.2026 10:42:59 - FileStorage - DEBUG - Кол-во бар    : 116
20.02.2026 10:42:59 - FileStorage - DEBUG - Кол-во бар    : 122
20.02.2026 10:42:59 - Schedule.BarsStream - DEBUG - Текущая дата и время на бирже: 20.02.2026 10:42:59
20.02.2026 10:42:59 - Schedule.BarsStream - DEBUG - Ожидание в секундах: 253024.0
20.02.2026 10:42:59 - Schedule.BarsStream - DEBUG - Текущая дата и время на бирже: 20.02.2026 10:42:59
20.02.2026 10:42:59 - Schedule.BarsStream - DEBUG - Текущая дата и время на бирже: 20.02.2026 10:42:59
20.02.2026 10:42:59 - Schedule.BarsStream - DEBUG - Текущая дата и время на бирже: 20.02.2026 10:42:59
20.02.2026 10:42:59 - Schedule.BarsStream - DEBUG - Нужно получить бар: 20.02.2026 00:00:00
20.02.2026 10:42:59 - FileStorage - DEBUG - Первый бар    : 06.10.2025 00:00
20.02.2026 10:42:59 - Schedule.BarsStream - DEBUG - Нужно получить бар: 20.02.2026 00:00:00
20.02.2026 10:42:59 - Schedule.BarsStream - DEBUG - Нужно получить бар: 20.02.2026 00:00:00
20.02.2026 10:42:59 - FileStorage - DEBUG - Получение файла C:\Users\шадрин\PycharmProjects\CenterStrikeVolatility_API\FinLabPy\Storage\..\..\Data\Alor\SPBFUT.RIH6_D1.txt
20.02.2026 10:42:59 - Schedule.BarsStream - DEBUG - Нужно получить бар: 20.02.2026 00:00:00
20.02.2026 10:42:59 - Schedule.BarsStream - DEBUG - Время запроса бара: 23.02.2026 09:00:03
20.02.2026 10:42:59 - FileStorage - DEBUG - Последний бар : 20.02.2026 00:00
20.02.2026 10:42:59 - Schedule.BarsStream - DEBUG - Время запроса бара: 23.02.2026 09:00:03
20.02.2026 10:42:59 - Schedule.BarsStream - DEBUG - Время запроса бара: 23.02.2026 09:00:03
20.02.2026 10:42:59 - Schedule.BarsStream - DEBUG - Время запроса бара: 23.02.2026 09:00:03
20.02.2026 10:42:59 - Schedule.BarsStream - DEBUG - Ожидание в секундах: 253024.0
20.02.2026 10:42:59 - FileStorage - DEBUG - Кол-во бар    : 96
20.02.2026 10:42:59 - Schedule.BarsStream - DEBUG - Ожидание в секундах: 253024.0
20.02.2026 10:42:59 - Schedule.BarsStream - DEBUG - Ожидание в секундах: 253024.0
20.02.2026 10:42:59 - Schedule.BarsStream - DEBUG - Ожидание в секундах: 253024.0
20.02.2026 10:42:59 - FileStorage - DEBUG - Фильтр с 03.10.2025 10:42
20.02.2026 10:42:59 - FileStorage - DEBUG - Получение файла C:\Users\шадрин\PycharmProjects\CenterStrikeVolatility_API\FinLabPy\Storage\..\..\Data\Alor\SPBFUT.SiH6_D1.txt
20.02.2026 10:42:59 - FileStorage - DEBUG - Первый бар    : 04.10.2025 00:00
20.02.2026 10:42:59 - FileStorage - DEBUG - Получение файла C:\Users\шадрин\PycharmProjects\CenterStrikeVolatility_API\FinLabPy\Storage\..\..\Data\Alor\SPBFUT.RIM6_D1.txt
20.02.2026 10:42:59 - FileStorage - DEBUG - Получение файла C:\Users\шадрин\PycharmProjects\CenterStrikeVolatility_API\FinLabPy\Storage\..\..\Data\Alor\SPBFUT.SRM6_D1.txt
20.02.2026 10:42:59 - FileStorage - DEBUG - Получение файла C:\Users\шадрин\PycharmProjects\CenterStrikeVolatility_API\FinLabPy\Storage\..\..\Data\Alor\SPBFUT.SRH6_D1.txt
20.02.2026 10:42:59 - FileStorage - DEBUG - Первый бар    : SPBFUT.SiM6 (D1) 2025-10-06 00:00:00 Open: 89.804, High: 90.272, Low: 89.304, Close: 89.513, Volume: 322.0
20.02.2026 10:42:59 - FileStorage - DEBUG - Последний бар : 20.02.2026 00:00
20.02.2026 10:42:59 - FileStorage - DEBUG - Последний бар : SPBFUT.SiM6 (D1) 2026-02-20 00:00:00 Open: 77.91, High: 78.015, Low: 77.77, Close: 77.962, Volume: 10526.0
20.02.2026 10:42:59 - FileStorage - DEBUG - Кол-во бар    : 122
20.02.2026 10:42:59 - FileStorage - DEBUG - Кол-во бар    : 96
20.02.2026 10:42:59 - FileStorage - DEBUG - Фильтр с 03.10.2025 10:42
20.02.2026 10:42:59 - FileStorage - DEBUG - Первый бар    : 06.10.2025 00:00
20.02.2026 10:42:59 - FileStorage - DEBUG - Первый бар    : SPBFUT.RIH6 (D1) 2025-10-04 00:00:00 Open: 100060.0, High: 100060.0, Low: 98820.0, Close: 99270.0, Volume: 83.0
20.02.2026 10:42:59 - FileStorage - DEBUG - Первый бар    : 04.10.2025 00:00
20.02.2026 10:42:59 - FileStorage - DEBUG - Последний бар : 20.02.2026 00:00
20.02.2026 10:42:59 - FileStorage - DEBUG - Последний бар : SPBFUT.RIH6 (D1) 2026-02-20 00:00:00 Open: 116130.0, High: 116400.0, Low: 115810.0, Close: 116050.0, Volume: 6372.0
20.02.2026 10:42:59 - FileStorage - DEBUG - Последний бар : 20.02.2026 00:00
20.02.2026 10:42:59 - FileStorage - DEBUG - Первый бар    : 04.10.2025 00:00
20.02.2026 10:42:59 - FileStorage - DEBUG - Кол-во бар    : 96
20.02.2026 10:42:59 - FileStorage - DEBUG - Первый бар    : 04.10.2025 00:00
20.02.2026 10:42:59 - FileStorage - DEBUG - Кол-во бар    : 122
20.02.2026 10:42:59 - FileStorage - DEBUG - Кол-во бар    : 122
20.02.2026 10:42:59 - FileStorage - DEBUG - Последний бар : 20.02.2026 00:00
20.02.2026 10:42:59 - FileStorage - DEBUG - Фильтр с 03.10.2025 10:42
20.02.2026 10:42:59 - FileStorage - DEBUG - Последний бар : 20.02.2026 00:00
20.02.2026 10:42:59 - FileStorage - DEBUG - Кол-во бар    : 107
20.02.2026 10:42:59 - FileStorage - DEBUG - Фильтр с 03.10.2025 10:42
20.02.2026 10:42:59 - FileStorage - DEBUG - Первый бар    : SPBFUT.SiH6 (D1) 2025-10-06 00:00:00 Open: 87.101, High: 87.638, Low: 86.591, Close: 86.731, Volume: 10858.0
20.02.2026 10:42:59 - FileStorage - DEBUG - Кол-во бар    : 116
20.02.2026 10:42:59 - FileStorage - DEBUG - Фильтр с 03.10.2025 10:42
20.02.2026 10:42:59 - FileStorage - DEBUG - Первый бар    : SPBFUT.SRH6 (D1) 2025-10-04 00:00:00 Open: 305.03, High: 305.03, Low: 302.3, Close: 302.79, Volume: 102.0
20.02.2026 10:42:59 - FileStorage - DEBUG - Последний бар : SPBFUT.SiH6 (D1) 2026-02-20 00:00:00 Open: 76.23, High: 76.5, Low: 76.123, Close: 76.449, Volume: 91916.0
20.02.2026 10:42:59 - FileStorage - DEBUG - Фильтр с 03.10.2025 10:42
20.02.2026 10:42:59 - FileStorage - DEBUG - Первый бар    : SPBFUT.RIM6 (D1) 2025-10-04 00:00:00 Open: 101350.0, High: 101350.0, Low: 101350.0, Close: 101350.0, Volume: 1.0
20.02.2026 10:42:59 - FileStorage - DEBUG - Последний бар : SPBFUT.SRH6 (D1) 2026-02-20 00:00:00 Open: 317.03, High: 317.76, Low: 316.93, Close: 317.56, Volume: 9436.0
20.02.2026 10:42:59 - FileStorage - DEBUG - Кол-во бар    : 96
20.02.2026 10:42:59 - FileStorage - DEBUG - Первый бар    : SPBFUT.SRM6 (D1) 2025-10-04 00:00:00 Open: 314.01, High: 315.32, Low: 313.37, Close: 313.37, Volume: 3.0
20.02.2026 10:42:59 - FileStorage - DEBUG - Последний бар : SPBFUT.RIM6 (D1) 2026-02-20 00:00:00 Open: 116470.0, High: 116770.0, Low: 116290.0, Close: 116500.0, Volume: 61.0
20.02.2026 10:42:59 - FileStorage - DEBUG - Кол-во бар    : 122
20.02.2026 10:42:59 - FileStorage - DEBUG - Последний бар : SPBFUT.SRM6 (D1) 2026-02-20 00:00:00 Open: 327.7, High: 328.4, Low: 327.62, Close: 328.15, Volume: 378.0
20.02.2026 10:42:59 - FileStorage - DEBUG - Кол-во бар    : 107
20.02.2026 10:42:59 - FileStorage - DEBUG - Кол-во бар    : 116
20.02.2026 10:43:00 - FileStorage - DEBUG - Получение файла C:\Users\шадрин\PycharmProjects\CenterStrikeVolatility_API\FinLabPy\Storage\..\..\Data\Alor\SPBFUT.SRM6_M15.txt
20.02.2026 10:43:00 - FileStorage - DEBUG - Первый бар    : 03.10.2025 10:45
20.02.2026 10:43:00 - FileStorage - DEBUG - Последний бар : 20.02.2026 10:15
20.02.2026 10:43:00 - FileStorage - DEBUG - Кол-во бар    : 2307
20.02.2026 10:43:00 - FileStorage - DEBUG - Фильтр с 03.10.2025 10:42
20.02.2026 10:43:00 - FileStorage - DEBUG - Первый бар    : SPBFUT.SRM6 (M15) 2025-10-03 10:45:00 Open: 319.0, High: 319.0, Low: 319.0, Close: 319.0, Volume: 2.0
20.02.2026 10:43:00 - FileStorage - DEBUG - Последний бар : SPBFUT.SRM6 (M15) 2026-02-20 10:15:00 Open: 327.93, High: 328.0, Low: 327.9, Close: 327.9, Volume: 85.0
20.02.2026 10:43:00 - FileStorage - DEBUG - Кол-во бар    : 2307
20.02.2026 10:43:00 - AlorPy - DEBUG - Запрос : /md/v2/history?exchange=MOEX&symbol=RIH6&tf=D&from=1771545600&to=1771573379&format=Simple
20.02.2026 10:43:00 - AlorPy - DEBUG - Ответ  : {"history":[{"time":1771545600,"close":116050.00000,"open":116130.00000,"high":116400.00000,"low":115810.00000,"volume":6372}],"next":null,"prev":1771459200}
20.02.2026 10:43:00 - FileStorage - DEBUG - Получение файла C:\Users\шадрин\PycharmProjects\CenterStrikeVolatility_API\FinLabPy\Storage\..\..\Data\Alor\SPBFUT.RIH6_D1.txt
20.02.2026 10:43:00 - AlorPy - DEBUG - Запрос : /md/v2/history?exchange=MOEX&symbol=SiM6&tf=D&from=1771545600&to=1771573379&format=Simple
20.02.2026 10:43:00 - AlorPy - DEBUG - Ответ  : {"history":[{"time":1771545600,"close":77962.00000,"open":77910.00000,"high":78015.00000,"low":77770.00000,"volume":10530}],"next":null,"prev":1771459200}
20.02.2026 10:43:00 - AlorPy - DEBUG - Запрос : /md/v2/history?exchange=MOEX&symbol=SRM6&tf=D&from=1771545600&to=1771573379&format=Simple
20.02.2026 10:43:00 - FileStorage - DEBUG - Получение файла C:\Users\шадрин\PycharmProjects\CenterStrikeVolatility_API\FinLabPy\Storage\..\..\Data\Alor\SPBFUT.SiM6_D1.txt
20.02.2026 10:43:00 - AlorPy - DEBUG - Ответ  : {"history":[{"time":1771545600,"close":32815.00000,"open":32770.00000,"high":32840.00000,"low":32762.00000,"volume":378}],"next":null,"prev":1771459200}
20.02.2026 10:43:00 - FileStorage - DEBUG - Получение файла C:\Users\шадрин\PycharmProjects\CenterStrikeVolatility_API\FinLabPy\Storage\..\..\Data\Alor\SPBFUT.SRM6_D1.txt
20.02.2026 10:43:00 - FileStorage - DEBUG - Первый бар    : 04.10.2025 00:00
20.02.2026 10:43:00 - FileStorage - DEBUG - Последний бар : 20.02.2026 00:00
20.02.2026 10:43:00 - FileStorage - DEBUG - Кол-во бар    : 122
20.02.2026 10:43:00 - FileStorage - DEBUG - Первый бар    : 06.10.2025 00:00
20.02.2026 10:43:00 - FileStorage - DEBUG - Сохранение файла C:\Users\шадрин\PycharmProjects\CenterStrikeVolatility_API\FinLabPy\Storage\..\..\Data\Alor\SPBFUT.RIH6_D1.txt
20.02.2026 10:43:00 - FileStorage - DEBUG - Последний бар : 20.02.2026 00:00
20.02.2026 10:43:00 - FileStorage - DEBUG - Первый бар    : 04.10.2025 00:00
20.02.2026 10:43:00 - AlorPy - DEBUG - Запрос : /md/v2/history?exchange=MOEX&symbol=RIM6&tf=D&from=1771545600&to=1771573379&format=Simple
20.02.2026 10:43:00 - FileStorage - DEBUG - Кол-во бар    : 96
20.02.2026 10:43:00 - FileStorage - DEBUG - Последний бар : 20.02.2026 00:00
20.02.2026 10:43:00 - AlorPy - DEBUG - Ответ  : {"history":[{"time":1771545600,"close":116500.00000,"open":116470.00000,"high":116770.00000,"low":116290.00000,"volume":61}],"next":null,"prev":1771459200}
20.02.2026 10:43:00 - FileStorage - DEBUG - Сохранение файла C:\Users\шадрин\PycharmProjects\CenterStrikeVolatility_API\FinLabPy\Storage\..\..\Data\Alor\SPBFUT.SiM6_D1.txt
20.02.2026 10:43:00 - FileStorage - DEBUG - Кол-во бар    : 116
20.02.2026 10:43:00 - AlorPy - DEBUG - Запрос : /md/v2/history?exchange=MOEX&symbol=SiH6&tf=D&from=1771545600&to=1771573379&format=Simple
20.02.2026 10:43:00 - FileStorage - DEBUG - Получение файла C:\Users\шадрин\PycharmProjects\CenterStrikeVolatility_API\FinLabPy\Storage\..\..\Data\Alor\SPBFUT.RIM6_D1.txt
20.02.2026 10:43:00 - FileStorage - DEBUG - Первый бар    : 04.10.2025 00:00
20.02.2026 10:43:00 - AlorPy - DEBUG - Ответ  : {"history":[{"time":1771545600,"close":76449.00000,"open":76230.00000,"high":76500.00000,"low":76123.00000,"volume":91920}],"next":null,"prev":1771459200}
20.02.2026 10:43:00 - FileStorage - DEBUG - Сохранение файла C:\Users\шадрин\PycharmProjects\CenterStrikeVolatility_API\FinLabPy\Storage\..\..\Data\Alor\SPBFUT.SRM6_D1.txt
20.02.2026 10:43:00 - FileStorage - DEBUG - Последний бар : 20.02.2026 00:00
20.02.2026 10:43:00 - FileStorage - DEBUG - Получение файла C:\Users\шадрин\PycharmProjects\CenterStrikeVolatility_API\FinLabPy\Storage\..\..\Data\Alor\SPBFUT.SiH6_D1.txt
20.02.2026 10:43:00 - FileStorage - DEBUG - Кол-во бар    : 122
20.02.2026 10:43:00 - Schedule.BarsStream - DEBUG - Текущая дата и время на бирже: 20.02.2026 10:43:00
20.02.2026 10:43:00 - Schedule.BarsStream - DEBUG - Нужно получить бар: 20.02.2026 00:00:00
20.02.2026 10:43:00 - Schedule.BarsStream - DEBUG - Время запроса бара: 23.02.2026 09:00:03
20.02.2026 10:43:00 - Schedule.BarsStream - DEBUG - Ожидание в секундах: 253023.0
20.02.2026 10:43:00 - FileStorage - DEBUG - Первый бар    : 06.10.2025 00:00
20.02.2026 10:43:00 - FileStorage - DEBUG - Последний бар : 20.02.2026 00:00
20.02.2026 10:43:00 - FileStorage - DEBUG - Кол-во бар    : 96
20.02.2026 10:43:00 - FileStorage - DEBUG - Получение файла C:\Users\шадрин\PycharmProjects\CenterStrikeVolatility_API\FinLabPy\Storage\..\..\Data\Alor\SPBFUT.RIH6_D1.txt
20.02.2026 10:43:00 - AlorPy - DEBUG - Запрос : /md/v2/history?exchange=MOEX&symbol=SRH6&tf=D&from=1771545600&to=1771573379&format=Simple
20.02.2026 10:43:00 - FileStorage - DEBUG - Первый бар    : 04.10.2025 00:00
20.02.2026 10:43:00 - FileStorage - DEBUG - Первый бар    : 04.10.2025 00:00
20.02.2026 10:43:00 - FileStorage - DEBUG - Первый бар    : 06.10.2025 00:00
20.02.2026 10:43:00 - Schedule.BarsStream - DEBUG - Текущая дата и время на бирже: 20.02.2026 10:43:00
20.02.2026 10:43:00 - AlorPy - DEBUG - Ответ  : {"history":[{"time":1771545600,"close":31756.00000,"open":31703.00000,"high":31776.00000,"low":31693.00000,"volume":9436}],"next":null,"prev":1771459200}
20.02.2026 10:43:00 - FileStorage - DEBUG - Последний бар : 20.02.2026 00:00
20.02.2026 10:43:00 - FileStorage - DEBUG - Последний бар : 20.02.2026 00:00
20.02.2026 10:43:00 - FileStorage - DEBUG - Последний бар : 20.02.2026 00:00
20.02.2026 10:43:00 - Schedule.BarsStream - DEBUG - Нужно получить бар: 20.02.2026 00:00:00
20.02.2026 10:43:00 - FileStorage - DEBUG - Кол-во бар    : 107
20.02.2026 10:43:00 - FileStorage - DEBUG - Первый бар    : 04.10.2025 00:00
20.02.2026 10:43:00 - FileStorage - DEBUG - Получение файла C:\Users\шадрин\PycharmProjects\CenterStrikeVolatility_API\FinLabPy\Storage\..\..\Data\Alor\SPBFUT.SRH6_D1.txt
20.02.2026 10:43:00 - FileStorage - DEBUG - Кол-во бар    : 116
20.02.2026 10:43:00 - FileStorage - DEBUG - Кол-во бар    : 96
20.02.2026 10:43:00 - Schedule.BarsStream - DEBUG - Время запроса бара: 23.02.2026 09:00:03
20.02.2026 10:43:00 - FileStorage - DEBUG - Сохранение файла C:\Users\шадрин\PycharmProjects\CenterStrikeVolatility_API\FinLabPy\Storage\..\..\Data\Alor\SPBFUT.RIM6_D1.txt
20.02.2026 10:43:00 - FileStorage - DEBUG - Последний бар : 20.02.2026 00:00
20.02.2026 10:43:01 - Schedule.BarsStream - DEBUG - Ожидание в секундах: 253023.0
20.02.2026 10:43:01 - FileStorage - DEBUG - Кол-во бар    : 122
20.02.2026 10:43:01 - FileStorage - DEBUG - Сохранение файла C:\Users\шадрин\PycharmProjects\CenterStrikeVolatility_API\FinLabPy\Storage\..\..\Data\Alor\SPBFUT.SiH6_D1.txt
20.02.2026 10:43:01 - FileStorage - DEBUG - Получение файла C:\Users\шадрин\PycharmProjects\CenterStrikeVolatility_API\FinLabPy\Storage\..\..\Data\Alor\SPBFUT.SiM6_D1.txt
20.02.2026 10:43:01 - Schedule.BarsStream - DEBUG - Текущая дата и время на бирже: 20.02.2026 10:43:01
20.02.2026 10:43:01 - FileStorage - DEBUG - Фильтр с 03.10.2025 10:42
20.02.2026 10:43:01 - FileStorage - DEBUG - Первый бар    : 04.10.2025 00:00
20.02.2026 10:43:01 - Schedule.BarsStream - DEBUG - Нужно получить бар: 20.02.2026 00:00:00
20.02.2026 10:43:01 - FileStorage - DEBUG - Первый бар    : SPBFUT.RIH6 (D1) 2025-10-04 00:00:00 Open: 100060.0, High: 100060.0, Low: 98820.0, Close: 99270.0, Volume: 83.0
20.02.2026 10:43:01 - FileStorage - DEBUG - Первый бар    : 04.10.2025 00:00
20.02.2026 10:43:01 - FileStorage - DEBUG - Первый бар    : 06.10.2025 00:00
20.02.2026 10:43:01 - FileStorage - DEBUG - Последний бар : 20.02.2026 00:00
20.02.2026 10:43:01 - Schedule.BarsStream - DEBUG - Время запроса бара: 23.02.2026 09:00:03
20.02.2026 10:43:01 - FileStorage - DEBUG - Последний бар : SPBFUT.RIH6 (D1) 2026-02-20 00:00:00 Open: 116130.0, High: 116400.0, Low: 115810.0, Close: 116050.0, Volume: 6372.0
20.02.2026 10:43:01 - FileStorage - DEBUG - Первый бар    : 06.10.2025 00:00
20.02.2026 10:43:01 - FileStorage - DEBUG - Последний бар : 20.02.2026 00:00
20.02.2026 10:43:01 - FileStorage - DEBUG - Последний бар : 20.02.2026 00:00
20.02.2026 10:43:01 - FileStorage - DEBUG - Кол-во бар    : 107
20.02.2026 10:43:01 - Schedule.BarsStream - DEBUG - Ожидание в секундах: 253022.0
20.02.2026 10:43:01 - FileStorage - DEBUG - Кол-во бар    : 122
20.02.2026 10:43:01 - FileStorage - DEBUG - Последний бар : 20.02.2026 00:00
20.02.2026 10:43:01 - FileStorage - DEBUG - Кол-во бар    : 122
20.02.2026 10:43:01 - FileStorage - DEBUG - Кол-во бар    : 96
20.02.2026 10:43:01 - Schedule.BarsStream - DEBUG - Текущая дата и время на бирже: 20.02.2026 10:43:01
20.02.2026 10:43:01 - FileStorage - DEBUG - Получение файла C:\Users\шадрин\PycharmProjects\CenterStrikeVolatility_API\FinLabPy\Storage\..\..\Data\Alor\SPBFUT.SRM6_D1.txt
20.02.2026 10:43:01 - FileStorage - DEBUG - Кол-во бар    : 96
20.02.2026 10:43:01 - FileStorage - DEBUG - Сохранение файла C:\Users\шадрин\PycharmProjects\CenterStrikeVolatility_API\FinLabPy\Storage\..\..\Data\Alor\SPBFUT.SRH6_D1.txt
20.02.2026 10:43:01 - Schedule.BarsStream - DEBUG - Нужно получить бар: 20.02.2026 00:00:00
20.02.2026 10:43:01 - Schedule.BarsStream - DEBUG - Текущая дата и время на бирже: 20.02.2026 10:43:01
20.02.2026 10:43:01 - FileStorage - DEBUG - Фильтр с 03.10.2025 10:42
20.02.2026 10:43:01 - Schedule.BarsStream - DEBUG - Время запроса бара: 23.02.2026 09:00:03
20.02.2026 10:43:01 - Schedule.BarsStream - DEBUG - Нужно получить бар: 20.02.2026 00:00:00
20.02.2026 10:43:01 - FileStorage - DEBUG - Первый бар    : SPBFUT.SiM6 (D1) 2025-10-06 00:00:00 Open: 89.804, High: 90.272, Low: 89.304, Close: 89.513, Volume: 322.0
20.02.2026 10:43:01 - FileStorage - DEBUG - Первый бар    : 04.10.2025 00:00
20.02.2026 10:43:01 - Schedule.BarsStream - DEBUG - Ожидание в секундах: 253022.0
20.02.2026 10:43:01 - Schedule.BarsStream - DEBUG - Время запроса бара: 23.02.2026 09:00:03
20.02.2026 10:43:01 - FileStorage - DEBUG - Последний бар : SPBFUT.SiM6 (D1) 2026-02-20 00:00:00 Open: 77.91, High: 78.015, Low: 77.77, Close: 77.962, Volume: 10530.0
20.02.2026 10:43:01 - FileStorage - DEBUG - Последний бар : 20.02.2026 00:00
20.02.2026 10:43:01 - Schedule.BarsStream - DEBUG - Ожидание в секундах: 253022.0
20.02.2026 10:43:01 - FileStorage - DEBUG - Получение файла C:\Users\шадрин\PycharmProjects\CenterStrikeVolatility_API\FinLabPy\Storage\..\..\Data\Alor\SPBFUT.RIM6_D1.txt
20.02.2026 10:43:01 - FileStorage - DEBUG - Кол-во бар    : 96
20.02.2026 10:43:01 - FileStorage - DEBUG - Первый бар    : 04.10.2025 00:00
20.02.2026 10:43:01 - FileStorage - DEBUG - Кол-во бар    : 122
20.02.2026 10:43:01 - FileStorage - DEBUG - Получение файла C:\Users\шадрин\PycharmProjects\CenterStrikeVolatility_API\FinLabPy\Storage\..\..\Data\Alor\SPBFUT.SiH6_D1.txt
20.02.2026 10:43:01 - FileStorage - DEBUG - Последний бар : 20.02.2026 00:00
20.02.2026 10:43:01 - Schedule.BarsStream - DEBUG - Текущая дата и время на бирже: 20.02.2026 10:43:01
20.02.2026 10:43:01 - FileStorage - DEBUG - Кол-во бар    : 116
20.02.2026 10:43:01 - Schedule.BarsStream - DEBUG - Нужно получить бар: 20.02.2026 00:00:00
20.02.2026 10:43:01 - FileStorage - DEBUG - Фильтр с 03.10.2025 10:42
20.02.2026 10:43:01 - FileStorage - DEBUG - Первый бар    : 04.10.2025 00:00
20.02.2026 10:43:01 - Schedule.BarsStream - DEBUG - Время запроса бара: 23.02.2026 09:00:03
20.02.2026 10:43:01 - FileStorage - DEBUG - Первый бар    : SPBFUT.SRM6 (D1) 2025-10-04 00:00:00 Open: 314.01, High: 315.32, Low: 313.37, Close: 313.37, Volume: 3.0
20.02.2026 10:43:01 - FileStorage - DEBUG - Первый бар    : 06.10.2025 00:00
20.02.2026 10:43:01 - FileStorage - DEBUG - Последний бар : 20.02.2026 00:00
20.02.2026 10:43:01 - Schedule.BarsStream - DEBUG - Ожидание в секундах: 253022.0
20.02.2026 10:43:01 - FileStorage - DEBUG - Последний бар : SPBFUT.SRM6 (D1) 2026-02-20 00:00:00 Open: 327.7, High: 328.4, Low: 327.62, Close: 328.15, Volume: 378.0
20.02.2026 10:43:01 - FileStorage - DEBUG - Последний бар : 20.02.2026 00:00
20.02.2026 10:43:01 - FileStorage - DEBUG - Кол-во бар    : 107
20.02.2026 10:43:01 - FileStorage - DEBUG - Кол-во бар    : 116
20.02.2026 10:43:01 - FileStorage - DEBUG - Кол-во бар    : 96
20.02.2026 10:43:01 - FileStorage - DEBUG - Получение файла C:\Users\шадрин\PycharmProjects\CenterStrikeVolatility_API\FinLabPy\Storage\..\..\Data\Alor\SPBFUT.SRH6_D1.txt
20.02.2026 10:43:01 - FileStorage - DEBUG - Фильтр с 03.10.2025 10:42
20.02.2026 10:43:01 - FileStorage - DEBUG - Фильтр с 03.10.2025 10:42
20.02.2026 10:43:01 - FileStorage - DEBUG - Первый бар    : SPBFUT.RIM6 (D1) 2025-10-04 00:00:00 Open: 101350.0, High: 101350.0, Low: 101350.0, Close: 101350.0, Volume: 1.0
20.02.2026 10:43:01 - FileStorage - DEBUG - Первый бар    : SPBFUT.SiH6 (D1) 2025-10-06 00:00:00 Open: 87.101, High: 87.638, Low: 86.591, Close: 86.731, Volume: 10858.0
20.02.2026 10:43:01 - FileStorage - DEBUG - Последний бар : SPBFUT.RIM6 (D1) 2026-02-20 00:00:00 Open: 116470.0, High: 116770.0, Low: 116290.0, Close: 116500.0, Volume: 61.0
20.02.2026 10:43:01 - FileStorage - DEBUG - Последний бар : SPBFUT.SiH6 (D1) 2026-02-20 00:00:00 Open: 76.23, High: 76.5, Low: 76.123, Close: 76.449, Volume: 91920.0
20.02.2026 10:43:01 - FileStorage - DEBUG - Кол-во бар    : 107
20.02.2026 10:43:01 - FileStorage - DEBUG - Первый бар    : 04.10.2025 00:00
20.02.2026 10:43:01 - FileStorage - DEBUG - Кол-во бар    : 96
20.02.2026 10:43:01 - FileStorage - DEBUG - Последний бар : 20.02.2026 00:00
20.02.2026 10:43:01 - FileStorage - DEBUG - Кол-во бар    : 122
20.02.2026 10:43:01 - FileStorage - DEBUG - Фильтр с 03.10.2025 10:42
20.02.2026 10:43:01 - FileStorage - DEBUG - Первый бар    : SPBFUT.SRH6 (D1) 2025-10-04 00:00:00 Open: 305.03, High: 305.03, Low: 302.3, Close: 302.79, Volume: 102.0
20.02.2026 10:43:01 - FileStorage - DEBUG - Последний бар : SPBFUT.SRH6 (D1) 2026-02-20 00:00:00 Open: 317.03, High: 317.76, Low: 316.93, Close: 317.56, Volume: 9436.0
20.02.2026 10:43:01 - FileStorage - DEBUG - Кол-во бар    : 122
20.02.2026 10:43:01 - AlorPy - DEBUG - Запрос : /md/v2/history?exchange=MOEX&symbol=SRM6&tf=900&from=1771571700&to=1771573380&format=Simple
20.02.2026 10:43:01 - AlorPy - DEBUG - Ответ  : {"history":[{"time":1771571700,"close":32790.00000,"open":32793.00000,"high":32800.00000,"low":32790.00000,"volume":85},{"time":1771572600,"close":32815.00000,"open":32840.00000,"high":32840.00000,"low":32815.00000,"volume":11}],"next":null,"prev":1771569900}
20.02.2026 10:43:01 - FileStorage - DEBUG - Получение файла C:\Users\шадрин\PycharmProjects\CenterStrikeVolatility_API\FinLabPy\Storage\..\..\Data\Alor\SPBFUT.SRM6_M15.txt
20.02.2026 10:43:01 - FileStorage - DEBUG - Первый бар    : 03.10.2025 10:45
20.02.2026 10:43:01 - FileStorage - DEBUG - Последний бар : 20.02.2026 10:15
20.02.2026 10:43:01 - FileStorage - DEBUG - Кол-во бар    : 2307
20.02.2026 10:43:02 - FileStorage - DEBUG - Сохранение файла C:\Users\шадрин\PycharmProjects\CenterStrikeVolatility_API\FinLabPy\Storage\..\..\Data\Alor\SPBFUT.SRM6_M15.txt
20.02.2026 10:43:02 - AlorPy - DEBUG - Запрос : /md/v2/history?exchange=MOEX&symbol=RIH6&tf=D&from=1771545600&to=1771573381&format=Simple
20.02.2026 10:43:02 - AlorPy - DEBUG - Ответ  : {"history":[{"time":1771545600,"close":116050.00000,"open":116130.00000,"high":116400.00000,"low":115810.00000,"volume":6373}],"next":null,"prev":1771459200}
20.02.2026 10:43:02 - FileStorage - DEBUG - Получение файла C:\Users\шадрин\PycharmProjects\CenterStrikeVolatility_API\FinLabPy\Storage\..\..\Data\Alor\SPBFUT.RIH6_D1.txt
20.02.2026 10:43:02 - FileStorage - DEBUG - Первый бар    : 03.10.2025 10:45
20.02.2026 10:43:02 - FileStorage - DEBUG - Последний бар : 20.02.2026 10:30
20.02.2026 10:43:02 - FileStorage - DEBUG - Кол-во бар    : 2308
20.02.2026 10:43:02 - FileStorage - DEBUG - Первый бар    : 04.10.2025 00:00
20.02.2026 10:43:02 - FileStorage - DEBUG - Последний бар : 20.02.2026 00:00
20.02.2026 10:43:02 - FileStorage - DEBUG - Кол-во бар    : 122
20.02.2026 10:43:02 - FileStorage - DEBUG - Сохранение файла C:\Users\шадрин\PycharmProjects\CenterStrikeVolatility_API\FinLabPy\Storage\..\..\Data\Alor\SPBFUT.RIH6_D1.txt
20.02.2026 10:43:02 - FileStorage - DEBUG - Первый бар    : 04.10.2025 00:00
20.02.2026 10:43:02 - FileStorage - DEBUG - Последний бар : 20.02.2026 00:00
20.02.2026 10:43:02 - FileStorage - DEBUG - Кол-во бар    : 122
20.02.2026 10:43:02 - Schedule.BarsStream - DEBUG - Текущая дата и время на бирже: 20.02.2026 10:43:02
20.02.2026 10:43:02 - Schedule.BarsStream - DEBUG - Нужно получить бар: 20.02.2026 00:00:00
20.02.2026 10:43:02 - Schedule.BarsStream - DEBUG - Время запроса бара: 23.02.2026 09:00:03
20.02.2026 10:43:02 - Schedule.BarsStream - DEBUG - Ожидание в секундах: 253021.0
20.02.2026 10:43:02 - FileStorage - DEBUG - Получение файла C:\Users\шадрин\PycharmProjects\CenterStrikeVolatility_API\FinLabPy\Storage\..\..\Data\Alor\SPBFUT.RIH6_D1.txt
20.02.2026 10:43:02 - FileStorage - DEBUG - Первый бар    : 04.10.2025 00:00
20.02.2026 10:43:02 - FileStorage - DEBUG - Последний бар : 20.02.2026 00:00
20.02.2026 10:43:02 - FileStorage - DEBUG - Кол-во бар    : 122
20.02.2026 10:43:02 - FileStorage - DEBUG - Фильтр с 03.10.2025 10:42
20.02.2026 10:43:02 - FileStorage - DEBUG - Первый бар    : SPBFUT.RIH6 (D1) 2025-10-04 00:00:00 Open: 100060.0, High: 100060.0, Low: 98820.0, Close: 99270.0, Volume: 83.0
20.02.2026 10:43:02 - FileStorage - DEBUG - Последний бар : SPBFUT.RIH6 (D1) 2026-02-20 00:00:00 Open: 116130.0, High: 116400.0, Low: 115810.0, Close: 116050.0, Volume: 6373.0
20.02.2026 10:43:02 - FileStorage - DEBUG - Кол-во бар    : 122
20.02.2026 10:43:02 - AlorPy - DEBUG - Запрос : /md/v2/history?exchange=MOEX&symbol=SiM6&tf=D&from=1771545600&to=1771573381&format=Simple
20.02.2026 10:43:02 - AlorPy - DEBUG - Ответ  : {"history":[{"time":1771545600,"close":77962.00000,"open":77910.00000,"high":78015.00000,"low":77770.00000,"volume":10534}],"next":null,"prev":1771459200}
20.02.2026 10:43:02 - AlorPy - DEBUG - Запрос : /md/v2/history?exchange=MOEX&symbol=SRM6&tf=D&from=1771545600&to=1771573381&format=Simple
20.02.2026 10:43:02 - AlorPy - DEBUG - Ответ  : {"history":[{"time":1771545600,"close":32815.00000,"open":32770.00000,"high":32840.00000,"low":32762.00000,"volume":378}],"next":null,"prev":1771459200}
20.02.2026 10:43:02 - FileStorage - DEBUG - Получение файла C:\Users\шадрин\PycharmProjects\CenterStrikeVolatility_API\FinLabPy\Storage\..\..\Data\Alor\SPBFUT.SRM6_D1.txt
20.02.2026 10:43:02 - FileStorage - DEBUG - Получение файла C:\Users\шадрин\PycharmProjects\CenterStrikeVolatility_API\FinLabPy\Storage\..\..\Data\Alor\SPBFUT.SiM6_D1.txt
20.02.2026 10:43:02 - AlorPy - DEBUG - Запрос : /md/v2/history?exchange=MOEX&symbol=SRH6&tf=D&from=1771545600&to=1771573381&format=Simple
20.02.2026 10:43:02 - AlorPy - DEBUG - Ответ  : {"history":[{"time":1771545600,"close":31756.00000,"open":31703.00000,"high":31776.00000,"low":31693.00000,"volume":9436}],"next":null,"prev":1771459200}
20.02.2026 10:43:02 - FileStorage - DEBUG - Получение файла C:\Users\шадрин\PycharmProjects\CenterStrikeVolatility_API\FinLabPy\Storage\..\..\Data\Alor\SPBFUT.SRH6_D1.txt
20.02.2026 10:43:02 - FileStorage - DEBUG - Первый бар    : 06.10.2025 00:00
20.02.2026 10:43:02 - FileStorage - DEBUG - Последний бар : 20.02.2026 00:00
20.02.2026 10:43:02 - FileStorage - DEBUG - Кол-во бар    : 96
20.02.2026 10:43:02 - AlorPy - DEBUG - Запрос : /md/v2/history?exchange=MOEX&symbol=RIM6&tf=D&from=1771545600&to=1771573381&format=Simple
20.02.2026 10:43:02 - AlorPy - DEBUG - Ответ  : {"history":[{"time":1771545600,"close":116500.00000,"open":116470.00000,"high":116770.00000,"low":116290.00000,"volume":61}],"next":null,"prev":1771459200}
20.02.2026 10:43:02 - FileStorage - DEBUG - Первый бар    : 04.10.2025 00:00
20.02.2026 10:43:02 - FileStorage - DEBUG - Последний бар : 20.02.2026 00:00
20.02.2026 10:43:02 - FileStorage - DEBUG - Кол-во бар    : 116
20.02.2026 10:43:02 - FileStorage - DEBUG - Сохранение файла C:\Users\шадрин\PycharmProjects\CenterStrikeVolatility_API\FinLabPy\Storage\..\..\Data\Alor\SPBFUT.SiM6_D1.txt
20.02.2026 10:43:02 - FileStorage - DEBUG - Первый бар    : 04.10.2025 00:00
20.02.2026 10:43:02 - FileStorage - DEBUG - Получение файла C:\Users\шадрин\PycharmProjects\CenterStrikeVolatility_API\FinLabPy\Storage\..\..\Data\Alor\SPBFUT.RIM6_D1.txt
20.02.2026 10:43:02 - FileStorage - DEBUG - Последний бар : 20.02.2026 00:00
20.02.2026 10:43:02 - FileStorage - DEBUG - Сохранение файла C:\Users\шадрин\PycharmProjects\CenterStrikeVolatility_API\FinLabPy\Storage\..\..\Data\Alor\SPBFUT.SRM6_D1.txt
20.02.2026 10:43:02 - FileStorage - DEBUG - Кол-во бар    : 122
20.02.2026 10:43:02 - AlorPy - DEBUG - Запрос : /md/v2/history?exchange=MOEX&symbol=SiH6&tf=D&from=1771545600&to=1771573381&format=Simple
20.02.2026 10:43:02 - AlorPy - DEBUG - Ответ  : {"history":[{"time":1771545600,"close":76449.00000,"open":76230.00000,"high":76500.00000,"low":76123.00000,"volume":91929}],"next":null,"prev":1771459200}
20.02.2026 10:43:02 - FileStorage - DEBUG - Первый бар    : 06.10.2025 00:00
20.02.2026 10:43:02 - FileStorage - DEBUG - Сохранение файла C:\Users\шадрин\PycharmProjects\CenterStrikeVolatility_API\FinLabPy\Storage\..\..\Data\Alor\SPBFUT.SRH6_D1.txt
20.02.2026 10:43:02 - FileStorage - DEBUG - Последний бар : 20.02.2026 00:00
20.02.2026 10:43:02 - FileStorage - DEBUG - Первый бар    : 04.10.2025 00:00
20.02.2026 10:43:02 - FileStorage - DEBUG - Получение файла C:\Users\шадрин\PycharmProjects\CenterStrikeVolatility_API\FinLabPy\Storage\..\..\Data\Alor\SPBFUT.SiH6_D1.txt
20.02.2026 10:43:02 - FileStorage - DEBUG - Кол-во бар    : 96
20.02.2026 10:43:02 - FileStorage - DEBUG - Первый бар    : 04.10.2025 00:00
20.02.2026 10:43:02 - FileStorage - DEBUG - Последний бар : 20.02.2026 00:00
20.02.2026 10:43:02 - FileStorage - DEBUG - Первый бар    : 04.10.2025 00:00
20.02.2026 10:43:02 - FileStorage - DEBUG - Последний бар : 20.02.2026 00:00
20.02.2026 10:43:02 - Schedule.BarsStream - DEBUG - Текущая дата и время на бирже: 20.02.2026 10:43:02
20.02.2026 10:43:02 - FileStorage - DEBUG - Кол-во бар    : 116
20.02.2026 10:43:02 - FileStorage - DEBUG - Последний бар : 20.02.2026 00:00
20.02.2026 10:43:02 - FileStorage - DEBUG - Первый бар    : 06.10.2025 00:00
20.02.2026 10:43:02 - FileStorage - DEBUG - Кол-во бар    : 107
20.02.2026 10:43:02 - Schedule.BarsStream - DEBUG - Нужно получить бар: 20.02.2026 00:00:00
20.02.2026 10:43:02 - FileStorage - DEBUG - Кол-во бар    : 122
20.02.2026 10:43:02 - FileStorage - DEBUG - Последний бар : 20.02.2026 00:00
20.02.2026 10:43:02 - Schedule.BarsStream - DEBUG - Текущая дата и время на бирже: 20.02.2026 10:43:02
20.02.2026 10:43:02 - FileStorage - DEBUG - Сохранение файла C:\Users\шадрин\PycharmProjects\CenterStrikeVolatility_API\FinLabPy\Storage\..\..\Data\Alor\SPBFUT.RIM6_D1.txt
20.02.2026 10:43:02 - Schedule.BarsStream - DEBUG - Время запроса бара: 23.02.2026 09:00:03
20.02.2026 10:43:02 - FileStorage - DEBUG - Кол-во бар    : 96
20.02.2026 10:43:02 - Schedule.BarsStream - DEBUG - Текущая дата и время на бирже: 20.02.2026 10:43:02
20.02.2026 10:43:02 - Schedule.BarsStream - DEBUG - Нужно получить бар: 20.02.2026 00:00:00
20.02.2026 10:43:02 - Schedule.BarsStream - DEBUG - Ожидание в секундах: 253021.0
20.02.2026 10:43:02 - Schedule.BarsStream - DEBUG - Нужно получить бар: 20.02.2026 00:00:00
20.02.2026 10:43:02 - FileStorage - DEBUG - Сохранение файла C:\Users\шадрин\PycharmProjects\CenterStrikeVolatility_API\FinLabPy\Storage\..\..\Data\Alor\SPBFUT.SiH6_D1.txt
20.02.2026 10:43:02 - Schedule.BarsStream - DEBUG - Время запроса бара: 23.02.2026 09:00:03
20.02.2026 10:43:02 - Schedule.BarsStream - DEBUG - Время запроса бара: 23.02.2026 09:00:03
20.02.2026 10:43:02 - FileStorage - DEBUG - Первый бар    : 04.10.2025 00:00
20.02.2026 10:43:02 - FileStorage - DEBUG - Получение файла C:\Users\шадрин\PycharmProjects\CenterStrikeVolatility_API\FinLabPy\Storage\..\..\Data\Alor\SPBFUT.SiM6_D1.txt
20.02.2026 10:43:02 - Schedule.BarsStream - DEBUG - Ожидание в секундах: 253021.0
20.02.2026 10:43:02 - Schedule.BarsStream - DEBUG - Ожидание в секундах: 253021.0
20.02.2026 10:43:02 - FileStorage - DEBUG - Последний бар : 20.02.2026 00:00
20.02.2026 10:43:02 - FileStorage - DEBUG - Первый бар    : 06.10.2025 00:00
20.02.2026 10:43:02 - FileStorage - DEBUG - Получение файла C:\Users\шадрин\PycharmProjects\CenterStrikeVolatility_API\FinLabPy\Storage\..\..\Data\Alor\SPBFUT.SRM6_D1.txt
20.02.2026 10:43:02 - FileStorage - DEBUG - Кол-во бар    : 107
20.02.2026 10:43:02 - FileStorage - DEBUG - Получение файла C:\Users\шадрин\PycharmProjects\CenterStrikeVolatility_API\FinLabPy\Storage\..\..\Data\Alor\SPBFUT.SRH6_D1.txt
20.02.2026 10:43:02 - FileStorage - DEBUG - Последний бар : 20.02.2026 00:00
20.02.2026 10:43:02 - FileStorage - DEBUG - Первый бар    : 06.10.2025 00:00
20.02.2026 10:43:02 - FileStorage - DEBUG - Кол-во бар    : 96
20.02.2026 10:43:02 - FileStorage - DEBUG - Последний бар : 20.02.2026 00:00
20.02.2026 10:43:02 - Schedule.BarsStream - DEBUG - Текущая дата и время на бирже: 20.02.2026 10:43:02
20.02.2026 10:43:02 - Schedule.BarsStream - DEBUG - Текущая дата и время на бирже: 20.02.2026 10:43:02
20.02.2026 10:43:02 - FileStorage - DEBUG - Кол-во бар    : 96
20.02.2026 10:43:02 - Schedule.BarsStream - DEBUG - Нужно получить бар: 20.02.2026 00:00:00
20.02.2026 10:43:02 - Schedule.BarsStream - DEBUG - Нужно получить бар: 20.02.2026 00:00:00
20.02.2026 10:43:02 - FileStorage - DEBUG - Первый бар    : 04.10.2025 00:00
20.02.2026 10:43:02 - FileStorage - DEBUG - Первый бар    : 04.10.2025 00:00
20.02.2026 10:43:02 - FileStorage - DEBUG - Фильтр с 03.10.2025 10:42
20.02.2026 10:43:02 - Schedule.BarsStream - DEBUG - Время запроса бара: 23.02.2026 09:00:03
20.02.2026 10:43:02 - Schedule.BarsStream - DEBUG - Время запроса бара: 23.02.2026 09:00:03
20.02.2026 10:43:02 - FileStorage - DEBUG - Последний бар : 20.02.2026 00:00
20.02.2026 10:43:02 - FileStorage - DEBUG - Последний бар : 20.02.2026 00:00
20.02.2026 10:43:02 - FileStorage - DEBUG - Первый бар    : SPBFUT.SiM6 (D1) 2025-10-06 00:00:00 Open: 89.804, High: 90.272, Low: 89.304, Close: 89.513, Volume: 322.0
20.02.2026 10:43:02 - Schedule.BarsStream - DEBUG - Ожидание в секундах: 253021.0
20.02.2026 10:43:02 - Schedule.BarsStream - DEBUG - Ожидание в секундах: 253021.0
20.02.2026 10:43:02 - FileStorage - DEBUG - Кол-во бар    : 116
20.02.2026 10:43:02 - FileStorage - DEBUG - Последний бар : SPBFUT.SiM6 (D1) 2026-02-20 00:00:00 Open: 77.91, High: 78.015, Low: 77.77, Close: 77.962, Volume: 10534.0
20.02.2026 10:43:02 - FileStorage - DEBUG - Получение файла C:\Users\шадрин\PycharmProjects\CenterStrikeVolatility_API\FinLabPy\Storage\..\..\Data\Alor\SPBFUT.RIM6_D1.txt
20.02.2026 10:43:02 - FileStorage - DEBUG - Кол-во бар    : 122
20.02.2026 10:43:02 - FileStorage - DEBUG - Фильтр с 03.10.2025 10:42
20.02.2026 10:43:02 - FileStorage - DEBUG - Кол-во бар    : 96
20.02.2026 10:43:02 - FileStorage - DEBUG - Получение файла C:\Users\шадрин\PycharmProjects\CenterStrikeVolatility_API\FinLabPy\Storage\..\..\Data\Alor\SPBFUT.SiH6_D1.txt
20.02.2026 10:43:02 - FileStorage - DEBUG - Первый бар    : SPBFUT.SRM6 (D1) 2025-10-04 00:00:00 Open: 314.01, High: 315.32, Low: 313.37, Close: 313.37, Volume: 3.0
20.02.2026 10:43:02 - FileStorage - DEBUG - Фильтр с 03.10.2025 10:42
20.02.2026 10:43:02 - FileStorage - DEBUG - Последний бар : SPBFUT.SRM6 (D1) 2026-02-20 00:00:00 Open: 327.7, High: 328.4, Low: 327.62, Close: 328.15, Volume: 378.0
20.02.2026 10:43:02 - FileStorage - DEBUG - Первый бар    : SPBFUT.SRH6 (D1) 2025-10-04 00:00:00 Open: 305.03, High: 305.03, Low: 302.3, Close: 302.79, Volume: 102.0
20.02.2026 10:43:02 - FileStorage - DEBUG - Кол-во бар    : 116
20.02.2026 10:43:02 - FileStorage - DEBUG - Последний бар : SPBFUT.SRH6 (D1) 2026-02-20 00:00:00 Open: 317.03, High: 317.76, Low: 316.93, Close: 317.56, Volume: 9436.0
20.02.2026 10:43:02 - FileStorage - DEBUG - Первый бар    : 06.10.2025 00:00
20.02.2026 10:43:02 - FileStorage - DEBUG - Кол-во бар    : 122
20.02.2026 10:43:02 - FileStorage - DEBUG - Последний бар : 20.02.2026 00:00
20.02.2026 10:43:02 - FileStorage - DEBUG - Кол-во бар    : 96
20.02.2026 10:43:02 - FileStorage - DEBUG - Фильтр с 03.10.2025 10:42
20.02.2026 10:43:02 - FileStorage - DEBUG - Первый бар    : SPBFUT.SiH6 (D1) 2025-10-06 00:00:00 Open: 87.101, High: 87.638, Low: 86.591, Close: 86.731, Volume: 10858.0
20.02.2026 10:43:02 - FileStorage - DEBUG - Первый бар    : 04.10.2025 00:00
20.02.2026 10:43:02 - FileStorage - DEBUG - Последний бар : SPBFUT.SiH6 (D1) 2026-02-20 00:00:00 Open: 76.23, High: 76.5, Low: 76.123, Close: 76.449, Volume: 91929.0
20.02.2026 10:43:02 - FileStorage - DEBUG - Последний бар : 20.02.2026 00:00
20.02.2026 10:43:02 - FileStorage - DEBUG - Кол-во бар    : 96
20.02.2026 10:43:02 - FileStorage - DEBUG - Кол-во бар    : 107
20.02.2026 10:43:02 - FileStorage - DEBUG - Фильтр с 03.10.2025 10:42
20.02.2026 10:43:02 - FileStorage - DEBUG - Первый бар    : SPBFUT.RIM6 (D1) 2025-10-04 00:00:00 Open: 101350.0, High: 101350.0, Low: 101350.0, Close: 101350.0, Volume: 1.0
20.02.2026 10:43:02 - FileStorage - DEBUG - Последний бар : SPBFUT.RIM6 (D1) 2026-02-20 00:00:00 Open: 116470.0, High: 116770.0, Low: 116290.0, Close: 116500.0, Volume: 61.0
20.02.2026 10:43:02 - FileStorage - DEBUG - Кол-во бар    : 107
20.02.2026 10:43:03 - AlorPy - DEBUG - Запрос : /md/v2/history?exchange=MOEX&symbol=RIH6&tf=D&from=1771545600&to=1771573382&format=Simple
20.02.2026 10:43:03 - AlorPy - DEBUG - Ответ  : {"history":[{"time":1771545600,"close":116050.00000,"open":116130.00000,"high":116400.00000,"low":115810.00000,"volume":6373}],"next":null,"prev":1771459200}
20.02.2026 10:43:03 - FileStorage - DEBUG - Получение файла C:\Users\шадрин\PycharmProjects\CenterStrikeVolatility_API\FinLabPy\Storage\..\..\Data\Alor\SPBFUT.RIH6_D1.txt
20.02.2026 10:43:03 - FileStorage - DEBUG - Первый бар    : 04.10.2025 00:00
20.02.2026 10:43:03 - FileStorage - DEBUG - Последний бар : 20.02.2026 00:00
20.02.2026 10:43:03 - FileStorage - DEBUG - Кол-во бар    : 122
20.02.2026 10:43:03 - FileStorage - DEBUG - Сохранение файла C:\Users\шадрин\PycharmProjects\CenterStrikeVolatility_API\FinLabPy\Storage\..\..\Data\Alor\SPBFUT.RIH6_D1.txt
20.02.2026 10:43:03 - FileStorage - DEBUG - Первый бар    : 04.10.2025 00:00
20.02.2026 10:43:03 - FileStorage - DEBUG - Последний бар : 20.02.2026 00:00
20.02.2026 10:43:03 - FileStorage - DEBUG - Кол-во бар    : 122
20.02.2026 10:43:03 - Schedule.BarsStream - DEBUG - Текущая дата и время на бирже: 20.02.2026 10:43:03
20.02.2026 10:43:03 - Schedule.BarsStream - DEBUG - Нужно получить бар: 20.02.2026 00:00:00
20.02.2026 10:43:03 - Schedule.BarsStream - DEBUG - Время запроса бара: 23.02.2026 09:00:03
20.02.2026 10:43:03 - Schedule.BarsStream - DEBUG - Ожидание в секундах: 253020.0
20.02.2026 10:43:03 - FileStorage - DEBUG - Получение файла C:\Users\шадрин\PycharmProjects\CenterStrikeVolatility_API\FinLabPy\Storage\..\..\Data\Alor\SPBFUT.RIH6_D1.txt
20.02.2026 10:43:03 - FileStorage - DEBUG - Первый бар    : 04.10.2025 00:00
20.02.2026 10:43:03 - FileStorage - DEBUG - Последний бар : 20.02.2026 00:00
20.02.2026 10:43:03 - FileStorage - DEBUG - Кол-во бар    : 122
20.02.2026 10:43:03 - FileStorage - DEBUG - Фильтр с 03.10.2025 10:42
20.02.2026 10:43:03 - FileStorage - DEBUG - Первый бар    : SPBFUT.RIH6 (D1) 2025-10-04 00:00:00 Open: 100060.0, High: 100060.0, Low: 98820.0, Close: 99270.0, Volume: 83.0
20.02.2026 10:43:03 - FileStorage - DEBUG - Последний бар : SPBFUT.RIH6 (D1) 2026-02-20 00:00:00 Open: 116130.0, High: 116400.0, Low: 115810.0, Close: 116050.0, Volume: 6373.0
20.02.2026 10:43:03 - FileStorage - DEBUG - Кол-во бар    : 122
20.02.2026 10:43:03 - AlorPy - DEBUG - Запрос : /md/v2/history?exchange=MOEX&symbol=SRM6&tf=D&from=1771545600&to=1771573382&format=Simple
20.02.2026 10:43:03 - AlorPy - DEBUG - Ответ  : {"history":[{"time":1771545600,"close":32815.00000,"open":32770.00000,"high":32840.00000,"low":32762.00000,"volume":378}],"next":null,"prev":1771459200}
20.02.2026 10:43:04 - AlorPy - DEBUG - Запрос : /md/v2/history?exchange=MOEX&symbol=SiM6&tf=D&from=1771545600&to=1771573382&format=Simple
20.02.2026 10:43:04 - AlorPy - DEBUG - Запрос : /md/v2/history?exchange=MOEX&symbol=SRH6&tf=D&from=1771545600&to=1771573382&format=Simple
20.02.2026 10:43:04 - AlorPy - DEBUG - Запрос : /md/v2/history?exchange=MOEX&symbol=SiH6&tf=D&from=1771545600&to=1771573382&format=Simple
20.02.2026 10:43:04 - AlorPy - DEBUG - Запрос : /md/v2/history?exchange=MOEX&symbol=RIM6&tf=D&from=1771545600&to=1771573382&format=Simple
20.02.2026 10:43:04 - AlorPy - DEBUG - Ответ  : {"history":[{"time":1771545600,"close":77962.00000,"open":77910.00000,"high":78015.00000,"low":77770.00000,"volume":10536}],"next":null,"prev":1771459200}
20.02.2026 10:43:04 - AlorPy - DEBUG - Ответ  : {"history":[{"time":1771545600,"close":31756.00000,"open":31703.00000,"high":31776.00000,"low":31693.00000,"volume":9436}],"next":null,"prev":1771459200}
20.02.2026 10:43:04 - AlorPy - DEBUG - Ответ  : {"history":[{"time":1771545600,"close":76449.00000,"open":76230.00000,"high":76500.00000,"low":76123.00000,"volume":91931}],"next":null,"prev":1771459200}
20.02.2026 10:43:04 - AlorPy - DEBUG - Ответ  : {"history":[{"time":1771545600,"close":116500.00000,"open":116470.00000,"high":116770.00000,"low":116290.00000,"volume":61}],"next":null,"prev":1771459200}
20.02.2026 10:43:04 - FileStorage - DEBUG - Получение файла C:\Users\шадрин\PycharmProjects\CenterStrikeVolatility_API\FinLabPy\Storage\..\..\Data\Alor\SPBFUT.SRM6_D1.txt
20.02.2026 10:43:04 - FileStorage - DEBUG - Получение файла C:\Users\шадрин\PycharmProjects\CenterStrikeVolatility_API\FinLabPy\Storage\..\..\Data\Alor\SPBFUT.SRH6_D1.txt
20.02.2026 10:43:04 - FileStorage - DEBUG - Получение файла C:\Users\шадрин\PycharmProjects\CenterStrikeVolatility_API\FinLabPy\Storage\..\..\Data\Alor\SPBFUT.SiM6_D1.txt
20.02.2026 10:43:04 - FileStorage - DEBUG - Получение файла C:\Users\шадрин\PycharmProjects\CenterStrikeVolatility_API\FinLabPy\Storage\..\..\Data\Alor\SPBFUT.SiH6_D1.txt
20.02.2026 10:43:04 - FileStorage - DEBUG - Получение файла C:\Users\шадрин\PycharmProjects\CenterStrikeVolatility_API\FinLabPy\Storage\..\..\Data\Alor\SPBFUT.RIM6_D1.txt
20.02.2026 10:43:04 - FileStorage - DEBUG - Первый бар    : 04.10.2025 00:00
20.02.2026 10:43:04 - FileStorage - DEBUG - Последний бар : 20.02.2026 00:00
20.02.2026 10:43:04 - FileStorage - DEBUG - Первый бар    : 06.10.2025 00:00
20.02.2026 10:43:04 - FileStorage - DEBUG - Первый бар    : 04.10.2025 00:00
20.02.2026 10:43:04 - FileStorage - DEBUG - Кол-во бар    : 122
20.02.2026 10:43:04 - FileStorage - DEBUG - Первый бар    : 06.10.2025 00:00
20.02.2026 10:43:04 - FileStorage - DEBUG - Последний бар : 20.02.2026 00:00
20.02.2026 10:43:04 - FileStorage - DEBUG - Последний бар : 20.02.2026 00:00
20.02.2026 10:43:04 - FileStorage - DEBUG - Последний бар : 20.02.2026 00:00
20.02.2026 10:43:04 - FileStorage - DEBUG - Первый бар    : 04.10.2025 00:00
20.02.2026 10:43:04 - FileStorage - DEBUG - Кол-во бар    : 96
20.02.2026 10:43:04 - FileStorage - DEBUG - Сохранение файла C:\Users\шадрин\PycharmProjects\CenterStrikeVolatility_API\FinLabPy\Storage\..\..\Data\Alor\SPBFUT.SRH6_D1.txt
20.02.2026 10:43:04 - FileStorage - DEBUG - Кол-во бар    : 116
20.02.2026 10:43:04 - FileStorage - DEBUG - Кол-во бар    : 96
20.02.2026 10:43:04 - FileStorage - DEBUG - Последний бар : 20.02.2026 00:00
20.02.2026 10:43:04 - FileStorage - DEBUG - Сохранение файла C:\Users\шадрин\PycharmProjects\CenterStrikeVolatility_API\FinLabPy\Storage\..\..\Data\Alor\SPBFUT.SiH6_D1.txt
20.02.2026 10:43:04 - FileStorage - DEBUG - Сохранение файла C:\Users\шадрин\PycharmProjects\CenterStrikeVolatility_API\FinLabPy\Storage\..\..\Data\Alor\SPBFUT.SiM6_D1.txt
20.02.2026 10:43:04 - FileStorage - DEBUG - Кол-во бар    : 107
20.02.2026 10:43:04 - FileStorage - DEBUG - Первый бар    : 04.10.2025 00:00
20.02.2026 10:43:04 - FileStorage - DEBUG - Сохранение файла C:\Users\шадрин\PycharmProjects\CenterStrikeVolatility_API\FinLabPy\Storage\..\..\Data\Alor\SPBFUT.SRM6_D1.txt
20.02.2026 10:43:04 - FileStorage - DEBUG - Первый бар    : 06.10.2025 00:00
20.02.2026 10:43:04 - FileStorage - DEBUG - Последний бар : 20.02.2026 00:00
20.02.2026 10:43:04 - FileStorage - DEBUG - Сохранение файла C:\Users\шадрин\PycharmProjects\CenterStrikeVolatility_API\FinLabPy\Storage\..\..\Data\Alor\SPBFUT.RIM6_D1.txt
20.02.2026 10:43:04 - FileStorage - DEBUG - Последний бар : 20.02.2026 00:00
20.02.2026 10:43:04 - FileStorage - DEBUG - Кол-во бар    : 122
20.02.2026 10:43:04 - FileStorage - DEBUG - Первый бар    : 06.10.2025 00:00
20.02.2026 10:43:04 - FileStorage - DEBUG - Кол-во бар    : 96
20.02.2026 10:43:04 - Schedule.BarsStream - DEBUG - Текущая дата и время на бирже: 20.02.2026 10:43:04
20.02.2026 10:43:04 - FileStorage - DEBUG - Последний бар : 20.02.2026 00:00
20.02.2026 10:43:04 - Schedule.BarsStream - DEBUG - Текущая дата и время на бирже: 20.02.2026 10:43:04
20.02.2026 10:43:04 - FileStorage - DEBUG - Первый бар    : 04.10.2025 00:00
20.02.2026 10:43:04 - Schedule.BarsStream - DEBUG - Нужно получить бар: 20.02.2026 00:00:00
20.02.2026 10:43:04 - FileStorage - DEBUG - Кол-во бар    : 96
20.02.2026 10:43:04 - FileStorage - DEBUG - Первый бар    : 04.10.2025 00:00
20.02.2026 10:43:04 - Schedule.BarsStream - DEBUG - Нужно получить бар: 20.02.2026 00:00:00
20.02.2026 10:43:04 - FileStorage - DEBUG - Последний бар : 20.02.2026 00:00
20.02.2026 10:43:04 - Schedule.BarsStream - DEBUG - Время запроса бара: 23.02.2026 09:00:03
20.02.2026 10:43:04 - FileStorage - DEBUG - Последний бар : 20.02.2026 00:00
20.02.2026 10:43:04 - Schedule.BarsStream - DEBUG - Текущая дата и время на бирже: 20.02.2026 10:43:04
20.02.2026 10:43:04 - Schedule.BarsStream - DEBUG - Время запроса бара: 23.02.2026 09:00:03
20.02.2026 10:43:04 - FileStorage - DEBUG - Кол-во бар    : 116
20.02.2026 10:43:04 - Schedule.BarsStream - DEBUG - Ожидание в секундах: 253019.0
20.02.2026 10:43:04 - FileStorage - DEBUG - Кол-во бар    : 107
20.02.2026 10:43:04 - Schedule.BarsStream - DEBUG - Нужно получить бар: 20.02.2026 00:00:00
20.02.2026 10:43:04 - Schedule.BarsStream - DEBUG - Ожидание в секундах: 253019.0
20.02.2026 10:43:04 - Schedule.BarsStream - DEBUG - Текущая дата и время на бирже: 20.02.2026 10:43:04
20.02.2026 10:43:04 - FileStorage - DEBUG - Получение файла C:\Users\шадрин\PycharmProjects\CenterStrikeVolatility_API\FinLabPy\Storage\..\..\Data\Alor\SPBFUT.SRH6_D1.txt
20.02.2026 10:43:04 - Schedule.BarsStream - DEBUG - Время запроса бара: 23.02.2026 09:00:03
20.02.2026 10:43:04 - Schedule.BarsStream - DEBUG - Нужно получить бар: 20.02.2026 00:00:00
20.02.2026 10:43:04 - FileStorage - DEBUG - Получение файла C:\Users\шадрин\PycharmProjects\CenterStrikeVolatility_API\FinLabPy\Storage\..\..\Data\Alor\SPBFUT.SiH6_D1.txt
20.02.2026 10:43:04 - Schedule.BarsStream - DEBUG - Текущая дата и время на бирже: 20.02.2026 10:43:04
20.02.2026 10:43:04 - Schedule.BarsStream - DEBUG - Ожидание в секундах: 253019.0
20.02.2026 10:43:04 - Schedule.BarsStream - DEBUG - Время запроса бара: 23.02.2026 09:00:03
20.02.2026 10:43:04 - Schedule.BarsStream - DEBUG - Нужно получить бар: 20.02.2026 00:00:00
20.02.2026 10:43:04 - FileStorage - DEBUG - Первый бар    : 04.10.2025 00:00
20.02.2026 10:43:04 - Schedule.BarsStream - DEBUG - Ожидание в секундах: 253019.0
20.02.2026 10:43:04 - FileStorage - DEBUG - Получение файла C:\Users\шадрин\PycharmProjects\CenterStrikeVolatility_API\FinLabPy\Storage\..\..\Data\Alor\SPBFUT.SiM6_D1.txt
20.02.2026 10:43:04 - Schedule.BarsStream - DEBUG - Время запроса бара: 23.02.2026 09:00:03
20.02.2026 10:43:04 - FileStorage - DEBUG - Последний бар : 20.02.2026 00:00
20.02.2026 10:43:04 - FileStorage - DEBUG - Первый бар    : 06.10.2025 00:00
20.02.2026 10:43:04 - FileStorage - DEBUG - Получение файла C:\Users\шадрин\PycharmProjects\CenterStrikeVolatility_API\FinLabPy\Storage\..\..\Data\Alor\SPBFUT.SRM6_D1.txt
20.02.2026 10:43:04 - Schedule.BarsStream - DEBUG - Ожидание в секундах: 253019.0
20.02.2026 10:43:04 - FileStorage - DEBUG - Кол-во бар    : 122
20.02.2026 10:43:04 - FileStorage - DEBUG - Последний бар : 20.02.2026 00:00
20.02.2026 10:43:04 - FileStorage - DEBUG - Получение файла C:\Users\шадрин\PycharmProjects\CenterStrikeVolatility_API\FinLabPy\Storage\..\..\Data\Alor\SPBFUT.RIM6_D1.txt
20.02.2026 10:43:04 - FileStorage - DEBUG - Фильтр с 03.10.2025 10:42
20.02.2026 10:43:04 - FileStorage - DEBUG - Кол-во бар    : 96
20.02.2026 10:43:04 - FileStorage - DEBUG - Первый бар    : 06.10.2025 00:00
20.02.2026 10:43:04 - FileStorage - DEBUG - Первый бар    : SPBFUT.SRH6 (D1) 2025-10-04 00:00:00 Open: 305.03, High: 305.03, Low: 302.3, Close: 302.79, Volume: 102.0
20.02.2026 10:43:04 - FileStorage - DEBUG - Фильтр с 03.10.2025 10:42
20.02.2026 10:43:04 - FileStorage - DEBUG - Последний бар : 20.02.2026 00:00
20.02.2026 10:43:04 - FileStorage - DEBUG - Первый бар    : 04.10.2025 00:00
20.02.2026 10:43:04 - FileStorage - DEBUG - Последний бар : SPBFUT.SRH6 (D1) 2026-02-20 00:00:00 Open: 317.03, High: 317.76, Low: 316.93, Close: 317.56, Volume: 9436.0
20.02.2026 10:43:04 - FileStorage - DEBUG - Первый бар    : SPBFUT.SiH6 (D1) 2025-10-06 00:00:00 Open: 87.101, High: 87.638, Low: 86.591, Close: 86.731, Volume: 10858.0
20.02.2026 10:43:04 - FileStorage - DEBUG - Кол-во бар    : 96
20.02.2026 10:43:04 - FileStorage - DEBUG - Первый бар    : 04.10.2025 00:00
20.02.2026 10:43:04 - FileStorage - DEBUG - Последний бар : 20.02.2026 00:00
20.02.2026 10:43:04 - FileStorage - DEBUG - Кол-во бар    : 122
20.02.2026 10:43:04 - FileStorage - DEBUG - Последний бар : SPBFUT.SiH6 (D1) 2026-02-20 00:00:00 Open: 76.23, High: 76.5, Low: 76.123, Close: 76.449, Volume: 91931.0
20.02.2026 10:43:04 - FileStorage - DEBUG - Фильтр с 03.10.2025 10:42
20.02.2026 10:43:04 - FileStorage - DEBUG - Последний бар : 20.02.2026 00:00
20.02.2026 10:43:04 - FileStorage - DEBUG - Кол-во бар    : 116
20.02.2026 10:43:04 - FileStorage - DEBUG - Кол-во бар    : 96
20.02.2026 10:43:04 - FileStorage - DEBUG - Первый бар    : SPBFUT.SiM6 (D1) 2025-10-06 00:00:00 Open: 89.804, High: 90.272, Low: 89.304, Close: 89.513, Volume: 322.0
20.02.2026 10:43:04 - FileStorage - DEBUG - Кол-во бар    : 107
20.02.2026 10:43:04 - FileStorage - DEBUG - Фильтр с 03.10.2025 10:42
20.02.2026 10:43:04 - FileStorage - DEBUG - Последний бар : SPBFUT.SiM6 (D1) 2026-02-20 00:00:00 Open: 77.91, High: 78.015, Low: 77.77, Close: 77.962, Volume: 10536.0
20.02.2026 10:43:04 - FileStorage - DEBUG - Фильтр с 03.10.2025 10:42
20.02.2026 10:43:04 - FileStorage - DEBUG - Первый бар    : SPBFUT.SRM6 (D1) 2025-10-04 00:00:00 Open: 314.01, High: 315.32, Low: 313.37, Close: 313.37, Volume: 3.0
20.02.2026 10:43:04 - FileStorage - DEBUG - Кол-во бар    : 96
20.02.2026 10:43:04 - FileStorage - DEBUG - Первый бар    : SPBFUT.RIM6 (D1) 2025-10-04 00:00:00 Open: 101350.0, High: 101350.0, Low: 101350.0, Close: 101350.0, Volume: 1.0
20.02.2026 10:43:04 - FileStorage - DEBUG - Последний бар : SPBFUT.SRM6 (D1) 2026-02-20 00:00:00 Open: 327.7, High: 328.4, Low: 327.62, Close: 328.15, Volume: 378.0
20.02.2026 10:43:04 - FileStorage - DEBUG - Последний бар : SPBFUT.RIM6 (D1) 2026-02-20 00:00:00 Open: 116470.0, High: 116770.0, Low: 116290.0, Close: 116500.0, Volume: 61.0
20.02.2026 10:43:04 - FileStorage - DEBUG - Кол-во бар    : 116
20.02.2026 10:43:04 - FileStorage - DEBUG - Кол-во бар    : 107
20.02.2026 10:43:04 - AlorPy - DEBUG - Запрос : /md/v2/history?exchange=MOEX&symbol=RIH6&tf=D&from=1771545600&to=1771573383&format=Simple
20.02.2026 10:43:04 - AlorPy - DEBUG - Ответ  : {"history":[{"time":1771545600,"close":116050.00000,"open":116130.00000,"high":116400.00000,"low":115810.00000,"volume":6373}],"next":null,"prev":1771459200}
20.02.2026 10:43:04 - FileStorage - DEBUG - Получение файла C:\Users\шадрин\PycharmProjects\CenterStrikeVolatility_API\FinLabPy\Storage\..\..\Data\Alor\SPBFUT.RIH6_D1.txt
20.02.2026 10:43:04 - FileStorage - DEBUG - Первый бар    : 04.10.2025 00:00
20.02.2026 10:43:04 - FileStorage - DEBUG - Последний бар : 20.02.2026 00:00
20.02.2026 10:43:04 - FileStorage - DEBUG - Кол-во бар    : 122
20.02.2026 10:43:05 - FileStorage - DEBUG - Сохранение файла C:\Users\шадрин\PycharmProjects\CenterStrikeVolatility_API\FinLabPy\Storage\..\..\Data\Alor\SPBFUT.RIH6_D1.txt
20.02.2026 10:43:05 - FileStorage - DEBUG - Первый бар    : 04.10.2025 00:00
20.02.2026 10:43:05 - FileStorage - DEBUG - Последний бар : 20.02.2026 00:00
20.02.2026 10:43:05 - FileStorage - DEBUG - Кол-во бар    : 122
20.02.2026 10:43:05 - Schedule.BarsStream - DEBUG - Текущая дата и время на бирже: 20.02.2026 10:43:05
20.02.2026 10:43:05 - Schedule.BarsStream - DEBUG - Нужно получить бар: 20.02.2026 00:00:00
20.02.2026 10:43:05 - Schedule.BarsStream - DEBUG - Время запроса бара: 23.02.2026 09:00:03
20.02.2026 10:43:05 - Schedule.BarsStream - DEBUG - Ожидание в секундах: 253018.0
20.02.2026 10:43:05 - FileStorage - DEBUG - Получение файла C:\Users\шадрин\PycharmProjects\CenterStrikeVolatility_API\FinLabPy\Storage\..\..\Data\Alor\SPBFUT.RIH6_D1.txt
20.02.2026 10:43:05 - FileStorage - DEBUG - Первый бар    : 04.10.2025 00:00
20.02.2026 10:43:05 - FileStorage - DEBUG - Последний бар : 20.02.2026 00:00
20.02.2026 10:43:05 - FileStorage - DEBUG - Кол-во бар    : 122
20.02.2026 10:43:05 - FileStorage - DEBUG - Фильтр с 03.10.2025 10:42
20.02.2026 10:43:05 - FileStorage - DEBUG - Первый бар    : SPBFUT.RIH6 (D1) 2025-10-04 00:00:00 Open: 100060.0, High: 100060.0, Low: 98820.0, Close: 99270.0, Volume: 83.0
20.02.2026 10:43:05 - FileStorage - DEBUG - Последний бар : SPBFUT.RIH6 (D1) 2026-02-20 00:00:00 Open: 116130.0, High: 116400.0, Low: 115810.0, Close: 116050.0, Volume: 6373.0
20.02.2026 10:43:05 - FileStorage - DEBUG - Кол-во бар    : 122
20.02.2026 10:43:05 - AlorPy - DEBUG - Запрос : /md/v2/history?exchange=MOEX&symbol=RIM6&tf=D&from=1771545600&to=1771573384&format=Simple
20.02.2026 10:43:05 - AlorPy - DEBUG - Ответ  : {"history":[{"time":1771545600,"close":116500.00000,"open":116470.00000,"high":116770.00000,"low":116290.00000,"volume":61}],"next":null,"prev":1771459200}
20.02.2026 10:43:05 - FileStorage - DEBUG - Получение файла C:\Users\шадрин\PycharmProjects\CenterStrikeVolatility_API\FinLabPy\Storage\..\..\Data\Alor\SPBFUT.RIM6_D1.txt
20.02.2026 10:43:05 - FileStorage - DEBUG - Первый бар    : 04.10.2025 00:00
20.02.2026 10:43:05 - FileStorage - DEBUG - Последний бар : 20.02.2026 00:00
20.02.2026 10:43:05 - FileStorage - DEBUG - Кол-во бар    : 107
20.02.2026 10:43:05 - FileStorage - DEBUG - Сохранение файла C:\Users\шадрин\PycharmProjects\CenterStrikeVolatility_API\FinLabPy\Storage\..\..\Data\Alor\SPBFUT.RIM6_D1.txt
20.02.2026 10:43:05 - AlorPy - DEBUG - Запрос : /md/v2/history?exchange=MOEX&symbol=SiM6&tf=D&from=1771545600&to=1771573384&format=Simple
20.02.2026 10:43:05 - AlorPy - DEBUG - Ответ  : {"history":[{"time":1771545600,"close":77962.00000,"open":77910.00000,"high":78015.00000,"low":77770.00000,"volume":10540}],"next":null,"prev":1771459200}
20.02.2026 10:43:05 - FileStorage - DEBUG - Первый бар    : 04.10.2025 00:00
20.02.2026 10:43:05 - FileStorage - DEBUG - Последний бар : 20.02.2026 00:00
20.02.2026 10:43:05 - FileStorage - DEBUG - Кол-во бар    : 107
20.02.2026 10:43:05 - FileStorage - DEBUG - Получение файла C:\Users\шадрин\PycharmProjects\CenterStrikeVolatility_API\FinLabPy\Storage\..\..\Data\Alor\SPBFUT.SiM6_D1.txt
20.02.2026 10:43:05 - Schedule.BarsStream - DEBUG - Текущая дата и время на бирже: 20.02.2026 10:43:05
20.02.2026 10:43:05 - Schedule.BarsStream - DEBUG - Нужно получить бар: 20.02.2026 00:00:00
20.02.2026 10:43:05 - Schedule.BarsStream - DEBUG - Время запроса бара: 23.02.2026 09:00:03
20.02.2026 10:43:05 - Schedule.BarsStream - DEBUG - Ожидание в секундах: 253018.0
20.02.2026 10:43:05 - FileStorage - DEBUG - Получение файла C:\Users\шадрин\PycharmProjects\CenterStrikeVolatility_API\FinLabPy\Storage\..\..\Data\Alor\SPBFUT.RIM6_D1.txt
20.02.2026 10:43:05 - FileStorage - DEBUG - Первый бар    : 06.10.2025 00:00
20.02.2026 10:43:05 - FileStorage - DEBUG - Последний бар : 20.02.2026 00:00
20.02.2026 10:43:05 - FileStorage - DEBUG - Кол-во бар    : 96
20.02.2026 10:43:05 - FileStorage - DEBUG - Сохранение файла C:\Users\шадрин\PycharmProjects\CenterStrikeVolatility_API\FinLabPy\Storage\..\..\Data\Alor\SPBFUT.SiM6_D1.txt
20.02.2026 10:43:05 - AlorPy - DEBUG - Запрос : /md/v2/history?exchange=MOEX&symbol=SRH6&tf=D&from=1771545600&to=1771573384&format=Simple
20.02.2026 10:43:05 - AlorPy - DEBUG - Ответ  : {"history":[{"time":1771545600,"close":31756.00000,"open":31703.00000,"high":31776.00000,"low":31693.00000,"volume":9436}],"next":null,"prev":1771459200}
20.02.2026 10:43:05 - FileStorage - DEBUG - Первый бар    : 04.10.2025 00:00
20.02.2026 10:43:05 - FileStorage - DEBUG - Получение файла C:\Users\шадрин\PycharmProjects\CenterStrikeVolatility_API\FinLabPy\Storage\..\..\Data\Alor\SPBFUT.SRH6_D1.txt
20.02.2026 10:43:05 - FileStorage - DEBUG - Последний бар : 20.02.2026 00:00
20.02.2026 10:43:05 - FileStorage - DEBUG - Первый бар    : 06.10.2025 00:00
20.02.2026 10:43:05 - FileStorage - DEBUG - Кол-во бар    : 107
20.02.2026 10:43:05 - FileStorage - DEBUG - Последний бар : 20.02.2026 00:00
20.02.2026 10:43:05 - FileStorage - DEBUG - Фильтр с 03.10.2025 10:42
20.02.2026 10:43:05 - FileStorage - DEBUG - Кол-во бар    : 96
20.02.2026 10:43:05 - FileStorage - DEBUG - Первый бар    : SPBFUT.RIM6 (D1) 2025-10-04 00:00:00 Open: 101350.0, High: 101350.0, Low: 101350.0, Close: 101350.0, Volume: 1.0
20.02.2026 10:43:05 - FileStorage - DEBUG - Последний бар : SPBFUT.RIM6 (D1) 2026-02-20 00:00:00 Open: 116470.0, High: 116770.0, Low: 116290.0, Close: 116500.0, Volume: 61.0
20.02.2026 10:43:05 - FileStorage - DEBUG - Кол-во бар    : 107
20.02.2026 10:43:05 - Schedule.BarsStream - DEBUG - Текущая дата и время на бирже: 20.02.2026 10:43:05
20.02.2026 10:43:05 - Schedule.BarsStream - DEBUG - Нужно получить бар: 20.02.2026 00:00:00
20.02.2026 10:43:05 - Schedule.BarsStream - DEBUG - Время запроса бара: 23.02.2026 09:00:03
20.02.2026 10:43:05 - Schedule.BarsStream - DEBUG - Ожидание в секундах: 253018.0
20.02.2026 10:43:05 - FileStorage - DEBUG - Получение файла C:\Users\шадрин\PycharmProjects\CenterStrikeVolatility_API\FinLabPy\Storage\..\..\Data\Alor\SPBFUT.SiM6_D1.txt
20.02.2026 10:43:05 - FileStorage - DEBUG - Первый бар    : 04.10.2025 00:00
20.02.2026 10:43:05 - FileStorage - DEBUG - Последний бар : 20.02.2026 00:00
20.02.2026 10:43:05 - FileStorage - DEBUG - Кол-во бар    : 122
20.02.2026 10:43:05 - AlorPy - DEBUG - Запрос : /md/v2/history?exchange=MOEX&symbol=SRM6&tf=D&from=1771545600&to=1771573384&format=Simple
20.02.2026 10:43:05 - AlorPy - DEBUG - Ответ  : {"history":[{"time":1771545600,"close":32815.00000,"open":32770.00000,"high":32840.00000,"low":32762.00000,"volume":378}],"next":null,"prev":1771459200}
20.02.2026 10:43:05 - FileStorage - DEBUG - Первый бар    : 06.10.2025 00:00
20.02.2026 10:43:05 - FileStorage - DEBUG - Последний бар : 20.02.2026 00:00
20.02.2026 10:43:05 - FileStorage - DEBUG - Сохранение файла C:\Users\шадрин\PycharmProjects\CenterStrikeVolatility_API\FinLabPy\Storage\..\..\Data\Alor\SPBFUT.SRH6_D1.txt
20.02.2026 10:43:05 - FileStorage - DEBUG - Получение файла C:\Users\шадрин\PycharmProjects\CenterStrikeVolatility_API\FinLabPy\Storage\..\..\Data\Alor\SPBFUT.SRM6_D1.txt
20.02.2026 10:43:05 - FileStorage - DEBUG - Кол-во бар    : 96
20.02.2026 10:43:05 - FileStorage - DEBUG - Фильтр с 03.10.2025 10:42
20.02.2026 10:43:05 - AlorPy - DEBUG - Запрос : /md/v2/history?exchange=MOEX&symbol=SiH6&tf=D&from=1771545600&to=1771573384&format=Simple
20.02.2026 10:43:05 - FileStorage - DEBUG - Первый бар    : SPBFUT.SiM6 (D1) 2025-10-06 00:00:00 Open: 89.804, High: 90.272, Low: 89.304, Close: 89.513, Volume: 322.0
20.02.2026 10:43:05 - FileStorage - DEBUG - Первый бар    : 04.10.2025 00:00
20.02.2026 10:43:05 - AlorPy - DEBUG - Ответ  : {"history":[{"time":1771545600,"close":76450.00000,"open":76230.00000,"high":76500.00000,"low":76123.00000,"volume":91935}],"next":null,"prev":1771459200}
20.02.2026 10:43:05 - FileStorage - DEBUG - Последний бар : SPBFUT.SiM6 (D1) 2026-02-20 00:00:00 Open: 77.91, High: 78.015, Low: 77.77, Close: 77.962, Volume: 10540.0
20.02.2026 10:43:05 - FileStorage - DEBUG - Последний бар : 20.02.2026 00:00
20.02.2026 10:43:05 - FileStorage - DEBUG - Кол-во бар    : 96
20.02.2026 10:43:05 - FileStorage - DEBUG - Первый бар    : 04.10.2025 00:00
20.02.2026 10:43:05 - FileStorage - DEBUG - Кол-во бар    : 122
20.02.2026 10:43:05 - FileStorage - DEBUG - Получение файла C:\Users\шадрин\PycharmProjects\CenterStrikeVolatility_API\FinLabPy\Storage\..\..\Data\Alor\SPBFUT.SiH6_D1.txt
20.02.2026 10:43:05 - FileStorage - DEBUG - Последний бар : 20.02.2026 00:00
20.02.2026 10:43:05 - FileStorage - DEBUG - Кол-во бар    : 116
20.02.2026 10:43:05 - Schedule.BarsStream - DEBUG - Текущая дата и время на бирже: 20.02.2026 10:43:05
20.02.2026 10:43:05 - FileStorage - DEBUG - Сохранение файла C:\Users\шадрин\PycharmProjects\CenterStrikeVolatility_API\FinLabPy\Storage\..\..\Data\Alor\SPBFUT.SRM6_D1.txt
20.02.2026 10:43:05 - Schedule.BarsStream - DEBUG - Нужно получить бар: 20.02.2026 00:00:00
20.02.2026 10:43:05 - Schedule.BarsStream - DEBUG - Время запроса бара: 23.02.2026 09:00:03
20.02.2026 10:43:05 - Schedule.BarsStream - DEBUG - Ожидание в секундах: 253018.0
20.02.2026 10:43:05 - FileStorage - DEBUG - Первый бар    : 06.10.2025 00:00
20.02.2026 10:43:05 - FileStorage - DEBUG - Последний бар : 20.02.2026 00:00
20.02.2026 10:43:05 - FileStorage - DEBUG - Кол-во бар    : 96
20.02.2026 10:43:05 - FileStorage - DEBUG - Первый бар    : 04.10.2025 00:00
20.02.2026 10:43:05 - FileStorage - DEBUG - Последний бар : 20.02.2026 00:00
20.02.2026 10:43:05 - FileStorage - DEBUG - Сохранение файла C:\Users\шадрин\PycharmProjects\CenterStrikeVolatility_API\FinLabPy\Storage\..\..\Data\Alor\SPBFUT.SiH6_D1.txt
20.02.2026 10:43:05 - FileStorage - DEBUG - Получение файла C:\Users\шадрин\PycharmProjects\CenterStrikeVolatility_API\FinLabPy\Storage\..\..\Data\Alor\SPBFUT.SRH6_D1.txt
20.02.2026 10:43:05 - FileStorage - DEBUG - Кол-во бар    : 116
20.02.2026 10:43:05 - Schedule.BarsStream - DEBUG - Текущая дата и время на бирже: 20.02.2026 10:43:05
20.02.2026 10:43:05 - FileStorage - DEBUG - Первый бар    : 06.10.2025 00:00
20.02.2026 10:43:05 - Schedule.BarsStream - DEBUG - Нужно получить бар: 20.02.2026 00:00:00
20.02.2026 10:43:05 - FileStorage - DEBUG - Последний бар : 20.02.2026 00:00
20.02.2026 10:43:05 - Schedule.BarsStream - DEBUG - Время запроса бара: 23.02.2026 09:00:03
20.02.2026 10:43:05 - FileStorage - DEBUG - Первый бар    : 04.10.2025 00:00
20.02.2026 10:43:05 - FileStorage - DEBUG - Кол-во бар    : 96
20.02.2026 10:43:05 - Schedule.BarsStream - DEBUG - Ожидание в секундах: 253018.0
20.02.2026 10:43:05 - FileStorage - DEBUG - Последний бар : 20.02.2026 00:00
20.02.2026 10:43:05 - Schedule.BarsStream - DEBUG - Текущая дата и время на бирже: 20.02.2026 10:43:05
20.02.2026 10:43:05 - FileStorage - DEBUG - Кол-во бар    : 122
20.02.2026 10:43:05 - FileStorage - DEBUG - Получение файла C:\Users\шадрин\PycharmProjects\CenterStrikeVolatility_API\FinLabPy\Storage\..\..\Data\Alor\SPBFUT.SRM6_D1.txt
20.02.2026 10:43:05 - Schedule.BarsStream - DEBUG - Нужно получить бар: 20.02.2026 00:00:00
20.02.2026 10:43:05 - FileStorage - DEBUG - Фильтр с 03.10.2025 10:42
20.02.2026 10:43:05 - Schedule.BarsStream - DEBUG - Время запроса бара: 23.02.2026 09:00:03
20.02.2026 10:43:05 - FileStorage - DEBUG - Первый бар    : SPBFUT.SRH6 (D1) 2025-10-04 00:00:00 Open: 305.03, High: 305.03, Low: 302.3, Close: 302.79, Volume: 102.0
20.02.2026 10:43:05 - Schedule.BarsStream - DEBUG - Ожидание в секундах: 253018.0
20.02.2026 10:43:05 - FileStorage - DEBUG - Последний бар : SPBFUT.SRH6 (D1) 2026-02-20 00:00:00 Open: 317.03, High: 317.76, Low: 316.93, Close: 317.56, Volume: 9436.0
20.02.2026 10:43:05 - FileStorage - DEBUG - Кол-во бар    : 122
20.02.2026 10:43:05 - FileStorage - DEBUG - Получение файла C:\Users\шадрин\PycharmProjects\CenterStrikeVolatility_API\FinLabPy\Storage\..\..\Data\Alor\SPBFUT.SiH6_D1.txt
20.02.2026 10:43:05 - FileStorage - DEBUG - Первый бар    : 04.10.2025 00:00
20.02.2026 10:43:05 - FileStorage - DEBUG - Последний бар : 20.02.2026 00:00
20.02.2026 10:43:05 - FileStorage - DEBUG - Кол-во бар    : 116
20.02.2026 10:43:05 - FileStorage - DEBUG - Фильтр с 03.10.2025 10:42
20.02.2026 10:43:05 - FileStorage - DEBUG - Первый бар    : SPBFUT.SRM6 (D1) 2025-10-04 00:00:00 Open: 314.01, High: 315.32, Low: 313.37, Close: 313.37, Volume: 3.0
20.02.2026 10:43:05 - FileStorage - DEBUG - Последний бар : SPBFUT.SRM6 (D1) 2026-02-20 00:00:00 Open: 327.7, High: 328.4, Low: 327.62, Close: 328.15, Volume: 378.0
20.02.2026 10:43:05 - FileStorage - DEBUG - Кол-во бар    : 116
20.02.2026 10:43:05 - FileStorage - DEBUG - Первый бар    : 06.10.2025 00:00
20.02.2026 10:43:05 - FileStorage - DEBUG - Последний бар : 20.02.2026 00:00
20.02.2026 10:43:05 - FileStorage - DEBUG - Кол-во бар    : 96
20.02.2026 10:43:05 - FileStorage - DEBUG - Фильтр с 03.10.2025 10:42
20.02.2026 10:43:05 - FileStorage - DEBUG - Первый бар    : SPBFUT.SiH6 (D1) 2025-10-06 00:00:00 Open: 87.101, High: 87.638, Low: 86.591, Close: 86.731, Volume: 10858.0
20.02.2026 10:43:05 - FileStorage - DEBUG - Последний бар : SPBFUT.SiH6 (D1) 2026-02-20 00:00:00 Open: 76.23, High: 76.5, Low: 76.123, Close: 76.45, Volume: 91935.0
20.02.2026 10:43:05 - FileStorage - DEBUG - Кол-во бар    : 96
20.02.2026 10:43:06 - AlorPy - DEBUG - Запрос : /md/v2/history?exchange=MOEX&symbol=RIH6&tf=D&from=1771545600&to=1771573385&format=Simple
20.02.2026 10:43:06 - AlorPy - DEBUG - Ответ  : {"history":[{"time":1771545600,"close":116050.00000,"open":116130.00000,"high":116400.00000,"low":115810.00000,"volume":6373}],"next":null,"prev":1771459200}
20.02.2026 10:43:06 - FileStorage - DEBUG - Получение файла C:\Users\шадрин\PycharmProjects\CenterStrikeVolatility_API\FinLabPy\Storage\..\..\Data\Alor\SPBFUT.RIH6_D1.txt
20.02.2026 10:43:06 - FileStorage - DEBUG - Первый бар    : 04.10.2025 00:00
20.02.2026 10:43:06 - FileStorage - DEBUG - Последний бар : 20.02.2026 00:00
20.02.2026 10:43:06 - FileStorage - DEBUG - Кол-во бар    : 122
20.02.2026 10:43:06 - FileStorage - DEBUG - Сохранение файла C:\Users\шадрин\PycharmProjects\CenterStrikeVolatility_API\FinLabPy\Storage\..\..\Data\Alor\SPBFUT.RIH6_D1.txt
20.02.2026 10:43:06 - FileStorage - DEBUG - Первый бар    : 04.10.2025 00:00
20.02.2026 10:43:06 - FileStorage - DEBUG - Последний бар : 20.02.2026 00:00
20.02.2026 10:43:06 - FileStorage - DEBUG - Кол-во бар    : 122
20.02.2026 10:43:06 - Schedule.BarsStream - DEBUG - Текущая дата и время на бирже: 20.02.2026 10:43:06
20.02.2026 10:43:06 - Schedule.BarsStream - DEBUG - Нужно получить бар: 20.02.2026 00:00:00
20.02.2026 10:43:06 - Schedule.BarsStream - DEBUG - Время запроса бара: 23.02.2026 09:00:03
20.02.2026 10:43:06 - Schedule.BarsStream - DEBUG - Ожидание в секундах: 253017.0
20.02.2026 10:43:06 - FileStorage - DEBUG - Получение файла C:\Users\шадрин\PycharmProjects\CenterStrikeVolatility_API\FinLabPy\Storage\..\..\Data\Alor\SPBFUT.RIH6_D1.txt
20.02.2026 10:43:06 - FileStorage - DEBUG - Первый бар    : 04.10.2025 00:00
20.02.2026 10:43:06 - FileStorage - DEBUG - Последний бар : 20.02.2026 00:00
20.02.2026 10:43:06 - FileStorage - DEBUG - Кол-во бар    : 122
20.02.2026 10:43:06 - FileStorage - DEBUG - Фильтр с 03.10.2025 10:42
20.02.2026 10:43:06 - FileStorage - DEBUG - Первый бар    : SPBFUT.RIH6 (D1) 2025-10-04 00:00:00 Open: 100060.0, High: 100060.0, Low: 98820.0, Close: 99270.0, Volume: 83.0
20.02.2026 10:43:06 - FileStorage - DEBUG - Последний бар : SPBFUT.RIH6 (D1) 2026-02-20 00:00:00 Open: 116130.0, High: 116400.0, Low: 115810.0, Close: 116050.0, Volume: 6373.0
20.02.2026 10:43:06 - FileStorage - DEBUG - Кол-во бар    : 122
20.02.2026 10:47:02 - Schedule.BarsStream - DEBUG - Текущая дата и время на бирже: 20.02.2026 10:47:02
20.02.2026 10:47:02 - Schedule.BarsStream - DEBUG - Нужно получить бар: 20.02.2026 00:00:00
20.02.2026 10:47:02 - Schedule.BarsStream - DEBUG - Время запроса бара: 23.02.2026 09:00:03
20.02.2026 10:47:02 - Schedule.BarsStream - DEBUG - Ожидание в секундах: 252781.0
20.02.2026 10:47:03 - AlorPy - DEBUG - Запрос : /md/v2/Securities/MOEX/RIH6?format=Simple
20.02.2026 10:47:03 - AlorPy - DEBUG - Ответ  : {"symbol":"RTS-3.26","shortname":"RIH6","description":"RIH6","exchange":"MOEX","market":"FORTS","type":"Фьючерсный контракт RTS-3.26","lotsize":1,"facevalue":1,"cfiCode":"FFXCSX","cancellation":"2026-03-19T00:00:00.0000000","minstep":10,"rating":73665,"marginbuy":27239.99,"marginsell":27478.82,"marginrate":0,"priceMax":123930,"priceMin":108410,"theorPrice":0,"theorPriceLimit":0,"volatility":0,"currency":"USD","ISIN":null,"yield":null,"board":"RFUD","primary_board":"RFUD","tradingStatus":17,"tradingStatusInfo":"нормальный период торгов","complexProductCategory":"2","priceMultiplier":1,"priceShownUnits":1,"pricestep":15.3281}
20.02.2026 10:47:03 - FileStorage - DEBUG - Получение файла C:\Users\шадрин\PycharmProjects\CenterStrikeVolatility_API\FinLabPy\Storage\..\..\Data\Alor\SPBFUT.RIH6_D1.txt
20.02.2026 10:47:03 - FileStorage - DEBUG - Первый бар    : 04.10.2025 00:00
20.02.2026 10:47:03 - FileStorage - DEBUG - Последний бар : 20.02.2026 00:00
20.02.2026 10:47:03 - FileStorage - DEBUG - Кол-во бар    : 122
20.02.2026 10:47:03 - FileStorage - DEBUG - Фильтр с 03.10.2025 10:47
20.02.2026 10:47:03 - FileStorage - DEBUG - Первый бар    : SPBFUT.RIH6 (D1) 2025-10-04 00:00:00 Open: 100060.0, High: 100060.0, Low: 98820.0, Close: 99270.0, Volume: 83.0
20.02.2026 10:47:03 - FileStorage - DEBUG - Последний бар : SPBFUT.RIH6 (D1) 2026-02-20 00:00:00 Open: 116130.0, High: 116400.0, Low: 115810.0, Close: 116050.0, Volume: 6373.0
20.02.2026 10:47:03 - FileStorage - DEBUG - Кол-во бар    : 122
20.02.2026 10:47:04 - AlorPy - DEBUG - Запрос : /md/v2/history?exchange=MOEX&symbol=RIH6&tf=D&from=1771545600&to=1771573623&format=Simple
20.02.2026 10:47:04 - AlorPy - DEBUG - Ответ  : {"history":[{"time":1771545600,"close":116050.00000,"open":116130.00000,"high":116400.00000,"low":115810.00000,"volume":6603}],"next":null,"prev":1771459200}
20.02.2026 10:47:04 - FileStorage - DEBUG - Получение файла C:\Users\шадрин\PycharmProjects\CenterStrikeVolatility_API\FinLabPy\Storage\..\..\Data\Alor\SPBFUT.RIH6_D1.txt
20.02.2026 10:47:04 - FileStorage - DEBUG - Первый бар    : 04.10.2025 00:00
20.02.2026 10:47:04 - FileStorage - DEBUG - Последний бар : 20.02.2026 00:00
20.02.2026 10:47:04 - FileStorage - DEBUG - Кол-во бар    : 122
20.02.2026 10:47:04 - FileStorage - DEBUG - Сохранение файла C:\Users\шадрин\PycharmProjects\CenterStrikeVolatility_API\FinLabPy\Storage\..\..\Data\Alor\SPBFUT.RIH6_D1.txt
20.02.2026 10:47:04 - FileStorage - DEBUG - Первый бар    : 04.10.2025 00:00
20.02.2026 10:47:04 - FileStorage - DEBUG - Последний бар : 20.02.2026 00:00
20.02.2026 10:47:04 - FileStorage - DEBUG - Кол-во бар    : 122
20.02.2026 10:47:04 - Schedule.BarsStream - DEBUG - Текущая дата и время на бирже: 20.02.2026 10:47:04
20.02.2026 10:47:04 - Schedule.BarsStream - DEBUG - Нужно получить бар: 20.02.2026 00:00:00
20.02.2026 10:47:04 - Schedule.BarsStream - DEBUG - Время запроса бара: 23.02.2026 09:00:03
20.02.2026 10:47:04 - Schedule.BarsStream - DEBUG - Ожидание в секундах: 252779.0
20.02.2026 10:47:04 - FileStorage - DEBUG - Получение файла C:\Users\шадрин\PycharmProjects\CenterStrikeVolatility_API\FinLabPy\Storage\..\..\Data\Alor\SPBFUT.RIH6_D1.txt
20.02.2026 10:47:04 - FileStorage - DEBUG - Первый бар    : 04.10.2025 00:00
20.02.2026 10:47:04 - FileStorage - DEBUG - Последний бар : 20.02.2026 00:00
20.02.2026 10:47:04 - FileStorage - DEBUG - Кол-во бар    : 122
20.02.2026 10:47:04 - FileStorage - DEBUG - Фильтр с 03.10.2025 10:47
20.02.2026 10:47:04 - FileStorage - DEBUG - Первый бар    : SPBFUT.RIH6 (D1) 2025-10-04 00:00:00 Open: 100060.0, High: 100060.0, Low: 98820.0, Close: 99270.0, Volume: 83.0
20.02.2026 10:47:04 - FileStorage - DEBUG - Последний бар : SPBFUT.RIH6 (D1) 2026-02-20 00:00:00 Open: 116130.0, High: 116400.0, Low: 115810.0, Close: 116050.0, Volume: 6603.0
20.02.2026 10:47:04 - FileStorage - DEBUG - Кол-во бар    : 122
20.02.2026 10:47:04 - AlorPy - DEBUG - Запрос : /md/v2/history?exchange=MOEX&symbol=RIH6&tf=D&from=1771545600&to=1771573624&format=Simple
20.02.2026 10:47:04 - AlorPy - DEBUG - Ответ  : {"history":[{"time":1771545600,"close":116050.00000,"open":116130.00000,"high":116400.00000,"low":115810.00000,"volume":6603}],"next":null,"prev":1771459200}
20.02.2026 10:47:04 - FileStorage - DEBUG - Получение файла C:\Users\шадрин\PycharmProjects\CenterStrikeVolatility_API\FinLabPy\Storage\..\..\Data\Alor\SPBFUT.RIH6_D1.txt
20.02.2026 10:47:04 - FileStorage - DEBUG - Первый бар    : 04.10.2025 00:00
20.02.2026 10:47:04 - FileStorage - DEBUG - Последний бар : 20.02.2026 00:00
20.02.2026 10:47:04 - FileStorage - DEBUG - Кол-во бар    : 122
20.02.2026 10:47:04 - FileStorage - DEBUG - Сохранение файла C:\Users\шадрин\PycharmProjects\CenterStrikeVolatility_API\FinLabPy\Storage\..\..\Data\Alor\SPBFUT.RIH6_D1.txt
20.02.2026 10:47:04 - FileStorage - DEBUG - Первый бар    : 04.10.2025 00:00
20.02.2026 10:47:04 - FileStorage - DEBUG - Последний бар : 20.02.2026 00:00
20.02.2026 10:47:04 - FileStorage - DEBUG - Кол-во бар    : 122
20.02.2026 10:47:04 - Schedule.BarsStream - DEBUG - Текущая дата и время на бирже: 20.02.2026 10:47:04
20.02.2026 10:47:04 - Schedule.BarsStream - DEBUG - Нужно получить бар: 20.02.2026 00:00:00
20.02.2026 10:47:04 - Schedule.BarsStream - DEBUG - Время запроса бара: 23.02.2026 09:00:03
20.02.2026 10:47:04 - Schedule.BarsStream - DEBUG - Ожидание в секундах: 252779.0
20.02.2026 10:47:04 - FileStorage - DEBUG - Получение файла C:\Users\шадрин\PycharmProjects\CenterStrikeVolatility_API\FinLabPy\Storage\..\..\Data\Alor\SPBFUT.RIH6_D1.txt
20.02.2026 10:47:04 - FileStorage - DEBUG - Первый бар    : 04.10.2025 00:00
20.02.2026 10:47:04 - FileStorage - DEBUG - Последний бар : 20.02.2026 00:00
20.02.2026 10:47:04 - FileStorage - DEBUG - Кол-во бар    : 122
20.02.2026 10:47:04 - FileStorage - DEBUG - Фильтр с 03.10.2025 10:47
20.02.2026 10:47:04 - FileStorage - DEBUG - Первый бар    : SPBFUT.RIH6 (D1) 2025-10-04 00:00:00 Open: 100060.0, High: 100060.0, Low: 98820.0, Close: 99270.0, Volume: 83.0
20.02.2026 10:47:04 - FileStorage - DEBUG - Последний бар : SPBFUT.RIH6 (D1) 2026-02-20 00:00:00 Open: 116130.0, High: 116400.0, Low: 115810.0, Close: 116050.0, Volume: 6603.0
20.02.2026 10:47:04 - FileStorage - DEBUG - Кол-во бар    : 122
20.02.2026 10:47:05 - AlorPy - DEBUG - Запрос : /md/v2/history?exchange=MOEX&symbol=RIH6&tf=D&from=1771545600&to=1771573624&format=Simple
20.02.2026 10:47:05 - AlorPy - DEBUG - Ответ  : {"history":[{"time":1771545600,"close":116050.00000,"open":116130.00000,"high":116400.00000,"low":115810.00000,"volume":6603}],"next":null,"prev":1771459200}
20.02.2026 10:47:05 - FileStorage - DEBUG - Получение файла C:\Users\шадрин\PycharmProjects\CenterStrikeVolatility_API\FinLabPy\Storage\..\..\Data\Alor\SPBFUT.RIH6_D1.txt
20.02.2026 10:47:05 - FileStorage - DEBUG - Первый бар    : 04.10.2025 00:00
20.02.2026 10:47:05 - FileStorage - DEBUG - Последний бар : 20.02.2026 00:00
20.02.2026 10:47:05 - FileStorage - DEBUG - Кол-во бар    : 122
20.02.2026 10:47:05 - FileStorage - DEBUG - Сохранение файла C:\Users\шадрин\PycharmProjects\CenterStrikeVolatility_API\FinLabPy\Storage\..\..\Data\Alor\SPBFUT.RIH6_D1.txt
20.02.2026 10:47:05 - FileStorage - DEBUG - Первый бар    : 04.10.2025 00:00
20.02.2026 10:47:05 - FileStorage - DEBUG - Последний бар : 20.02.2026 00:00
20.02.2026 10:47:05 - FileStorage - DEBUG - Кол-во бар    : 122
20.02.2026 10:47:05 - Schedule.BarsStream - DEBUG - Текущая дата и время на бирже: 20.02.2026 10:47:05
20.02.2026 10:47:05 - Schedule.BarsStream - DEBUG - Нужно получить бар: 20.02.2026 00:00:00
20.02.2026 10:47:05 - Schedule.BarsStream - DEBUG - Время запроса бара: 23.02.2026 09:00:03
20.02.2026 10:47:05 - Schedule.BarsStream - DEBUG - Ожидание в секундах: 252778.0
20.02.2026 10:47:05 - FileStorage - DEBUG - Получение файла C:\Users\шадрин\PycharmProjects\CenterStrikeVolatility_API\FinLabPy\Storage\..\..\Data\Alor\SPBFUT.RIH6_D1.txt
20.02.2026 10:47:05 - FileStorage - DEBUG - Первый бар    : 04.10.2025 00:00
20.02.2026 10:47:05 - FileStorage - DEBUG - Последний бар : 20.02.2026 00:00
20.02.2026 10:47:05 - FileStorage - DEBUG - Кол-во бар    : 122
20.02.2026 10:47:05 - FileStorage - DEBUG - Фильтр с 03.10.2025 10:47
20.02.2026 10:47:05 - FileStorage - DEBUG - Первый бар    : SPBFUT.RIH6 (D1) 2025-10-04 00:00:00 Open: 100060.0, High: 100060.0, Low: 98820.0, Close: 99270.0, Volume: 83.0
20.02.2026 10:47:05 - FileStorage - DEBUG - Последний бар : SPBFUT.RIH6 (D1) 2026-02-20 00:00:00 Open: 116130.0, High: 116400.0, Low: 115810.0, Close: 116050.0, Volume: 6603.0
20.02.2026 10:47:05 - FileStorage - DEBUG - Кол-во бар    : 122
20.02.2026 10:47:06 - AlorPy - DEBUG - Запрос : /md/v2/history?exchange=MOEX&symbol=RIH6&tf=D&from=1771545600&to=1771573625&format=Simple
20.02.2026 10:47:06 - AlorPy - DEBUG - Ответ  : {"history":[{"time":1771545600,"close":116050.00000,"open":116130.00000,"high":116400.00000,"low":115810.00000,"volume":6603}],"next":null,"prev":1771459200}
20.02.2026 10:47:06 - FileStorage - DEBUG - Получение файла C:\Users\шадрин\PycharmProjects\CenterStrikeVolatility_API\FinLabPy\Storage\..\..\Data\Alor\SPBFUT.RIH6_D1.txt
20.02.2026 10:47:06 - FileStorage - DEBUG - Первый бар    : 04.10.2025 00:00
20.02.2026 10:47:06 - FileStorage - DEBUG - Последний бар : 20.02.2026 00:00
20.02.2026 10:47:06 - FileStorage - DEBUG - Кол-во бар    : 122
20.02.2026 10:47:06 - FileStorage - DEBUG - Сохранение файла C:\Users\шадрин\PycharmProjects\CenterStrikeVolatility_API\FinLabPy\Storage\..\..\Data\Alor\SPBFUT.RIH6_D1.txt
20.02.2026 10:47:06 - FileStorage - DEBUG - Первый бар    : 04.10.2025 00:00
20.02.2026 10:47:06 - FileStorage - DEBUG - Последний бар : 20.02.2026 00:00
20.02.2026 10:47:06 - FileStorage - DEBUG - Кол-во бар    : 122
20.02.2026 10:47:06 - Schedule.BarsStream - DEBUG - Текущая дата и время на бирже: 20.02.2026 10:47:06
20.02.2026 10:47:06 - Schedule.BarsStream - DEBUG - Нужно получить бар: 20.02.2026 00:00:00
20.02.2026 10:47:06 - Schedule.BarsStream - DEBUG - Время запроса бара: 23.02.2026 09:00:03
20.02.2026 10:47:06 - Schedule.BarsStream - DEBUG - Ожидание в секундах: 252777.0
20.02.2026 10:47:06 - FileStorage - DEBUG - Получение файла C:\Users\шадрин\PycharmProjects\CenterStrikeVolatility_API\FinLabPy\Storage\..\..\Data\Alor\SPBFUT.RIH6_D1.txt
20.02.2026 10:47:06 - FileStorage - DEBUG - Первый бар    : 04.10.2025 00:00
20.02.2026 10:47:06 - FileStorage - DEBUG - Последний бар : 20.02.2026 00:00
20.02.2026 10:47:06 - FileStorage - DEBUG - Кол-во бар    : 122
20.02.2026 10:47:06 - FileStorage - DEBUG - Фильтр с 03.10.2025 10:47
20.02.2026 10:47:06 - FileStorage - DEBUG - Первый бар    : SPBFUT.RIH6 (D1) 2025-10-04 00:00:00 Open: 100060.0, High: 100060.0, Low: 98820.0, Close: 99270.0, Volume: 83.0
20.02.2026 10:47:06 - FileStorage - DEBUG - Последний бар : SPBFUT.RIH6 (D1) 2026-02-20 00:00:00 Open: 116130.0, High: 116400.0, Low: 115810.0, Close: 116050.0, Volume: 6603.0
20.02.2026 10:47:06 - FileStorage - DEBUG - Кол-во бар    : 122
20.02.2026 10:47:07 - AlorPy - DEBUG - Запрос : /md/v2/history?exchange=MOEX&symbol=RIH6&tf=D&from=1771545600&to=1771573626&format=Simple
20.02.2026 10:47:07 - AlorPy - DEBUG - Ответ  : {"history":[{"time":1771545600,"close":116050.00000,"open":116130.00000,"high":116400.00000,"low":115810.00000,"volume":6603}],"next":null,"prev":1771459200}
20.02.2026 10:47:07 - FileStorage - DEBUG - Получение файла C:\Users\шадрин\PycharmProjects\CenterStrikeVolatility_API\FinLabPy\Storage\..\..\Data\Alor\SPBFUT.RIH6_D1.txt
20.02.2026 10:47:07 - FileStorage - DEBUG - Первый бар    : 04.10.2025 00:00
20.02.2026 10:47:07 - FileStorage - DEBUG - Последний бар : 20.02.2026 00:00
20.02.2026 10:47:07 - FileStorage - DEBUG - Кол-во бар    : 122
20.02.2026 10:47:07 - FileStorage - DEBUG - Сохранение файла C:\Users\шадрин\PycharmProjects\CenterStrikeVolatility_API\FinLabPy\Storage\..\..\Data\Alor\SPBFUT.RIH6_D1.txt
20.02.2026 10:47:07 - FileStorage - DEBUG - Первый бар    : 04.10.2025 00:00
20.02.2026 10:47:07 - FileStorage - DEBUG - Последний бар : 20.02.2026 00:00
20.02.2026 10:47:07 - FileStorage - DEBUG - Кол-во бар    : 122
20.02.2026 10:47:07 - Schedule.BarsStream - DEBUG - Текущая дата и время на бирже: 20.02.2026 10:47:07
20.02.2026 10:47:07 - Schedule.BarsStream - DEBUG - Нужно получить бар: 20.02.2026 00:00:00
20.02.2026 10:47:07 - Schedule.BarsStream - DEBUG - Время запроса бара: 23.02.2026 09:00:03
20.02.2026 10:47:07 - Schedule.BarsStream - DEBUG - Ожидание в секундах: 252776.0
20.02.2026 10:47:07 - FileStorage - DEBUG - Получение файла C:\Users\шадрин\PycharmProjects\CenterStrikeVolatility_API\FinLabPy\Storage\..\..\Data\Alor\SPBFUT.RIH6_D1.txt
20.02.2026 10:47:07 - FileStorage - DEBUG - Первый бар    : 04.10.2025 00:00
20.02.2026 10:47:07 - FileStorage - DEBUG - Последний бар : 20.02.2026 00:00
20.02.2026 10:47:07 - FileStorage - DEBUG - Кол-во бар    : 122
20.02.2026 10:47:07 - FileStorage - DEBUG - Фильтр с 03.10.2025 10:47
20.02.2026 10:47:07 - FileStorage - DEBUG - Первый бар    : SPBFUT.RIH6 (D1) 2025-10-04 00:00:00 Open: 100060.0, High: 100060.0, Low: 98820.0, Close: 99270.0, Volume: 83.0
20.02.2026 10:47:07 - FileStorage - DEBUG - Последний бар : SPBFUT.RIH6 (D1) 2026-02-20 00:00:00 Open: 116130.0, High: 116400.0, Low: 115810.0, Close: 116050.0, Volume: 6603.0
20.02.2026 10:47:07 - FileStorage - DEBUG - Кол-во бар    : 122
20.02.2026 10:53:08 - Schedule.BarsStream - DEBUG - Текущая дата и время на бирже: 20.02.2026 10:53:08
20.02.2026 10:53:08 - Schedule.BarsStream - DEBUG - Нужно получить бар: 20.02.2026 00:00:00
20.02.2026 10:53:08 - Schedule.BarsStream - DEBUG - Время запроса бара: 23.02.2026 09:00:03
20.02.2026 10:53:08 - Schedule.BarsStream - DEBUG - Ожидание в секундах: 252415.0
20.02.2026 10:53:08 - AlorPy - DEBUG - Запрос : /md/v2/Securities/MOEX/RIH6?format=Simple
20.02.2026 10:53:08 - AlorPy - DEBUG - Ответ  : {"symbol":"RTS-3.26","shortname":"RIH6","description":"RIH6","exchange":"MOEX","market":"FORTS","type":"Фьючерсный контракт RTS-3.26","lotsize":1,"facevalue":1,"cfiCode":"FFXCSX","cancellation":"2026-03-19T00:00:00.0000000","minstep":10,"rating":73665,"marginbuy":27239.99,"marginsell":27478.82,"marginrate":0,"priceMax":123930,"priceMin":108410,"theorPrice":0,"theorPriceLimit":0,"volatility":0,"currency":"USD","ISIN":null,"yield":null,"board":"RFUD","primary_board":"RFUD","tradingStatus":17,"tradingStatusInfo":"нормальный период торгов","complexProductCategory":"2","priceMultiplier":1,"priceShownUnits":1,"pricestep":15.3281}
20.02.2026 10:53:08 - FileStorage - DEBUG - Получение файла C:\Users\шадрин\PycharmProjects\CenterStrikeVolatility_API\FinLabPy\Storage\..\..\Data\Alor\SPBFUT.RIH6_D1.txt
20.02.2026 10:53:08 - FileStorage - DEBUG - Первый бар    : 04.10.2025 00:00
20.02.2026 10:53:08 - FileStorage - DEBUG - Последний бар : 20.02.2026 00:00
20.02.2026 10:53:08 - FileStorage - DEBUG - Кол-во бар    : 122
20.02.2026 10:53:08 - FileStorage - DEBUG - Фильтр с 03.10.2025 10:52
20.02.2026 10:53:08 - FileStorage - DEBUG - Первый бар    : SPBFUT.RIH6 (D1) 2025-10-04 00:00:00 Open: 100060.0, High: 100060.0, Low: 98820.0, Close: 99270.0, Volume: 83.0
20.02.2026 10:53:08 - FileStorage - DEBUG - Последний бар : SPBFUT.RIH6 (D1) 2026-02-20 00:00:00 Open: 116130.0, High: 116400.0, Low: 115810.0, Close: 116050.0, Volume: 6603.0
20.02.2026 10:53:08 - FileStorage - DEBUG - Кол-во бар    : 122
20.02.2026 10:53:09 - AlorPy - DEBUG - Запрос : /md/v2/history?exchange=MOEX&symbol=RIH6&tf=D&from=1771545600&to=1771573988&format=Simple
20.02.2026 10:53:09 - AlorPy - DEBUG - Ответ  : {"history":[{"time":1771545600,"close":116010.00000,"open":116130.00000,"high":116400.00000,"low":115810.00000,"volume":6975}],"next":null,"prev":1771459200}
20.02.2026 10:53:09 - FileStorage - DEBUG - Получение файла C:\Users\шадрин\PycharmProjects\CenterStrikeVolatility_API\FinLabPy\Storage\..\..\Data\Alor\SPBFUT.RIH6_D1.txt
20.02.2026 10:53:09 - FileStorage - DEBUG - Первый бар    : 04.10.2025 00:00
20.02.2026 10:53:09 - FileStorage - DEBUG - Последний бар : 20.02.2026 00:00
20.02.2026 10:53:09 - FileStorage - DEBUG - Кол-во бар    : 122
20.02.2026 10:53:09 - FileStorage - DEBUG - Сохранение файла C:\Users\шадрин\PycharmProjects\CenterStrikeVolatility_API\FinLabPy\Storage\..\..\Data\Alor\SPBFUT.RIH6_D1.txt
20.02.2026 10:53:09 - FileStorage - DEBUG - Первый бар    : 04.10.2025 00:00
20.02.2026 10:53:09 - FileStorage - DEBUG - Последний бар : 20.02.2026 00:00
20.02.2026 10:53:09 - FileStorage - DEBUG - Кол-во бар    : 122
20.02.2026 10:53:09 - Schedule.BarsStream - DEBUG - Текущая дата и время на бирже: 20.02.2026 10:53:09
20.02.2026 10:53:09 - Schedule.BarsStream - DEBUG - Нужно получить бар: 20.02.2026 00:00:00
20.02.2026 10:53:09 - Schedule.BarsStream - DEBUG - Время запроса бара: 23.02.2026 09:00:03
20.02.2026 10:53:09 - Schedule.BarsStream - DEBUG - Ожидание в секундах: 252414.0
20.02.2026 10:53:09 - FileStorage - DEBUG - Получение файла C:\Users\шадрин\PycharmProjects\CenterStrikeVolatility_API\FinLabPy\Storage\..\..\Data\Alor\SPBFUT.RIH6_D1.txt
20.02.2026 10:53:09 - FileStorage - DEBUG - Первый бар    : 04.10.2025 00:00
20.02.2026 10:53:09 - FileStorage - DEBUG - Последний бар : 20.02.2026 00:00
20.02.2026 10:53:09 - FileStorage - DEBUG - Кол-во бар    : 122
20.02.2026 10:53:09 - FileStorage - DEBUG - Фильтр с 03.10.2025 10:52
20.02.2026 10:53:09 - FileStorage - DEBUG - Первый бар    : SPBFUT.RIH6 (D1) 2025-10-04 00:00:00 Open: 100060.0, High: 100060.0, Low: 98820.0, Close: 99270.0, Volume: 83.0
20.02.2026 10:53:09 - FileStorage - DEBUG - Последний бар : SPBFUT.RIH6 (D1) 2026-02-20 00:00:00 Open: 116130.0, High: 116400.0, Low: 115810.0, Close: 116010.0, Volume: 6975.0
20.02.2026 10:53:09 - FileStorage - DEBUG - Кол-во бар    : 122
20.02.2026 10:53:10 - AlorPy - DEBUG - Запрос : /md/v2/history?exchange=MOEX&symbol=RIH6&tf=D&from=1771545600&to=1771573989&format=Simple
20.02.2026 10:53:10 - AlorPy - DEBUG - Ответ  : {"history":[{"time":1771545600,"close":116010.00000,"open":116130.00000,"high":116400.00000,"low":115810.00000,"volume":6975}],"next":null,"prev":1771459200}
20.02.2026 10:53:10 - FileStorage - DEBUG - Получение файла C:\Users\шадрин\PycharmProjects\CenterStrikeVolatility_API\FinLabPy\Storage\..\..\Data\Alor\SPBFUT.RIH6_D1.txt
20.02.2026 10:53:10 - FileStorage - DEBUG - Первый бар    : 04.10.2025 00:00
20.02.2026 10:53:10 - FileStorage - DEBUG - Последний бар : 20.02.2026 00:00
20.02.2026 10:53:10 - FileStorage - DEBUG - Кол-во бар    : 122
20.02.2026 10:53:10 - FileStorage - DEBUG - Сохранение файла C:\Users\шадрин\PycharmProjects\CenterStrikeVolatility_API\FinLabPy\Storage\..\..\Data\Alor\SPBFUT.RIH6_D1.txt
20.02.2026 10:53:10 - FileStorage - DEBUG - Первый бар    : 04.10.2025 00:00
20.02.2026 10:53:10 - FileStorage - DEBUG - Последний бар : 20.02.2026 00:00
20.02.2026 10:53:10 - FileStorage - DEBUG - Кол-во бар    : 122
20.02.2026 10:53:10 - Schedule.BarsStream - DEBUG - Текущая дата и время на бирже: 20.02.2026 10:53:10
20.02.2026 10:53:10 - Schedule.BarsStream - DEBUG - Нужно получить бар: 20.02.2026 00:00:00
20.02.2026 10:53:10 - Schedule.BarsStream - DEBUG - Время запроса бара: 23.02.2026 09:00:03
20.02.2026 10:53:10 - Schedule.BarsStream - DEBUG - Ожидание в секундах: 252413.0
20.02.2026 10:53:10 - FileStorage - DEBUG - Получение файла C:\Users\шадрин\PycharmProjects\CenterStrikeVolatility_API\FinLabPy\Storage\..\..\Data\Alor\SPBFUT.RIH6_D1.txt
20.02.2026 10:53:10 - FileStorage - DEBUG - Первый бар    : 04.10.2025 00:00
20.02.2026 10:53:10 - FileStorage - DEBUG - Последний бар : 20.02.2026 00:00
20.02.2026 10:53:10 - FileStorage - DEBUG - Кол-во бар    : 122
20.02.2026 10:53:10 - FileStorage - DEBUG - Фильтр с 03.10.2025 10:52
20.02.2026 10:53:10 - FileStorage - DEBUG - Первый бар    : SPBFUT.RIH6 (D1) 2025-10-04 00:00:00 Open: 100060.0, High: 100060.0, Low: 98820.0, Close: 99270.0, Volume: 83.0
20.02.2026 10:53:10 - FileStorage - DEBUG - Последний бар : SPBFUT.RIH6 (D1) 2026-02-20 00:00:00 Open: 116130.0, High: 116400.0, Low: 115810.0, Close: 116010.0, Volume: 6975.0
20.02.2026 10:53:10 - FileStorage - DEBUG - Кол-во бар    : 122
20.02.2026 10:53:10 - AlorPy - DEBUG - Запрос : /md/v2/history?exchange=MOEX&symbol=RIH6&tf=D&from=1771545600&to=1771573990&format=Simple
20.02.2026 10:53:10 - AlorPy - DEBUG - Ответ  : {"history":[{"time":1771545600,"close":116010.00000,"open":116130.00000,"high":116400.00000,"low":115810.00000,"volume":6975}],"next":null,"prev":1771459200}
20.02.2026 10:53:10 - FileStorage - DEBUG - Получение файла C:\Users\шадрин\PycharmProjects\CenterStrikeVolatility_API\FinLabPy\Storage\..\..\Data\Alor\SPBFUT.RIH6_D1.txt
20.02.2026 10:53:10 - FileStorage - DEBUG - Первый бар    : 04.10.2025 00:00
20.02.2026 10:53:10 - FileStorage - DEBUG - Последний бар : 20.02.2026 00:00
20.02.2026 10:53:10 - FileStorage - DEBUG - Кол-во бар    : 122
20.02.2026 10:53:10 - FileStorage - DEBUG - Сохранение файла C:\Users\шадрин\PycharmProjects\CenterStrikeVolatility_API\FinLabPy\Storage\..\..\Data\Alor\SPBFUT.RIH6_D1.txt
20.02.2026 10:53:10 - FileStorage - DEBUG - Первый бар    : 04.10.2025 00:00
20.02.2026 10:53:10 - FileStorage - DEBUG - Последний бар : 20.02.2026 00:00
20.02.2026 10:53:10 - FileStorage - DEBUG - Кол-во бар    : 122
20.02.2026 10:53:10 - Schedule.BarsStream - DEBUG - Текущая дата и время на бирже: 20.02.2026 10:53:10
20.02.2026 10:53:10 - Schedule.BarsStream - DEBUG - Нужно получить бар: 20.02.2026 00:00:00
20.02.2026 10:53:10 - Schedule.BarsStream - DEBUG - Время запроса бара: 23.02.2026 09:00:03
20.02.2026 10:53:10 - Schedule.BarsStream - DEBUG - Ожидание в секундах: 252413.0
20.02.2026 10:53:10 - FileStorage - DEBUG - Получение файла C:\Users\шадрин\PycharmProjects\CenterStrikeVolatility_API\FinLabPy\Storage\..\..\Data\Alor\SPBFUT.RIH6_D1.txt
20.02.2026 10:53:10 - FileStorage - DEBUG - Первый бар    : 04.10.2025 00:00
20.02.2026 10:53:10 - FileStorage - DEBUG - Последний бар : 20.02.2026 00:00
20.02.2026 10:53:10 - FileStorage - DEBUG - Кол-во бар    : 122
20.02.2026 10:53:10 - FileStorage - DEBUG - Фильтр с 03.10.2025 10:52
20.02.2026 10:53:10 - FileStorage - DEBUG - Первый бар    : SPBFUT.RIH6 (D1) 2025-10-04 00:00:00 Open: 100060.0, High: 100060.0, Low: 98820.0, Close: 99270.0, Volume: 83.0
20.02.2026 10:53:10 - FileStorage - DEBUG - Последний бар : SPBFUT.RIH6 (D1) 2026-02-20 00:00:00 Open: 116130.0, High: 116400.0, Low: 115810.0, Close: 116010.0, Volume: 6975.0
20.02.2026 10:53:10 - FileStorage - DEBUG - Кол-во бар    : 122
20.02.2026 10:53:11 - AlorPy - DEBUG - Запрос : /md/v2/history?exchange=MOEX&symbol=RIH6&tf=D&from=1771545600&to=1771573990&format=Simple
20.02.2026 10:53:11 - AlorPy - DEBUG - Ответ  : {"history":[{"time":1771545600,"close":116010.00000,"open":116130.00000,"high":116400.00000,"low":115810.00000,"volume":6975}],"next":null,"prev":1771459200}
20.02.2026 10:53:11 - FileStorage - DEBUG - Получение файла C:\Users\шадрин\PycharmProjects\CenterStrikeVolatility_API\FinLabPy\Storage\..\..\Data\Alor\SPBFUT.RIH6_D1.txt
20.02.2026 10:53:11 - FileStorage - DEBUG - Первый бар    : 04.10.2025 00:00
20.02.2026 10:53:11 - FileStorage - DEBUG - Последний бар : 20.02.2026 00:00
20.02.2026 10:53:11 - FileStorage - DEBUG - Кол-во бар    : 122
20.02.2026 10:53:11 - FileStorage - DEBUG - Сохранение файла C:\Users\шадрин\PycharmProjects\CenterStrikeVolatility_API\FinLabPy\Storage\..\..\Data\Alor\SPBFUT.RIH6_D1.txt
20.02.2026 10:53:11 - FileStorage - DEBUG - Первый бар    : 04.10.2025 00:00
20.02.2026 10:53:11 - FileStorage - DEBUG - Последний бар : 20.02.2026 00:00
20.02.2026 10:53:11 - FileStorage - DEBUG - Кол-во бар    : 122
20.02.2026 10:53:11 - Schedule.BarsStream - DEBUG - Текущая дата и время на бирже: 20.02.2026 10:53:11
20.02.2026 10:53:11 - Schedule.BarsStream - DEBUG - Нужно получить бар: 20.02.2026 00:00:00
20.02.2026 10:53:11 - Schedule.BarsStream - DEBUG - Время запроса бара: 23.02.2026 09:00:03
20.02.2026 10:53:11 - Schedule.BarsStream - DEBUG - Ожидание в секундах: 252412.0
20.02.2026 10:53:11 - FileStorage - DEBUG - Получение файла C:\Users\шадрин\PycharmProjects\CenterStrikeVolatility_API\FinLabPy\Storage\..\..\Data\Alor\SPBFUT.RIH6_D1.txt
20.02.2026 10:53:11 - FileStorage - DEBUG - Первый бар    : 04.10.2025 00:00
20.02.2026 10:53:11 - FileStorage - DEBUG - Последний бар : 20.02.2026 00:00
20.02.2026 10:53:11 - FileStorage - DEBUG - Кол-во бар    : 122
20.02.2026 10:53:11 - FileStorage - DEBUG - Фильтр с 03.10.2025 10:52
20.02.2026 10:53:11 - FileStorage - DEBUG - Первый бар    : SPBFUT.RIH6 (D1) 2025-10-04 00:00:00 Open: 100060.0, High: 100060.0, Low: 98820.0, Close: 99270.0, Volume: 83.0
20.02.2026 10:53:11 - FileStorage - DEBUG - Последний бар : SPBFUT.RIH6 (D1) 2026-02-20 00:00:00 Open: 116130.0, High: 116400.0, Low: 115810.0, Close: 116010.0, Volume: 6975.0
20.02.2026 10:53:11 - FileStorage - DEBUG - Кол-во бар    : 122
20.02.2026 10:53:12 - AlorPy - DEBUG - Запрос : /md/v2/history?exchange=MOEX&symbol=RIH6&tf=D&from=1771545600&to=1771573991&format=Simple
20.02.2026 10:53:12 - AlorPy - DEBUG - Ответ  : {"history":[{"time":1771545600,"close":116010.00000,"open":116130.00000,"high":116400.00000,"low":115810.00000,"volume":6975}],"next":null,"prev":1771459200}
20.02.2026 10:53:12 - FileStorage - DEBUG - Получение файла C:\Users\шадрин\PycharmProjects\CenterStrikeVolatility_API\FinLabPy\Storage\..\..\Data\Alor\SPBFUT.RIH6_D1.txt
20.02.2026 10:53:12 - FileStorage - DEBUG - Первый бар    : 04.10.2025 00:00
20.02.2026 10:53:12 - FileStorage - DEBUG - Последний бар : 20.02.2026 00:00
20.02.2026 10:53:12 - FileStorage - DEBUG - Кол-во бар    : 122
20.02.2026 10:53:12 - FileStorage - DEBUG - Сохранение файла C:\Users\шадрин\PycharmProjects\CenterStrikeVolatility_API\FinLabPy\Storage\..\..\Data\Alor\SPBFUT.RIH6_D1.txt
20.02.2026 10:53:12 - FileStorage - DEBUG - Первый бар    : 04.10.2025 00:00
20.02.2026 10:53:12 - FileStorage - DEBUG - Последний бар : 20.02.2026 00:00
20.02.2026 10:53:12 - FileStorage - DEBUG - Кол-во бар    : 122
20.02.2026 10:53:12 - Schedule.BarsStream - DEBUG - Текущая дата и время на бирже: 20.02.2026 10:53:12
20.02.2026 10:53:12 - Schedule.BarsStream - DEBUG - Нужно получить бар: 20.02.2026 00:00:00
20.02.2026 10:53:12 - Schedule.BarsStream - DEBUG - Время запроса бара: 23.02.2026 09:00:03
20.02.2026 10:53:12 - Schedule.BarsStream - DEBUG - Ожидание в секундах: 252411.0
20.02.2026 10:53:12 - FileStorage - DEBUG - Получение файла C:\Users\шадрин\PycharmProjects\CenterStrikeVolatility_API\FinLabPy\Storage\..\..\Data\Alor\SPBFUT.RIH6_D1.txt
20.02.2026 10:53:12 - FileStorage - DEBUG - Первый бар    : 04.10.2025 00:00
20.02.2026 10:53:12 - FileStorage - DEBUG - Последний бар : 20.02.2026 00:00
20.02.2026 10:53:12 - FileStorage - DEBUG - Кол-во бар    : 122
20.02.2026 10:53:12 - FileStorage - DEBUG - Фильтр с 03.10.2025 10:52
20.02.2026 10:53:12 - FileStorage - DEBUG - Первый бар    : SPBFUT.RIH6 (D1) 2025-10-04 00:00:00 Open: 100060.0, High: 100060.0, Low: 98820.0, Close: 99270.0, Volume: 83.0
20.02.2026 10:53:12 - FileStorage - DEBUG - Последний бар : SPBFUT.RIH6 (D1) 2026-02-20 00:00:00 Open: 116130.0, High: 116400.0, Low: 115810.0, Close: 116010.0, Volume: 6975.0
20.02.2026 10:53:12 - FileStorage - DEBUG - Кол-во бар    : 122
20.02.2026 10:53:12 - AlorPy - DEBUG - Запрос : /md/v2/history?exchange=MOEX&symbol=RIH6&tf=D&from=1771545600&to=1771573992&format=Simple
20.02.2026 10:53:12 - AlorPy - DEBUG - Ответ  : {"history":[{"time":1771545600,"close":116010.00000,"open":116130.00000,"high":116400.00000,"low":115810.00000,"volume":6975}],"next":null,"prev":1771459200}
20.02.2026 10:53:12 - FileStorage - DEBUG - Получение файла C:\Users\шадрин\PycharmProjects\CenterStrikeVolatility_API\FinLabPy\Storage\..\..\Data\Alor\SPBFUT.RIH6_D1.txt
20.02.2026 10:53:12 - FileStorage - DEBUG - Первый бар    : 04.10.2025 00:00
20.02.2026 10:53:12 - FileStorage - DEBUG - Последний бар : 20.02.2026 00:00
20.02.2026 10:53:12 - FileStorage - DEBUG - Кол-во бар    : 122
20.02.2026 10:53:12 - FileStorage - DEBUG - Сохранение файла C:\Users\шадрин\PycharmProjects\CenterStrikeVolatility_API\FinLabPy\Storage\..\..\Data\Alor\SPBFUT.RIH6_D1.txt
20.02.2026 10:53:12 - FileStorage - DEBUG - Первый бар    : 04.10.2025 00:00
20.02.2026 10:53:12 - FileStorage - DEBUG - Последний бар : 20.02.2026 00:00
20.02.2026 10:53:12 - FileStorage - DEBUG - Кол-во бар    : 122
20.02.2026 10:53:12 - Schedule.BarsStream - DEBUG - Текущая дата и время на бирже: 20.02.2026 10:53:12
20.02.2026 10:53:12 - Schedule.BarsStream - DEBUG - Нужно получить бар: 20.02.2026 00:00:00
20.02.2026 10:53:12 - Schedule.BarsStream - DEBUG - Время запроса бара: 23.02.2026 09:00:03
20.02.2026 10:53:12 - Schedule.BarsStream - DEBUG - Ожидание в секундах: 252411.0
20.02.2026 10:53:12 - FileStorage - DEBUG - Получение файла C:\Users\шадрин\PycharmProjects\CenterStrikeVolatility_API\FinLabPy\Storage\..\..\Data\Alor\SPBFUT.RIH6_D1.txt
20.02.2026 10:53:12 - FileStorage - DEBUG - Первый бар    : 04.10.2025 00:00
20.02.2026 10:53:12 - FileStorage - DEBUG - Последний бар : 20.02.2026 00:00
20.02.2026 10:53:12 - FileStorage - DEBUG - Кол-во бар    : 122
20.02.2026 10:53:12 - FileStorage - DEBUG - Фильтр с 03.10.2025 10:52
20.02.2026 10:53:12 - FileStorage - DEBUG - Первый бар    : SPBFUT.RIH6 (D1) 2025-10-04 00:00:00 Open: 100060.0, High: 100060.0, Low: 98820.0, Close: 99270.0, Volume: 83.0
20.02.2026 10:53:12 - FileStorage - DEBUG - Последний бар : SPBFUT.RIH6 (D1) 2026-02-20 00:00:00 Open: 116130.0, High: 116400.0, Low: 115810.0, Close: 116010.0, Volume: 6975.0
20.02.2026 10:53:12 - FileStorage - DEBUG - Кол-во бар    : 122
20.02.2026 10:53:13 - Schedule.BarsStream - DEBUG - Текущая дата и время на бирже: 20.02.2026 10:53:13
20.02.2026 10:53:13 - Schedule.BarsStream - DEBUG - Нужно получить бар: 20.02.2026 00:00:00
20.02.2026 10:53:13 - Schedule.BarsStream - DEBUG - Время запроса бара: 23.02.2026 09:00:03
20.02.2026 10:53:13 - Schedule.BarsStream - DEBUG - Ожидание в секундах: 252410.0
20.02.2026 10:53:13 - AlorPy - DEBUG - Запрос : /md/v2/history?exchange=MOEX&symbol=RIH6&tf=D&from=1771545600&to=1771573992&format=Simple
20.02.2026 10:53:13 - AlorPy - DEBUG - Ответ  : {"history":[{"time":1771545600,"close":116010.00000,"open":116130.00000,"high":116400.00000,"low":115810.00000,"volume":6975}],"next":null,"prev":1771459200}
20.02.2026 10:53:13 - FileStorage - DEBUG - Получение файла C:\Users\шадрин\PycharmProjects\CenterStrikeVolatility_API\FinLabPy\Storage\..\..\Data\Alor\SPBFUT.RIH6_D1.txt
20.02.2026 10:53:13 - FileStorage - DEBUG - Первый бар    : 04.10.2025 00:00
20.02.2026 10:53:13 - FileStorage - DEBUG - Последний бар : 20.02.2026 00:00
20.02.2026 10:53:13 - FileStorage - DEBUG - Кол-во бар    : 122
20.02.2026 10:53:13 - FileStorage - DEBUG - Сохранение файла C:\Users\шадрин\PycharmProjects\CenterStrikeVolatility_API\FinLabPy\Storage\..\..\Data\Alor\SPBFUT.RIH6_D1.txt
20.02.2026 10:53:13 - AlorPy - DEBUG - Запрос : /md/v2/Securities/MOEX/SiH6?format=Simple
20.02.2026 10:53:13 - AlorPy - DEBUG - Ответ  : {"symbol":"SI-3.26","shortname":"SiH6","description":"SiH6","exchange":"MOEX","market":"FORTS","type":"Фьючерсный контракт Si-3.26","lotsize":1,"facevalue":1000,"cfiCode":"FFXCSX","cancellation":"2026-03-19T00:00:00.0000000","minstep":1,"rating":949564,"marginbuy":11782.55,"marginsell":11886.1,"marginrate":0,"priceMax":82691,"priceMin":69675,"theorPrice":0,"theorPriceLimit":0,"volatility":0,"currency":"RUB","ISIN":null,"yield":null,"board":"RFUD","primary_board":"RFUD","tradingStatus":17,"tradingStatusInfo":"нормальный период торгов","complexProductCategory":"2","priceMultiplier":1,"priceShownUnits":1,"pricestep":1}
20.02.2026 10:53:13 - FileStorage - DEBUG - Первый бар    : 04.10.2025 00:00
20.02.2026 10:53:13 - FileStorage - DEBUG - Последний бар : 20.02.2026 00:00
20.02.2026 10:53:13 - FileStorage - DEBUG - Кол-во бар    : 122
20.02.2026 10:53:13 - Schedule.BarsStream - DEBUG - Текущая дата и время на бирже: 20.02.2026 10:53:13
20.02.2026 10:53:13 - Schedule.BarsStream - DEBUG - Нужно получить бар: 20.02.2026 00:00:00
20.02.2026 10:53:13 - Schedule.BarsStream - DEBUG - Время запроса бара: 23.02.2026 09:00:03
20.02.2026 10:53:13 - Schedule.BarsStream - DEBUG - Ожидание в секундах: 252410.0
20.02.2026 10:53:13 - FileStorage - DEBUG - Получение файла C:\Users\шадрин\PycharmProjects\CenterStrikeVolatility_API\FinLabPy\Storage\..\..\Data\Alor\SPBFUT.SiH6_D1.txt
20.02.2026 10:53:13 - FileStorage - DEBUG - Получение файла C:\Users\шадрин\PycharmProjects\CenterStrikeVolatility_API\FinLabPy\Storage\..\..\Data\Alor\SPBFUT.RIH6_D1.txt
20.02.2026 10:53:13 - FileStorage - DEBUG - Первый бар    : 04.10.2025 00:00
20.02.2026 10:53:13 - FileStorage - DEBUG - Последний бар : 20.02.2026 00:00
20.02.2026 10:53:13 - FileStorage - DEBUG - Кол-во бар    : 122
20.02.2026 10:53:13 - FileStorage - DEBUG - Фильтр с 03.10.2025 10:52
20.02.2026 10:53:13 - FileStorage - DEBUG - Первый бар    : SPBFUT.RIH6 (D1) 2025-10-04 00:00:00 Open: 100060.0, High: 100060.0, Low: 98820.0, Close: 99270.0, Volume: 83.0
20.02.2026 10:53:13 - FileStorage - DEBUG - Первый бар    : 06.10.2025 00:00
20.02.2026 10:53:13 - FileStorage - DEBUG - Последний бар : SPBFUT.RIH6 (D1) 2026-02-20 00:00:00 Open: 116130.0, High: 116400.0, Low: 115810.0, Close: 116010.0, Volume: 6975.0
20.02.2026 10:53:13 - FileStorage - DEBUG - Последний бар : 20.02.2026 00:00
20.02.2026 10:53:13 - FileStorage - DEBUG - Кол-во бар    : 122
20.02.2026 10:53:13 - FileStorage - DEBUG - Кол-во бар    : 96
20.02.2026 10:53:13 - FileStorage - DEBUG - Фильтр с 03.10.2025 10:52
20.02.2026 10:53:13 - FileStorage - DEBUG - Первый бар    : SPBFUT.SiH6 (D1) 2025-10-06 00:00:00 Open: 87.101, High: 87.638, Low: 86.591, Close: 86.731, Volume: 10858.0
20.02.2026 10:53:13 - FileStorage - DEBUG - Последний бар : SPBFUT.SiH6 (D1) 2026-02-20 00:00:00 Open: 76.23, High: 76.5, Low: 76.123, Close: 76.45, Volume: 91935.0
20.02.2026 10:53:13 - FileStorage - DEBUG - Кол-во бар    : 96
20.02.2026 10:53:14 - AlorPy - DEBUG - Запрос : /md/v2/history?exchange=MOEX&symbol=RIH6&tf=D&from=1771545600&to=1771573993&format=Simple
20.02.2026 10:53:14 - AlorPy - DEBUG - Ответ  : {"history":[{"time":1771545600,"close":116010.00000,"open":116130.00000,"high":116400.00000,"low":115810.00000,"volume":6975}],"next":null,"prev":1771459200}
20.02.2026 10:53:14 - FileStorage - DEBUG - Получение файла C:\Users\шадрин\PycharmProjects\CenterStrikeVolatility_API\FinLabPy\Storage\..\..\Data\Alor\SPBFUT.RIH6_D1.txt
20.02.2026 10:53:14 - FileStorage - DEBUG - Первый бар    : 04.10.2025 00:00
20.02.2026 10:53:14 - FileStorage - DEBUG - Последний бар : 20.02.2026 00:00
20.02.2026 10:53:14 - FileStorage - DEBUG - Кол-во бар    : 122
20.02.2026 10:53:14 - FileStorage - DEBUG - Сохранение файла C:\Users\шадрин\PycharmProjects\CenterStrikeVolatility_API\FinLabPy\Storage\..\..\Data\Alor\SPBFUT.RIH6_D1.txt
20.02.2026 10:53:14 - FileStorage - DEBUG - Первый бар    : 04.10.2025 00:00
20.02.2026 10:53:14 - FileStorage - DEBUG - Последний бар : 20.02.2026 00:00
20.02.2026 10:53:14 - FileStorage - DEBUG - Кол-во бар    : 122
20.02.2026 10:53:14 - Schedule.BarsStream - DEBUG - Текущая дата и время на бирже: 20.02.2026 10:53:14
20.02.2026 10:53:14 - Schedule.BarsStream - DEBUG - Нужно получить бар: 20.02.2026 00:00:00
20.02.2026 10:53:14 - Schedule.BarsStream - DEBUG - Время запроса бара: 23.02.2026 09:00:03
20.02.2026 10:53:14 - Schedule.BarsStream - DEBUG - Ожидание в секундах: 252409.0
20.02.2026 10:53:14 - FileStorage - DEBUG - Получение файла C:\Users\шадрин\PycharmProjects\CenterStrikeVolatility_API\FinLabPy\Storage\..\..\Data\Alor\SPBFUT.RIH6_D1.txt
20.02.2026 10:53:14 - FileStorage - DEBUG - Первый бар    : 04.10.2025 00:00
20.02.2026 10:53:14 - FileStorage - DEBUG - Последний бар : 20.02.2026 00:00
20.02.2026 10:53:14 - FileStorage - DEBUG - Кол-во бар    : 122
20.02.2026 10:53:14 - FileStorage - DEBUG - Фильтр с 03.10.2025 10:52
20.02.2026 10:53:14 - FileStorage - DEBUG - Первый бар    : SPBFUT.RIH6 (D1) 2025-10-04 00:00:00 Open: 100060.0, High: 100060.0, Low: 98820.0, Close: 99270.0, Volume: 83.0
20.02.2026 10:53:14 - FileStorage - DEBUG - Последний бар : SPBFUT.RIH6 (D1) 2026-02-20 00:00:00 Open: 116130.0, High: 116400.0, Low: 115810.0, Close: 116010.0, Volume: 6975.0
20.02.2026 10:53:14 - FileStorage - DEBUG - Кол-во бар    : 122
20.02.2026 10:53:14 - AlorPy - DEBUG - Запрос : /md/v2/history?exchange=MOEX&symbol=SiH6&tf=D&from=1771545600&to=1771573993&format=Simple
20.02.2026 10:53:14 - AlorPy - DEBUG - Ответ  : {"history":[{"time":1771545600,"close":76432.00000,"open":76230.00000,"high":76500.00000,"low":76123.00000,"volume":103884}],"next":null,"prev":1771459200}
20.02.2026 10:53:14 - FileStorage - DEBUG - Получение файла C:\Users\шадрин\PycharmProjects\CenterStrikeVolatility_API\FinLabPy\Storage\..\..\Data\Alor\SPBFUT.SiH6_D1.txt
20.02.2026 10:53:14 - FileStorage - DEBUG - Первый бар    : 06.10.2025 00:00
20.02.2026 10:53:14 - FileStorage - DEBUG - Последний бар : 20.02.2026 00:00
20.02.2026 10:53:14 - FileStorage - DEBUG - Кол-во бар    : 96
20.02.2026 10:53:14 - FileStorage - DEBUG - Сохранение файла C:\Users\шадрин\PycharmProjects\CenterStrikeVolatility_API\FinLabPy\Storage\..\..\Data\Alor\SPBFUT.SiH6_D1.txt
20.02.2026 10:53:14 - FileStorage - DEBUG - Первый бар    : 06.10.2025 00:00
20.02.2026 10:53:14 - FileStorage - DEBUG - Последний бар : 20.02.2026 00:00
20.02.2026 10:53:14 - FileStorage - DEBUG - Кол-во бар    : 96
20.02.2026 10:53:14 - Schedule.BarsStream - DEBUG - Текущая дата и время на бирже: 20.02.2026 10:53:14
20.02.2026 10:53:14 - Schedule.BarsStream - DEBUG - Нужно получить бар: 20.02.2026 00:00:00
20.02.2026 10:53:14 - Schedule.BarsStream - DEBUG - Время запроса бара: 23.02.2026 09:00:03
20.02.2026 10:53:14 - Schedule.BarsStream - DEBUG - Ожидание в секундах: 252409.0
20.02.2026 10:53:14 - FileStorage - DEBUG - Получение файла C:\Users\шадрин\PycharmProjects\CenterStrikeVolatility_API\FinLabPy\Storage\..\..\Data\Alor\SPBFUT.SiH6_D1.txt
20.02.2026 10:53:14 - FileStorage - DEBUG - Первый бар    : 06.10.2025 00:00
20.02.2026 10:53:14 - FileStorage - DEBUG - Последний бар : 20.02.2026 00:00
20.02.2026 10:53:14 - FileStorage - DEBUG - Кол-во бар    : 96
20.02.2026 10:53:14 - FileStorage - DEBUG - Фильтр с 03.10.2025 10:52
20.02.2026 10:53:14 - FileStorage - DEBUG - Первый бар    : SPBFUT.SiH6 (D1) 2025-10-06 00:00:00 Open: 87.101, High: 87.638, Low: 86.591, Close: 86.731, Volume: 10858.0
20.02.2026 10:53:14 - FileStorage - DEBUG - Последний бар : SPBFUT.SiH6 (D1) 2026-02-20 00:00:00 Open: 76.23, High: 76.5, Low: 76.123, Close: 76.432, Volume: 103884.0
20.02.2026 10:53:14 - FileStorage - DEBUG - Кол-во бар    : 96
20.02.2026 10:53:15 - AlorPy - DEBUG - Запрос : /md/v2/history?exchange=MOEX&symbol=RIH6&tf=D&from=1771545600&to=1771573994&format=Simple
20.02.2026 10:53:15 - AlorPy - DEBUG - Ответ  : {"history":[{"time":1771545600,"close":116010.00000,"open":116130.00000,"high":116400.00000,"low":115810.00000,"volume":6975}],"next":null,"prev":1771459200}
20.02.2026 10:53:15 - FileStorage - DEBUG - Получение файла C:\Users\шадрин\PycharmProjects\CenterStrikeVolatility_API\FinLabPy\Storage\..\..\Data\Alor\SPBFUT.RIH6_D1.txt
20.02.2026 10:53:15 - FileStorage - DEBUG - Первый бар    : 04.10.2025 00:00
20.02.2026 10:53:15 - FileStorage - DEBUG - Последний бар : 20.02.2026 00:00
20.02.2026 10:53:15 - FileStorage - DEBUG - Кол-во бар    : 122
20.02.2026 10:53:15 - FileStorage - DEBUG - Сохранение файла C:\Users\шадрин\PycharmProjects\CenterStrikeVolatility_API\FinLabPy\Storage\..\..\Data\Alor\SPBFUT.RIH6_D1.txt
20.02.2026 10:53:15 - FileStorage - DEBUG - Первый бар    : 04.10.2025 00:00
20.02.2026 10:53:15 - FileStorage - DEBUG - Последний бар : 20.02.2026 00:00
20.02.2026 10:53:15 - FileStorage - DEBUG - Кол-во бар    : 122
20.02.2026 10:53:15 - Schedule.BarsStream - DEBUG - Текущая дата и время на бирже: 20.02.2026 10:53:15
20.02.2026 10:53:15 - Schedule.BarsStream - DEBUG - Нужно получить бар: 20.02.2026 00:00:00
20.02.2026 10:53:15 - Schedule.BarsStream - DEBUG - Время запроса бара: 23.02.2026 09:00:03
20.02.2026 10:53:15 - Schedule.BarsStream - DEBUG - Ожидание в секундах: 252408.0
20.02.2026 10:53:15 - FileStorage - DEBUG - Получение файла C:\Users\шадрин\PycharmProjects\CenterStrikeVolatility_API\FinLabPy\Storage\..\..\Data\Alor\SPBFUT.RIH6_D1.txt
20.02.2026 10:53:15 - FileStorage - DEBUG - Первый бар    : 04.10.2025 00:00
20.02.2026 10:53:15 - FileStorage - DEBUG - Последний бар : 20.02.2026 00:00
20.02.2026 10:53:15 - FileStorage - DEBUG - Кол-во бар    : 122
20.02.2026 10:53:15 - FileStorage - DEBUG - Фильтр с 03.10.2025 10:52
20.02.2026 10:53:15 - FileStorage - DEBUG - Первый бар    : SPBFUT.RIH6 (D1) 2025-10-04 00:00:00 Open: 100060.0, High: 100060.0, Low: 98820.0, Close: 99270.0, Volume: 83.0
20.02.2026 10:53:15 - FileStorage - DEBUG - Последний бар : SPBFUT.RIH6 (D1) 2026-02-20 00:00:00 Open: 116130.0, High: 116400.0, Low: 115810.0, Close: 116010.0, Volume: 6975.0
20.02.2026 10:53:15 - FileStorage - DEBUG - Кол-во бар    : 122
20.02.2026 10:53:15 - AlorPy - DEBUG - Запрос : /md/v2/history?exchange=MOEX&symbol=SiH6&tf=D&from=1771545600&to=1771573994&format=Simple
20.02.2026 10:53:15 - AlorPy - DEBUG - Ответ  : {"history":[{"time":1771545600,"close":76426.00000,"open":76230.00000,"high":76500.00000,"low":76123.00000,"volume":103925}],"next":null,"prev":1771459200}
20.02.2026 10:53:15 - FileStorage - DEBUG - Получение файла C:\Users\шадрин\PycharmProjects\CenterStrikeVolatility_API\FinLabPy\Storage\..\..\Data\Alor\SPBFUT.SiH6_D1.txt
20.02.2026 10:53:15 - FileStorage - DEBUG - Первый бар    : 06.10.2025 00:00
20.02.2026 10:53:15 - FileStorage - DEBUG - Последний бар : 20.02.2026 00:00
20.02.2026 10:53:15 - FileStorage - DEBUG - Кол-во бар    : 96
20.02.2026 10:53:15 - FileStorage - DEBUG - Сохранение файла C:\Users\шадрин\PycharmProjects\CenterStrikeVolatility_API\FinLabPy\Storage\..\..\Data\Alor\SPBFUT.SiH6_D1.txt
20.02.2026 10:53:15 - FileStorage - DEBUG - Первый бар    : 06.10.2025 00:00
20.02.2026 10:53:15 - FileStorage - DEBUG - Последний бар : 20.02.2026 00:00
20.02.2026 10:53:15 - FileStorage - DEBUG - Кол-во бар    : 96
20.02.2026 10:53:15 - Schedule.BarsStream - DEBUG - Текущая дата и время на бирже: 20.02.2026 10:53:15
20.02.2026 10:53:15 - Schedule.BarsStream - DEBUG - Нужно получить бар: 20.02.2026 00:00:00
20.02.2026 10:53:15 - Schedule.BarsStream - DEBUG - Время запроса бара: 23.02.2026 09:00:03
20.02.2026 10:53:15 - Schedule.BarsStream - DEBUG - Ожидание в секундах: 252408.0
20.02.2026 10:53:15 - FileStorage - DEBUG - Получение файла C:\Users\шадрин\PycharmProjects\CenterStrikeVolatility_API\FinLabPy\Storage\..\..\Data\Alor\SPBFUT.SiH6_D1.txt
20.02.2026 10:53:15 - FileStorage - DEBUG - Первый бар    : 06.10.2025 00:00
20.02.2026 10:53:15 - FileStorage - DEBUG - Последний бар : 20.02.2026 00:00
20.02.2026 10:53:15 - FileStorage - DEBUG - Кол-во бар    : 96
20.02.2026 10:53:15 - FileStorage - DEBUG - Фильтр с 03.10.2025 10:52
20.02.2026 10:53:15 - FileStorage - DEBUG - Первый бар    : SPBFUT.SiH6 (D1) 2025-10-06 00:00:00 Open: 87.101, High: 87.638, Low: 86.591, Close: 86.731, Volume: 10858.0
20.02.2026 10:53:15 - FileStorage - DEBUG - Последний бар : SPBFUT.SiH6 (D1) 2026-02-20 00:00:00 Open: 76.23, High: 76.5, Low: 76.123, Close: 76.426, Volume: 103925.0
20.02.2026 10:53:15 - FileStorage - DEBUG - Кол-во бар    : 96
20.02.2026 10:53:16 - AlorPy - DEBUG - Запрос : /md/v2/history?exchange=MOEX&symbol=RIH6&tf=D&from=1771545600&to=1771573995&format=Simple
20.02.2026 10:53:16 - AlorPy - DEBUG - Ответ  : {"history":[{"time":1771545600,"close":116010.00000,"open":116130.00000,"high":116400.00000,"low":115810.00000,"volume":6975}],"next":null,"prev":1771459200}
20.02.2026 10:53:16 - FileStorage - DEBUG - Получение файла C:\Users\шадрин\PycharmProjects\CenterStrikeVolatility_API\FinLabPy\Storage\..\..\Data\Alor\SPBFUT.RIH6_D1.txt
20.02.2026 10:53:16 - FileStorage - DEBUG - Первый бар    : 04.10.2025 00:00
20.02.2026 10:53:16 - FileStorage - DEBUG - Последний бар : 20.02.2026 00:00
20.02.2026 10:53:16 - FileStorage - DEBUG - Кол-во бар    : 122
20.02.2026 10:53:16 - FileStorage - DEBUG - Сохранение файла C:\Users\шадрин\PycharmProjects\CenterStrikeVolatility_API\FinLabPy\Storage\..\..\Data\Alor\SPBFUT.RIH6_D1.txt
20.02.2026 10:53:16 - FileStorage - DEBUG - Первый бар    : 04.10.2025 00:00
20.02.2026 10:53:16 - FileStorage - DEBUG - Последний бар : 20.02.2026 00:00
20.02.2026 10:53:16 - FileStorage - DEBUG - Кол-во бар    : 122
20.02.2026 10:53:16 - Schedule.BarsStream - DEBUG - Текущая дата и время на бирже: 20.02.2026 10:53:16
20.02.2026 10:53:16 - Schedule.BarsStream - DEBUG - Нужно получить бар: 20.02.2026 00:00:00
20.02.2026 10:53:16 - Schedule.BarsStream - DEBUG - Время запроса бара: 23.02.2026 09:00:03
20.02.2026 10:53:16 - Schedule.BarsStream - DEBUG - Ожидание в секундах: 252407.0
20.02.2026 10:53:16 - FileStorage - DEBUG - Получение файла C:\Users\шадрин\PycharmProjects\CenterStrikeVolatility_API\FinLabPy\Storage\..\..\Data\Alor\SPBFUT.RIH6_D1.txt
20.02.2026 10:53:16 - FileStorage - DEBUG - Первый бар    : 04.10.2025 00:00
20.02.2026 10:53:16 - FileStorage - DEBUG - Последний бар : 20.02.2026 00:00
20.02.2026 10:53:16 - FileStorage - DEBUG - Кол-во бар    : 122
20.02.2026 10:53:16 - FileStorage - DEBUG - Фильтр с 03.10.2025 10:52
20.02.2026 10:53:16 - FileStorage - DEBUG - Первый бар    : SPBFUT.RIH6 (D1) 2025-10-04 00:00:00 Open: 100060.0, High: 100060.0, Low: 98820.0, Close: 99270.0, Volume: 83.0
20.02.2026 10:53:16 - FileStorage - DEBUG - Последний бар : SPBFUT.RIH6 (D1) 2026-02-20 00:00:00 Open: 116130.0, High: 116400.0, Low: 115810.0, Close: 116010.0, Volume: 6975.0
20.02.2026 10:53:16 - FileStorage - DEBUG - Кол-во бар    : 122
20.02.2026 10:53:16 - AlorPy - DEBUG - Запрос : /md/v2/history?exchange=MOEX&symbol=SiH6&tf=D&from=1771545600&to=1771573995&format=Simple
20.02.2026 10:53:16 - AlorPy - DEBUG - Ответ  : {"history":[{"time":1771545600,"close":76432.00000,"open":76230.00000,"high":76500.00000,"low":76123.00000,"volume":103927}],"next":null,"prev":1771459200}
20.02.2026 10:53:16 - FileStorage - DEBUG - Получение файла C:\Users\шадрин\PycharmProjects\CenterStrikeVolatility_API\FinLabPy\Storage\..\..\Data\Alor\SPBFUT.SiH6_D1.txt
20.02.2026 10:53:16 - FileStorage - DEBUG - Первый бар    : 06.10.2025 00:00
20.02.2026 10:53:16 - FileStorage - DEBUG - Последний бар : 20.02.2026 00:00
20.02.2026 10:53:16 - FileStorage - DEBUG - Кол-во бар    : 96
20.02.2026 10:53:16 - FileStorage - DEBUG - Сохранение файла C:\Users\шадрин\PycharmProjects\CenterStrikeVolatility_API\FinLabPy\Storage\..\..\Data\Alor\SPBFUT.SiH6_D1.txt
20.02.2026 10:53:16 - FileStorage - DEBUG - Первый бар    : 06.10.2025 00:00
20.02.2026 10:53:16 - FileStorage - DEBUG - Последний бар : 20.02.2026 00:00
20.02.2026 10:53:16 - FileStorage - DEBUG - Кол-во бар    : 96
20.02.2026 10:53:16 - Schedule.BarsStream - DEBUG - Текущая дата и время на бирже: 20.02.2026 10:53:16
20.02.2026 10:53:16 - Schedule.BarsStream - DEBUG - Нужно получить бар: 20.02.2026 00:00:00
20.02.2026 10:53:16 - Schedule.BarsStream - DEBUG - Время запроса бара: 23.02.2026 09:00:03
20.02.2026 10:53:16 - Schedule.BarsStream - DEBUG - Ожидание в секундах: 252407.0
20.02.2026 10:53:16 - FileStorage - DEBUG - Получение файла C:\Users\шадрин\PycharmProjects\CenterStrikeVolatility_API\FinLabPy\Storage\..\..\Data\Alor\SPBFUT.SiH6_D1.txt
20.02.2026 10:53:16 - FileStorage - DEBUG - Первый бар    : 06.10.2025 00:00
20.02.2026 10:53:16 - FileStorage - DEBUG - Последний бар : 20.02.2026 00:00
20.02.2026 10:53:16 - FileStorage - DEBUG - Кол-во бар    : 96
20.02.2026 10:53:16 - FileStorage - DEBUG - Фильтр с 03.10.2025 10:52
20.02.2026 10:53:16 - FileStorage - DEBUG - Первый бар    : SPBFUT.SiH6 (D1) 2025-10-06 00:00:00 Open: 87.101, High: 87.638, Low: 86.591, Close: 86.731, Volume: 10858.0
20.02.2026 10:53:16 - FileStorage - DEBUG - Последний бар : SPBFUT.SiH6 (D1) 2026-02-20 00:00:00 Open: 76.23, High: 76.5, Low: 76.123, Close: 76.432, Volume: 103927.0
20.02.2026 10:53:16 - FileStorage - DEBUG - Кол-во бар    : 96
20.02.2026 10:53:16 - AlorPy - DEBUG - Запрос : /md/v2/history?exchange=MOEX&symbol=RIH6&tf=D&from=1771545600&to=1771573996&format=Simple
20.02.2026 10:53:16 - AlorPy - DEBUG - Ответ  : {"history":[{"time":1771545600,"close":116010.00000,"open":116130.00000,"high":116400.00000,"low":115810.00000,"volume":6975}],"next":null,"prev":1771459200}
20.02.2026 10:53:16 - FileStorage - DEBUG - Получение файла C:\Users\шадрин\PycharmProjects\CenterStrikeVolatility_API\FinLabPy\Storage\..\..\Data\Alor\SPBFUT.RIH6_D1.txt
20.02.2026 10:53:16 - FileStorage - DEBUG - Первый бар    : 04.10.2025 00:00
20.02.2026 10:53:16 - FileStorage - DEBUG - Последний бар : 20.02.2026 00:00
20.02.2026 10:53:16 - FileStorage - DEBUG - Кол-во бар    : 122
20.02.2026 10:53:16 - FileStorage - DEBUG - Сохранение файла C:\Users\шадрин\PycharmProjects\CenterStrikeVolatility_API\FinLabPy\Storage\..\..\Data\Alor\SPBFUT.RIH6_D1.txt
20.02.2026 10:53:16 - FileStorage - DEBUG - Первый бар    : 04.10.2025 00:00
20.02.2026 10:53:16 - FileStorage - DEBUG - Последний бар : 20.02.2026 00:00
20.02.2026 10:53:16 - FileStorage - DEBUG - Кол-во бар    : 122
20.02.2026 10:53:16 - Schedule.BarsStream - DEBUG - Текущая дата и время на бирже: 20.02.2026 10:53:16
20.02.2026 10:53:16 - Schedule.BarsStream - DEBUG - Нужно получить бар: 20.02.2026 00:00:00
20.02.2026 10:53:16 - Schedule.BarsStream - DEBUG - Время запроса бара: 23.02.2026 09:00:03
20.02.2026 10:53:16 - Schedule.BarsStream - DEBUG - Ожидание в секундах: 252407.0
20.02.2026 10:53:16 - FileStorage - DEBUG - Получение файла C:\Users\шадрин\PycharmProjects\CenterStrikeVolatility_API\FinLabPy\Storage\..\..\Data\Alor\SPBFUT.RIH6_D1.txt
20.02.2026 10:53:16 - FileStorage - DEBUG - Первый бар    : 04.10.2025 00:00
20.02.2026 10:53:16 - FileStorage - DEBUG - Последний бар : 20.02.2026 00:00
20.02.2026 10:53:16 - FileStorage - DEBUG - Кол-во бар    : 122
20.02.2026 10:53:16 - FileStorage - DEBUG - Фильтр с 03.10.2025 10:52
20.02.2026 10:53:16 - FileStorage - DEBUG - Первый бар    : SPBFUT.RIH6 (D1) 2025-10-04 00:00:00 Open: 100060.0, High: 100060.0, Low: 98820.0, Close: 99270.0, Volume: 83.0
20.02.2026 10:53:16 - FileStorage - DEBUG - Последний бар : SPBFUT.RIH6 (D1) 2026-02-20 00:00:00 Open: 116130.0, High: 116400.0, Low: 115810.0, Close: 116010.0, Volume: 6975.0
20.02.2026 10:53:16 - FileStorage - DEBUG - Кол-во бар    : 122
20.02.2026 10:53:16 - AlorPy - DEBUG - Запрос : /md/v2/history?exchange=MOEX&symbol=SiH6&tf=D&from=1771545600&to=1771573996&format=Simple
20.02.2026 10:53:16 - AlorPy - DEBUG - Ответ  : {"history":[{"time":1771545600,"close":76433.00000,"open":76230.00000,"high":76500.00000,"low":76123.00000,"volume":103929}],"next":null,"prev":1771459200}
20.02.2026 10:53:16 - FileStorage - DEBUG - Получение файла C:\Users\шадрин\PycharmProjects\CenterStrikeVolatility_API\FinLabPy\Storage\..\..\Data\Alor\SPBFUT.SiH6_D1.txt
20.02.2026 10:53:16 - FileStorage - DEBUG - Первый бар    : 06.10.2025 00:00
20.02.2026 10:53:16 - FileStorage - DEBUG - Последний бар : 20.02.2026 00:00
20.02.2026 10:53:16 - FileStorage - DEBUG - Кол-во бар    : 96
20.02.2026 10:53:16 - FileStorage - DEBUG - Сохранение файла C:\Users\шадрин\PycharmProjects\CenterStrikeVolatility_API\FinLabPy\Storage\..\..\Data\Alor\SPBFUT.SiH6_D1.txt
20.02.2026 10:53:16 - FileStorage - DEBUG - Первый бар    : 06.10.2025 00:00
20.02.2026 10:53:16 - FileStorage - DEBUG - Последний бар : 20.02.2026 00:00
20.02.2026 10:53:16 - FileStorage - DEBUG - Кол-во бар    : 96
20.02.2026 10:53:16 - Schedule.BarsStream - DEBUG - Текущая дата и время на бирже: 20.02.2026 10:53:16
20.02.2026 10:53:16 - Schedule.BarsStream - DEBUG - Нужно получить бар: 20.02.2026 00:00:00
20.02.2026 10:53:16 - Schedule.BarsStream - DEBUG - Время запроса бара: 23.02.2026 09:00:03
20.02.2026 10:53:16 - Schedule.BarsStream - DEBUG - Ожидание в секундах: 252407.0
20.02.2026 10:53:16 - FileStorage - DEBUG - Получение файла C:\Users\шадрин\PycharmProjects\CenterStrikeVolatility_API\FinLabPy\Storage\..\..\Data\Alor\SPBFUT.SiH6_D1.txt
20.02.2026 10:53:16 - FileStorage - DEBUG - Первый бар    : 06.10.2025 00:00
20.02.2026 10:53:16 - FileStorage - DEBUG - Последний бар : 20.02.2026 00:00
20.02.2026 10:53:16 - FileStorage - DEBUG - Кол-во бар    : 96
20.02.2026 10:53:16 - FileStorage - DEBUG - Фильтр с 03.10.2025 10:52
20.02.2026 10:53:16 - FileStorage - DEBUG - Первый бар    : SPBFUT.SiH6 (D1) 2025-10-06 00:00:00 Open: 87.101, High: 87.638, Low: 86.591, Close: 86.731, Volume: 10858.0
20.02.2026 10:53:16 - FileStorage - DEBUG - Последний бар : SPBFUT.SiH6 (D1) 2026-02-20 00:00:00 Open: 76.23, High: 76.5, Low: 76.123, Close: 76.433, Volume: 103929.0
20.02.2026 10:53:16 - FileStorage - DEBUG - Кол-во бар    : 96
20.02.2026 10:53:17 - AlorPy - DEBUG - Запрос : /md/v2/history?exchange=MOEX&symbol=RIH6&tf=D&from=1771545600&to=1771573996&format=Simple
20.02.2026 10:53:17 - AlorPy - DEBUG - Ответ  : {"history":[{"time":1771545600,"close":116010.00000,"open":116130.00000,"high":116400.00000,"low":115810.00000,"volume":6975}],"next":null,"prev":1771459200}
20.02.2026 10:53:17 - FileStorage - DEBUG - Получение файла C:\Users\шадрин\PycharmProjects\CenterStrikeVolatility_API\FinLabPy\Storage\..\..\Data\Alor\SPBFUT.RIH6_D1.txt
20.02.2026 10:53:17 - FileStorage - DEBUG - Первый бар    : 04.10.2025 00:00
20.02.2026 10:53:17 - FileStorage - DEBUG - Последний бар : 20.02.2026 00:00
20.02.2026 10:53:17 - FileStorage - DEBUG - Кол-во бар    : 122
20.02.2026 10:53:17 - FileStorage - DEBUG - Сохранение файла C:\Users\шадрин\PycharmProjects\CenterStrikeVolatility_API\FinLabPy\Storage\..\..\Data\Alor\SPBFUT.RIH6_D1.txt
20.02.2026 10:53:17 - FileStorage - DEBUG - Первый бар    : 04.10.2025 00:00
20.02.2026 10:53:17 - FileStorage - DEBUG - Последний бар : 20.02.2026 00:00
20.02.2026 10:53:17 - FileStorage - DEBUG - Кол-во бар    : 122
20.02.2026 10:53:17 - Schedule.BarsStream - DEBUG - Текущая дата и время на бирже: 20.02.2026 10:53:17
20.02.2026 10:53:17 - Schedule.BarsStream - DEBUG - Нужно получить бар: 20.02.2026 00:00:00
20.02.2026 10:53:17 - Schedule.BarsStream - DEBUG - Время запроса бара: 23.02.2026 09:00:03
20.02.2026 10:53:17 - Schedule.BarsStream - DEBUG - Ожидание в секундах: 252406.0
20.02.2026 10:53:17 - FileStorage - DEBUG - Получение файла C:\Users\шадрин\PycharmProjects\CenterStrikeVolatility_API\FinLabPy\Storage\..\..\Data\Alor\SPBFUT.RIH6_D1.txt
20.02.2026 10:53:17 - FileStorage - DEBUG - Первый бар    : 04.10.2025 00:00
20.02.2026 10:53:17 - FileStorage - DEBUG - Последний бар : 20.02.2026 00:00
20.02.2026 10:53:17 - FileStorage - DEBUG - Кол-во бар    : 122
20.02.2026 10:53:17 - FileStorage - DEBUG - Фильтр с 03.10.2025 10:52
20.02.2026 10:53:17 - FileStorage - DEBUG - Первый бар    : SPBFUT.RIH6 (D1) 2025-10-04 00:00:00 Open: 100060.0, High: 100060.0, Low: 98820.0, Close: 99270.0, Volume: 83.0
20.02.2026 10:53:17 - FileStorage - DEBUG - Последний бар : SPBFUT.RIH6 (D1) 2026-02-20 00:00:00 Open: 116130.0, High: 116400.0, Low: 115810.0, Close: 116010.0, Volume: 6975.0
20.02.2026 10:53:17 - FileStorage - DEBUG - Кол-во бар    : 122
20.02.2026 10:53:17 - AlorPy - DEBUG - Запрос : /md/v2/history?exchange=MOEX&symbol=SiH6&tf=D&from=1771545600&to=1771573996&format=Simple
20.02.2026 10:53:17 - AlorPy - DEBUG - Ответ  : {"history":[{"time":1771545600,"close":76433.00000,"open":76230.00000,"high":76500.00000,"low":76123.00000,"volume":103929}],"next":null,"prev":1771459200}
20.02.2026 10:53:17 - FileStorage - DEBUG - Получение файла C:\Users\шадрин\PycharmProjects\CenterStrikeVolatility_API\FinLabPy\Storage\..\..\Data\Alor\SPBFUT.SiH6_D1.txt
20.02.2026 10:53:17 - FileStorage - DEBUG - Первый бар    : 06.10.2025 00:00
20.02.2026 10:53:17 - FileStorage - DEBUG - Последний бар : 20.02.2026 00:00
20.02.2026 10:53:17 - FileStorage - DEBUG - Кол-во бар    : 96
20.02.2026 10:53:17 - FileStorage - DEBUG - Сохранение файла C:\Users\шадрин\PycharmProjects\CenterStrikeVolatility_API\FinLabPy\Storage\..\..\Data\Alor\SPBFUT.SiH6_D1.txt
20.02.2026 10:53:17 - FileStorage - DEBUG - Первый бар    : 06.10.2025 00:00
20.02.2026 10:53:17 - FileStorage - DEBUG - Последний бар : 20.02.2026 00:00
20.02.2026 10:53:17 - FileStorage - DEBUG - Кол-во бар    : 96
20.02.2026 10:53:17 - Schedule.BarsStream - DEBUG - Текущая дата и время на бирже: 20.02.2026 10:53:17
20.02.2026 10:53:17 - Schedule.BarsStream - DEBUG - Нужно получить бар: 20.02.2026 00:00:00
20.02.2026 10:53:17 - Schedule.BarsStream - DEBUG - Время запроса бара: 23.02.2026 09:00:03
20.02.2026 10:53:17 - Schedule.BarsStream - DEBUG - Ожидание в секундах: 252406.0
20.02.2026 10:53:17 - FileStorage - DEBUG - Получение файла C:\Users\шадрин\PycharmProjects\CenterStrikeVolatility_API\FinLabPy\Storage\..\..\Data\Alor\SPBFUT.SiH6_D1.txt
20.02.2026 10:53:17 - FileStorage - DEBUG - Первый бар    : 06.10.2025 00:00
20.02.2026 10:53:17 - FileStorage - DEBUG - Последний бар : 20.02.2026 00:00
20.02.2026 10:53:17 - FileStorage - DEBUG - Кол-во бар    : 96
20.02.2026 10:53:17 - FileStorage - DEBUG - Фильтр с 03.10.2025 10:52
20.02.2026 10:53:17 - FileStorage - DEBUG - Первый бар    : SPBFUT.SiH6 (D1) 2025-10-06 00:00:00 Open: 87.101, High: 87.638, Low: 86.591, Close: 86.731, Volume: 10858.0
20.02.2026 10:53:17 - FileStorage - DEBUG - Последний бар : SPBFUT.SiH6 (D1) 2026-02-20 00:00:00 Open: 76.23, High: 76.5, Low: 76.123, Close: 76.433, Volume: 103929.0
20.02.2026 10:53:17 - FileStorage - DEBUG - Кол-во бар    : 96
20.02.2026 10:53:18 - Schedule.BarsStream - DEBUG - Текущая дата и время на бирже: 20.02.2026 10:53:18
20.02.2026 10:53:18 - Schedule.BarsStream - DEBUG - Нужно получить бар: 20.02.2026 00:00:00
20.02.2026 10:53:18 - Schedule.BarsStream - DEBUG - Время запроса бара: 23.02.2026 09:00:03
20.02.2026 10:53:18 - Schedule.BarsStream - DEBUG - Ожидание в секундах: 252405.0
20.02.2026 10:53:18 - AlorPy - DEBUG - Запрос : /md/v2/history?exchange=MOEX&symbol=RIH6&tf=D&from=1771545600&to=1771573997&format=Simple
20.02.2026 10:53:18 - AlorPy - DEBUG - Ответ  : {"history":[{"time":1771545600,"close":116010.00000,"open":116130.00000,"high":116400.00000,"low":115810.00000,"volume":6975}],"next":null,"prev":1771459200}
20.02.2026 10:53:18 - FileStorage - DEBUG - Получение файла C:\Users\шадрин\PycharmProjects\CenterStrikeVolatility_API\FinLabPy\Storage\..\..\Data\Alor\SPBFUT.RIH6_D1.txt
20.02.2026 10:53:18 - FileStorage - DEBUG - Первый бар    : 04.10.2025 00:00
20.02.2026 10:53:18 - FileStorage - DEBUG - Последний бар : 20.02.2026 00:00
20.02.2026 10:53:18 - FileStorage - DEBUG - Кол-во бар    : 122
20.02.2026 10:53:18 - FileStorage - DEBUG - Сохранение файла C:\Users\шадрин\PycharmProjects\CenterStrikeVolatility_API\FinLabPy\Storage\..\..\Data\Alor\SPBFUT.RIH6_D1.txt
20.02.2026 10:53:18 - FileStorage - DEBUG - Первый бар    : 04.10.2025 00:00
20.02.2026 10:53:18 - FileStorage - DEBUG - Последний бар : 20.02.2026 00:00
20.02.2026 10:53:18 - FileStorage - DEBUG - Кол-во бар    : 122
20.02.2026 10:53:18 - Schedule.BarsStream - DEBUG - Текущая дата и время на бирже: 20.02.2026 10:53:18
20.02.2026 10:53:18 - Schedule.BarsStream - DEBUG - Нужно получить бар: 20.02.2026 00:00:00
20.02.2026 10:53:18 - Schedule.BarsStream - DEBUG - Время запроса бара: 23.02.2026 09:00:03
20.02.2026 10:53:18 - Schedule.BarsStream - DEBUG - Ожидание в секундах: 252405.0
20.02.2026 10:53:18 - FileStorage - DEBUG - Получение файла C:\Users\шадрин\PycharmProjects\CenterStrikeVolatility_API\FinLabPy\Storage\..\..\Data\Alor\SPBFUT.RIH6_D1.txt
20.02.2026 10:53:18 - FileStorage - DEBUG - Первый бар    : 04.10.2025 00:00
20.02.2026 10:53:18 - FileStorage - DEBUG - Последний бар : 20.02.2026 00:00
20.02.2026 10:53:18 - FileStorage - DEBUG - Кол-во бар    : 122
20.02.2026 10:53:18 - FileStorage - DEBUG - Фильтр с 03.10.2025 10:52
20.02.2026 10:53:18 - FileStorage - DEBUG - Первый бар    : SPBFUT.RIH6 (D1) 2025-10-04 00:00:00 Open: 100060.0, High: 100060.0, Low: 98820.0, Close: 99270.0, Volume: 83.0
20.02.2026 10:53:18 - FileStorage - DEBUG - Последний бар : SPBFUT.RIH6 (D1) 2026-02-20 00:00:00 Open: 116130.0, High: 116400.0, Low: 115810.0, Close: 116010.0, Volume: 6975.0
20.02.2026 10:53:18 - FileStorage - DEBUG - Кол-во бар    : 122
20.02.2026 10:53:18 - AlorPy - DEBUG - Запрос : /md/v2/history?exchange=MOEX&symbol=SiH6&tf=D&from=1771545600&to=1771573997&format=Simple
20.02.2026 10:53:18 - AlorPy - DEBUG - Ответ  : {"history":[{"time":1771545600,"close":76432.00000,"open":76230.00000,"high":76500.00000,"low":76123.00000,"volume":103931}],"next":null,"prev":1771459200}
20.02.2026 10:53:18 - FileStorage - DEBUG - Получение файла C:\Users\шадрин\PycharmProjects\CenterStrikeVolatility_API\FinLabPy\Storage\..\..\Data\Alor\SPBFUT.SiH6_D1.txt
20.02.2026 10:53:18 - FileStorage - DEBUG - Первый бар    : 06.10.2025 00:00
20.02.2026 10:53:18 - FileStorage - DEBUG - Последний бар : 20.02.2026 00:00
20.02.2026 10:53:18 - FileStorage - DEBUG - Кол-во бар    : 96
20.02.2026 10:53:18 - FileStorage - DEBUG - Сохранение файла C:\Users\шадрин\PycharmProjects\CenterStrikeVolatility_API\FinLabPy\Storage\..\..\Data\Alor\SPBFUT.SiH6_D1.txt
20.02.2026 10:53:18 - FileStorage - DEBUG - Первый бар    : 06.10.2025 00:00
20.02.2026 10:53:18 - FileStorage - DEBUG - Последний бар : 20.02.2026 00:00
20.02.2026 10:53:18 - FileStorage - DEBUG - Кол-во бар    : 96
20.02.2026 10:53:18 - Schedule.BarsStream - DEBUG - Текущая дата и время на бирже: 20.02.2026 10:53:18
20.02.2026 10:53:18 - Schedule.BarsStream - DEBUG - Нужно получить бар: 20.02.2026 00:00:00
20.02.2026 10:53:18 - Schedule.BarsStream - DEBUG - Время запроса бара: 23.02.2026 09:00:03
20.02.2026 10:53:18 - Schedule.BarsStream - DEBUG - Ожидание в секундах: 252405.0
20.02.2026 10:53:18 - FileStorage - DEBUG - Получение файла C:\Users\шадрин\PycharmProjects\CenterStrikeVolatility_API\FinLabPy\Storage\..\..\Data\Alor\SPBFUT.SiH6_D1.txt
20.02.2026 10:53:18 - FileStorage - DEBUG - Первый бар    : 06.10.2025 00:00
20.02.2026 10:53:18 - FileStorage - DEBUG - Последний бар : 20.02.2026 00:00
20.02.2026 10:53:18 - FileStorage - DEBUG - Кол-во бар    : 96
20.02.2026 10:53:18 - FileStorage - DEBUG - Фильтр с 03.10.2025 10:52
20.02.2026 10:53:18 - FileStorage - DEBUG - Первый бар    : SPBFUT.SiH6 (D1) 2025-10-06 00:00:00 Open: 87.101, High: 87.638, Low: 86.591, Close: 86.731, Volume: 10858.0
20.02.2026 10:53:18 - FileStorage - DEBUG - Последний бар : SPBFUT.SiH6 (D1) 2026-02-20 00:00:00 Open: 76.23, High: 76.5, Low: 76.123, Close: 76.432, Volume: 103931.0
20.02.2026 10:53:18 - FileStorage - DEBUG - Кол-во бар    : 96
20.02.2026 10:53:18 - AlorPy - DEBUG - Запрос : /md/v2/Securities/MOEX/RIM6?format=Simple
20.02.2026 10:53:18 - AlorPy - DEBUG - Ответ  : {"symbol":"RTS-6.26","shortname":"RIM6","description":"RIM6","exchange":"MOEX","market":"FORTS","type":"Фьючерсный контракт RTS-6.26","lotsize":1,"facevalue":1,"cfiCode":"FFXCSX","cancellation":"2026-06-18T00:00:00.0000000","minstep":10,"rating":665,"marginbuy":28089.37,"marginsell":28593.22,"marginrate":0,"priceMax":124620,"priceMin":108560,"theorPrice":0,"theorPriceLimit":0,"volatility":0,"currency":"USD","ISIN":null,"yield":null,"board":"RFUD","primary_board":"RFUD","tradingStatus":17,"tradingStatusInfo":"нормальный период торгов","complexProductCategory":"2","priceMultiplier":1,"priceShownUnits":1,"pricestep":15.3281}
20.02.2026 10:53:18 - FileStorage - DEBUG - Получение файла C:\Users\шадрин\PycharmProjects\CenterStrikeVolatility_API\FinLabPy\Storage\..\..\Data\Alor\SPBFUT.RIM6_D1.txt
20.02.2026 10:53:18 - FileStorage - DEBUG - Первый бар    : 04.10.2025 00:00
20.02.2026 10:53:18 - FileStorage - DEBUG - Последний бар : 20.02.2026 00:00
20.02.2026 10:53:18 - FileStorage - DEBUG - Кол-во бар    : 107
20.02.2026 10:53:18 - FileStorage - DEBUG - Фильтр с 03.10.2025 10:52
20.02.2026 10:53:18 - FileStorage - DEBUG - Первый бар    : SPBFUT.RIM6 (D1) 2025-10-04 00:00:00 Open: 101350.0, High: 101350.0, Low: 101350.0, Close: 101350.0, Volume: 1.0
20.02.2026 10:53:18 - FileStorage - DEBUG - Последний бар : SPBFUT.RIM6 (D1) 2026-02-20 00:00:00 Open: 116470.0, High: 116770.0, Low: 116290.0, Close: 116500.0, Volume: 61.0
20.02.2026 10:53:18 - FileStorage - DEBUG - Кол-во бар    : 107
20.02.2026 10:53:18 - AlorPy - DEBUG - Запрос : /md/v2/history?exchange=MOEX&symbol=RIH6&tf=D&from=1771545600&to=1771573998&format=Simple
20.02.2026 10:53:18 - AlorPy - DEBUG - Ответ  : {"history":[{"time":1771545600,"close":116010.00000,"open":116130.00000,"high":116400.00000,"low":115810.00000,"volume":6975}],"next":null,"prev":1771459200}
20.02.2026 10:53:18 - FileStorage - DEBUG - Получение файла C:\Users\шадрин\PycharmProjects\CenterStrikeVolatility_API\FinLabPy\Storage\..\..\Data\Alor\SPBFUT.RIH6_D1.txt
20.02.2026 10:53:18 - FileStorage - DEBUG - Первый бар    : 04.10.2025 00:00
20.02.2026 10:53:18 - FileStorage - DEBUG - Последний бар : 20.02.2026 00:00
20.02.2026 10:53:18 - FileStorage - DEBUG - Кол-во бар    : 122
20.02.2026 10:53:19 - FileStorage - DEBUG - Сохранение файла C:\Users\шадрин\PycharmProjects\CenterStrikeVolatility_API\FinLabPy\Storage\..\..\Data\Alor\SPBFUT.RIH6_D1.txt
20.02.2026 10:53:19 - FileStorage - DEBUG - Первый бар    : 04.10.2025 00:00
20.02.2026 10:53:19 - FileStorage - DEBUG - Последний бар : 20.02.2026 00:00
20.02.2026 10:53:19 - FileStorage - DEBUG - Кол-во бар    : 122
20.02.2026 10:53:19 - Schedule.BarsStream - DEBUG - Текущая дата и время на бирже: 20.02.2026 10:53:19
20.02.2026 10:53:19 - Schedule.BarsStream - DEBUG - Нужно получить бар: 20.02.2026 00:00:00
20.02.2026 10:53:19 - Schedule.BarsStream - DEBUG - Время запроса бара: 23.02.2026 09:00:03
20.02.2026 10:53:19 - Schedule.BarsStream - DEBUG - Ожидание в секундах: 252404.0
20.02.2026 10:53:19 - FileStorage - DEBUG - Получение файла C:\Users\шадрин\PycharmProjects\CenterStrikeVolatility_API\FinLabPy\Storage\..\..\Data\Alor\SPBFUT.RIH6_D1.txt
20.02.2026 10:53:19 - FileStorage - DEBUG - Первый бар    : 04.10.2025 00:00
20.02.2026 10:53:19 - FileStorage - DEBUG - Последний бар : 20.02.2026 00:00
20.02.2026 10:53:19 - FileStorage - DEBUG - Кол-во бар    : 122
20.02.2026 10:53:19 - FileStorage - DEBUG - Фильтр с 03.10.2025 10:52
20.02.2026 10:53:19 - FileStorage - DEBUG - Первый бар    : SPBFUT.RIH6 (D1) 2025-10-04 00:00:00 Open: 100060.0, High: 100060.0, Low: 98820.0, Close: 99270.0, Volume: 83.0
20.02.2026 10:53:19 - FileStorage - DEBUG - Последний бар : SPBFUT.RIH6 (D1) 2026-02-20 00:00:00 Open: 116130.0, High: 116400.0, Low: 115810.0, Close: 116010.0, Volume: 6975.0
20.02.2026 10:53:19 - FileStorage - DEBUG - Кол-во бар    : 122
20.02.2026 10:53:19 - AlorPy - DEBUG - Запрос : /md/v2/history?exchange=MOEX&symbol=SiH6&tf=D&from=1771545600&to=1771573998&format=Simple
20.02.2026 10:53:19 - AlorPy - DEBUG - Ответ  : {"history":[{"time":1771545600,"close":76432.00000,"open":76230.00000,"high":76500.00000,"low":76123.00000,"volume":103933}],"next":null,"prev":1771459200}
20.02.2026 10:53:19 - FileStorage - DEBUG - Получение файла C:\Users\шадрин\PycharmProjects\CenterStrikeVolatility_API\FinLabPy\Storage\..\..\Data\Alor\SPBFUT.SiH6_D1.txt
20.02.2026 10:53:19 - FileStorage - DEBUG - Первый бар    : 06.10.2025 00:00
20.02.2026 10:53:19 - FileStorage - DEBUG - Последний бар : 20.02.2026 00:00
20.02.2026 10:53:19 - FileStorage - DEBUG - Кол-во бар    : 96
20.02.2026 10:53:19 - FileStorage - DEBUG - Сохранение файла C:\Users\шадрин\PycharmProjects\CenterStrikeVolatility_API\FinLabPy\Storage\..\..\Data\Alor\SPBFUT.SiH6_D1.txt
20.02.2026 10:53:19 - FileStorage - DEBUG - Первый бар    : 06.10.2025 00:00
20.02.2026 10:53:19 - FileStorage - DEBUG - Последний бар : 20.02.2026 00:00
20.02.2026 10:53:19 - FileStorage - DEBUG - Кол-во бар    : 96
20.02.2026 10:53:19 - Schedule.BarsStream - DEBUG - Текущая дата и время на бирже: 20.02.2026 10:53:19
20.02.2026 10:53:19 - Schedule.BarsStream - DEBUG - Нужно получить бар: 20.02.2026 00:00:00
20.02.2026 10:53:19 - Schedule.BarsStream - DEBUG - Время запроса бара: 23.02.2026 09:00:03
20.02.2026 10:53:19 - Schedule.BarsStream - DEBUG - Ожидание в секундах: 252404.0
20.02.2026 10:53:19 - FileStorage - DEBUG - Получение файла C:\Users\шадрин\PycharmProjects\CenterStrikeVolatility_API\FinLabPy\Storage\..\..\Data\Alor\SPBFUT.SiH6_D1.txt
20.02.2026 10:53:19 - FileStorage - DEBUG - Первый бар    : 06.10.2025 00:00
20.02.2026 10:53:19 - FileStorage - DEBUG - Последний бар : 20.02.2026 00:00
20.02.2026 10:53:19 - FileStorage - DEBUG - Кол-во бар    : 96
20.02.2026 10:53:19 - FileStorage - DEBUG - Фильтр с 03.10.2025 10:52
20.02.2026 10:53:19 - FileStorage - DEBUG - Первый бар    : SPBFUT.SiH6 (D1) 2025-10-06 00:00:00 Open: 87.101, High: 87.638, Low: 86.591, Close: 86.731, Volume: 10858.0
20.02.2026 10:53:19 - FileStorage - DEBUG - Последний бар : SPBFUT.SiH6 (D1) 2026-02-20 00:00:00 Open: 76.23, High: 76.5, Low: 76.123, Close: 76.432, Volume: 103933.0
20.02.2026 10:53:19 - FileStorage - DEBUG - Кол-во бар    : 96
20.02.2026 10:53:19 - AlorPy - DEBUG - Запрос : /md/v2/history?exchange=MOEX&symbol=RIH6&tf=D&from=1771545600&to=1771573999&format=Simple
20.02.2026 10:53:19 - AlorPy - DEBUG - Ответ  : {"history":[{"time":1771545600,"close":116010.00000,"open":116130.00000,"high":116400.00000,"low":115810.00000,"volume":6975}],"next":null,"prev":1771459200}
20.02.2026 10:53:19 - FileStorage - DEBUG - Получение файла C:\Users\шадрин\PycharmProjects\CenterStrikeVolatility_API\FinLabPy\Storage\..\..\Data\Alor\SPBFUT.RIH6_D1.txt
20.02.2026 10:53:19 - FileStorage - DEBUG - Первый бар    : 04.10.2025 00:00
20.02.2026 10:53:19 - FileStorage - DEBUG - Последний бар : 20.02.2026 00:00
20.02.2026 10:53:19 - FileStorage - DEBUG - Кол-во бар    : 122
20.02.2026 10:53:19 - FileStorage - DEBUG - Сохранение файла C:\Users\шадрин\PycharmProjects\CenterStrikeVolatility_API\FinLabPy\Storage\..\..\Data\Alor\SPBFUT.RIH6_D1.txt
20.02.2026 10:53:19 - FileStorage - DEBUG - Первый бар    : 04.10.2025 00:00
20.02.2026 10:53:19 - FileStorage - DEBUG - Последний бар : 20.02.2026 00:00
20.02.2026 10:53:19 - FileStorage - DEBUG - Кол-во бар    : 122
20.02.2026 10:53:19 - Schedule.BarsStream - DEBUG - Текущая дата и время на бирже: 20.02.2026 10:53:19
20.02.2026 10:53:19 - Schedule.BarsStream - DEBUG - Нужно получить бар: 20.02.2026 00:00:00
20.02.2026 10:53:19 - Schedule.BarsStream - DEBUG - Время запроса бара: 23.02.2026 09:00:03
20.02.2026 10:53:19 - Schedule.BarsStream - DEBUG - Ожидание в секундах: 252404.0
20.02.2026 10:53:19 - FileStorage - DEBUG - Получение файла C:\Users\шадрин\PycharmProjects\CenterStrikeVolatility_API\FinLabPy\Storage\..\..\Data\Alor\SPBFUT.RIH6_D1.txt
20.02.2026 10:53:19 - FileStorage - DEBUG - Первый бар    : 04.10.2025 00:00
20.02.2026 10:53:19 - FileStorage - DEBUG - Последний бар : 20.02.2026 00:00
20.02.2026 10:53:19 - FileStorage - DEBUG - Кол-во бар    : 122
20.02.2026 10:53:19 - FileStorage - DEBUG - Фильтр с 03.10.2025 10:52
20.02.2026 10:53:19 - FileStorage - DEBUG - Первый бар    : SPBFUT.RIH6 (D1) 2025-10-04 00:00:00 Open: 100060.0, High: 100060.0, Low: 98820.0, Close: 99270.0, Volume: 83.0
20.02.2026 10:53:19 - FileStorage - DEBUG - Последний бар : SPBFUT.RIH6 (D1) 2026-02-20 00:00:00 Open: 116130.0, High: 116400.0, Low: 115810.0, Close: 116010.0, Volume: 6975.0
20.02.2026 10:53:19 - FileStorage - DEBUG - Кол-во бар    : 122
20.02.2026 10:53:19 - AlorPy - DEBUG - Запрос : /md/v2/history?exchange=MOEX&symbol=RIM6&tf=D&from=1771545600&to=1771573998&format=Simple
20.02.2026 10:53:19 - AlorPy - DEBUG - Ответ  : {"history":[{"time":1771545600,"close":116460.00000,"open":116470.00000,"high":116770.00000,"low":116290.00000,"volume":155}],"next":null,"prev":1771459200}
20.02.2026 10:53:19 - FileStorage - DEBUG - Получение файла C:\Users\шадрин\PycharmProjects\CenterStrikeVolatility_API\FinLabPy\Storage\..\..\Data\Alor\SPBFUT.RIM6_D1.txt
20.02.2026 10:53:19 - FileStorage - DEBUG - Первый бар    : 04.10.2025 00:00
20.02.2026 10:53:19 - FileStorage - DEBUG - Последний бар : 20.02.2026 00:00
20.02.2026 10:53:19 - FileStorage - DEBUG - Кол-во бар    : 107
20.02.2026 10:53:19 - FileStorage - DEBUG - Сохранение файла C:\Users\шадрин\PycharmProjects\CenterStrikeVolatility_API\FinLabPy\Storage\..\..\Data\Alor\SPBFUT.RIM6_D1.txt
20.02.2026 10:53:19 - FileStorage - DEBUG - Первый бар    : 04.10.2025 00:00
20.02.2026 10:53:19 - FileStorage - DEBUG - Последний бар : 20.02.2026 00:00
20.02.2026 10:53:19 - FileStorage - DEBUG - Кол-во бар    : 107
20.02.2026 10:53:19 - Schedule.BarsStream - DEBUG - Текущая дата и время на бирже: 20.02.2026 10:53:19
20.02.2026 10:53:19 - Schedule.BarsStream - DEBUG - Нужно получить бар: 20.02.2026 00:00:00
20.02.2026 10:53:19 - Schedule.BarsStream - DEBUG - Время запроса бара: 23.02.2026 09:00:03
20.02.2026 10:53:19 - Schedule.BarsStream - DEBUG - Ожидание в секундах: 252404.0
20.02.2026 10:53:19 - FileStorage - DEBUG - Получение файла C:\Users\шадрин\PycharmProjects\CenterStrikeVolatility_API\FinLabPy\Storage\..\..\Data\Alor\SPBFUT.RIM6_D1.txt
20.02.2026 10:53:19 - FileStorage - DEBUG - Первый бар    : 04.10.2025 00:00
20.02.2026 10:53:19 - FileStorage - DEBUG - Последний бар : 20.02.2026 00:00
20.02.2026 10:53:19 - FileStorage - DEBUG - Кол-во бар    : 107
20.02.2026 10:53:19 - FileStorage - DEBUG - Фильтр с 03.10.2025 10:52
20.02.2026 10:53:19 - FileStorage - DEBUG - Первый бар    : SPBFUT.RIM6 (D1) 2025-10-04 00:00:00 Open: 101350.0, High: 101350.0, Low: 101350.0, Close: 101350.0, Volume: 1.0
20.02.2026 10:53:19 - FileStorage - DEBUG - Последний бар : SPBFUT.RIM6 (D1) 2026-02-20 00:00:00 Open: 116470.0, High: 116770.0, Low: 116290.0, Close: 116460.0, Volume: 155.0
20.02.2026 10:53:19 - FileStorage - DEBUG - Кол-во бар    : 107
20.02.2026 10:53:19 - AlorPy - DEBUG - Запрос : /md/v2/history?exchange=MOEX&symbol=SiH6&tf=D&from=1771545600&to=1771573999&format=Simple
20.02.2026 10:53:19 - AlorPy - DEBUG - Ответ  : {"history":[{"time":1771545600,"close":76433.00000,"open":76230.00000,"high":76500.00000,"low":76123.00000,"volume":103935}],"next":null,"prev":1771459200}
20.02.2026 10:53:19 - FileStorage - DEBUG - Получение файла C:\Users\шадрин\PycharmProjects\CenterStrikeVolatility_API\FinLabPy\Storage\..\..\Data\Alor\SPBFUT.SiH6_D1.txt
20.02.2026 10:53:19 - FileStorage - DEBUG - Первый бар    : 06.10.2025 00:00
20.02.2026 10:53:19 - FileStorage - DEBUG - Последний бар : 20.02.2026 00:00
20.02.2026 10:53:19 - FileStorage - DEBUG - Кол-во бар    : 96
20.02.2026 10:53:19 - FileStorage - DEBUG - Сохранение файла C:\Users\шадрин\PycharmProjects\CenterStrikeVolatility_API\FinLabPy\Storage\..\..\Data\Alor\SPBFUT.SiH6_D1.txt
20.02.2026 10:53:19 - FileStorage - DEBUG - Первый бар    : 06.10.2025 00:00
20.02.2026 10:53:19 - FileStorage - DEBUG - Последний бар : 20.02.2026 00:00
20.02.2026 10:53:19 - FileStorage - DEBUG - Кол-во бар    : 96
20.02.2026 10:53:19 - Schedule.BarsStream - DEBUG - Текущая дата и время на бирже: 20.02.2026 10:53:19
20.02.2026 10:53:19 - Schedule.BarsStream - DEBUG - Нужно получить бар: 20.02.2026 00:00:00
20.02.2026 10:53:19 - Schedule.BarsStream - DEBUG - Время запроса бара: 23.02.2026 09:00:03
20.02.2026 10:53:19 - Schedule.BarsStream - DEBUG - Ожидание в секундах: 252404.0
20.02.2026 10:53:19 - FileStorage - DEBUG - Получение файла C:\Users\шадрин\PycharmProjects\CenterStrikeVolatility_API\FinLabPy\Storage\..\..\Data\Alor\SPBFUT.SiH6_D1.txt
20.02.2026 10:53:19 - FileStorage - DEBUG - Первый бар    : 06.10.2025 00:00
20.02.2026 10:53:19 - FileStorage - DEBUG - Последний бар : 20.02.2026 00:00
20.02.2026 10:53:19 - FileStorage - DEBUG - Кол-во бар    : 96
20.02.2026 10:53:19 - FileStorage - DEBUG - Фильтр с 03.10.2025 10:52
20.02.2026 10:53:19 - FileStorage - DEBUG - Первый бар    : SPBFUT.SiH6 (D1) 2025-10-06 00:00:00 Open: 87.101, High: 87.638, Low: 86.591, Close: 86.731, Volume: 10858.0
20.02.2026 10:53:19 - FileStorage - DEBUG - Последний бар : SPBFUT.SiH6 (D1) 2026-02-20 00:00:00 Open: 76.23, High: 76.5, Low: 76.123, Close: 76.433, Volume: 103935.0
20.02.2026 10:53:19 - FileStorage - DEBUG - Кол-во бар    : 96
20.02.2026 10:53:20 - AlorPy - DEBUG - Запрос : /md/v2/history?exchange=MOEX&symbol=RIH6&tf=D&from=1771545600&to=1771573999&format=Simple
20.02.2026 10:53:20 - AlorPy - DEBUG - Ответ  : {"history":[{"time":1771545600,"close":116010.00000,"open":116130.00000,"high":116400.00000,"low":115810.00000,"volume":6975}],"next":null,"prev":1771459200}
20.02.2026 10:53:20 - FileStorage - DEBUG - Получение файла C:\Users\шадрин\PycharmProjects\CenterStrikeVolatility_API\FinLabPy\Storage\..\..\Data\Alor\SPBFUT.RIH6_D1.txt
20.02.2026 10:53:20 - FileStorage - DEBUG - Первый бар    : 04.10.2025 00:00
20.02.2026 10:53:20 - FileStorage - DEBUG - Последний бар : 20.02.2026 00:00
20.02.2026 10:53:20 - FileStorage - DEBUG - Кол-во бар    : 122
20.02.2026 10:53:20 - FileStorage - DEBUG - Сохранение файла C:\Users\шадрин\PycharmProjects\CenterStrikeVolatility_API\FinLabPy\Storage\..\..\Data\Alor\SPBFUT.RIH6_D1.txt
20.02.2026 10:53:20 - FileStorage - DEBUG - Первый бар    : 04.10.2025 00:00
20.02.2026 10:53:20 - FileStorage - DEBUG - Последний бар : 20.02.2026 00:00
20.02.2026 10:53:20 - FileStorage - DEBUG - Кол-во бар    : 122
20.02.2026 10:53:20 - Schedule.BarsStream - DEBUG - Текущая дата и время на бирже: 20.02.2026 10:53:20
20.02.2026 10:53:20 - Schedule.BarsStream - DEBUG - Нужно получить бар: 20.02.2026 00:00:00
20.02.2026 10:53:20 - Schedule.BarsStream - DEBUG - Время запроса бара: 23.02.2026 09:00:03
20.02.2026 10:53:20 - Schedule.BarsStream - DEBUG - Ожидание в секундах: 252403.0
20.02.2026 10:53:20 - FileStorage - DEBUG - Получение файла C:\Users\шадрин\PycharmProjects\CenterStrikeVolatility_API\FinLabPy\Storage\..\..\Data\Alor\SPBFUT.RIH6_D1.txt
20.02.2026 10:53:20 - FileStorage - DEBUG - Первый бар    : 04.10.2025 00:00
20.02.2026 10:53:20 - FileStorage - DEBUG - Последний бар : 20.02.2026 00:00
20.02.2026 10:53:20 - FileStorage - DEBUG - Кол-во бар    : 122
20.02.2026 10:53:20 - FileStorage - DEBUG - Фильтр с 03.10.2025 10:52
20.02.2026 10:53:20 - FileStorage - DEBUG - Первый бар    : SPBFUT.RIH6 (D1) 2025-10-04 00:00:00 Open: 100060.0, High: 100060.0, Low: 98820.0, Close: 99270.0, Volume: 83.0
20.02.2026 10:53:20 - FileStorage - DEBUG - Последний бар : SPBFUT.RIH6 (D1) 2026-02-20 00:00:00 Open: 116130.0, High: 116400.0, Low: 115810.0, Close: 116010.0, Volume: 6975.0
20.02.2026 10:53:20 - FileStorage - DEBUG - Кол-во бар    : 122
20.02.2026 10:53:20 - AlorPy - DEBUG - Запрос : /md/v2/history?exchange=MOEX&symbol=RIM6&tf=D&from=1771545600&to=1771573999&format=Simple
20.02.2026 10:53:20 - AlorPy - DEBUG - Ответ  : {"history":[{"time":1771545600,"close":116460.00000,"open":116470.00000,"high":116770.00000,"low":116290.00000,"volume":155}],"next":null,"prev":1771459200}
20.02.2026 10:53:20 - FileStorage - DEBUG - Получение файла C:\Users\шадрин\PycharmProjects\CenterStrikeVolatility_API\FinLabPy\Storage\..\..\Data\Alor\SPBFUT.RIM6_D1.txt
20.02.2026 10:53:20 - FileStorage - DEBUG - Первый бар    : 04.10.2025 00:00
20.02.2026 10:53:20 - FileStorage - DEBUG - Последний бар : 20.02.2026 00:00
20.02.2026 10:53:20 - FileStorage - DEBUG - Кол-во бар    : 107
20.02.2026 10:53:20 - FileStorage - DEBUG - Сохранение файла C:\Users\шадрин\PycharmProjects\CenterStrikeVolatility_API\FinLabPy\Storage\..\..\Data\Alor\SPBFUT.RIM6_D1.txt
20.02.2026 10:53:20 - FileStorage - DEBUG - Первый бар    : 04.10.2025 00:00
20.02.2026 10:53:20 - FileStorage - DEBUG - Последний бар : 20.02.2026 00:00
20.02.2026 10:53:20 - FileStorage - DEBUG - Кол-во бар    : 107
20.02.2026 10:53:20 - Schedule.BarsStream - DEBUG - Текущая дата и время на бирже: 20.02.2026 10:53:20
20.02.2026 10:53:20 - Schedule.BarsStream - DEBUG - Нужно получить бар: 20.02.2026 00:00:00
20.02.2026 10:53:20 - Schedule.BarsStream - DEBUG - Время запроса бара: 23.02.2026 09:00:03
20.02.2026 10:53:20 - Schedule.BarsStream - DEBUG - Ожидание в секундах: 252403.0
20.02.2026 10:53:20 - FileStorage - DEBUG - Получение файла C:\Users\шадрин\PycharmProjects\CenterStrikeVolatility_API\FinLabPy\Storage\..\..\Data\Alor\SPBFUT.RIM6_D1.txt
20.02.2026 10:53:20 - FileStorage - DEBUG - Первый бар    : 04.10.2025 00:00
20.02.2026 10:53:20 - FileStorage - DEBUG - Последний бар : 20.02.2026 00:00
20.02.2026 10:53:20 - FileStorage - DEBUG - Кол-во бар    : 107
20.02.2026 10:53:20 - FileStorage - DEBUG - Фильтр с 03.10.2025 10:52
20.02.2026 10:53:20 - FileStorage - DEBUG - Первый бар    : SPBFUT.RIM6 (D1) 2025-10-04 00:00:00 Open: 101350.0, High: 101350.0, Low: 101350.0, Close: 101350.0, Volume: 1.0
20.02.2026 10:53:20 - FileStorage - DEBUG - Последний бар : SPBFUT.RIM6 (D1) 2026-02-20 00:00:00 Open: 116470.0, High: 116770.0, Low: 116290.0, Close: 116460.0, Volume: 155.0
20.02.2026 10:53:20 - FileStorage - DEBUG - Кол-во бар    : 107
20.02.2026 10:53:20 - AlorPy - DEBUG - Запрос : /md/v2/history?exchange=MOEX&symbol=SiH6&tf=D&from=1771545600&to=1771573999&format=Simple
20.02.2026 10:53:20 - AlorPy - DEBUG - Ответ  : {"history":[{"time":1771545600,"close":76433.00000,"open":76230.00000,"high":76500.00000,"low":76123.00000,"volume":103935}],"next":null,"prev":1771459200}
20.02.2026 10:53:20 - FileStorage - DEBUG - Получение файла C:\Users\шадрин\PycharmProjects\CenterStrikeVolatility_API\FinLabPy\Storage\..\..\Data\Alor\SPBFUT.SiH6_D1.txt
20.02.2026 10:53:20 - FileStorage - DEBUG - Первый бар    : 06.10.2025 00:00
20.02.2026 10:53:20 - FileStorage - DEBUG - Последний бар : 20.02.2026 00:00
20.02.2026 10:53:20 - FileStorage - DEBUG - Кол-во бар    : 96
20.02.2026 10:53:20 - FileStorage - DEBUG - Сохранение файла C:\Users\шадрин\PycharmProjects\CenterStrikeVolatility_API\FinLabPy\Storage\..\..\Data\Alor\SPBFUT.SiH6_D1.txt
20.02.2026 10:53:20 - FileStorage - DEBUG - Первый бар    : 06.10.2025 00:00
20.02.2026 10:53:20 - FileStorage - DEBUG - Последний бар : 20.02.2026 00:00
20.02.2026 10:53:20 - FileStorage - DEBUG - Кол-во бар    : 96
20.02.2026 10:53:20 - Schedule.BarsStream - DEBUG - Текущая дата и время на бирже: 20.02.2026 10:53:20
20.02.2026 10:53:20 - Schedule.BarsStream - DEBUG - Нужно получить бар: 20.02.2026 00:00:00
20.02.2026 10:53:20 - Schedule.BarsStream - DEBUG - Время запроса бара: 23.02.2026 09:00:03
20.02.2026 10:53:20 - Schedule.BarsStream - DEBUG - Ожидание в секундах: 252403.0
20.02.2026 10:53:20 - FileStorage - DEBUG - Получение файла C:\Users\шадрин\PycharmProjects\CenterStrikeVolatility_API\FinLabPy\Storage\..\..\Data\Alor\SPBFUT.SiH6_D1.txt
20.02.2026 10:53:20 - FileStorage - DEBUG - Первый бар    : 06.10.2025 00:00
20.02.2026 10:53:20 - FileStorage - DEBUG - Последний бар : 20.02.2026 00:00
20.02.2026 10:53:20 - FileStorage - DEBUG - Кол-во бар    : 96
20.02.2026 10:53:20 - FileStorage - DEBUG - Фильтр с 03.10.2025 10:52
20.02.2026 10:53:20 - FileStorage - DEBUG - Первый бар    : SPBFUT.SiH6 (D1) 2025-10-06 00:00:00 Open: 87.101, High: 87.638, Low: 86.591, Close: 86.731, Volume: 10858.0
20.02.2026 10:53:20 - FileStorage - DEBUG - Последний бар : SPBFUT.SiH6 (D1) 2026-02-20 00:00:00 Open: 76.23, High: 76.5, Low: 76.123, Close: 76.433, Volume: 103935.0
20.02.2026 10:53:20 - FileStorage - DEBUG - Кол-во бар    : 96
20.02.2026 11:15:09 - Schedule.BarsStream - DEBUG - Текущая дата и время на бирже: 20.02.2026 11:15:09
20.02.2026 11:15:09 - Schedule.BarsStream - DEBUG - Нужно получить бар: 20.02.2026 00:00:00
20.02.2026 11:15:09 - Schedule.BarsStream - DEBUG - Время запроса бара: 23.02.2026 09:00:03
20.02.2026 11:15:09 - Schedule.BarsStream - DEBUG - Ожидание в секундах: 251094.0
20.02.2026 11:15:10 - AlorPy - DEBUG - Запрос : /md/v2/Securities/MOEX/RIH6?format=Simple
20.02.2026 11:15:10 - AlorPy - DEBUG - Ответ  : {"symbol":"RTS-3.26","shortname":"RIH6","description":"RIH6","exchange":"MOEX","market":"FORTS","type":"Фьючерсный контракт RTS-3.26","lotsize":1,"facevalue":1,"cfiCode":"FFXCSX","cancellation":"2026-03-19T00:00:00.0000000","minstep":10,"rating":73665,"marginbuy":27239.99,"marginsell":27478.82,"marginrate":0,"priceMax":123930,"priceMin":108410,"theorPrice":0,"theorPriceLimit":0,"volatility":0,"currency":"USD","ISIN":null,"yield":null,"board":"RFUD","primary_board":"RFUD","tradingStatus":17,"tradingStatusInfo":"нормальный период торгов","complexProductCategory":"2","priceMultiplier":1,"priceShownUnits":1,"pricestep":15.3281}
20.02.2026 11:15:10 - FileStorage - DEBUG - Получение файла C:\Users\шадрин\PycharmProjects\CenterStrikeVolatility_API\FinLabPy\Storage\..\..\Data\Alor\SPBFUT.RIH6_D1.txt
20.02.2026 11:15:10 - FileStorage - DEBUG - Первый бар    : 04.10.2025 00:00
20.02.2026 11:15:10 - FileStorage - DEBUG - Последний бар : 20.02.2026 00:00
20.02.2026 11:15:10 - FileStorage - DEBUG - Кол-во бар    : 122
20.02.2026 11:15:10 - FileStorage - DEBUG - Фильтр с 03.10.2025 11:14
20.02.2026 11:15:10 - FileStorage - DEBUG - Первый бар    : SPBFUT.RIH6 (D1) 2025-10-04 00:00:00 Open: 100060.0, High: 100060.0, Low: 98820.0, Close: 99270.0, Volume: 83.0
20.02.2026 11:15:10 - FileStorage - DEBUG - Последний бар : SPBFUT.RIH6 (D1) 2026-02-20 00:00:00 Open: 116130.0, High: 116400.0, Low: 115810.0, Close: 116010.0, Volume: 6975.0
20.02.2026 11:15:10 - FileStorage - DEBUG - Кол-во бар    : 122
20.02.2026 11:15:11 - AlorPy - DEBUG - Запрос : /md/v2/history?exchange=MOEX&symbol=RIH6&tf=D&from=1771545600&to=1771575310&format=Simple
20.02.2026 11:15:11 - AlorPy - DEBUG - Ответ  : {"history":[{"time":1771545600,"close":116200.00000,"open":116130.00000,"high":116400.00000,"low":115810.00000,"volume":8118}],"next":null,"prev":1771459200}
20.02.2026 11:15:11 - FileStorage - DEBUG - Получение файла C:\Users\шадрин\PycharmProjects\CenterStrikeVolatility_API\FinLabPy\Storage\..\..\Data\Alor\SPBFUT.RIH6_D1.txt
20.02.2026 11:15:11 - FileStorage - DEBUG - Первый бар    : 04.10.2025 00:00
20.02.2026 11:15:11 - FileStorage - DEBUG - Последний бар : 20.02.2026 00:00
20.02.2026 11:15:11 - FileStorage - DEBUG - Кол-во бар    : 122
20.02.2026 11:15:11 - FileStorage - DEBUG - Сохранение файла C:\Users\шадрин\PycharmProjects\CenterStrikeVolatility_API\FinLabPy\Storage\..\..\Data\Alor\SPBFUT.RIH6_D1.txt
20.02.2026 11:15:11 - FileStorage - DEBUG - Первый бар    : 04.10.2025 00:00
20.02.2026 11:15:11 - FileStorage - DEBUG - Последний бар : 20.02.2026 00:00
20.02.2026 11:15:11 - FileStorage - DEBUG - Кол-во бар    : 122
20.02.2026 11:15:11 - Schedule.BarsStream - DEBUG - Текущая дата и время на бирже: 20.02.2026 11:15:11
20.02.2026 11:15:11 - Schedule.BarsStream - DEBUG - Нужно получить бар: 20.02.2026 00:00:00
20.02.2026 11:15:11 - Schedule.BarsStream - DEBUG - Время запроса бара: 23.02.2026 09:00:03
20.02.2026 11:15:11 - Schedule.BarsStream - DEBUG - Ожидание в секундах: 251092.0
20.02.2026 11:15:11 - FileStorage - DEBUG - Получение файла C:\Users\шадрин\PycharmProjects\CenterStrikeVolatility_API\FinLabPy\Storage\..\..\Data\Alor\SPBFUT.RIH6_D1.txt
20.02.2026 11:15:11 - FileStorage - DEBUG - Первый бар    : 04.10.2025 00:00
20.02.2026 11:15:11 - FileStorage - DEBUG - Последний бар : 20.02.2026 00:00
20.02.2026 11:15:11 - FileStorage - DEBUG - Кол-во бар    : 122
20.02.2026 11:15:11 - FileStorage - DEBUG - Фильтр с 03.10.2025 11:14
20.02.2026 11:15:11 - FileStorage - DEBUG - Первый бар    : SPBFUT.RIH6 (D1) 2025-10-04 00:00:00 Open: 100060.0, High: 100060.0, Low: 98820.0, Close: 99270.0, Volume: 83.0
20.02.2026 11:15:11 - FileStorage - DEBUG - Последний бар : SPBFUT.RIH6 (D1) 2026-02-20 00:00:00 Open: 116130.0, High: 116400.0, Low: 115810.0, Close: 116200.0, Volume: 8118.0
20.02.2026 11:15:11 - FileStorage - DEBUG - Кол-во бар    : 122
20.02.2026 11:15:11 - AlorPy - DEBUG - Запрос : /md/v2/history?exchange=MOEX&symbol=RIH6&tf=D&from=1771545600&to=1771575311&format=Simple
20.02.2026 11:15:11 - AlorPy - DEBUG - Ответ  : {"history":[{"time":1771545600,"close":116200.00000,"open":116130.00000,"high":116400.00000,"low":115810.00000,"volume":8118}],"next":null,"prev":1771459200}
20.02.2026 11:15:11 - FileStorage - DEBUG - Получение файла C:\Users\шадрин\PycharmProjects\CenterStrikeVolatility_API\FinLabPy\Storage\..\..\Data\Alor\SPBFUT.RIH6_D1.txt
20.02.2026 11:15:11 - FileStorage - DEBUG - Первый бар    : 04.10.2025 00:00
20.02.2026 11:15:11 - FileStorage - DEBUG - Последний бар : 20.02.2026 00:00
20.02.2026 11:15:11 - FileStorage - DEBUG - Кол-во бар    : 122
20.02.2026 11:15:11 - FileStorage - DEBUG - Сохранение файла C:\Users\шадрин\PycharmProjects\CenterStrikeVolatility_API\FinLabPy\Storage\..\..\Data\Alor\SPBFUT.RIH6_D1.txt
20.02.2026 11:15:11 - FileStorage - DEBUG - Первый бар    : 04.10.2025 00:00
20.02.2026 11:15:11 - FileStorage - DEBUG - Последний бар : 20.02.2026 00:00
20.02.2026 11:15:11 - FileStorage - DEBUG - Кол-во бар    : 122
20.02.2026 11:15:11 - Schedule.BarsStream - DEBUG - Текущая дата и время на бирже: 20.02.2026 11:15:11
20.02.2026 11:15:11 - Schedule.BarsStream - DEBUG - Нужно получить бар: 20.02.2026 00:00:00
20.02.2026 11:15:11 - Schedule.BarsStream - DEBUG - Время запроса бара: 23.02.2026 09:00:03
20.02.2026 11:15:11 - Schedule.BarsStream - DEBUG - Ожидание в секундах: 251092.0
20.02.2026 11:15:11 - FileStorage - DEBUG - Получение файла C:\Users\шадрин\PycharmProjects\CenterStrikeVolatility_API\FinLabPy\Storage\..\..\Data\Alor\SPBFUT.RIH6_D1.txt
20.02.2026 11:15:11 - FileStorage - DEBUG - Первый бар    : 04.10.2025 00:00
20.02.2026 11:15:11 - FileStorage - DEBUG - Последний бар : 20.02.2026 00:00
20.02.2026 11:15:11 - FileStorage - DEBUG - Кол-во бар    : 122
20.02.2026 11:15:11 - FileStorage - DEBUG - Фильтр с 03.10.2025 11:14
20.02.2026 11:15:11 - FileStorage - DEBUG - Первый бар    : SPBFUT.RIH6 (D1) 2025-10-04 00:00:00 Open: 100060.0, High: 100060.0, Low: 98820.0, Close: 99270.0, Volume: 83.0
20.02.2026 11:15:11 - FileStorage - DEBUG - Последний бар : SPBFUT.RIH6 (D1) 2026-02-20 00:00:00 Open: 116130.0, High: 116400.0, Low: 115810.0, Close: 116200.0, Volume: 8118.0
20.02.2026 11:15:11 - FileStorage - DEBUG - Кол-во бар    : 122
20.02.2026 11:15:12 - AlorPy - DEBUG - Запрос : /md/v2/history?exchange=MOEX&symbol=RIH6&tf=D&from=1771545600&to=1771575311&format=Simple
20.02.2026 11:15:12 - AlorPy - DEBUG - Ответ  : {"history":[{"time":1771545600,"close":116200.00000,"open":116130.00000,"high":116400.00000,"low":115810.00000,"volume":8118}],"next":null,"prev":1771459200}
20.02.2026 11:15:12 - FileStorage - DEBUG - Получение файла C:\Users\шадрин\PycharmProjects\CenterStrikeVolatility_API\FinLabPy\Storage\..\..\Data\Alor\SPBFUT.RIH6_D1.txt
20.02.2026 11:15:12 - FileStorage - DEBUG - Первый бар    : 04.10.2025 00:00
20.02.2026 11:15:12 - FileStorage - DEBUG - Последний бар : 20.02.2026 00:00
20.02.2026 11:15:12 - FileStorage - DEBUG - Кол-во бар    : 122
20.02.2026 11:15:12 - FileStorage - DEBUG - Сохранение файла C:\Users\шадрин\PycharmProjects\CenterStrikeVolatility_API\FinLabPy\Storage\..\..\Data\Alor\SPBFUT.RIH6_D1.txt
20.02.2026 11:15:12 - FileStorage - DEBUG - Первый бар    : 04.10.2025 00:00
20.02.2026 11:15:12 - FileStorage - DEBUG - Последний бар : 20.02.2026 00:00
20.02.2026 11:15:12 - FileStorage - DEBUG - Кол-во бар    : 122
20.02.2026 11:15:12 - Schedule.BarsStream - DEBUG - Текущая дата и время на бирже: 20.02.2026 11:15:12
20.02.2026 11:15:12 - Schedule.BarsStream - DEBUG - Нужно получить бар: 20.02.2026 00:00:00
20.02.2026 11:15:12 - Schedule.BarsStream - DEBUG - Время запроса бара: 23.02.2026 09:00:03
20.02.2026 11:15:12 - Schedule.BarsStream - DEBUG - Ожидание в секундах: 251091.0
20.02.2026 11:15:12 - FileStorage - DEBUG - Получение файла C:\Users\шадрин\PycharmProjects\CenterStrikeVolatility_API\FinLabPy\Storage\..\..\Data\Alor\SPBFUT.RIH6_D1.txt
20.02.2026 11:15:12 - FileStorage - DEBUG - Первый бар    : 04.10.2025 00:00
20.02.2026 11:15:12 - FileStorage - DEBUG - Последний бар : 20.02.2026 00:00
20.02.2026 11:15:12 - FileStorage - DEBUG - Кол-во бар    : 122
20.02.2026 11:15:12 - FileStorage - DEBUG - Фильтр с 03.10.2025 11:14
20.02.2026 11:15:12 - FileStorage - DEBUG - Первый бар    : SPBFUT.RIH6 (D1) 2025-10-04 00:00:00 Open: 100060.0, High: 100060.0, Low: 98820.0, Close: 99270.0, Volume: 83.0
20.02.2026 11:15:12 - FileStorage - DEBUG - Последний бар : SPBFUT.RIH6 (D1) 2026-02-20 00:00:00 Open: 116130.0, High: 116400.0, Low: 115810.0, Close: 116200.0, Volume: 8118.0
20.02.2026 11:15:12 - FileStorage - DEBUG - Кол-во бар    : 122
20.02.2026 11:15:14 - AlorPy - DEBUG - Запрос : /md/v2/history?exchange=MOEX&symbol=RIH6&tf=D&from=1771545600&to=1771575312&format=Simple
20.02.2026 11:15:14 - AlorPy - DEBUG - Ответ  : {"history":[{"time":1771545600,"close":116200.00000,"open":116130.00000,"high":116400.00000,"low":115810.00000,"volume":8118}],"next":null,"prev":1771459200}
20.02.2026 11:15:14 - FileStorage - DEBUG - Получение файла C:\Users\шадрин\PycharmProjects\CenterStrikeVolatility_API\FinLabPy\Storage\..\..\Data\Alor\SPBFUT.RIH6_D1.txt
20.02.2026 11:15:14 - FileStorage - DEBUG - Первый бар    : 04.10.2025 00:00
20.02.2026 11:15:14 - FileStorage - DEBUG - Последний бар : 20.02.2026 00:00
20.02.2026 11:15:14 - FileStorage - DEBUG - Кол-во бар    : 122
20.02.2026 11:15:14 - FileStorage - DEBUG - Сохранение файла C:\Users\шадрин\PycharmProjects\CenterStrikeVolatility_API\FinLabPy\Storage\..\..\Data\Alor\SPBFUT.RIH6_D1.txt
20.02.2026 11:15:14 - FileStorage - DEBUG - Первый бар    : 04.10.2025 00:00
20.02.2026 11:15:14 - FileStorage - DEBUG - Последний бар : 20.02.2026 00:00
20.02.2026 11:15:14 - FileStorage - DEBUG - Кол-во бар    : 122
20.02.2026 11:15:14 - Schedule.BarsStream - DEBUG - Текущая дата и время на бирже: 20.02.2026 11:15:14
20.02.2026 11:15:14 - Schedule.BarsStream - DEBUG - Нужно получить бар: 20.02.2026 00:00:00
20.02.2026 11:15:14 - Schedule.BarsStream - DEBUG - Время запроса бара: 23.02.2026 09:00:03
20.02.2026 11:15:14 - Schedule.BarsStream - DEBUG - Ожидание в секундах: 251089.0
20.02.2026 11:15:14 - FileStorage - DEBUG - Получение файла C:\Users\шадрин\PycharmProjects\CenterStrikeVolatility_API\FinLabPy\Storage\..\..\Data\Alor\SPBFUT.RIH6_D1.txt
20.02.2026 11:15:14 - FileStorage - DEBUG - Первый бар    : 04.10.2025 00:00
20.02.2026 11:15:14 - FileStorage - DEBUG - Последний бар : 20.02.2026 00:00
20.02.2026 11:15:14 - FileStorage - DEBUG - Кол-во бар    : 122
20.02.2026 11:15:14 - FileStorage - DEBUG - Фильтр с 03.10.2025 11:14
20.02.2026 11:15:14 - FileStorage - DEBUG - Первый бар    : SPBFUT.RIH6 (D1) 2025-10-04 00:00:00 Open: 100060.0, High: 100060.0, Low: 98820.0, Close: 99270.0, Volume: 83.0
20.02.2026 11:15:14 - FileStorage - DEBUG - Последний бар : SPBFUT.RIH6 (D1) 2026-02-20 00:00:00 Open: 116130.0, High: 116400.0, Low: 115810.0, Close: 116200.0, Volume: 8118.0
20.02.2026 11:15:14 - FileStorage - DEBUG - Кол-во бар    : 122
20.02.2026 11:15:14 - AlorPy - DEBUG - Запрос : /md/v2/history?exchange=MOEX&symbol=RIH6&tf=D&from=1771545600&to=1771575314&format=Simple
20.02.2026 11:15:14 - AlorPy - DEBUG - Ответ  : {"history":[{"time":1771545600,"close":116200.00000,"open":116130.00000,"high":116400.00000,"low":115810.00000,"volume":8118}],"next":null,"prev":1771459200}
20.02.2026 11:15:14 - FileStorage - DEBUG - Получение файла C:\Users\шадрин\PycharmProjects\CenterStrikeVolatility_API\FinLabPy\Storage\..\..\Data\Alor\SPBFUT.RIH6_D1.txt
20.02.2026 11:15:14 - FileStorage - DEBUG - Первый бар    : 04.10.2025 00:00
20.02.2026 11:15:14 - FileStorage - DEBUG - Последний бар : 20.02.2026 00:00
20.02.2026 11:15:14 - FileStorage - DEBUG - Кол-во бар    : 122
20.02.2026 11:15:14 - FileStorage - DEBUG - Сохранение файла C:\Users\шадрин\PycharmProjects\CenterStrikeVolatility_API\FinLabPy\Storage\..\..\Data\Alor\SPBFUT.RIH6_D1.txt
20.02.2026 11:15:14 - FileStorage - DEBUG - Первый бар    : 04.10.2025 00:00
20.02.2026 11:15:14 - FileStorage - DEBUG - Последний бар : 20.02.2026 00:00
20.02.2026 11:15:14 - FileStorage - DEBUG - Кол-во бар    : 122
20.02.2026 11:15:14 - Schedule.BarsStream - DEBUG - Текущая дата и время на бирже: 20.02.2026 11:15:14
20.02.2026 11:15:14 - Schedule.BarsStream - DEBUG - Нужно получить бар: 20.02.2026 00:00:00
20.02.2026 11:15:14 - Schedule.BarsStream - DEBUG - Время запроса бара: 23.02.2026 09:00:03
20.02.2026 11:15:14 - Schedule.BarsStream - DEBUG - Ожидание в секундах: 251089.0
20.02.2026 11:15:14 - FileStorage - DEBUG - Получение файла C:\Users\шадрин\PycharmProjects\CenterStrikeVolatility_API\FinLabPy\Storage\..\..\Data\Alor\SPBFUT.RIH6_D1.txt
20.02.2026 11:15:14 - FileStorage - DEBUG - Первый бар    : 04.10.2025 00:00
20.02.2026 11:15:14 - FileStorage - DEBUG - Последний бар : 20.02.2026 00:00
20.02.2026 11:15:14 - FileStorage - DEBUG - Кол-во бар    : 122
20.02.2026 11:15:14 - FileStorage - DEBUG - Фильтр с 03.10.2025 11:14
20.02.2026 11:15:14 - FileStorage - DEBUG - Первый бар    : SPBFUT.RIH6 (D1) 2025-10-04 00:00:00 Open: 100060.0, High: 100060.0, Low: 98820.0, Close: 99270.0, Volume: 83.0
20.02.2026 11:15:14 - FileStorage - DEBUG - Последний бар : SPBFUT.RIH6 (D1) 2026-02-20 00:00:00 Open: 116130.0, High: 116400.0, Low: 115810.0, Close: 116200.0, Volume: 8118.0
20.02.2026 11:15:14 - FileStorage - DEBUG - Кол-во бар    : 122
20.02.2026 11:15:14 - Schedule.BarsStream - DEBUG - Текущая дата и время на бирже: 20.02.2026 11:15:14
20.02.2026 11:15:14 - Schedule.BarsStream - DEBUG - Нужно получить бар: 20.02.2026 00:00:00
20.02.2026 11:15:14 - Schedule.BarsStream - DEBUG - Время запроса бара: 23.02.2026 09:00:03
20.02.2026 11:15:14 - Schedule.BarsStream - DEBUG - Ожидание в секундах: 251089.0
20.02.2026 11:15:15 - AlorPy - DEBUG - Запрос : /md/v2/history?exchange=MOEX&symbol=RIH6&tf=D&from=1771545600&to=1771575314&format=Simple
20.02.2026 11:15:15 - AlorPy - DEBUG - Ответ  : {"history":[{"time":1771545600,"close":116200.00000,"open":116130.00000,"high":116400.00000,"low":115810.00000,"volume":8118}],"next":null,"prev":1771459200}
20.02.2026 11:15:15 - FileStorage - DEBUG - Получение файла C:\Users\шадрин\PycharmProjects\CenterStrikeVolatility_API\FinLabPy\Storage\..\..\Data\Alor\SPBFUT.RIH6_D1.txt
20.02.2026 11:15:15 - FileStorage - DEBUG - Первый бар    : 04.10.2025 00:00
20.02.2026 11:15:15 - FileStorage - DEBUG - Последний бар : 20.02.2026 00:00
20.02.2026 11:15:15 - FileStorage - DEBUG - Кол-во бар    : 122
20.02.2026 11:15:15 - FileStorage - DEBUG - Сохранение файла C:\Users\шадрин\PycharmProjects\CenterStrikeVolatility_API\FinLabPy\Storage\..\..\Data\Alor\SPBFUT.RIH6_D1.txt
20.02.2026 11:15:15 - FileStorage - DEBUG - Первый бар    : 04.10.2025 00:00
20.02.2026 11:15:15 - FileStorage - DEBUG - Последний бар : 20.02.2026 00:00
20.02.2026 11:15:15 - FileStorage - DEBUG - Кол-во бар    : 122
20.02.2026 11:15:15 - Schedule.BarsStream - DEBUG - Текущая дата и время на бирже: 20.02.2026 11:15:15
20.02.2026 11:15:15 - Schedule.BarsStream - DEBUG - Нужно получить бар: 20.02.2026 00:00:00
20.02.2026 11:15:15 - Schedule.BarsStream - DEBUG - Время запроса бара: 23.02.2026 09:00:03
20.02.2026 11:15:15 - Schedule.BarsStream - DEBUG - Ожидание в секундах: 251088.0
20.02.2026 11:15:15 - FileStorage - DEBUG - Получение файла C:\Users\шадрин\PycharmProjects\CenterStrikeVolatility_API\FinLabPy\Storage\..\..\Data\Alor\SPBFUT.RIH6_D1.txt
20.02.2026 11:15:15 - FileStorage - DEBUG - Первый бар    : 04.10.2025 00:00
20.02.2026 11:15:15 - FileStorage - DEBUG - Последний бар : 20.02.2026 00:00
20.02.2026 11:15:15 - FileStorage - DEBUG - Кол-во бар    : 122
20.02.2026 11:15:15 - FileStorage - DEBUG - Фильтр с 03.10.2025 11:14
20.02.2026 11:15:15 - FileStorage - DEBUG - Первый бар    : SPBFUT.RIH6 (D1) 2025-10-04 00:00:00 Open: 100060.0, High: 100060.0, Low: 98820.0, Close: 99270.0, Volume: 83.0
20.02.2026 11:15:15 - FileStorage - DEBUG - Последний бар : SPBFUT.RIH6 (D1) 2026-02-20 00:00:00 Open: 116130.0, High: 116400.0, Low: 115810.0, Close: 116200.0, Volume: 8118.0
20.02.2026 11:15:15 - FileStorage - DEBUG - Кол-во бар    : 122
20.02.2026 11:15:15 - AlorPy - DEBUG - Запрос : /md/v2/Securities/MOEX/SiH6?format=Simple
20.02.2026 11:15:15 - AlorPy - DEBUG - Ответ  : {"symbol":"SI-3.26","shortname":"SiH6","description":"SiH6","exchange":"MOEX","market":"FORTS","type":"Фьючерсный контракт Si-3.26","lotsize":1,"facevalue":1000,"cfiCode":"FFXCSX","cancellation":"2026-03-19T00:00:00.0000000","minstep":1,"rating":949564,"marginbuy":11782.55,"marginsell":11886.1,"marginrate":0,"priceMax":82691,"priceMin":69675,"theorPrice":0,"theorPriceLimit":0,"volatility":0,"currency":"RUB","ISIN":null,"yield":null,"board":"RFUD","primary_board":"RFUD","tradingStatus":17,"tradingStatusInfo":"нормальный период торгов","complexProductCategory":"2","priceMultiplier":1,"priceShownUnits":1,"pricestep":1}
20.02.2026 11:15:15 - FileStorage - DEBUG - Получение файла C:\Users\шадрин\PycharmProjects\CenterStrikeVolatility_API\FinLabPy\Storage\..\..\Data\Alor\SPBFUT.SiH6_D1.txt
20.02.2026 11:15:15 - FileStorage - DEBUG - Первый бар    : 06.10.2025 00:00
20.02.2026 11:15:15 - FileStorage - DEBUG - Последний бар : 20.02.2026 00:00
20.02.2026 11:15:15 - FileStorage - DEBUG - Кол-во бар    : 96
20.02.2026 11:15:15 - FileStorage - DEBUG - Фильтр с 03.10.2025 11:14
20.02.2026 11:15:15 - FileStorage - DEBUG - Первый бар    : SPBFUT.SiH6 (D1) 2025-10-06 00:00:00 Open: 87.101, High: 87.638, Low: 86.591, Close: 86.731, Volume: 10858.0
20.02.2026 11:15:15 - FileStorage - DEBUG - Последний бар : SPBFUT.SiH6 (D1) 2026-02-20 00:00:00 Open: 76.23, High: 76.5, Low: 76.123, Close: 76.433, Volume: 103935.0
20.02.2026 11:15:15 - FileStorage - DEBUG - Кол-во бар    : 96
20.02.2026 11:15:16 - AlorPy - DEBUG - Запрос : /md/v2/history?exchange=MOEX&symbol=RIH6&tf=D&from=1771545600&to=1771575315&format=Simple
20.02.2026 11:15:16 - AlorPy - DEBUG - Ответ  : {"history":[{"time":1771545600,"close":116200.00000,"open":116130.00000,"high":116400.00000,"low":115810.00000,"volume":8118}],"next":null,"prev":1771459200}
20.02.2026 11:15:16 - FileStorage - DEBUG - Получение файла C:\Users\шадрин\PycharmProjects\CenterStrikeVolatility_API\FinLabPy\Storage\..\..\Data\Alor\SPBFUT.RIH6_D1.txt
20.02.2026 11:15:16 - FileStorage - DEBUG - Первый бар    : 04.10.2025 00:00
20.02.2026 11:15:16 - FileStorage - DEBUG - Последний бар : 20.02.2026 00:00
20.02.2026 11:15:16 - FileStorage - DEBUG - Кол-во бар    : 122
20.02.2026 11:15:16 - FileStorage - DEBUG - Сохранение файла C:\Users\шадрин\PycharmProjects\CenterStrikeVolatility_API\FinLabPy\Storage\..\..\Data\Alor\SPBFUT.RIH6_D1.txt
20.02.2026 11:15:16 - FileStorage - DEBUG - Первый бар    : 04.10.2025 00:00
20.02.2026 11:15:16 - FileStorage - DEBUG - Последний бар : 20.02.2026 00:00
20.02.2026 11:15:16 - FileStorage - DEBUG - Кол-во бар    : 122
20.02.2026 11:15:16 - Schedule.BarsStream - DEBUG - Текущая дата и время на бирже: 20.02.2026 11:15:16
20.02.2026 11:15:16 - Schedule.BarsStream - DEBUG - Нужно получить бар: 20.02.2026 00:00:00
20.02.2026 11:15:16 - Schedule.BarsStream - DEBUG - Время запроса бара: 23.02.2026 09:00:03
20.02.2026 11:15:16 - Schedule.BarsStream - DEBUG - Ожидание в секундах: 251087.0
20.02.2026 11:15:16 - FileStorage - DEBUG - Получение файла C:\Users\шадрин\PycharmProjects\CenterStrikeVolatility_API\FinLabPy\Storage\..\..\Data\Alor\SPBFUT.RIH6_D1.txt
20.02.2026 11:15:16 - FileStorage - DEBUG - Первый бар    : 04.10.2025 00:00
20.02.2026 11:15:16 - FileStorage - DEBUG - Последний бар : 20.02.2026 00:00
20.02.2026 11:15:16 - FileStorage - DEBUG - Кол-во бар    : 122
20.02.2026 11:15:16 - FileStorage - DEBUG - Фильтр с 03.10.2025 11:14
20.02.2026 11:15:16 - FileStorage - DEBUG - Первый бар    : SPBFUT.RIH6 (D1) 2025-10-04 00:00:00 Open: 100060.0, High: 100060.0, Low: 98820.0, Close: 99270.0, Volume: 83.0
20.02.2026 11:15:16 - FileStorage - DEBUG - Последний бар : SPBFUT.RIH6 (D1) 2026-02-20 00:00:00 Open: 116130.0, High: 116400.0, Low: 115810.0, Close: 116200.0, Volume: 8118.0
20.02.2026 11:15:16 - FileStorage - DEBUG - Кол-во бар    : 122
20.02.2026 11:15:16 - AlorPy - DEBUG - Запрос : /md/v2/history?exchange=MOEX&symbol=SiH6&tf=D&from=1771545600&to=1771575315&format=Simple
20.02.2026 11:15:16 - AlorPy - DEBUG - Ответ  : {"history":[{"time":1771545600,"close":76353.00000,"open":76230.00000,"high":76500.00000,"low":76123.00000,"volume":141183}],"next":null,"prev":1771459200}
20.02.2026 11:15:16 - FileStorage - DEBUG - Получение файла C:\Users\шадрин\PycharmProjects\CenterStrikeVolatility_API\FinLabPy\Storage\..\..\Data\Alor\SPBFUT.SiH6_D1.txt
20.02.2026 11:15:16 - FileStorage - DEBUG - Первый бар    : 06.10.2025 00:00
20.02.2026 11:15:16 - FileStorage - DEBUG - Последний бар : 20.02.2026 00:00
20.02.2026 11:15:16 - FileStorage - DEBUG - Кол-во бар    : 96
20.02.2026 11:15:16 - FileStorage - DEBUG - Сохранение файла C:\Users\шадрин\PycharmProjects\CenterStrikeVolatility_API\FinLabPy\Storage\..\..\Data\Alor\SPBFUT.SiH6_D1.txt
20.02.2026 11:15:16 - FileStorage - DEBUG - Первый бар    : 06.10.2025 00:00
20.02.2026 11:15:16 - FileStorage - DEBUG - Последний бар : 20.02.2026 00:00
20.02.2026 11:15:16 - FileStorage - DEBUG - Кол-во бар    : 96
20.02.2026 11:15:16 - Schedule.BarsStream - DEBUG - Текущая дата и время на бирже: 20.02.2026 11:15:16
20.02.2026 11:15:16 - Schedule.BarsStream - DEBUG - Нужно получить бар: 20.02.2026 00:00:00
20.02.2026 11:15:16 - Schedule.BarsStream - DEBUG - Время запроса бара: 23.02.2026 09:00:03
20.02.2026 11:15:16 - Schedule.BarsStream - DEBUG - Ожидание в секундах: 251087.0
20.02.2026 11:15:16 - FileStorage - DEBUG - Получение файла C:\Users\шадрин\PycharmProjects\CenterStrikeVolatility_API\FinLabPy\Storage\..\..\Data\Alor\SPBFUT.SiH6_D1.txt
20.02.2026 11:15:16 - FileStorage - DEBUG - Первый бар    : 06.10.2025 00:00
20.02.2026 11:15:16 - FileStorage - DEBUG - Последний бар : 20.02.2026 00:00
20.02.2026 11:15:16 - FileStorage - DEBUG - Кол-во бар    : 96
20.02.2026 11:15:16 - FileStorage - DEBUG - Фильтр с 03.10.2025 11:14
20.02.2026 11:15:16 - FileStorage - DEBUG - Первый бар    : SPBFUT.SiH6 (D1) 2025-10-06 00:00:00 Open: 87.101, High: 87.638, Low: 86.591, Close: 86.731, Volume: 10858.0
20.02.2026 11:15:16 - FileStorage - DEBUG - Последний бар : SPBFUT.SiH6 (D1) 2026-02-20 00:00:00 Open: 76.23, High: 76.5, Low: 76.123, Close: 76.353, Volume: 141183.0
20.02.2026 11:15:16 - FileStorage - DEBUG - Кол-во бар    : 96
20.02.2026 11:15:16 - AlorPy - DEBUG - Запрос : /md/v2/history?exchange=MOEX&symbol=RIH6&tf=D&from=1771545600&to=1771575316&format=Simple
20.02.2026 11:15:16 - AlorPy - DEBUG - Ответ  : {"history":[{"time":1771545600,"close":116200.00000,"open":116130.00000,"high":116400.00000,"low":115810.00000,"volume":8118}],"next":null,"prev":1771459200}
20.02.2026 11:15:16 - FileStorage - DEBUG - Получение файла C:\Users\шадрин\PycharmProjects\CenterStrikeVolatility_API\FinLabPy\Storage\..\..\Data\Alor\SPBFUT.RIH6_D1.txt
20.02.2026 11:15:16 - FileStorage - DEBUG - Первый бар    : 04.10.2025 00:00
20.02.2026 11:15:16 - FileStorage - DEBUG - Последний бар : 20.02.2026 00:00
20.02.2026 11:15:16 - FileStorage - DEBUG - Кол-во бар    : 122
20.02.2026 11:15:16 - FileStorage - DEBUG - Сохранение файла C:\Users\шадрин\PycharmProjects\CenterStrikeVolatility_API\FinLabPy\Storage\..\..\Data\Alor\SPBFUT.RIH6_D1.txt
20.02.2026 11:15:17 - FileStorage - DEBUG - Первый бар    : 04.10.2025 00:00
20.02.2026 11:15:17 - FileStorage - DEBUG - Последний бар : 20.02.2026 00:00
20.02.2026 11:15:17 - FileStorage - DEBUG - Кол-во бар    : 122
20.02.2026 11:15:17 - Schedule.BarsStream - DEBUG - Текущая дата и время на бирже: 20.02.2026 11:15:17
20.02.2026 11:15:17 - Schedule.BarsStream - DEBUG - Нужно получить бар: 20.02.2026 00:00:00
20.02.2026 11:15:17 - Schedule.BarsStream - DEBUG - Время запроса бара: 23.02.2026 09:00:03
20.02.2026 11:15:17 - Schedule.BarsStream - DEBUG - Ожидание в секундах: 251086.0
20.02.2026 11:15:17 - FileStorage - DEBUG - Получение файла C:\Users\шадрин\PycharmProjects\CenterStrikeVolatility_API\FinLabPy\Storage\..\..\Data\Alor\SPBFUT.RIH6_D1.txt
20.02.2026 11:15:17 - FileStorage - DEBUG - Первый бар    : 04.10.2025 00:00
20.02.2026 11:15:17 - FileStorage - DEBUG - Последний бар : 20.02.2026 00:00
20.02.2026 11:15:17 - FileStorage - DEBUG - Кол-во бар    : 122
20.02.2026 11:15:17 - FileStorage - DEBUG - Фильтр с 03.10.2025 11:14
20.02.2026 11:15:17 - FileStorage - DEBUG - Первый бар    : SPBFUT.RIH6 (D1) 2025-10-04 00:00:00 Open: 100060.0, High: 100060.0, Low: 98820.0, Close: 99270.0, Volume: 83.0
20.02.2026 11:15:17 - FileStorage - DEBUG - Последний бар : SPBFUT.RIH6 (D1) 2026-02-20 00:00:00 Open: 116130.0, High: 116400.0, Low: 115810.0, Close: 116200.0, Volume: 8118.0
20.02.2026 11:15:17 - FileStorage - DEBUG - Кол-во бар    : 122
20.02.2026 11:15:17 - AlorPy - DEBUG - Запрос : /md/v2/history?exchange=MOEX&symbol=SiH6&tf=D&from=1771545600&to=1771575316&format=Simple
20.02.2026 11:15:17 - AlorPy - DEBUG - Ответ  : {"history":[{"time":1771545600,"close":76357.00000,"open":76230.00000,"high":76500.00000,"low":76123.00000,"volume":141205}],"next":null,"prev":1771459200}
20.02.2026 11:15:17 - FileStorage - DEBUG - Получение файла C:\Users\шадрин\PycharmProjects\CenterStrikeVolatility_API\FinLabPy\Storage\..\..\Data\Alor\SPBFUT.SiH6_D1.txt
20.02.2026 11:15:17 - FileStorage - DEBUG - Первый бар    : 06.10.2025 00:00
20.02.2026 11:15:17 - FileStorage - DEBUG - Последний бар : 20.02.2026 00:00
20.02.2026 11:15:17 - FileStorage - DEBUG - Кол-во бар    : 96
20.02.2026 11:15:17 - FileStorage - DEBUG - Сохранение файла C:\Users\шадрин\PycharmProjects\CenterStrikeVolatility_API\FinLabPy\Storage\..\..\Data\Alor\SPBFUT.SiH6_D1.txt
20.02.2026 11:15:17 - FileStorage - DEBUG - Первый бар    : 06.10.2025 00:00
20.02.2026 11:15:17 - FileStorage - DEBUG - Последний бар : 20.02.2026 00:00
20.02.2026 11:15:17 - FileStorage - DEBUG - Кол-во бар    : 96
20.02.2026 11:15:17 - Schedule.BarsStream - DEBUG - Текущая дата и время на бирже: 20.02.2026 11:15:17
20.02.2026 11:15:17 - Schedule.BarsStream - DEBUG - Нужно получить бар: 20.02.2026 00:00:00
20.02.2026 11:15:17 - Schedule.BarsStream - DEBUG - Время запроса бара: 23.02.2026 09:00:03
20.02.2026 11:15:17 - Schedule.BarsStream - DEBUG - Ожидание в секундах: 251086.0
20.02.2026 11:15:17 - FileStorage - DEBUG - Получение файла C:\Users\шадрин\PycharmProjects\CenterStrikeVolatility_API\FinLabPy\Storage\..\..\Data\Alor\SPBFUT.SiH6_D1.txt
20.02.2026 11:15:17 - FileStorage - DEBUG - Первый бар    : 06.10.2025 00:00
20.02.2026 11:15:17 - FileStorage - DEBUG - Последний бар : 20.02.2026 00:00
20.02.2026 11:15:17 - FileStorage - DEBUG - Кол-во бар    : 96
20.02.2026 11:15:17 - FileStorage - DEBUG - Фильтр с 03.10.2025 11:14
20.02.2026 11:15:17 - FileStorage - DEBUG - Первый бар    : SPBFUT.SiH6 (D1) 2025-10-06 00:00:00 Open: 87.101, High: 87.638, Low: 86.591, Close: 86.731, Volume: 10858.0
20.02.2026 11:15:17 - FileStorage - DEBUG - Последний бар : SPBFUT.SiH6 (D1) 2026-02-20 00:00:00 Open: 76.23, High: 76.5, Low: 76.123, Close: 76.357, Volume: 141205.0
20.02.2026 11:15:17 - FileStorage - DEBUG - Кол-во бар    : 96
20.02.2026 11:18:01 - Schedule.BarsStream - DEBUG - Текущая дата и время на бирже: 20.02.2026 11:18:01
20.02.2026 11:18:01 - Schedule.BarsStream - DEBUG - Нужно получить бар: 20.02.2026 00:00:00
20.02.2026 11:18:01 - Schedule.BarsStream - DEBUG - Время запроса бара: 23.02.2026 09:00:03
20.02.2026 11:18:01 - Schedule.BarsStream - DEBUG - Ожидание в секундах: 250922.0
20.02.2026 11:18:02 - AlorPy - DEBUG - Запрос : /md/v2/Securities/MOEX/RIH6?format=Simple
20.02.2026 11:18:02 - AlorPy - DEBUG - Ответ  : {"symbol":"RTS-3.26","shortname":"RIH6","description":"RIH6","exchange":"MOEX","market":"FORTS","type":"Фьючерсный контракт RTS-3.26","lotsize":1,"facevalue":1,"cfiCode":"FFXCSX","cancellation":"2026-03-19T00:00:00.0000000","minstep":10,"rating":73665,"marginbuy":27239.99,"marginsell":27478.82,"marginrate":0,"priceMax":123930,"priceMin":108410,"theorPrice":0,"theorPriceLimit":0,"volatility":0,"currency":"USD","ISIN":null,"yield":null,"board":"RFUD","primary_board":"RFUD","tradingStatus":17,"tradingStatusInfo":"нормальный период торгов","complexProductCategory":"2","priceMultiplier":1,"priceShownUnits":1,"pricestep":15.3281}
20.02.2026 11:18:02 - FileStorage - DEBUG - Получение файла C:\Users\шадрин\PycharmProjects\CenterStrikeVolatility_API\FinLabPy\Storage\..\..\Data\Alor\SPBFUT.RIH6_D1.txt
20.02.2026 11:18:02 - FileStorage - DEBUG - Первый бар    : 04.10.2025 00:00
20.02.2026 11:18:02 - FileStorage - DEBUG - Последний бар : 20.02.2026 00:00
20.02.2026 11:18:02 - FileStorage - DEBUG - Кол-во бар    : 122
20.02.2026 11:18:02 - FileStorage - DEBUG - Фильтр с 03.10.2025 11:17
20.02.2026 11:18:02 - FileStorage - DEBUG - Первый бар    : SPBFUT.RIH6 (D1) 2025-10-04 00:00:00 Open: 100060.0, High: 100060.0, Low: 98820.0, Close: 99270.0, Volume: 83.0
20.02.2026 11:18:02 - FileStorage - DEBUG - Последний бар : SPBFUT.RIH6 (D1) 2026-02-20 00:00:00 Open: 116130.0, High: 116400.0, Low: 115810.0, Close: 116200.0, Volume: 8118.0
20.02.2026 11:18:02 - FileStorage - DEBUG - Кол-во бар    : 122
20.02.2026 11:18:02 - AlorPy - DEBUG - Запрос : /md/v2/history?exchange=MOEX&symbol=RIH6&tf=D&from=1771545600&to=1771575482&format=Simple
20.02.2026 11:18:02 - AlorPy - DEBUG - Ответ  : {"history":[{"time":1771545600,"close":116180.00000,"open":116130.00000,"high":116400.00000,"low":115810.00000,"volume":8235}],"next":null,"prev":1771459200}
20.02.2026 11:18:02 - FileStorage - DEBUG - Получение файла C:\Users\шадрин\PycharmProjects\CenterStrikeVolatility_API\FinLabPy\Storage\..\..\Data\Alor\SPBFUT.RIH6_D1.txt
20.02.2026 11:18:02 - FileStorage - DEBUG - Первый бар    : 04.10.2025 00:00
20.02.2026 11:18:02 - FileStorage - DEBUG - Последний бар : 20.02.2026 00:00
20.02.2026 11:18:02 - FileStorage - DEBUG - Кол-во бар    : 122
20.02.2026 11:18:02 - FileStorage - DEBUG - Сохранение файла C:\Users\шадрин\PycharmProjects\CenterStrikeVolatility_API\FinLabPy\Storage\..\..\Data\Alor\SPBFUT.RIH6_D1.txt
20.02.2026 11:18:02 - FileStorage - DEBUG - Первый бар    : 04.10.2025 00:00
20.02.2026 11:18:02 - FileStorage - DEBUG - Последний бар : 20.02.2026 00:00
20.02.2026 11:18:02 - FileStorage - DEBUG - Кол-во бар    : 122
20.02.2026 11:18:02 - Schedule.BarsStream - DEBUG - Текущая дата и время на бирже: 20.02.2026 11:18:02
20.02.2026 11:18:02 - Schedule.BarsStream - DEBUG - Нужно получить бар: 20.02.2026 00:00:00
20.02.2026 11:18:02 - Schedule.BarsStream - DEBUG - Время запроса бара: 23.02.2026 09:00:03
20.02.2026 11:18:02 - Schedule.BarsStream - DEBUG - Ожидание в секундах: 250921.0
20.02.2026 11:18:02 - FileStorage - DEBUG - Получение файла C:\Users\шадрин\PycharmProjects\CenterStrikeVolatility_API\FinLabPy\Storage\..\..\Data\Alor\SPBFUT.RIH6_D1.txt
20.02.2026 11:18:02 - FileStorage - DEBUG - Первый бар    : 04.10.2025 00:00
20.02.2026 11:18:02 - FileStorage - DEBUG - Последний бар : 20.02.2026 00:00
20.02.2026 11:18:02 - FileStorage - DEBUG - Кол-во бар    : 122
20.02.2026 11:18:02 - FileStorage - DEBUG - Фильтр с 03.10.2025 11:17
20.02.2026 11:18:02 - FileStorage - DEBUG - Первый бар    : SPBFUT.RIH6 (D1) 2025-10-04 00:00:00 Open: 100060.0, High: 100060.0, Low: 98820.0, Close: 99270.0, Volume: 83.0
20.02.2026 11:18:02 - FileStorage - DEBUG - Последний бар : SPBFUT.RIH6 (D1) 2026-02-20 00:00:00 Open: 116130.0, High: 116400.0, Low: 115810.0, Close: 116180.0, Volume: 8235.0
20.02.2026 11:18:02 - FileStorage - DEBUG - Кол-во бар    : 122
20.02.2026 11:18:03 - AlorPy - DEBUG - Запрос : /md/v2/history?exchange=MOEX&symbol=RIH6&tf=D&from=1771545600&to=1771575482&format=Simple
20.02.2026 11:18:03 - AlorPy - DEBUG - Ответ  : {"history":[{"time":1771545600,"close":116180.00000,"open":116130.00000,"high":116400.00000,"low":115810.00000,"volume":8235}],"next":null,"prev":1771459200}
20.02.2026 11:18:03 - FileStorage - DEBUG - Получение файла C:\Users\шадрин\PycharmProjects\CenterStrikeVolatility_API\FinLabPy\Storage\..\..\Data\Alor\SPBFUT.RIH6_D1.txt
20.02.2026 11:18:03 - FileStorage - DEBUG - Первый бар    : 04.10.2025 00:00
20.02.2026 11:18:03 - FileStorage - DEBUG - Последний бар : 20.02.2026 00:00
20.02.2026 11:18:03 - FileStorage - DEBUG - Кол-во бар    : 122
20.02.2026 11:18:03 - FileStorage - DEBUG - Сохранение файла C:\Users\шадрин\PycharmProjects\CenterStrikeVolatility_API\FinLabPy\Storage\..\..\Data\Alor\SPBFUT.RIH6_D1.txt
20.02.2026 11:18:03 - FileStorage - DEBUG - Первый бар    : 04.10.2025 00:00
20.02.2026 11:18:03 - FileStorage - DEBUG - Последний бар : 20.02.2026 00:00
20.02.2026 11:18:03 - FileStorage - DEBUG - Кол-во бар    : 122
20.02.2026 11:18:03 - Schedule.BarsStream - DEBUG - Текущая дата и время на бирже: 20.02.2026 11:18:03
20.02.2026 11:18:03 - Schedule.BarsStream - DEBUG - Нужно получить бар: 20.02.2026 00:00:00
20.02.2026 11:18:03 - Schedule.BarsStream - DEBUG - Время запроса бара: 23.02.2026 09:00:03
20.02.2026 11:18:03 - Schedule.BarsStream - DEBUG - Ожидание в секундах: 250920.0
20.02.2026 11:18:03 - FileStorage - DEBUG - Получение файла C:\Users\шадрин\PycharmProjects\CenterStrikeVolatility_API\FinLabPy\Storage\..\..\Data\Alor\SPBFUT.RIH6_D1.txt
20.02.2026 11:18:03 - FileStorage - DEBUG - Первый бар    : 04.10.2025 00:00
20.02.2026 11:18:03 - FileStorage - DEBUG - Последний бар : 20.02.2026 00:00
20.02.2026 11:18:03 - FileStorage - DEBUG - Кол-во бар    : 122
20.02.2026 11:18:03 - FileStorage - DEBUG - Фильтр с 03.10.2025 11:17
20.02.2026 11:18:03 - FileStorage - DEBUG - Первый бар    : SPBFUT.RIH6 (D1) 2025-10-04 00:00:00 Open: 100060.0, High: 100060.0, Low: 98820.0, Close: 99270.0, Volume: 83.0
20.02.2026 11:18:03 - FileStorage - DEBUG - Последний бар : SPBFUT.RIH6 (D1) 2026-02-20 00:00:00 Open: 116130.0, High: 116400.0, Low: 115810.0, Close: 116180.0, Volume: 8235.0
20.02.2026 11:18:03 - FileStorage - DEBUG - Кол-во бар    : 122
20.02.2026 11:18:04 - AlorPy - DEBUG - Запрос : /md/v2/history?exchange=MOEX&symbol=RIH6&tf=D&from=1771545600&to=1771575483&format=Simple
20.02.2026 11:18:04 - AlorPy - DEBUG - Ответ  : {"history":[{"time":1771545600,"close":116180.00000,"open":116130.00000,"high":116400.00000,"low":115810.00000,"volume":8235}],"next":null,"prev":1771459200}
20.02.2026 11:18:04 - FileStorage - DEBUG - Получение файла C:\Users\шадрин\PycharmProjects\CenterStrikeVolatility_API\FinLabPy\Storage\..\..\Data\Alor\SPBFUT.RIH6_D1.txt
20.02.2026 11:18:04 - FileStorage - DEBUG - Первый бар    : 04.10.2025 00:00
20.02.2026 11:18:04 - FileStorage - DEBUG - Последний бар : 20.02.2026 00:00
20.02.2026 11:18:04 - FileStorage - DEBUG - Кол-во бар    : 122
20.02.2026 11:18:04 - FileStorage - DEBUG - Сохранение файла C:\Users\шадрин\PycharmProjects\CenterStrikeVolatility_API\FinLabPy\Storage\..\..\Data\Alor\SPBFUT.RIH6_D1.txt
20.02.2026 11:18:04 - FileStorage - DEBUG - Первый бар    : 04.10.2025 00:00
20.02.2026 11:18:04 - FileStorage - DEBUG - Последний бар : 20.02.2026 00:00
20.02.2026 11:18:04 - FileStorage - DEBUG - Кол-во бар    : 122
20.02.2026 11:18:04 - Schedule.BarsStream - DEBUG - Текущая дата и время на бирже: 20.02.2026 11:18:04
20.02.2026 11:18:04 - Schedule.BarsStream - DEBUG - Нужно получить бар: 20.02.2026 00:00:00
20.02.2026 11:18:04 - Schedule.BarsStream - DEBUG - Время запроса бара: 23.02.2026 09:00:03
20.02.2026 11:18:04 - Schedule.BarsStream - DEBUG - Ожидание в секундах: 250919.0
20.02.2026 11:18:04 - FileStorage - DEBUG - Получение файла C:\Users\шадрин\PycharmProjects\CenterStrikeVolatility_API\FinLabPy\Storage\..\..\Data\Alor\SPBFUT.RIH6_D1.txt
20.02.2026 11:18:04 - FileStorage - DEBUG - Первый бар    : 04.10.2025 00:00
20.02.2026 11:18:04 - FileStorage - DEBUG - Последний бар : 20.02.2026 00:00
20.02.2026 11:18:04 - FileStorage - DEBUG - Кол-во бар    : 122
20.02.2026 11:18:04 - FileStorage - DEBUG - Фильтр с 03.10.2025 11:17
20.02.2026 11:18:04 - FileStorage - DEBUG - Первый бар    : SPBFUT.RIH6 (D1) 2025-10-04 00:00:00 Open: 100060.0, High: 100060.0, Low: 98820.0, Close: 99270.0, Volume: 83.0
20.02.2026 11:18:04 - FileStorage - DEBUG - Последний бар : SPBFUT.RIH6 (D1) 2026-02-20 00:00:00 Open: 116130.0, High: 116400.0, Low: 115810.0, Close: 116180.0, Volume: 8235.0
20.02.2026 11:18:04 - FileStorage - DEBUG - Кол-во бар    : 122
20.02.2026 11:18:04 - AlorPy - DEBUG - Запрос : /md/v2/history?exchange=MOEX&symbol=RIH6&tf=D&from=1771545600&to=1771575484&format=Simple
20.02.2026 11:18:04 - AlorPy - DEBUG - Ответ  : {"history":[{"time":1771545600,"close":116180.00000,"open":116130.00000,"high":116400.00000,"low":115810.00000,"volume":8235}],"next":null,"prev":1771459200}
20.02.2026 11:18:04 - FileStorage - DEBUG - Получение файла C:\Users\шадрин\PycharmProjects\CenterStrikeVolatility_API\FinLabPy\Storage\..\..\Data\Alor\SPBFUT.RIH6_D1.txt
20.02.2026 11:18:04 - FileStorage - DEBUG - Первый бар    : 04.10.2025 00:00
20.02.2026 11:18:04 - FileStorage - DEBUG - Последний бар : 20.02.2026 00:00
20.02.2026 11:18:04 - FileStorage - DEBUG - Кол-во бар    : 122
20.02.2026 11:18:04 - FileStorage - DEBUG - Сохранение файла C:\Users\шадрин\PycharmProjects\CenterStrikeVolatility_API\FinLabPy\Storage\..\..\Data\Alor\SPBFUT.RIH6_D1.txt
20.02.2026 11:18:04 - FileStorage - DEBUG - Первый бар    : 04.10.2025 00:00
20.02.2026 11:18:04 - FileStorage - DEBUG - Последний бар : 20.02.2026 00:00
20.02.2026 11:18:04 - FileStorage - DEBUG - Кол-во бар    : 122
20.02.2026 11:18:04 - Schedule.BarsStream - DEBUG - Текущая дата и время на бирже: 20.02.2026 11:18:04
20.02.2026 11:18:04 - Schedule.BarsStream - DEBUG - Нужно получить бар: 20.02.2026 00:00:00
20.02.2026 11:18:04 - Schedule.BarsStream - DEBUG - Время запроса бара: 23.02.2026 09:00:03
20.02.2026 11:18:04 - Schedule.BarsStream - DEBUG - Ожидание в секундах: 250919.0
20.02.2026 11:18:04 - FileStorage - DEBUG - Получение файла C:\Users\шадрин\PycharmProjects\CenterStrikeVolatility_API\FinLabPy\Storage\..\..\Data\Alor\SPBFUT.RIH6_D1.txt
20.02.2026 11:18:04 - FileStorage - DEBUG - Первый бар    : 04.10.2025 00:00
20.02.2026 11:18:04 - FileStorage - DEBUG - Последний бар : 20.02.2026 00:00
20.02.2026 11:18:04 - FileStorage - DEBUG - Кол-во бар    : 122
20.02.2026 11:18:04 - FileStorage - DEBUG - Фильтр с 03.10.2025 11:17
20.02.2026 11:18:04 - FileStorage - DEBUG - Первый бар    : SPBFUT.RIH6 (D1) 2025-10-04 00:00:00 Open: 100060.0, High: 100060.0, Low: 98820.0, Close: 99270.0, Volume: 83.0
20.02.2026 11:18:04 - FileStorage - DEBUG - Последний бар : SPBFUT.RIH6 (D1) 2026-02-20 00:00:00 Open: 116130.0, High: 116400.0, Low: 115810.0, Close: 116180.0, Volume: 8235.0
20.02.2026 11:18:04 - FileStorage - DEBUG - Кол-во бар    : 122
20.02.2026 11:18:05 - AlorPy - DEBUG - Запрос : /md/v2/history?exchange=MOEX&symbol=RIH6&tf=D&from=1771545600&to=1771575484&format=Simple
20.02.2026 11:18:05 - AlorPy - DEBUG - Ответ  : {"history":[{"time":1771545600,"close":116180.00000,"open":116130.00000,"high":116400.00000,"low":115810.00000,"volume":8235}],"next":null,"prev":1771459200}
20.02.2026 11:18:05 - FileStorage - DEBUG - Получение файла C:\Users\шадрин\PycharmProjects\CenterStrikeVolatility_API\FinLabPy\Storage\..\..\Data\Alor\SPBFUT.RIH6_D1.txt
20.02.2026 11:18:05 - FileStorage - DEBUG - Первый бар    : 04.10.2025 00:00
20.02.2026 11:18:05 - FileStorage - DEBUG - Последний бар : 20.02.2026 00:00
20.02.2026 11:18:05 - FileStorage - DEBUG - Кол-во бар    : 122
20.02.2026 11:18:05 - FileStorage - DEBUG - Сохранение файла C:\Users\шадрин\PycharmProjects\CenterStrikeVolatility_API\FinLabPy\Storage\..\..\Data\Alor\SPBFUT.RIH6_D1.txt
20.02.2026 11:18:05 - FileStorage - DEBUG - Первый бар    : 04.10.2025 00:00
20.02.2026 11:18:05 - FileStorage - DEBUG - Последний бар : 20.02.2026 00:00
20.02.2026 11:18:05 - FileStorage - DEBUG - Кол-во бар    : 122
20.02.2026 11:18:05 - Schedule.BarsStream - DEBUG - Текущая дата и время на бирже: 20.02.2026 11:18:05
20.02.2026 11:18:05 - Schedule.BarsStream - DEBUG - Нужно получить бар: 20.02.2026 00:00:00
20.02.2026 11:18:05 - Schedule.BarsStream - DEBUG - Время запроса бара: 23.02.2026 09:00:03
20.02.2026 11:18:05 - Schedule.BarsStream - DEBUG - Ожидание в секундах: 250918.0
20.02.2026 11:18:05 - FileStorage - DEBUG - Получение файла C:\Users\шадрин\PycharmProjects\CenterStrikeVolatility_API\FinLabPy\Storage\..\..\Data\Alor\SPBFUT.RIH6_D1.txt
20.02.2026 11:18:05 - FileStorage - DEBUG - Первый бар    : 04.10.2025 00:00
20.02.2026 11:18:05 - FileStorage - DEBUG - Последний бар : 20.02.2026 00:00
20.02.2026 11:18:05 - FileStorage - DEBUG - Кол-во бар    : 122
20.02.2026 11:18:05 - FileStorage - DEBUG - Фильтр с 03.10.2025 11:17
20.02.2026 11:18:05 - FileStorage - DEBUG - Первый бар    : SPBFUT.RIH6 (D1) 2025-10-04 00:00:00 Open: 100060.0, High: 100060.0, Low: 98820.0, Close: 99270.0, Volume: 83.0
20.02.2026 11:18:05 - FileStorage - DEBUG - Последний бар : SPBFUT.RIH6 (D1) 2026-02-20 00:00:00 Open: 116130.0, High: 116400.0, Low: 115810.0, Close: 116180.0, Volume: 8235.0
20.02.2026 11:18:05 - FileStorage - DEBUG - Кол-во бар    : 122
20.02.2026 11:18:06 - AlorPy - DEBUG - Запрос : /md/v2/history?exchange=MOEX&symbol=RIH6&tf=D&from=1771545600&to=1771575485&format=Simple
20.02.2026 11:18:06 - AlorPy - DEBUG - Ответ  : {"history":[{"time":1771545600,"close":116180.00000,"open":116130.00000,"high":116400.00000,"low":115810.00000,"volume":8235}],"next":null,"prev":1771459200}
20.02.2026 11:18:06 - FileStorage - DEBUG - Получение файла C:\Users\шадрин\PycharmProjects\CenterStrikeVolatility_API\FinLabPy\Storage\..\..\Data\Alor\SPBFUT.RIH6_D1.txt
20.02.2026 11:18:06 - FileStorage - DEBUG - Первый бар    : 04.10.2025 00:00
20.02.2026 11:18:06 - FileStorage - DEBUG - Последний бар : 20.02.2026 00:00
20.02.2026 11:18:06 - FileStorage - DEBUG - Кол-во бар    : 122
20.02.2026 11:18:06 - FileStorage - DEBUG - Сохранение файла C:\Users\шадрин\PycharmProjects\CenterStrikeVolatility_API\FinLabPy\Storage\..\..\Data\Alor\SPBFUT.RIH6_D1.txt
20.02.2026 11:18:06 - FileStorage - DEBUG - Первый бар    : 04.10.2025 00:00
20.02.2026 11:18:06 - FileStorage - DEBUG - Последний бар : 20.02.2026 00:00
20.02.2026 11:18:06 - FileStorage - DEBUG - Кол-во бар    : 122
20.02.2026 11:18:06 - Schedule.BarsStream - DEBUG - Текущая дата и время на бирже: 20.02.2026 11:18:06
20.02.2026 11:18:06 - Schedule.BarsStream - DEBUG - Нужно получить бар: 20.02.2026 00:00:00
20.02.2026 11:18:06 - Schedule.BarsStream - DEBUG - Время запроса бара: 23.02.2026 09:00:03
20.02.2026 11:18:06 - Schedule.BarsStream - DEBUG - Ожидание в секундах: 250917.0
20.02.2026 11:18:06 - FileStorage - DEBUG - Получение файла C:\Users\шадрин\PycharmProjects\CenterStrikeVolatility_API\FinLabPy\Storage\..\..\Data\Alor\SPBFUT.RIH6_D1.txt
20.02.2026 11:18:06 - FileStorage - DEBUG - Первый бар    : 04.10.2025 00:00
20.02.2026 11:18:06 - FileStorage - DEBUG - Последний бар : 20.02.2026 00:00
20.02.2026 11:18:06 - FileStorage - DEBUG - Кол-во бар    : 122
20.02.2026 11:18:06 - FileStorage - DEBUG - Фильтр с 03.10.2025 11:17
20.02.2026 11:18:06 - FileStorage - DEBUG - Первый бар    : SPBFUT.RIH6 (D1) 2025-10-04 00:00:00 Open: 100060.0, High: 100060.0, Low: 98820.0, Close: 99270.0, Volume: 83.0
20.02.2026 11:18:06 - FileStorage - DEBUG - Последний бар : SPBFUT.RIH6 (D1) 2026-02-20 00:00:00 Open: 116130.0, High: 116400.0, Low: 115810.0, Close: 116180.0, Volume: 8235.0
20.02.2026 11:18:06 - FileStorage - DEBUG - Кол-во бар    : 122
20.02.2026 11:18:06 - Schedule.BarsStream - DEBUG - Текущая дата и время на бирже: 20.02.2026 11:18:06
20.02.2026 11:18:06 - Schedule.BarsStream - DEBUG - Нужно получить бар: 20.02.2026 00:00:00
20.02.2026 11:18:06 - Schedule.BarsStream - DEBUG - Время запроса бара: 23.02.2026 09:00:03
20.02.2026 11:18:06 - Schedule.BarsStream - DEBUG - Ожидание в секундах: 250917.0
20.02.2026 11:18:06 - AlorPy - DEBUG - Запрос : /md/v2/history?exchange=MOEX&symbol=RIH6&tf=D&from=1771545600&to=1771575486&format=Simple
20.02.2026 11:18:06 - AlorPy - DEBUG - Ответ  : {"history":[{"time":1771545600,"close":116180.00000,"open":116130.00000,"high":116400.00000,"low":115810.00000,"volume":8235}],"next":null,"prev":1771459200}
20.02.2026 11:18:06 - FileStorage - DEBUG - Получение файла C:\Users\шадрин\PycharmProjects\CenterStrikeVolatility_API\FinLabPy\Storage\..\..\Data\Alor\SPBFUT.RIH6_D1.txt
20.02.2026 11:18:06 - FileStorage - DEBUG - Первый бар    : 04.10.2025 00:00
20.02.2026 11:18:06 - FileStorage - DEBUG - Последний бар : 20.02.2026 00:00
20.02.2026 11:18:06 - FileStorage - DEBUG - Кол-во бар    : 122
20.02.2026 11:18:06 - FileStorage - DEBUG - Сохранение файла C:\Users\шадрин\PycharmProjects\CenterStrikeVolatility_API\FinLabPy\Storage\..\..\Data\Alor\SPBFUT.RIH6_D1.txt
20.02.2026 11:18:06 - FileStorage - DEBUG - Первый бар    : 04.10.2025 00:00
20.02.2026 11:18:06 - FileStorage - DEBUG - Последний бар : 20.02.2026 00:00
20.02.2026 11:18:06 - FileStorage - DEBUG - Кол-во бар    : 122
20.02.2026 11:18:06 - Schedule.BarsStream - DEBUG - Текущая дата и время на бирже: 20.02.2026 11:18:06
20.02.2026 11:18:06 - Schedule.BarsStream - DEBUG - Нужно получить бар: 20.02.2026 00:00:00
20.02.2026 11:18:06 - Schedule.BarsStream - DEBUG - Время запроса бара: 23.02.2026 09:00:03
20.02.2026 11:18:06 - Schedule.BarsStream - DEBUG - Ожидание в секундах: 250917.0
20.02.2026 11:18:06 - FileStorage - DEBUG - Получение файла C:\Users\шадрин\PycharmProjects\CenterStrikeVolatility_API\FinLabPy\Storage\..\..\Data\Alor\SPBFUT.RIH6_D1.txt
20.02.2026 11:18:06 - FileStorage - DEBUG - Первый бар    : 04.10.2025 00:00
20.02.2026 11:18:06 - FileStorage - DEBUG - Последний бар : 20.02.2026 00:00
20.02.2026 11:18:06 - FileStorage - DEBUG - Кол-во бар    : 122
20.02.2026 11:18:07 - FileStorage - DEBUG - Фильтр с 03.10.2025 11:17
20.02.2026 11:18:07 - FileStorage - DEBUG - Первый бар    : SPBFUT.RIH6 (D1) 2025-10-04 00:00:00 Open: 100060.0, High: 100060.0, Low: 98820.0, Close: 99270.0, Volume: 83.0
20.02.2026 11:18:07 - FileStorage - DEBUG - Последний бар : SPBFUT.RIH6 (D1) 2026-02-20 00:00:00 Open: 116130.0, High: 116400.0, Low: 115810.0, Close: 116180.0, Volume: 8235.0
20.02.2026 11:18:07 - FileStorage - DEBUG - Кол-во бар    : 122
20.02.2026 11:18:07 - AlorPy - DEBUG - Запрос : /md/v2/Securities/MOEX/SiH6?format=Simple
20.02.2026 11:18:07 - AlorPy - DEBUG - Ответ  : {"symbol":"SI-3.26","shortname":"SiH6","description":"SiH6","exchange":"MOEX","market":"FORTS","type":"Фьючерсный контракт Si-3.26","lotsize":1,"facevalue":1000,"cfiCode":"FFXCSX","cancellation":"2026-03-19T00:00:00.0000000","minstep":1,"rating":949564,"marginbuy":11782.55,"marginsell":11886.1,"marginrate":0,"priceMax":82691,"priceMin":69675,"theorPrice":0,"theorPriceLimit":0,"volatility":0,"currency":"RUB","ISIN":null,"yield":null,"board":"RFUD","primary_board":"RFUD","tradingStatus":17,"tradingStatusInfo":"нормальный период торгов","complexProductCategory":"2","priceMultiplier":1,"priceShownUnits":1,"pricestep":1}
20.02.2026 11:18:07 - FileStorage - DEBUG - Получение файла C:\Users\шадрин\PycharmProjects\CenterStrikeVolatility_API\FinLabPy\Storage\..\..\Data\Alor\SPBFUT.SiH6_D1.txt
20.02.2026 11:18:07 - FileStorage - DEBUG - Первый бар    : 06.10.2025 00:00
20.02.2026 11:18:07 - FileStorage - DEBUG - Последний бар : 20.02.2026 00:00
20.02.2026 11:18:07 - FileStorage - DEBUG - Кол-во бар    : 96
20.02.2026 11:18:07 - FileStorage - DEBUG - Фильтр с 03.10.2025 11:17
20.02.2026 11:18:07 - FileStorage - DEBUG - Первый бар    : SPBFUT.SiH6 (D1) 2025-10-06 00:00:00 Open: 87.101, High: 87.638, Low: 86.591, Close: 86.731, Volume: 10858.0
20.02.2026 11:18:07 - FileStorage - DEBUG - Последний бар : SPBFUT.SiH6 (D1) 2026-02-20 00:00:00 Open: 76.23, High: 76.5, Low: 76.123, Close: 76.357, Volume: 141205.0
20.02.2026 11:18:07 - FileStorage - DEBUG - Кол-во бар    : 96
20.02.2026 11:18:07 - AlorPy - DEBUG - Запрос : /md/v2/history?exchange=MOEX&symbol=RIH6&tf=D&from=1771545600&to=1771575487&format=Simple
20.02.2026 11:18:07 - AlorPy - DEBUG - Ответ  : {"history":[{"time":1771545600,"close":116170.00000,"open":116130.00000,"high":116400.00000,"low":115810.00000,"volume":8248}],"next":null,"prev":1771459200}
20.02.2026 11:18:07 - FileStorage - DEBUG - Получение файла C:\Users\шадрин\PycharmProjects\CenterStrikeVolatility_API\FinLabPy\Storage\..\..\Data\Alor\SPBFUT.RIH6_D1.txt
20.02.2026 11:18:07 - FileStorage - DEBUG - Первый бар    : 04.10.2025 00:00
20.02.2026 11:18:07 - FileStorage - DEBUG - Последний бар : 20.02.2026 00:00
20.02.2026 11:18:07 - FileStorage - DEBUG - Кол-во бар    : 122
20.02.2026 11:18:07 - FileStorage - DEBUG - Сохранение файла C:\Users\шадрин\PycharmProjects\CenterStrikeVolatility_API\FinLabPy\Storage\..\..\Data\Alor\SPBFUT.RIH6_D1.txt
20.02.2026 11:18:07 - FileStorage - DEBUG - Первый бар    : 04.10.2025 00:00
20.02.2026 11:18:07 - FileStorage - DEBUG - Последний бар : 20.02.2026 00:00
20.02.2026 11:18:07 - FileStorage - DEBUG - Кол-во бар    : 122
20.02.2026 11:18:07 - Schedule.BarsStream - DEBUG - Текущая дата и время на бирже: 20.02.2026 11:18:07
20.02.2026 11:18:07 - Schedule.BarsStream - DEBUG - Нужно получить бар: 20.02.2026 00:00:00
20.02.2026 11:18:07 - Schedule.BarsStream - DEBUG - Время запроса бара: 23.02.2026 09:00:03
20.02.2026 11:18:07 - Schedule.BarsStream - DEBUG - Ожидание в секундах: 250916.0
20.02.2026 11:18:07 - FileStorage - DEBUG - Получение файла C:\Users\шадрин\PycharmProjects\CenterStrikeVolatility_API\FinLabPy\Storage\..\..\Data\Alor\SPBFUT.RIH6_D1.txt
20.02.2026 11:18:07 - FileStorage - DEBUG - Первый бар    : 04.10.2025 00:00
20.02.2026 11:18:07 - FileStorage - DEBUG - Последний бар : 20.02.2026 00:00
20.02.2026 11:18:07 - FileStorage - DEBUG - Кол-во бар    : 122
20.02.2026 11:18:07 - FileStorage - DEBUG - Фильтр с 03.10.2025 11:17
20.02.2026 11:18:07 - FileStorage - DEBUG - Первый бар    : SPBFUT.RIH6 (D1) 2025-10-04 00:00:00 Open: 100060.0, High: 100060.0, Low: 98820.0, Close: 99270.0, Volume: 83.0
20.02.2026 11:18:07 - FileStorage - DEBUG - Последний бар : SPBFUT.RIH6 (D1) 2026-02-20 00:00:00 Open: 116130.0, High: 116400.0, Low: 115810.0, Close: 116170.0, Volume: 8248.0
20.02.2026 11:18:07 - FileStorage - DEBUG - Кол-во бар    : 122
20.02.2026 11:18:07 - AlorPy - DEBUG - Запрос : /md/v2/history?exchange=MOEX&symbol=SiH6&tf=D&from=1771545600&to=1771575487&format=Simple
20.02.2026 11:18:07 - AlorPy - DEBUG - Ответ  : {"history":[{"time":1771545600,"close":76369.00000,"open":76230.00000,"high":76500.00000,"low":76123.00000,"volume":142413}],"next":null,"prev":1771459200}
20.02.2026 11:18:07 - FileStorage - DEBUG - Получение файла C:\Users\шадрин\PycharmProjects\CenterStrikeVolatility_API\FinLabPy\Storage\..\..\Data\Alor\SPBFUT.SiH6_D1.txt
20.02.2026 11:18:07 - FileStorage - DEBUG - Первый бар    : 06.10.2025 00:00
20.02.2026 11:18:07 - FileStorage - DEBUG - Последний бар : 20.02.2026 00:00
20.02.2026 11:18:07 - FileStorage - DEBUG - Кол-во бар    : 96
20.02.2026 11:18:07 - FileStorage - DEBUG - Сохранение файла C:\Users\шадрин\PycharmProjects\CenterStrikeVolatility_API\FinLabPy\Storage\..\..\Data\Alor\SPBFUT.SiH6_D1.txt
20.02.2026 11:18:07 - FileStorage - DEBUG - Первый бар    : 06.10.2025 00:00
20.02.2026 11:18:07 - FileStorage - DEBUG - Последний бар : 20.02.2026 00:00
20.02.2026 11:18:07 - FileStorage - DEBUG - Кол-во бар    : 96
20.02.2026 11:18:07 - Schedule.BarsStream - DEBUG - Текущая дата и время на бирже: 20.02.2026 11:18:07
20.02.2026 11:18:07 - Schedule.BarsStream - DEBUG - Нужно получить бар: 20.02.2026 00:00:00
20.02.2026 11:18:07 - Schedule.BarsStream - DEBUG - Время запроса бара: 23.02.2026 09:00:03
20.02.2026 11:18:07 - Schedule.BarsStream - DEBUG - Ожидание в секундах: 250916.0
20.02.2026 11:18:07 - FileStorage - DEBUG - Получение файла C:\Users\шадрин\PycharmProjects\CenterStrikeVolatility_API\FinLabPy\Storage\..\..\Data\Alor\SPBFUT.SiH6_D1.txt
20.02.2026 11:18:07 - FileStorage - DEBUG - Первый бар    : 06.10.2025 00:00
20.02.2026 11:18:07 - FileStorage - DEBUG - Последний бар : 20.02.2026 00:00
20.02.2026 11:18:07 - FileStorage - DEBUG - Кол-во бар    : 96
20.02.2026 11:18:07 - FileStorage - DEBUG - Фильтр с 03.10.2025 11:17
20.02.2026 11:18:07 - FileStorage - DEBUG - Первый бар    : SPBFUT.SiH6 (D1) 2025-10-06 00:00:00 Open: 87.101, High: 87.638, Low: 86.591, Close: 86.731, Volume: 10858.0
20.02.2026 11:18:07 - FileStorage - DEBUG - Последний бар : SPBFUT.SiH6 (D1) 2026-02-20 00:00:00 Open: 76.23, High: 76.5, Low: 76.123, Close: 76.369, Volume: 142413.0
20.02.2026 11:18:07 - FileStorage - DEBUG - Кол-во бар    : 96
20.02.2026 11:18:08 - AlorPy - DEBUG - Запрос : /md/v2/history?exchange=MOEX&symbol=RIH6&tf=D&from=1771545600&to=1771575487&format=Simple
20.02.2026 11:18:08 - AlorPy - DEBUG - Ответ  : {"history":[{"time":1771545600,"close":116170.00000,"open":116130.00000,"high":116400.00000,"low":115810.00000,"volume":8248}],"next":null,"prev":1771459200}
20.02.2026 11:18:08 - FileStorage - DEBUG - Получение файла C:\Users\шадрин\PycharmProjects\CenterStrikeVolatility_API\FinLabPy\Storage\..\..\Data\Alor\SPBFUT.RIH6_D1.txt
20.02.2026 11:18:08 - FileStorage - DEBUG - Первый бар    : 04.10.2025 00:00
20.02.2026 11:18:08 - FileStorage - DEBUG - Последний бар : 20.02.2026 00:00
20.02.2026 11:18:08 - FileStorage - DEBUG - Кол-во бар    : 122
20.02.2026 11:18:08 - FileStorage - DEBUG - Сохранение файла C:\Users\шадрин\PycharmProjects\CenterStrikeVolatility_API\FinLabPy\Storage\..\..\Data\Alor\SPBFUT.RIH6_D1.txt
20.02.2026 11:18:08 - FileStorage - DEBUG - Первый бар    : 04.10.2025 00:00
20.02.2026 11:18:08 - FileStorage - DEBUG - Последний бар : 20.02.2026 00:00
20.02.2026 11:18:08 - FileStorage - DEBUG - Кол-во бар    : 122
20.02.2026 11:18:08 - Schedule.BarsStream - DEBUG - Текущая дата и время на бирже: 20.02.2026 11:18:08
20.02.2026 11:18:08 - Schedule.BarsStream - DEBUG - Нужно получить бар: 20.02.2026 00:00:00
20.02.2026 11:18:08 - Schedule.BarsStream - DEBUG - Время запроса бара: 23.02.2026 09:00:03
20.02.2026 11:18:08 - Schedule.BarsStream - DEBUG - Ожидание в секундах: 250915.0
20.02.2026 11:18:08 - FileStorage - DEBUG - Получение файла C:\Users\шадрин\PycharmProjects\CenterStrikeVolatility_API\FinLabPy\Storage\..\..\Data\Alor\SPBFUT.RIH6_D1.txt
20.02.2026 11:18:08 - FileStorage - DEBUG - Первый бар    : 04.10.2025 00:00
20.02.2026 11:18:08 - FileStorage - DEBUG - Последний бар : 20.02.2026 00:00
20.02.2026 11:18:08 - FileStorage - DEBUG - Кол-во бар    : 122
20.02.2026 11:18:08 - FileStorage - DEBUG - Фильтр с 03.10.2025 11:17
20.02.2026 11:18:08 - FileStorage - DEBUG - Первый бар    : SPBFUT.RIH6 (D1) 2025-10-04 00:00:00 Open: 100060.0, High: 100060.0, Low: 98820.0, Close: 99270.0, Volume: 83.0
20.02.2026 11:18:08 - FileStorage - DEBUG - Последний бар : SPBFUT.RIH6 (D1) 2026-02-20 00:00:00 Open: 116130.0, High: 116400.0, Low: 115810.0, Close: 116170.0, Volume: 8248.0
20.02.2026 11:18:08 - FileStorage - DEBUG - Кол-во бар    : 122
20.02.2026 11:18:08 - AlorPy - DEBUG - Запрос : /md/v2/history?exchange=MOEX&symbol=SiH6&tf=D&from=1771545600&to=1771575487&format=Simple
20.02.2026 11:18:08 - AlorPy - DEBUG - Ответ  : {"history":[{"time":1771545600,"close":76369.00000,"open":76230.00000,"high":76500.00000,"low":76123.00000,"volume":142413}],"next":null,"prev":1771459200}
20.02.2026 11:18:08 - FileStorage - DEBUG - Получение файла C:\Users\шадрин\PycharmProjects\CenterStrikeVolatility_API\FinLabPy\Storage\..\..\Data\Alor\SPBFUT.SiH6_D1.txt
20.02.2026 11:18:08 - FileStorage - DEBUG - Первый бар    : 06.10.2025 00:00
20.02.2026 11:18:08 - FileStorage - DEBUG - Последний бар : 20.02.2026 00:00
20.02.2026 11:18:08 - FileStorage - DEBUG - Кол-во бар    : 96
20.02.2026 11:18:08 - FileStorage - DEBUG - Сохранение файла C:\Users\шадрин\PycharmProjects\CenterStrikeVolatility_API\FinLabPy\Storage\..\..\Data\Alor\SPBFUT.SiH6_D1.txt
20.02.2026 11:18:08 - FileStorage - DEBUG - Первый бар    : 06.10.2025 00:00
20.02.2026 11:18:08 - FileStorage - DEBUG - Последний бар : 20.02.2026 00:00
20.02.2026 11:18:08 - FileStorage - DEBUG - Кол-во бар    : 96
20.02.2026 11:18:08 - Schedule.BarsStream - DEBUG - Текущая дата и время на бирже: 20.02.2026 11:18:08
20.02.2026 11:18:08 - Schedule.BarsStream - DEBUG - Нужно получить бар: 20.02.2026 00:00:00
20.02.2026 11:18:08 - Schedule.BarsStream - DEBUG - Время запроса бара: 23.02.2026 09:00:03
20.02.2026 11:18:08 - Schedule.BarsStream - DEBUG - Ожидание в секундах: 250915.0
20.02.2026 11:18:08 - FileStorage - DEBUG - Получение файла C:\Users\шадрин\PycharmProjects\CenterStrikeVolatility_API\FinLabPy\Storage\..\..\Data\Alor\SPBFUT.SiH6_D1.txt
20.02.2026 11:18:08 - FileStorage - DEBUG - Первый бар    : 06.10.2025 00:00
20.02.2026 11:18:08 - FileStorage - DEBUG - Последний бар : 20.02.2026 00:00
20.02.2026 11:18:08 - FileStorage - DEBUG - Кол-во бар    : 96
20.02.2026 11:18:08 - FileStorage - DEBUG - Фильтр с 03.10.2025 11:17
20.02.2026 11:18:08 - FileStorage - DEBUG - Первый бар    : SPBFUT.SiH6 (D1) 2025-10-06 00:00:00 Open: 87.101, High: 87.638, Low: 86.591, Close: 86.731, Volume: 10858.0
20.02.2026 11:18:08 - FileStorage - DEBUG - Последний бар : SPBFUT.SiH6 (D1) 2026-02-20 00:00:00 Open: 76.23, High: 76.5, Low: 76.123, Close: 76.369, Volume: 142413.0
20.02.2026 11:18:08 - FileStorage - DEBUG - Кол-во бар    : 96
20.02.2026 11:18:09 - AlorPy - DEBUG - Запрос : /md/v2/history?exchange=MOEX&symbol=RIH6&tf=D&from=1771545600&to=1771575488&format=Simple
20.02.2026 11:18:09 - AlorPy - DEBUG - Ответ  : {"history":[{"time":1771545600,"close":116170.00000,"open":116130.00000,"high":116400.00000,"low":115810.00000,"volume":8248}],"next":null,"prev":1771459200}
20.02.2026 11:18:09 - FileStorage - DEBUG - Получение файла C:\Users\шадрин\PycharmProjects\CenterStrikeVolatility_API\FinLabPy\Storage\..\..\Data\Alor\SPBFUT.RIH6_D1.txt
20.02.2026 11:18:09 - FileStorage - DEBUG - Первый бар    : 04.10.2025 00:00
20.02.2026 11:18:09 - FileStorage - DEBUG - Последний бар : 20.02.2026 00:00
20.02.2026 11:18:09 - FileStorage - DEBUG - Кол-во бар    : 122
20.02.2026 11:18:09 - FileStorage - DEBUG - Сохранение файла C:\Users\шадрин\PycharmProjects\CenterStrikeVolatility_API\FinLabPy\Storage\..\..\Data\Alor\SPBFUT.RIH6_D1.txt
20.02.2026 11:18:09 - FileStorage - DEBUG - Первый бар    : 04.10.2025 00:00
20.02.2026 11:18:09 - FileStorage - DEBUG - Последний бар : 20.02.2026 00:00
20.02.2026 11:18:09 - FileStorage - DEBUG - Кол-во бар    : 122
20.02.2026 11:18:09 - Schedule.BarsStream - DEBUG - Текущая дата и время на бирже: 20.02.2026 11:18:09
20.02.2026 11:18:09 - Schedule.BarsStream - DEBUG - Нужно получить бар: 20.02.2026 00:00:00
20.02.2026 11:18:09 - Schedule.BarsStream - DEBUG - Время запроса бара: 23.02.2026 09:00:03
20.02.2026 11:18:09 - Schedule.BarsStream - DEBUG - Ожидание в секундах: 250914.0
20.02.2026 11:18:09 - FileStorage - DEBUG - Получение файла C:\Users\шадрин\PycharmProjects\CenterStrikeVolatility_API\FinLabPy\Storage\..\..\Data\Alor\SPBFUT.RIH6_D1.txt
20.02.2026 11:18:09 - FileStorage - DEBUG - Первый бар    : 04.10.2025 00:00
20.02.2026 11:18:09 - FileStorage - DEBUG - Последний бар : 20.02.2026 00:00
20.02.2026 11:18:09 - FileStorage - DEBUG - Кол-во бар    : 122
20.02.2026 11:18:09 - FileStorage - DEBUG - Фильтр с 03.10.2025 11:17
20.02.2026 11:18:09 - FileStorage - DEBUG - Первый бар    : SPBFUT.RIH6 (D1) 2025-10-04 00:00:00 Open: 100060.0, High: 100060.0, Low: 98820.0, Close: 99270.0, Volume: 83.0
20.02.2026 11:18:09 - FileStorage - DEBUG - Последний бар : SPBFUT.RIH6 (D1) 2026-02-20 00:00:00 Open: 116130.0, High: 116400.0, Low: 115810.0, Close: 116170.0, Volume: 8248.0
20.02.2026 11:18:09 - FileStorage - DEBUG - Кол-во бар    : 122
20.02.2026 11:18:09 - AlorPy - DEBUG - Запрос : /md/v2/history?exchange=MOEX&symbol=SiH6&tf=D&from=1771545600&to=1771575488&format=Simple
20.02.2026 11:18:09 - AlorPy - DEBUG - Ответ  : {"history":[{"time":1771545600,"close":76369.00000,"open":76230.00000,"high":76500.00000,"low":76123.00000,"volume":142415}],"next":null,"prev":1771459200}
20.02.2026 11:18:09 - FileStorage - DEBUG - Получение файла C:\Users\шадрин\PycharmProjects\CenterStrikeVolatility_API\FinLabPy\Storage\..\..\Data\Alor\SPBFUT.SiH6_D1.txt
20.02.2026 11:18:09 - FileStorage - DEBUG - Первый бар    : 06.10.2025 00:00
20.02.2026 11:18:09 - FileStorage - DEBUG - Последний бар : 20.02.2026 00:00
20.02.2026 11:18:09 - FileStorage - DEBUG - Кол-во бар    : 96
20.02.2026 11:18:09 - FileStorage - DEBUG - Сохранение файла C:\Users\шадрин\PycharmProjects\CenterStrikeVolatility_API\FinLabPy\Storage\..\..\Data\Alor\SPBFUT.SiH6_D1.txt
20.02.2026 11:18:09 - FileStorage - DEBUG - Первый бар    : 06.10.2025 00:00
20.02.2026 11:18:09 - FileStorage - DEBUG - Последний бар : 20.02.2026 00:00
20.02.2026 11:18:09 - FileStorage - DEBUG - Кол-во бар    : 96
20.02.2026 11:18:09 - Schedule.BarsStream - DEBUG - Текущая дата и время на бирже: 20.02.2026 11:18:09
20.02.2026 11:18:09 - Schedule.BarsStream - DEBUG - Нужно получить бар: 20.02.2026 00:00:00
20.02.2026 11:18:09 - Schedule.BarsStream - DEBUG - Время запроса бара: 23.02.2026 09:00:03
20.02.2026 11:18:09 - Schedule.BarsStream - DEBUG - Ожидание в секундах: 250914.0
20.02.2026 11:18:09 - FileStorage - DEBUG - Получение файла C:\Users\шадрин\PycharmProjects\CenterStrikeVolatility_API\FinLabPy\Storage\..\..\Data\Alor\SPBFUT.SiH6_D1.txt
20.02.2026 11:18:09 - FileStorage - DEBUG - Первый бар    : 06.10.2025 00:00
20.02.2026 11:18:09 - FileStorage - DEBUG - Последний бар : 20.02.2026 00:00
20.02.2026 11:18:09 - FileStorage - DEBUG - Кол-во бар    : 96
20.02.2026 11:18:09 - FileStorage - DEBUG - Фильтр с 03.10.2025 11:17
20.02.2026 11:18:09 - FileStorage - DEBUG - Первый бар    : SPBFUT.SiH6 (D1) 2025-10-06 00:00:00 Open: 87.101, High: 87.638, Low: 86.591, Close: 86.731, Volume: 10858.0
20.02.2026 11:18:09 - FileStorage - DEBUG - Последний бар : SPBFUT.SiH6 (D1) 2026-02-20 00:00:00 Open: 76.23, High: 76.5, Low: 76.123, Close: 76.369, Volume: 142415.0
20.02.2026 11:18:09 - FileStorage - DEBUG - Кол-во бар    : 96
20.02.2026 11:18:09 - AlorPy - DEBUG - Запрос : /md/v2/history?exchange=MOEX&symbol=RIH6&tf=D&from=1771545600&to=1771575489&format=Simple
20.02.2026 11:18:09 - AlorPy - DEBUG - Ответ  : {"history":[{"time":1771545600,"close":116170.00000,"open":116130.00000,"high":116400.00000,"low":115810.00000,"volume":8248}],"next":null,"prev":1771459200}
20.02.2026 11:18:09 - FileStorage - DEBUG - Получение файла C:\Users\шадрин\PycharmProjects\CenterStrikeVolatility_API\FinLabPy\Storage\..\..\Data\Alor\SPBFUT.RIH6_D1.txt
20.02.2026 11:18:09 - FileStorage - DEBUG - Первый бар    : 04.10.2025 00:00
20.02.2026 11:18:09 - FileStorage - DEBUG - Последний бар : 20.02.2026 00:00
20.02.2026 11:18:09 - FileStorage - DEBUG - Кол-во бар    : 122
20.02.2026 11:18:09 - FileStorage - DEBUG - Сохранение файла C:\Users\шадрин\PycharmProjects\CenterStrikeVolatility_API\FinLabPy\Storage\..\..\Data\Alor\SPBFUT.RIH6_D1.txt
20.02.2026 11:18:09 - FileStorage - DEBUG - Первый бар    : 04.10.2025 00:00
20.02.2026 11:18:09 - FileStorage - DEBUG - Последний бар : 20.02.2026 00:00
20.02.2026 11:18:09 - FileStorage - DEBUG - Кол-во бар    : 122
20.02.2026 11:18:09 - Schedule.BarsStream - DEBUG - Текущая дата и время на бирже: 20.02.2026 11:18:09
20.02.2026 11:18:09 - Schedule.BarsStream - DEBUG - Нужно получить бар: 20.02.2026 00:00:00
20.02.2026 11:18:09 - Schedule.BarsStream - DEBUG - Время запроса бара: 23.02.2026 09:00:03
20.02.2026 11:18:09 - Schedule.BarsStream - DEBUG - Ожидание в секундах: 250914.0
20.02.2026 11:18:09 - FileStorage - DEBUG - Получение файла C:\Users\шадрин\PycharmProjects\CenterStrikeVolatility_API\FinLabPy\Storage\..\..\Data\Alor\SPBFUT.RIH6_D1.txt
20.02.2026 11:18:09 - FileStorage - DEBUG - Первый бар    : 04.10.2025 00:00
20.02.2026 11:18:09 - FileStorage - DEBUG - Последний бар : 20.02.2026 00:00
20.02.2026 11:18:09 - FileStorage - DEBUG - Кол-во бар    : 122
20.02.2026 11:18:09 - FileStorage - DEBUG - Фильтр с 03.10.2025 11:17
20.02.2026 11:18:09 - FileStorage - DEBUG - Первый бар    : SPBFUT.RIH6 (D1) 2025-10-04 00:00:00 Open: 100060.0, High: 100060.0, Low: 98820.0, Close: 99270.0, Volume: 83.0
20.02.2026 11:18:09 - FileStorage - DEBUG - Последний бар : SPBFUT.RIH6 (D1) 2026-02-20 00:00:00 Open: 116130.0, High: 116400.0, Low: 115810.0, Close: 116170.0, Volume: 8248.0
20.02.2026 11:18:09 - FileStorage - DEBUG - Кол-во бар    : 122
20.02.2026 11:18:10 - AlorPy - DEBUG - Запрос : /md/v2/history?exchange=MOEX&symbol=SiH6&tf=D&from=1771545600&to=1771575489&format=Simple
20.02.2026 11:18:10 - AlorPy - DEBUG - Ответ  : {"history":[{"time":1771545600,"close":76369.00000,"open":76230.00000,"high":76500.00000,"low":76123.00000,"volume":142417}],"next":null,"prev":1771459200}
20.02.2026 11:18:10 - FileStorage - DEBUG - Получение файла C:\Users\шадрин\PycharmProjects\CenterStrikeVolatility_API\FinLabPy\Storage\..\..\Data\Alor\SPBFUT.SiH6_D1.txt
20.02.2026 11:18:10 - FileStorage - DEBUG - Первый бар    : 06.10.2025 00:00
20.02.2026 11:18:10 - FileStorage - DEBUG - Последний бар : 20.02.2026 00:00
20.02.2026 11:18:10 - FileStorage - DEBUG - Кол-во бар    : 96
20.02.2026 11:18:10 - FileStorage - DEBUG - Сохранение файла C:\Users\шадрин\PycharmProjects\CenterStrikeVolatility_API\FinLabPy\Storage\..\..\Data\Alor\SPBFUT.SiH6_D1.txt
20.02.2026 11:18:10 - FileStorage - DEBUG - Первый бар    : 06.10.2025 00:00
20.02.2026 11:18:10 - FileStorage - DEBUG - Последний бар : 20.02.2026 00:00
20.02.2026 11:18:10 - FileStorage - DEBUG - Кол-во бар    : 96
20.02.2026 11:18:10 - Schedule.BarsStream - DEBUG - Текущая дата и время на бирже: 20.02.2026 11:18:10
20.02.2026 11:18:10 - Schedule.BarsStream - DEBUG - Нужно получить бар: 20.02.2026 00:00:00
20.02.2026 11:18:10 - Schedule.BarsStream - DEBUG - Время запроса бара: 23.02.2026 09:00:03
20.02.2026 11:18:10 - Schedule.BarsStream - DEBUG - Ожидание в секундах: 250913.0
20.02.2026 11:18:10 - FileStorage - DEBUG - Получение файла C:\Users\шадрин\PycharmProjects\CenterStrikeVolatility_API\FinLabPy\Storage\..\..\Data\Alor\SPBFUT.SiH6_D1.txt
20.02.2026 11:18:10 - FileStorage - DEBUG - Первый бар    : 06.10.2025 00:00
20.02.2026 11:18:10 - FileStorage - DEBUG - Последний бар : 20.02.2026 00:00
20.02.2026 11:18:10 - FileStorage - DEBUG - Кол-во бар    : 96
20.02.2026 11:18:10 - FileStorage - DEBUG - Фильтр с 03.10.2025 11:17
20.02.2026 11:18:10 - FileStorage - DEBUG - Первый бар    : SPBFUT.SiH6 (D1) 2025-10-06 00:00:00 Open: 87.101, High: 87.638, Low: 86.591, Close: 86.731, Volume: 10858.0
20.02.2026 11:18:10 - FileStorage - DEBUG - Последний бар : SPBFUT.SiH6 (D1) 2026-02-20 00:00:00 Open: 76.23, High: 76.5, Low: 76.123, Close: 76.369, Volume: 142417.0
20.02.2026 11:18:10 - FileStorage - DEBUG - Кол-во бар    : 96
20.02.2026 11:18:10 - AlorPy - DEBUG - Запрос : /md/v2/history?exchange=MOEX&symbol=RIH6&tf=D&from=1771545600&to=1771575489&format=Simple
20.02.2026 11:18:10 - AlorPy - DEBUG - Ответ  : {"history":[{"time":1771545600,"close":116170.00000,"open":116130.00000,"high":116400.00000,"low":115810.00000,"volume":8248}],"next":null,"prev":1771459200}
20.02.2026 11:18:10 - FileStorage - DEBUG - Получение файла C:\Users\шадрин\PycharmProjects\CenterStrikeVolatility_API\FinLabPy\Storage\..\..\Data\Alor\SPBFUT.RIH6_D1.txt
20.02.2026 11:18:10 - FileStorage - DEBUG - Первый бар    : 04.10.2025 00:00
20.02.2026 11:18:10 - FileStorage - DEBUG - Последний бар : 20.02.2026 00:00
20.02.2026 11:18:10 - FileStorage - DEBUG - Кол-во бар    : 122
20.02.2026 11:18:10 - FileStorage - DEBUG - Сохранение файла C:\Users\шадрин\PycharmProjects\CenterStrikeVolatility_API\FinLabPy\Storage\..\..\Data\Alor\SPBFUT.RIH6_D1.txt
20.02.2026 11:18:10 - FileStorage - DEBUG - Первый бар    : 04.10.2025 00:00
20.02.2026 11:18:10 - FileStorage - DEBUG - Последний бар : 20.02.2026 00:00
20.02.2026 11:18:10 - FileStorage - DEBUG - Кол-во бар    : 122
20.02.2026 11:18:10 - Schedule.BarsStream - DEBUG - Текущая дата и время на бирже: 20.02.2026 11:18:10
20.02.2026 11:18:10 - Schedule.BarsStream - DEBUG - Нужно получить бар: 20.02.2026 00:00:00
20.02.2026 11:18:10 - Schedule.BarsStream - DEBUG - Время запроса бара: 23.02.2026 09:00:03
20.02.2026 11:18:10 - Schedule.BarsStream - DEBUG - Ожидание в секундах: 250913.0
20.02.2026 11:18:10 - FileStorage - DEBUG - Получение файла C:\Users\шадрин\PycharmProjects\CenterStrikeVolatility_API\FinLabPy\Storage\..\..\Data\Alor\SPBFUT.RIH6_D1.txt
20.02.2026 11:18:10 - FileStorage - DEBUG - Первый бар    : 04.10.2025 00:00
20.02.2026 11:18:10 - FileStorage - DEBUG - Последний бар : 20.02.2026 00:00
20.02.2026 11:18:10 - FileStorage - DEBUG - Кол-во бар    : 122
20.02.2026 11:18:10 - FileStorage - DEBUG - Фильтр с 03.10.2025 11:17
20.02.2026 11:18:10 - FileStorage - DEBUG - Первый бар    : SPBFUT.RIH6 (D1) 2025-10-04 00:00:00 Open: 100060.0, High: 100060.0, Low: 98820.0, Close: 99270.0, Volume: 83.0
20.02.2026 11:18:10 - FileStorage - DEBUG - Последний бар : SPBFUT.RIH6 (D1) 2026-02-20 00:00:00 Open: 116130.0, High: 116400.0, Low: 115810.0, Close: 116170.0, Volume: 8248.0
20.02.2026 11:18:10 - FileStorage - DEBUG - Кол-во бар    : 122
20.02.2026 11:18:10 - AlorPy - DEBUG - Запрос : /md/v2/history?exchange=MOEX&symbol=SiH6&tf=D&from=1771545600&to=1771575490&format=Simple
20.02.2026 11:18:10 - AlorPy - DEBUG - Ответ  : {"history":[{"time":1771545600,"close":76369.00000,"open":76230.00000,"high":76500.00000,"low":76123.00000,"volume":142424}],"next":null,"prev":1771459200}
20.02.2026 11:18:10 - FileStorage - DEBUG - Получение файла C:\Users\шадрин\PycharmProjects\CenterStrikeVolatility_API\FinLabPy\Storage\..\..\Data\Alor\SPBFUT.SiH6_D1.txt
20.02.2026 11:18:10 - FileStorage - DEBUG - Первый бар    : 06.10.2025 00:00
20.02.2026 11:18:10 - FileStorage - DEBUG - Последний бар : 20.02.2026 00:00
20.02.2026 11:18:10 - FileStorage - DEBUG - Кол-во бар    : 96
20.02.2026 11:18:10 - FileStorage - DEBUG - Сохранение файла C:\Users\шадрин\PycharmProjects\CenterStrikeVolatility_API\FinLabPy\Storage\..\..\Data\Alor\SPBFUT.SiH6_D1.txt
20.02.2026 11:18:10 - FileStorage - DEBUG - Первый бар    : 06.10.2025 00:00
20.02.2026 11:18:10 - FileStorage - DEBUG - Последний бар : 20.02.2026 00:00
20.02.2026 11:18:10 - FileStorage - DEBUG - Кол-во бар    : 96
20.02.2026 11:18:10 - Schedule.BarsStream - DEBUG - Текущая дата и время на бирже: 20.02.2026 11:18:10
20.02.2026 11:18:10 - Schedule.BarsStream - DEBUG - Нужно получить бар: 20.02.2026 00:00:00
20.02.2026 11:18:10 - Schedule.BarsStream - DEBUG - Время запроса бара: 23.02.2026 09:00:03
20.02.2026 11:18:10 - Schedule.BarsStream - DEBUG - Ожидание в секундах: 250913.0
20.02.2026 11:18:10 - FileStorage - DEBUG - Получение файла C:\Users\шадрин\PycharmProjects\CenterStrikeVolatility_API\FinLabPy\Storage\..\..\Data\Alor\SPBFUT.SiH6_D1.txt
20.02.2026 11:18:10 - FileStorage - DEBUG - Первый бар    : 06.10.2025 00:00
20.02.2026 11:18:10 - FileStorage - DEBUG - Последний бар : 20.02.2026 00:00
20.02.2026 11:18:10 - FileStorage - DEBUG - Кол-во бар    : 96
20.02.2026 11:18:10 - FileStorage - DEBUG - Фильтр с 03.10.2025 11:17
20.02.2026 11:18:10 - FileStorage - DEBUG - Первый бар    : SPBFUT.SiH6 (D1) 2025-10-06 00:00:00 Open: 87.101, High: 87.638, Low: 86.591, Close: 86.731, Volume: 10858.0
20.02.2026 11:18:10 - FileStorage - DEBUG - Последний бар : SPBFUT.SiH6 (D1) 2026-02-20 00:00:00 Open: 76.23, High: 76.5, Low: 76.123, Close: 76.369, Volume: 142424.0
20.02.2026 11:18:10 - FileStorage - DEBUG - Кол-во бар    : 96
20.02.2026 11:18:11 - AlorPy - DEBUG - Запрос : /md/v2/history?exchange=MOEX&symbol=RIH6&tf=D&from=1771545600&to=1771575490&format=Simple
20.02.2026 11:18:11 - AlorPy - DEBUG - Ответ  : {"history":[{"time":1771545600,"close":116170.00000,"open":116130.00000,"high":116400.00000,"low":115810.00000,"volume":8248}],"next":null,"prev":1771459200}
20.02.2026 11:18:11 - FileStorage - DEBUG - Получение файла C:\Users\шадрин\PycharmProjects\CenterStrikeVolatility_API\FinLabPy\Storage\..\..\Data\Alor\SPBFUT.RIH6_D1.txt
20.02.2026 11:18:11 - FileStorage - DEBUG - Первый бар    : 04.10.2025 00:00
20.02.2026 11:18:11 - FileStorage - DEBUG - Последний бар : 20.02.2026 00:00
20.02.2026 11:18:11 - FileStorage - DEBUG - Кол-во бар    : 122
20.02.2026 11:18:11 - FileStorage - DEBUG - Сохранение файла C:\Users\шадрин\PycharmProjects\CenterStrikeVolatility_API\FinLabPy\Storage\..\..\Data\Alor\SPBFUT.RIH6_D1.txt
20.02.2026 11:18:11 - FileStorage - DEBUG - Первый бар    : 04.10.2025 00:00
20.02.2026 11:18:11 - FileStorage - DEBUG - Последний бар : 20.02.2026 00:00
20.02.2026 11:18:11 - FileStorage - DEBUG - Кол-во бар    : 122
20.02.2026 11:18:11 - Schedule.BarsStream - DEBUG - Текущая дата и время на бирже: 20.02.2026 11:18:11
20.02.2026 11:18:11 - Schedule.BarsStream - DEBUG - Нужно получить бар: 20.02.2026 00:00:00
20.02.2026 11:18:11 - Schedule.BarsStream - DEBUG - Время запроса бара: 23.02.2026 09:00:03
20.02.2026 11:18:11 - Schedule.BarsStream - DEBUG - Ожидание в секундах: 250912.0
20.02.2026 11:18:11 - FileStorage - DEBUG - Получение файла C:\Users\шадрин\PycharmProjects\CenterStrikeVolatility_API\FinLabPy\Storage\..\..\Data\Alor\SPBFUT.RIH6_D1.txt
20.02.2026 11:18:11 - FileStorage - DEBUG - Первый бар    : 04.10.2025 00:00
20.02.2026 11:18:11 - FileStorage - DEBUG - Последний бар : 20.02.2026 00:00
20.02.2026 11:18:11 - FileStorage - DEBUG - Кол-во бар    : 122
20.02.2026 11:18:11 - FileStorage - DEBUG - Фильтр с 03.10.2025 11:17
20.02.2026 11:18:11 - FileStorage - DEBUG - Первый бар    : SPBFUT.RIH6 (D1) 2025-10-04 00:00:00 Open: 100060.0, High: 100060.0, Low: 98820.0, Close: 99270.0, Volume: 83.0
20.02.2026 11:18:11 - FileStorage - DEBUG - Последний бар : SPBFUT.RIH6 (D1) 2026-02-20 00:00:00 Open: 116130.0, High: 116400.0, Low: 115810.0, Close: 116170.0, Volume: 8248.0
20.02.2026 11:18:11 - FileStorage - DEBUG - Кол-во бар    : 122
20.02.2026 11:18:11 - Schedule.BarsStream - DEBUG - Текущая дата и время на бирже: 20.02.2026 11:18:11
20.02.2026 11:18:11 - Schedule.BarsStream - DEBUG - Нужно получить бар: 20.02.2026 00:00:00
20.02.2026 11:18:11 - Schedule.BarsStream - DEBUG - Время запроса бара: 23.02.2026 09:00:03
20.02.2026 11:18:11 - Schedule.BarsStream - DEBUG - Ожидание в секундах: 250912.0
20.02.2026 11:18:11 - AlorPy - DEBUG - Запрос : /md/v2/history?exchange=MOEX&symbol=SiH6&tf=D&from=1771545600&to=1771575490&format=Simple
20.02.2026 11:18:11 - AlorPy - DEBUG - Ответ  : {"history":[{"time":1771545600,"close":76369.00000,"open":76230.00000,"high":76500.00000,"low":76123.00000,"volume":142424}],"next":null,"prev":1771459200}
20.02.2026 11:18:11 - FileStorage - DEBUG - Получение файла C:\Users\шадрин\PycharmProjects\CenterStrikeVolatility_API\FinLabPy\Storage\..\..\Data\Alor\SPBFUT.SiH6_D1.txt
20.02.2026 11:18:11 - FileStorage - DEBUG - Первый бар    : 06.10.2025 00:00
20.02.2026 11:18:11 - FileStorage - DEBUG - Последний бар : 20.02.2026 00:00
20.02.2026 11:18:11 - FileStorage - DEBUG - Кол-во бар    : 96
20.02.2026 11:18:11 - FileStorage - DEBUG - Сохранение файла C:\Users\шадрин\PycharmProjects\CenterStrikeVolatility_API\FinLabPy\Storage\..\..\Data\Alor\SPBFUT.SiH6_D1.txt
20.02.2026 11:18:11 - FileStorage - DEBUG - Первый бар    : 06.10.2025 00:00
20.02.2026 11:18:11 - FileStorage - DEBUG - Последний бар : 20.02.2026 00:00
20.02.2026 11:18:11 - FileStorage - DEBUG - Кол-во бар    : 96
20.02.2026 11:18:11 - Schedule.BarsStream - DEBUG - Текущая дата и время на бирже: 20.02.2026 11:18:11
20.02.2026 11:18:11 - Schedule.BarsStream - DEBUG - Нужно получить бар: 20.02.2026 00:00:00
20.02.2026 11:18:11 - Schedule.BarsStream - DEBUG - Время запроса бара: 23.02.2026 09:00:03
20.02.2026 11:18:11 - Schedule.BarsStream - DEBUG - Ожидание в секундах: 250912.0
20.02.2026 11:18:11 - FileStorage - DEBUG - Получение файла C:\Users\шадрин\PycharmProjects\CenterStrikeVolatility_API\FinLabPy\Storage\..\..\Data\Alor\SPBFUT.SiH6_D1.txt
20.02.2026 11:18:11 - FileStorage - DEBUG - Первый бар    : 06.10.2025 00:00
20.02.2026 11:18:11 - FileStorage - DEBUG - Последний бар : 20.02.2026 00:00
20.02.2026 11:18:11 - FileStorage - DEBUG - Кол-во бар    : 96
20.02.2026 11:18:11 - FileStorage - DEBUG - Фильтр с 03.10.2025 11:17
20.02.2026 11:18:11 - FileStorage - DEBUG - Первый бар    : SPBFUT.SiH6 (D1) 2025-10-06 00:00:00 Open: 87.101, High: 87.638, Low: 86.591, Close: 86.731, Volume: 10858.0
20.02.2026 11:18:11 - FileStorage - DEBUG - Последний бар : SPBFUT.SiH6 (D1) 2026-02-20 00:00:00 Open: 76.23, High: 76.5, Low: 76.123, Close: 76.369, Volume: 142424.0
20.02.2026 11:18:11 - FileStorage - DEBUG - Кол-во бар    : 96
20.02.2026 11:18:12 - AlorPy - DEBUG - Запрос : /md/v2/history?exchange=MOEX&symbol=RIH6&tf=D&from=1771545600&to=1771575491&format=Simple
20.02.2026 11:18:12 - AlorPy - DEBUG - Ответ  : {"history":[{"time":1771545600,"close":116170.00000,"open":116130.00000,"high":116400.00000,"low":115810.00000,"volume":8248}],"next":null,"prev":1771459200}
20.02.2026 11:18:12 - FileStorage - DEBUG - Получение файла C:\Users\шадрин\PycharmProjects\CenterStrikeVolatility_API\FinLabPy\Storage\..\..\Data\Alor\SPBFUT.RIH6_D1.txt
20.02.2026 11:18:12 - FileStorage - DEBUG - Первый бар    : 04.10.2025 00:00
20.02.2026 11:18:12 - FileStorage - DEBUG - Последний бар : 20.02.2026 00:00
20.02.2026 11:18:12 - FileStorage - DEBUG - Кол-во бар    : 122
20.02.2026 11:18:12 - FileStorage - DEBUG - Сохранение файла C:\Users\шадрин\PycharmProjects\CenterStrikeVolatility_API\FinLabPy\Storage\..\..\Data\Alor\SPBFUT.RIH6_D1.txt
20.02.2026 11:18:12 - FileStorage - DEBUG - Первый бар    : 04.10.2025 00:00
20.02.2026 11:18:12 - FileStorage - DEBUG - Последний бар : 20.02.2026 00:00
20.02.2026 11:18:12 - FileStorage - DEBUG - Кол-во бар    : 122
20.02.2026 11:18:12 - Schedule.BarsStream - DEBUG - Текущая дата и время на бирже: 20.02.2026 11:18:12
20.02.2026 11:18:12 - Schedule.BarsStream - DEBUG - Нужно получить бар: 20.02.2026 00:00:00
20.02.2026 11:18:12 - Schedule.BarsStream - DEBUG - Время запроса бара: 23.02.2026 09:00:03
20.02.2026 11:18:12 - Schedule.BarsStream - DEBUG - Ожидание в секундах: 250911.0
20.02.2026 11:18:12 - FileStorage - DEBUG - Получение файла C:\Users\шадрин\PycharmProjects\CenterStrikeVolatility_API\FinLabPy\Storage\..\..\Data\Alor\SPBFUT.RIH6_D1.txt
20.02.2026 11:18:12 - FileStorage - DEBUG - Первый бар    : 04.10.2025 00:00
20.02.2026 11:18:12 - FileStorage - DEBUG - Последний бар : 20.02.2026 00:00
20.02.2026 11:18:12 - FileStorage - DEBUG - Кол-во бар    : 122
20.02.2026 11:18:12 - FileStorage - DEBUG - Фильтр с 03.10.2025 11:17
20.02.2026 11:18:12 - FileStorage - DEBUG - Первый бар    : SPBFUT.RIH6 (D1) 2025-10-04 00:00:00 Open: 100060.0, High: 100060.0, Low: 98820.0, Close: 99270.0, Volume: 83.0
20.02.2026 11:18:12 - FileStorage - DEBUG - Последний бар : SPBFUT.RIH6 (D1) 2026-02-20 00:00:00 Open: 116130.0, High: 116400.0, Low: 115810.0, Close: 116170.0, Volume: 8248.0
20.02.2026 11:18:12 - FileStorage - DEBUG - Кол-во бар    : 122
20.02.2026 11:18:12 - AlorPy - DEBUG - Запрос : /md/v2/Securities/MOEX/RIM6?format=Simple
20.02.2026 11:18:12 - AlorPy - DEBUG - Ответ  : {"symbol":"RTS-6.26","shortname":"RIM6","description":"RIM6","exchange":"MOEX","market":"FORTS","type":"Фьючерсный контракт RTS-6.26","lotsize":1,"facevalue":1,"cfiCode":"FFXCSX","cancellation":"2026-06-18T00:00:00.0000000","minstep":10,"rating":665,"marginbuy":28089.37,"marginsell":28593.22,"marginrate":0,"priceMax":124620,"priceMin":108560,"theorPrice":0,"theorPriceLimit":0,"volatility":0,"currency":"USD","ISIN":null,"yield":null,"board":"RFUD","primary_board":"RFUD","tradingStatus":17,"tradingStatusInfo":"нормальный период торгов","complexProductCategory":"2","priceMultiplier":1,"priceShownUnits":1,"pricestep":15.3281}
20.02.2026 11:18:12 - FileStorage - DEBUG - Получение файла C:\Users\шадрин\PycharmProjects\CenterStrikeVolatility_API\FinLabPy\Storage\..\..\Data\Alor\SPBFUT.RIM6_D1.txt
20.02.2026 11:18:12 - FileStorage - DEBUG - Первый бар    : 04.10.2025 00:00
20.02.2026 11:18:12 - FileStorage - DEBUG - Последний бар : 20.02.2026 00:00
20.02.2026 11:18:12 - FileStorage - DEBUG - Кол-во бар    : 107
20.02.2026 11:18:12 - FileStorage - DEBUG - Фильтр с 03.10.2025 11:17
20.02.2026 11:18:12 - FileStorage - DEBUG - Первый бар    : SPBFUT.RIM6 (D1) 2025-10-04 00:00:00 Open: 101350.0, High: 101350.0, Low: 101350.0, Close: 101350.0, Volume: 1.0
20.02.2026 11:18:12 - FileStorage - DEBUG - Последний бар : SPBFUT.RIM6 (D1) 2026-02-20 00:00:00 Open: 116470.0, High: 116770.0, Low: 116290.0, Close: 116460.0, Volume: 155.0
20.02.2026 11:18:12 - FileStorage - DEBUG - Кол-во бар    : 107
20.02.2026 11:18:12 - AlorPy - DEBUG - Запрос : /md/v2/history?exchange=MOEX&symbol=SiH6&tf=D&from=1771545600&to=1771575491&format=Simple
20.02.2026 11:18:12 - AlorPy - DEBUG - Ответ  : {"history":[{"time":1771545600,"close":76367.00000,"open":76230.00000,"high":76500.00000,"low":76123.00000,"volume":142427}],"next":null,"prev":1771459200}
20.02.2026 11:18:12 - FileStorage - DEBUG - Получение файла C:\Users\шадрин\PycharmProjects\CenterStrikeVolatility_API\FinLabPy\Storage\..\..\Data\Alor\SPBFUT.SiH6_D1.txt
20.02.2026 11:18:12 - FileStorage - DEBUG - Первый бар    : 06.10.2025 00:00
20.02.2026 11:18:12 - FileStorage - DEBUG - Последний бар : 20.02.2026 00:00
20.02.2026 11:18:12 - FileStorage - DEBUG - Кол-во бар    : 96
20.02.2026 11:18:12 - FileStorage - DEBUG - Сохранение файла C:\Users\шадрин\PycharmProjects\CenterStrikeVolatility_API\FinLabPy\Storage\..\..\Data\Alor\SPBFUT.SiH6_D1.txt
20.02.2026 11:18:12 - FileStorage - DEBUG - Первый бар    : 06.10.2025 00:00
20.02.2026 11:18:12 - FileStorage - DEBUG - Последний бар : 20.02.2026 00:00
20.02.2026 11:18:12 - FileStorage - DEBUG - Кол-во бар    : 96
20.02.2026 11:18:12 - Schedule.BarsStream - DEBUG - Текущая дата и время на бирже: 20.02.2026 11:18:12
20.02.2026 11:18:12 - Schedule.BarsStream - DEBUG - Нужно получить бар: 20.02.2026 00:00:00
20.02.2026 11:18:12 - Schedule.BarsStream - DEBUG - Время запроса бара: 23.02.2026 09:00:03
20.02.2026 11:18:12 - Schedule.BarsStream - DEBUG - Ожидание в секундах: 250911.0
20.02.2026 11:18:12 - FileStorage - DEBUG - Получение файла C:\Users\шадрин\PycharmProjects\CenterStrikeVolatility_API\FinLabPy\Storage\..\..\Data\Alor\SPBFUT.SiH6_D1.txt
20.02.2026 11:18:12 - FileStorage - DEBUG - Первый бар    : 06.10.2025 00:00
20.02.2026 11:18:12 - FileStorage - DEBUG - Последний бар : 20.02.2026 00:00
20.02.2026 11:18:12 - FileStorage - DEBUG - Кол-во бар    : 96
20.02.2026 11:18:12 - FileStorage - DEBUG - Фильтр с 03.10.2025 11:17
20.02.2026 11:18:12 - FileStorage - DEBUG - Первый бар    : SPBFUT.SiH6 (D1) 2025-10-06 00:00:00 Open: 87.101, High: 87.638, Low: 86.591, Close: 86.731, Volume: 10858.0
20.02.2026 11:18:12 - FileStorage - DEBUG - Последний бар : SPBFUT.SiH6 (D1) 2026-02-20 00:00:00 Open: 76.23, High: 76.5, Low: 76.123, Close: 76.367, Volume: 142427.0
20.02.2026 11:18:12 - FileStorage - DEBUG - Кол-во бар    : 96
20.02.2026 11:18:12 - AlorPy - DEBUG - Запрос : /md/v2/history?exchange=MOEX&symbol=RIH6&tf=D&from=1771545600&to=1771575492&format=Simple
20.02.2026 11:18:12 - AlorPy - DEBUG - Ответ  : {"history":[{"time":1771545600,"close":116170.00000,"open":116130.00000,"high":116400.00000,"low":115810.00000,"volume":8248}],"next":null,"prev":1771459200}
20.02.2026 11:18:12 - FileStorage - DEBUG - Получение файла C:\Users\шадрин\PycharmProjects\CenterStrikeVolatility_API\FinLabPy\Storage\..\..\Data\Alor\SPBFUT.RIH6_D1.txt
20.02.2026 11:18:12 - FileStorage - DEBUG - Первый бар    : 04.10.2025 00:00
20.02.2026 11:18:12 - FileStorage - DEBUG - Последний бар : 20.02.2026 00:00
20.02.2026 11:18:12 - FileStorage - DEBUG - Кол-во бар    : 122
20.02.2026 11:18:12 - FileStorage - DEBUG - Сохранение файла C:\Users\шадрин\PycharmProjects\CenterStrikeVolatility_API\FinLabPy\Storage\..\..\Data\Alor\SPBFUT.RIH6_D1.txt
20.02.2026 11:18:12 - FileStorage - DEBUG - Первый бар    : 04.10.2025 00:00
20.02.2026 11:18:12 - FileStorage - DEBUG - Последний бар : 20.02.2026 00:00
20.02.2026 11:18:12 - FileStorage - DEBUG - Кол-во бар    : 122
20.02.2026 11:18:12 - Schedule.BarsStream - DEBUG - Текущая дата и время на бирже: 20.02.2026 11:18:12
20.02.2026 11:18:12 - Schedule.BarsStream - DEBUG - Нужно получить бар: 20.02.2026 00:00:00
20.02.2026 11:18:12 - Schedule.BarsStream - DEBUG - Время запроса бара: 23.02.2026 09:00:03
20.02.2026 11:18:12 - Schedule.BarsStream - DEBUG - Ожидание в секундах: 250911.0
20.02.2026 11:18:12 - FileStorage - DEBUG - Получение файла C:\Users\шадрин\PycharmProjects\CenterStrikeVolatility_API\FinLabPy\Storage\..\..\Data\Alor\SPBFUT.RIH6_D1.txt
20.02.2026 11:18:12 - FileStorage - DEBUG - Первый бар    : 04.10.2025 00:00
20.02.2026 11:18:12 - FileStorage - DEBUG - Последний бар : 20.02.2026 00:00
20.02.2026 11:18:12 - FileStorage - DEBUG - Кол-во бар    : 122
20.02.2026 11:18:12 - FileStorage - DEBUG - Фильтр с 03.10.2025 11:17
20.02.2026 11:18:12 - FileStorage - DEBUG - Первый бар    : SPBFUT.RIH6 (D1) 2025-10-04 00:00:00 Open: 100060.0, High: 100060.0, Low: 98820.0, Close: 99270.0, Volume: 83.0
20.02.2026 11:18:12 - FileStorage - DEBUG - Последний бар : SPBFUT.RIH6 (D1) 2026-02-20 00:00:00 Open: 116130.0, High: 116400.0, Low: 115810.0, Close: 116170.0, Volume: 8248.0
20.02.2026 11:18:12 - FileStorage - DEBUG - Кол-во бар    : 122
20.02.2026 11:18:12 - AlorPy - DEBUG - Запрос : /md/v2/history?exchange=MOEX&symbol=RIM6&tf=D&from=1771545600&to=1771575492&format=Simple
20.02.2026 11:18:12 - AlorPy - DEBUG - Ответ  : {"history":[{"time":1771545600,"close":116600.00000,"open":116470.00000,"high":116770.00000,"low":116290.00000,"volume":159}],"next":null,"prev":1771459200}
20.02.2026 11:18:13 - FileStorage - DEBUG - Получение файла C:\Users\шадрин\PycharmProjects\CenterStrikeVolatility_API\FinLabPy\Storage\..\..\Data\Alor\SPBFUT.RIM6_D1.txt
20.02.2026 11:18:13 - FileStorage - DEBUG - Первый бар    : 04.10.2025 00:00
20.02.2026 11:18:13 - FileStorage - DEBUG - Последний бар : 20.02.2026 00:00
20.02.2026 11:18:13 - FileStorage - DEBUG - Кол-во бар    : 107
20.02.2026 11:18:13 - FileStorage - DEBUG - Сохранение файла C:\Users\шадрин\PycharmProjects\CenterStrikeVolatility_API\FinLabPy\Storage\..\..\Data\Alor\SPBFUT.RIM6_D1.txt
20.02.2026 11:18:13 - FileStorage - DEBUG - Первый бар    : 04.10.2025 00:00
20.02.2026 11:18:13 - FileStorage - DEBUG - Последний бар : 20.02.2026 00:00
20.02.2026 11:18:13 - FileStorage - DEBUG - Кол-во бар    : 107
20.02.2026 11:18:13 - Schedule.BarsStream - DEBUG - Текущая дата и время на бирже: 20.02.2026 11:18:13
20.02.2026 11:18:13 - Schedule.BarsStream - DEBUG - Нужно получить бар: 20.02.2026 00:00:00
20.02.2026 11:18:13 - Schedule.BarsStream - DEBUG - Время запроса бара: 23.02.2026 09:00:03
20.02.2026 11:18:13 - Schedule.BarsStream - DEBUG - Ожидание в секундах: 250910.0
20.02.2026 11:18:13 - FileStorage - DEBUG - Получение файла C:\Users\шадрин\PycharmProjects\CenterStrikeVolatility_API\FinLabPy\Storage\..\..\Data\Alor\SPBFUT.RIM6_D1.txt
20.02.2026 11:18:13 - FileStorage - DEBUG - Первый бар    : 04.10.2025 00:00
20.02.2026 11:18:13 - FileStorage - DEBUG - Последний бар : 20.02.2026 00:00
20.02.2026 11:18:13 - FileStorage - DEBUG - Кол-во бар    : 107
20.02.2026 11:18:13 - FileStorage - DEBUG - Фильтр с 03.10.2025 11:17
20.02.2026 11:18:13 - FileStorage - DEBUG - Первый бар    : SPBFUT.RIM6 (D1) 2025-10-04 00:00:00 Open: 101350.0, High: 101350.0, Low: 101350.0, Close: 101350.0, Volume: 1.0
20.02.2026 11:18:13 - FileStorage - DEBUG - Последний бар : SPBFUT.RIM6 (D1) 2026-02-20 00:00:00 Open: 116470.0, High: 116770.0, Low: 116290.0, Close: 116600.0, Volume: 159.0
20.02.2026 11:18:13 - FileStorage - DEBUG - Кол-во бар    : 107
20.02.2026 11:18:13 - AlorPy - DEBUG - Запрос : /md/v2/history?exchange=MOEX&symbol=SiH6&tf=D&from=1771545600&to=1771575492&format=Simple
20.02.2026 11:18:13 - AlorPy - DEBUG - Ответ  : {"history":[{"time":1771545600,"close":76367.00000,"open":76230.00000,"high":76500.00000,"low":76123.00000,"volume":142431}],"next":null,"prev":1771459200}
20.02.2026 11:18:13 - FileStorage - DEBUG - Получение файла C:\Users\шадрин\PycharmProjects\CenterStrikeVolatility_API\FinLabPy\Storage\..\..\Data\Alor\SPBFUT.SiH6_D1.txt
20.02.2026 11:18:13 - FileStorage - DEBUG - Первый бар    : 06.10.2025 00:00
20.02.2026 11:18:13 - FileStorage - DEBUG - Последний бар : 20.02.2026 00:00
20.02.2026 11:18:13 - FileStorage - DEBUG - Кол-во бар    : 96
20.02.2026 11:18:13 - FileStorage - DEBUG - Сохранение файла C:\Users\шадрин\PycharmProjects\CenterStrikeVolatility_API\FinLabPy\Storage\..\..\Data\Alor\SPBFUT.SiH6_D1.txt
20.02.2026 11:18:13 - FileStorage - DEBUG - Первый бар    : 06.10.2025 00:00
20.02.2026 11:18:13 - FileStorage - DEBUG - Последний бар : 20.02.2026 00:00
20.02.2026 11:18:13 - FileStorage - DEBUG - Кол-во бар    : 96
20.02.2026 11:18:13 - Schedule.BarsStream - DEBUG - Текущая дата и время на бирже: 20.02.2026 11:18:13
20.02.2026 11:18:13 - Schedule.BarsStream - DEBUG - Нужно получить бар: 20.02.2026 00:00:00
20.02.2026 11:18:13 - Schedule.BarsStream - DEBUG - Время запроса бара: 23.02.2026 09:00:03
20.02.2026 11:18:13 - Schedule.BarsStream - DEBUG - Ожидание в секундах: 250910.0
20.02.2026 11:18:13 - FileStorage - DEBUG - Получение файла C:\Users\шадрин\PycharmProjects\CenterStrikeVolatility_API\FinLabPy\Storage\..\..\Data\Alor\SPBFUT.SiH6_D1.txt
20.02.2026 11:18:13 - FileStorage - DEBUG - Первый бар    : 06.10.2025 00:00
20.02.2026 11:18:13 - FileStorage - DEBUG - Последний бар : 20.02.2026 00:00
20.02.2026 11:18:13 - FileStorage - DEBUG - Кол-во бар    : 96
20.02.2026 11:18:13 - FileStorage - DEBUG - Фильтр с 03.10.2025 11:17
20.02.2026 11:18:13 - FileStorage - DEBUG - Первый бар    : SPBFUT.SiH6 (D1) 2025-10-06 00:00:00 Open: 87.101, High: 87.638, Low: 86.591, Close: 86.731, Volume: 10858.0
20.02.2026 11:18:13 - FileStorage - DEBUG - Последний бар : SPBFUT.SiH6 (D1) 2026-02-20 00:00:00 Open: 76.23, High: 76.5, Low: 76.123, Close: 76.367, Volume: 142431.0
20.02.2026 11:18:13 - FileStorage - DEBUG - Кол-во бар    : 96
20.02.2026 11:18:13 - AlorPy - DEBUG - Запрос : /md/v2/history?exchange=MOEX&symbol=RIH6&tf=D&from=1771545600&to=1771575492&format=Simple
20.02.2026 11:18:13 - AlorPy - DEBUG - Ответ  : {"history":[{"time":1771545600,"close":116170.00000,"open":116130.00000,"high":116400.00000,"low":115810.00000,"volume":8248}],"next":null,"prev":1771459200}
20.02.2026 11:18:13 - FileStorage - DEBUG - Получение файла C:\Users\шадрин\PycharmProjects\CenterStrikeVolatility_API\FinLabPy\Storage\..\..\Data\Alor\SPBFUT.RIH6_D1.txt
20.02.2026 11:18:13 - FileStorage - DEBUG - Первый бар    : 04.10.2025 00:00
20.02.2026 11:18:13 - FileStorage - DEBUG - Последний бар : 20.02.2026 00:00
20.02.2026 11:18:13 - FileStorage - DEBUG - Кол-во бар    : 122
20.02.2026 11:18:13 - FileStorage - DEBUG - Сохранение файла C:\Users\шадрин\PycharmProjects\CenterStrikeVolatility_API\FinLabPy\Storage\..\..\Data\Alor\SPBFUT.RIH6_D1.txt
20.02.2026 11:18:13 - FileStorage - DEBUG - Первый бар    : 04.10.2025 00:00
20.02.2026 11:18:13 - FileStorage - DEBUG - Последний бар : 20.02.2026 00:00
20.02.2026 11:18:13 - FileStorage - DEBUG - Кол-во бар    : 122
20.02.2026 11:18:13 - Schedule.BarsStream - DEBUG - Текущая дата и время на бирже: 20.02.2026 11:18:13
20.02.2026 11:18:13 - Schedule.BarsStream - DEBUG - Нужно получить бар: 20.02.2026 00:00:00
20.02.2026 11:18:13 - Schedule.BarsStream - DEBUG - Время запроса бара: 23.02.2026 09:00:03
20.02.2026 11:18:13 - Schedule.BarsStream - DEBUG - Ожидание в секундах: 250910.0
20.02.2026 11:18:13 - FileStorage - DEBUG - Получение файла C:\Users\шадрин\PycharmProjects\CenterStrikeVolatility_API\FinLabPy\Storage\..\..\Data\Alor\SPBFUT.RIH6_D1.txt
20.02.2026 11:18:13 - FileStorage - DEBUG - Первый бар    : 04.10.2025 00:00
20.02.2026 11:18:13 - FileStorage - DEBUG - Последний бар : 20.02.2026 00:00
20.02.2026 11:18:13 - FileStorage - DEBUG - Кол-во бар    : 122
20.02.2026 11:18:13 - FileStorage - DEBUG - Фильтр с 03.10.2025 11:17
20.02.2026 11:18:13 - FileStorage - DEBUG - Первый бар    : SPBFUT.RIH6 (D1) 2025-10-04 00:00:00 Open: 100060.0, High: 100060.0, Low: 98820.0, Close: 99270.0, Volume: 83.0
20.02.2026 11:18:13 - FileStorage - DEBUG - Последний бар : SPBFUT.RIH6 (D1) 2026-02-20 00:00:00 Open: 116130.0, High: 116400.0, Low: 115810.0, Close: 116170.0, Volume: 8248.0
20.02.2026 11:18:13 - FileStorage - DEBUG - Кол-во бар    : 122
20.02.2026 11:18:13 - AlorPy - DEBUG - Запрос : /md/v2/history?exchange=MOEX&symbol=RIM6&tf=D&from=1771545600&to=1771575493&format=Simple
20.02.2026 11:18:13 - AlorPy - DEBUG - Ответ  : {"history":[{"time":1771545600,"close":116600.00000,"open":116470.00000,"high":116770.00000,"low":116290.00000,"volume":159}],"next":null,"prev":1771459200}
20.02.2026 11:18:13 - FileStorage - DEBUG - Получение файла C:\Users\шадрин\PycharmProjects\CenterStrikeVolatility_API\FinLabPy\Storage\..\..\Data\Alor\SPBFUT.RIM6_D1.txt
20.02.2026 11:18:13 - FileStorage - DEBUG - Первый бар    : 04.10.2025 00:00
20.02.2026 11:18:13 - FileStorage - DEBUG - Последний бар : 20.02.2026 00:00
20.02.2026 11:18:13 - FileStorage - DEBUG - Кол-во бар    : 107
20.02.2026 11:18:13 - FileStorage - DEBUG - Сохранение файла C:\Users\шадрин\PycharmProjects\CenterStrikeVolatility_API\FinLabPy\Storage\..\..\Data\Alor\SPBFUT.RIM6_D1.txt
20.02.2026 11:18:13 - FileStorage - DEBUG - Первый бар    : 04.10.2025 00:00
20.02.2026 11:18:13 - FileStorage - DEBUG - Последний бар : 20.02.2026 00:00
20.02.2026 11:18:13 - FileStorage - DEBUG - Кол-во бар    : 107
20.02.2026 11:18:13 - Schedule.BarsStream - DEBUG - Текущая дата и время на бирже: 20.02.2026 11:18:13
20.02.2026 11:18:13 - Schedule.BarsStream - DEBUG - Нужно получить бар: 20.02.2026 00:00:00
20.02.2026 11:18:13 - Schedule.BarsStream - DEBUG - Время запроса бара: 23.02.2026 09:00:03
20.02.2026 11:18:13 - Schedule.BarsStream - DEBUG - Ожидание в секундах: 250910.0
20.02.2026 11:18:13 - FileStorage - DEBUG - Получение файла C:\Users\шадрин\PycharmProjects\CenterStrikeVolatility_API\FinLabPy\Storage\..\..\Data\Alor\SPBFUT.RIM6_D1.txt
20.02.2026 11:18:13 - FileStorage - DEBUG - Первый бар    : 04.10.2025 00:00
20.02.2026 11:18:13 - FileStorage - DEBUG - Последний бар : 20.02.2026 00:00
20.02.2026 11:18:13 - FileStorage - DEBUG - Кол-во бар    : 107
20.02.2026 11:18:13 - FileStorage - DEBUG - Фильтр с 03.10.2025 11:17
20.02.2026 11:18:13 - FileStorage - DEBUG - Первый бар    : SPBFUT.RIM6 (D1) 2025-10-04 00:00:00 Open: 101350.0, High: 101350.0, Low: 101350.0, Close: 101350.0, Volume: 1.0
20.02.2026 11:18:13 - FileStorage - DEBUG - Последний бар : SPBFUT.RIM6 (D1) 2026-02-20 00:00:00 Open: 116470.0, High: 116770.0, Low: 116290.0, Close: 116600.0, Volume: 159.0
20.02.2026 11:18:13 - FileStorage - DEBUG - Кол-во бар    : 107
20.02.2026 11:18:14 - AlorPy - DEBUG - Запрос : /md/v2/history?exchange=MOEX&symbol=SiH6&tf=D&from=1771545600&to=1771575493&format=Simple
20.02.2026 11:18:14 - AlorPy - DEBUG - Ответ  : {"history":[{"time":1771545600,"close":76367.00000,"open":76230.00000,"high":76500.00000,"low":76123.00000,"volume":142435}],"next":null,"prev":1771459200}
20.02.2026 11:18:14 - FileStorage - DEBUG - Получение файла C:\Users\шадрин\PycharmProjects\CenterStrikeVolatility_API\FinLabPy\Storage\..\..\Data\Alor\SPBFUT.SiH6_D1.txt
20.02.2026 11:18:14 - FileStorage - DEBUG - Первый бар    : 06.10.2025 00:00
20.02.2026 11:18:14 - FileStorage - DEBUG - Последний бар : 20.02.2026 00:00
20.02.2026 11:18:14 - FileStorage - DEBUG - Кол-во бар    : 96
20.02.2026 11:18:14 - FileStorage - DEBUG - Сохранение файла C:\Users\шадрин\PycharmProjects\CenterStrikeVolatility_API\FinLabPy\Storage\..\..\Data\Alor\SPBFUT.SiH6_D1.txt
20.02.2026 11:18:14 - FileStorage - DEBUG - Первый бар    : 06.10.2025 00:00
20.02.2026 11:18:14 - FileStorage - DEBUG - Последний бар : 20.02.2026 00:00
20.02.2026 11:18:14 - FileStorage - DEBUG - Кол-во бар    : 96
20.02.2026 11:18:14 - Schedule.BarsStream - DEBUG - Текущая дата и время на бирже: 20.02.2026 11:18:14
20.02.2026 11:18:14 - Schedule.BarsStream - DEBUG - Нужно получить бар: 20.02.2026 00:00:00
20.02.2026 11:18:14 - Schedule.BarsStream - DEBUG - Время запроса бара: 23.02.2026 09:00:03
20.02.2026 11:18:14 - Schedule.BarsStream - DEBUG - Ожидание в секундах: 250909.0
20.02.2026 11:18:14 - FileStorage - DEBUG - Получение файла C:\Users\шадрин\PycharmProjects\CenterStrikeVolatility_API\FinLabPy\Storage\..\..\Data\Alor\SPBFUT.SiH6_D1.txt
20.02.2026 11:18:14 - FileStorage - DEBUG - Первый бар    : 06.10.2025 00:00
20.02.2026 11:18:14 - FileStorage - DEBUG - Последний бар : 20.02.2026 00:00
20.02.2026 11:18:14 - FileStorage - DEBUG - Кол-во бар    : 96
20.02.2026 11:18:14 - FileStorage - DEBUG - Фильтр с 03.10.2025 11:17
20.02.2026 11:18:14 - FileStorage - DEBUG - Первый бар    : SPBFUT.SiH6 (D1) 2025-10-06 00:00:00 Open: 87.101, High: 87.638, Low: 86.591, Close: 86.731, Volume: 10858.0
20.02.2026 11:18:14 - FileStorage - DEBUG - Последний бар : SPBFUT.SiH6 (D1) 2026-02-20 00:00:00 Open: 76.23, High: 76.5, Low: 76.123, Close: 76.367, Volume: 142435.0
20.02.2026 11:18:14 - FileStorage - DEBUG - Кол-во бар    : 96
20.02.2026 11:18:14 - AlorPy - DEBUG - Запрос : /md/v2/history?exchange=MOEX&symbol=RIH6&tf=D&from=1771545600&to=1771575493&format=Simple
20.02.2026 11:18:14 - AlorPy - DEBUG - Ответ  : {"history":[{"time":1771545600,"close":116170.00000,"open":116130.00000,"high":116400.00000,"low":115810.00000,"volume":8248}],"next":null,"prev":1771459200}
20.02.2026 11:18:14 - FileStorage - DEBUG - Получение файла C:\Users\шадрин\PycharmProjects\CenterStrikeVolatility_API\FinLabPy\Storage\..\..\Data\Alor\SPBFUT.RIH6_D1.txt
20.02.2026 11:18:14 - FileStorage - DEBUG - Первый бар    : 04.10.2025 00:00
20.02.2026 11:18:14 - FileStorage - DEBUG - Последний бар : 20.02.2026 00:00
20.02.2026 11:18:14 - FileStorage - DEBUG - Кол-во бар    : 122
20.02.2026 11:18:14 - FileStorage - DEBUG - Сохранение файла C:\Users\шадрин\PycharmProjects\CenterStrikeVolatility_API\FinLabPy\Storage\..\..\Data\Alor\SPBFUT.RIH6_D1.txt
20.02.2026 11:18:14 - FileStorage - DEBUG - Первый бар    : 04.10.2025 00:00
20.02.2026 11:18:14 - FileStorage - DEBUG - Последний бар : 20.02.2026 00:00
20.02.2026 11:18:14 - FileStorage - DEBUG - Кол-во бар    : 122
20.02.2026 11:18:14 - Schedule.BarsStream - DEBUG - Текущая дата и время на бирже: 20.02.2026 11:18:14
20.02.2026 11:18:14 - Schedule.BarsStream - DEBUG - Нужно получить бар: 20.02.2026 00:00:00
20.02.2026 11:18:14 - Schedule.BarsStream - DEBUG - Время запроса бара: 23.02.2026 09:00:03
20.02.2026 11:18:14 - Schedule.BarsStream - DEBUG - Ожидание в секундах: 250909.0
20.02.2026 11:18:14 - FileStorage - DEBUG - Получение файла C:\Users\шадрин\PycharmProjects\CenterStrikeVolatility_API\FinLabPy\Storage\..\..\Data\Alor\SPBFUT.RIH6_D1.txt
20.02.2026 11:18:14 - FileStorage - DEBUG - Первый бар    : 04.10.2025 00:00
20.02.2026 11:18:14 - FileStorage - DEBUG - Последний бар : 20.02.2026 00:00
20.02.2026 11:18:14 - FileStorage - DEBUG - Кол-во бар    : 122
20.02.2026 11:18:14 - FileStorage - DEBUG - Фильтр с 03.10.2025 11:17
20.02.2026 11:18:14 - FileStorage - DEBUG - Первый бар    : SPBFUT.RIH6 (D1) 2025-10-04 00:00:00 Open: 100060.0, High: 100060.0, Low: 98820.0, Close: 99270.0, Volume: 83.0
20.02.2026 11:18:14 - FileStorage - DEBUG - Последний бар : SPBFUT.RIH6 (D1) 2026-02-20 00:00:00 Open: 116130.0, High: 116400.0, Low: 115810.0, Close: 116170.0, Volume: 8248.0
20.02.2026 11:18:14 - FileStorage - DEBUG - Кол-во бар    : 122
20.02.2026 11:18:14 - AlorPy - DEBUG - Запрос : /md/v2/history?exchange=MOEX&symbol=RIM6&tf=D&from=1771545600&to=1771575493&format=Simple
20.02.2026 11:18:14 - AlorPy - DEBUG - Ответ  : {"history":[{"time":1771545600,"close":116600.00000,"open":116470.00000,"high":116770.00000,"low":116290.00000,"volume":159}],"next":null,"prev":1771459200}
20.02.2026 11:18:14 - FileStorage - DEBUG - Получение файла C:\Users\шадрин\PycharmProjects\CenterStrikeVolatility_API\FinLabPy\Storage\..\..\Data\Alor\SPBFUT.RIM6_D1.txt
20.02.2026 11:18:14 - FileStorage - DEBUG - Первый бар    : 04.10.2025 00:00
20.02.2026 11:18:14 - FileStorage - DEBUG - Последний бар : 20.02.2026 00:00
20.02.2026 11:18:14 - FileStorage - DEBUG - Кол-во бар    : 107
20.02.2026 11:18:14 - FileStorage - DEBUG - Сохранение файла C:\Users\шадрин\PycharmProjects\CenterStrikeVolatility_API\FinLabPy\Storage\..\..\Data\Alor\SPBFUT.RIM6_D1.txt
20.02.2026 11:18:14 - FileStorage - DEBUG - Первый бар    : 04.10.2025 00:00
20.02.2026 11:18:14 - FileStorage - DEBUG - Последний бар : 20.02.2026 00:00
20.02.2026 11:18:14 - FileStorage - DEBUG - Кол-во бар    : 107
20.02.2026 11:18:14 - Schedule.BarsStream - DEBUG - Текущая дата и время на бирже: 20.02.2026 11:18:14
20.02.2026 11:18:14 - Schedule.BarsStream - DEBUG - Нужно получить бар: 20.02.2026 00:00:00
20.02.2026 11:18:14 - Schedule.BarsStream - DEBUG - Время запроса бара: 23.02.2026 09:00:03
20.02.2026 11:18:14 - Schedule.BarsStream - DEBUG - Ожидание в секундах: 250909.0
20.02.2026 11:18:14 - FileStorage - DEBUG - Получение файла C:\Users\шадрин\PycharmProjects\CenterStrikeVolatility_API\FinLabPy\Storage\..\..\Data\Alor\SPBFUT.RIM6_D1.txt
20.02.2026 11:18:14 - FileStorage - DEBUG - Первый бар    : 04.10.2025 00:00
20.02.2026 11:18:14 - FileStorage - DEBUG - Последний бар : 20.02.2026 00:00
20.02.2026 11:18:14 - FileStorage - DEBUG - Кол-во бар    : 107
20.02.2026 11:18:14 - FileStorage - DEBUG - Фильтр с 03.10.2025 11:17
20.02.2026 11:18:14 - FileStorage - DEBUG - Первый бар    : SPBFUT.RIM6 (D1) 2025-10-04 00:00:00 Open: 101350.0, High: 101350.0, Low: 101350.0, Close: 101350.0, Volume: 1.0
20.02.2026 11:18:14 - FileStorage - DEBUG - Последний бар : SPBFUT.RIM6 (D1) 2026-02-20 00:00:00 Open: 116470.0, High: 116770.0, Low: 116290.0, Close: 116600.0, Volume: 159.0
20.02.2026 11:18:14 - FileStorage - DEBUG - Кол-во бар    : 107
20.02.2026 11:18:14 - AlorPy - DEBUG - Запрос : /md/v2/history?exchange=MOEX&symbol=SiH6&tf=D&from=1771545600&to=1771575494&format=Simple
20.02.2026 11:18:14 - AlorPy - DEBUG - Ответ  : {"history":[{"time":1771545600,"close":76367.00000,"open":76230.00000,"high":76500.00000,"low":76123.00000,"volume":142439}],"next":null,"prev":1771459200}
20.02.2026 11:18:14 - FileStorage - DEBUG - Получение файла C:\Users\шадрин\PycharmProjects\CenterStrikeVolatility_API\FinLabPy\Storage\..\..\Data\Alor\SPBFUT.SiH6_D1.txt
20.02.2026 11:18:14 - FileStorage - DEBUG - Первый бар    : 06.10.2025 00:00
20.02.2026 11:18:14 - FileStorage - DEBUG - Последний бар : 20.02.2026 00:00
20.02.2026 11:18:14 - FileStorage - DEBUG - Кол-во бар    : 96
20.02.2026 11:18:14 - FileStorage - DEBUG - Сохранение файла C:\Users\шадрин\PycharmProjects\CenterStrikeVolatility_API\FinLabPy\Storage\..\..\Data\Alor\SPBFUT.SiH6_D1.txt
20.02.2026 11:18:14 - FileStorage - DEBUG - Первый бар    : 06.10.2025 00:00
20.02.2026 11:18:14 - FileStorage - DEBUG - Последний бар : 20.02.2026 00:00
20.02.2026 11:18:14 - FileStorage - DEBUG - Кол-во бар    : 96
20.02.2026 11:18:14 - Schedule.BarsStream - DEBUG - Текущая дата и время на бирже: 20.02.2026 11:18:14
20.02.2026 11:18:14 - Schedule.BarsStream - DEBUG - Нужно получить бар: 20.02.2026 00:00:00
20.02.2026 11:18:14 - Schedule.BarsStream - DEBUG - Время запроса бара: 23.02.2026 09:00:03
20.02.2026 11:18:14 - Schedule.BarsStream - DEBUG - Ожидание в секундах: 250909.0
20.02.2026 11:18:14 - FileStorage - DEBUG - Получение файла C:\Users\шадрин\PycharmProjects\CenterStrikeVolatility_API\FinLabPy\Storage\..\..\Data\Alor\SPBFUT.SiH6_D1.txt
20.02.2026 11:18:14 - FileStorage - DEBUG - Первый бар    : 06.10.2025 00:00
20.02.2026 11:18:14 - FileStorage - DEBUG - Последний бар : 20.02.2026 00:00
20.02.2026 11:18:14 - FileStorage - DEBUG - Кол-во бар    : 96
20.02.2026 11:18:14 - FileStorage - DEBUG - Фильтр с 03.10.2025 11:17
20.02.2026 11:18:14 - FileStorage - DEBUG - Первый бар    : SPBFUT.SiH6 (D1) 2025-10-06 00:00:00 Open: 87.101, High: 87.638, Low: 86.591, Close: 86.731, Volume: 10858.0
20.02.2026 11:18:14 - FileStorage - DEBUG - Последний бар : SPBFUT.SiH6 (D1) 2026-02-20 00:00:00 Open: 76.23, High: 76.5, Low: 76.123, Close: 76.367, Volume: 142439.0
20.02.2026 11:18:14 - FileStorage - DEBUG - Кол-во бар    : 96
20.02.2026 11:18:15 - AlorPy - DEBUG - Запрос : /md/v2/history?exchange=MOEX&symbol=RIH6&tf=D&from=1771545600&to=1771575494&format=Simple
20.02.2026 11:18:15 - AlorPy - DEBUG - Ответ  : {"history":[{"time":1771545600,"close":116170.00000,"open":116130.00000,"high":116400.00000,"low":115810.00000,"volume":8248}],"next":null,"prev":1771459200}
20.02.2026 11:18:15 - FileStorage - DEBUG - Получение файла C:\Users\шадрин\PycharmProjects\CenterStrikeVolatility_API\FinLabPy\Storage\..\..\Data\Alor\SPBFUT.RIH6_D1.txt
20.02.2026 11:18:15 - FileStorage - DEBUG - Первый бар    : 04.10.2025 00:00
20.02.2026 11:18:15 - FileStorage - DEBUG - Последний бар : 20.02.2026 00:00
20.02.2026 11:18:15 - FileStorage - DEBUG - Кол-во бар    : 122
20.02.2026 11:18:15 - FileStorage - DEBUG - Сохранение файла C:\Users\шадрин\PycharmProjects\CenterStrikeVolatility_API\FinLabPy\Storage\..\..\Data\Alor\SPBFUT.RIH6_D1.txt
20.02.2026 11:18:15 - FileStorage - DEBUG - Первый бар    : 04.10.2025 00:00
20.02.2026 11:18:15 - FileStorage - DEBUG - Последний бар : 20.02.2026 00:00
20.02.2026 11:18:15 - FileStorage - DEBUG - Кол-во бар    : 122
20.02.2026 11:18:15 - Schedule.BarsStream - DEBUG - Текущая дата и время на бирже: 20.02.2026 11:18:15
20.02.2026 11:18:15 - Schedule.BarsStream - DEBUG - Нужно получить бар: 20.02.2026 00:00:00
20.02.2026 11:18:15 - Schedule.BarsStream - DEBUG - Время запроса бара: 23.02.2026 09:00:03
20.02.2026 11:18:15 - Schedule.BarsStream - DEBUG - Ожидание в секундах: 250908.0
20.02.2026 11:18:15 - FileStorage - DEBUG - Получение файла C:\Users\шадрин\PycharmProjects\CenterStrikeVolatility_API\FinLabPy\Storage\..\..\Data\Alor\SPBFUT.RIH6_D1.txt
20.02.2026 11:18:15 - FileStorage - DEBUG - Первый бар    : 04.10.2025 00:00
20.02.2026 11:18:15 - FileStorage - DEBUG - Последний бар : 20.02.2026 00:00
20.02.2026 11:18:15 - FileStorage - DEBUG - Кол-во бар    : 122
20.02.2026 11:18:15 - FileStorage - DEBUG - Фильтр с 03.10.2025 11:17
20.02.2026 11:18:15 - FileStorage - DEBUG - Первый бар    : SPBFUT.RIH6 (D1) 2025-10-04 00:00:00 Open: 100060.0, High: 100060.0, Low: 98820.0, Close: 99270.0, Volume: 83.0
20.02.2026 11:18:15 - FileStorage - DEBUG - Последний бар : SPBFUT.RIH6 (D1) 2026-02-20 00:00:00 Open: 116130.0, High: 116400.0, Low: 115810.0, Close: 116170.0, Volume: 8248.0
20.02.2026 11:18:15 - FileStorage - DEBUG - Кол-во бар    : 122
20.02.2026 11:18:15 - AlorPy - DEBUG - Запрос : /md/v2/history?exchange=MOEX&symbol=RIM6&tf=D&from=1771545600&to=1771575494&format=Simple
20.02.2026 11:18:15 - AlorPy - DEBUG - Ответ  : {"history":[{"time":1771545600,"close":116600.00000,"open":116470.00000,"high":116770.00000,"low":116290.00000,"volume":159}],"next":null,"prev":1771459200}
20.02.2026 11:18:15 - FileStorage - DEBUG - Получение файла C:\Users\шадрин\PycharmProjects\CenterStrikeVolatility_API\FinLabPy\Storage\..\..\Data\Alor\SPBFUT.RIM6_D1.txt
20.02.2026 11:18:15 - FileStorage - DEBUG - Первый бар    : 04.10.2025 00:00
20.02.2026 11:18:15 - FileStorage - DEBUG - Последний бар : 20.02.2026 00:00
20.02.2026 11:18:15 - FileStorage - DEBUG - Кол-во бар    : 107
20.02.2026 11:18:15 - FileStorage - DEBUG - Сохранение файла C:\Users\шадрин\PycharmProjects\CenterStrikeVolatility_API\FinLabPy\Storage\..\..\Data\Alor\SPBFUT.RIM6_D1.txt
20.02.2026 11:18:15 - FileStorage - DEBUG - Первый бар    : 04.10.2025 00:00
20.02.2026 11:18:15 - FileStorage - DEBUG - Последний бар : 20.02.2026 00:00
20.02.2026 11:18:15 - FileStorage - DEBUG - Кол-во бар    : 107
20.02.2026 11:18:15 - Schedule.BarsStream - DEBUG - Текущая дата и время на бирже: 20.02.2026 11:18:15
20.02.2026 11:18:15 - Schedule.BarsStream - DEBUG - Нужно получить бар: 20.02.2026 00:00:00
20.02.2026 11:18:15 - Schedule.BarsStream - DEBUG - Время запроса бара: 23.02.2026 09:00:03
20.02.2026 11:18:15 - Schedule.BarsStream - DEBUG - Ожидание в секундах: 250908.0
20.02.2026 11:18:15 - FileStorage - DEBUG - Получение файла C:\Users\шадрин\PycharmProjects\CenterStrikeVolatility_API\FinLabPy\Storage\..\..\Data\Alor\SPBFUT.RIM6_D1.txt
20.02.2026 11:18:15 - FileStorage - DEBUG - Первый бар    : 04.10.2025 00:00
20.02.2026 11:18:15 - FileStorage - DEBUG - Последний бар : 20.02.2026 00:00
20.02.2026 11:18:15 - FileStorage - DEBUG - Кол-во бар    : 107
20.02.2026 11:18:15 - FileStorage - DEBUG - Фильтр с 03.10.2025 11:17
20.02.2026 11:18:15 - FileStorage - DEBUG - Первый бар    : SPBFUT.RIM6 (D1) 2025-10-04 00:00:00 Open: 101350.0, High: 101350.0, Low: 101350.0, Close: 101350.0, Volume: 1.0
20.02.2026 11:18:15 - FileStorage - DEBUG - Последний бар : SPBFUT.RIM6 (D1) 2026-02-20 00:00:00 Open: 116470.0, High: 116770.0, Low: 116290.0, Close: 116600.0, Volume: 159.0
20.02.2026 11:18:15 - FileStorage - DEBUG - Кол-во бар    : 107
20.02.2026 11:18:15 - AlorPy - DEBUG - Запрос : /md/v2/history?exchange=MOEX&symbol=SiH6&tf=D&from=1771545600&to=1771575494&format=Simple
20.02.2026 11:18:15 - AlorPy - DEBUG - Ответ  : {"history":[{"time":1771545600,"close":76367.00000,"open":76230.00000,"high":76500.00000,"low":76123.00000,"volume":142439}],"next":null,"prev":1771459200}
20.02.2026 11:18:15 - FileStorage - DEBUG - Получение файла C:\Users\шадрин\PycharmProjects\CenterStrikeVolatility_API\FinLabPy\Storage\..\..\Data\Alor\SPBFUT.SiH6_D1.txt
20.02.2026 11:18:15 - FileStorage - DEBUG - Первый бар    : 06.10.2025 00:00
20.02.2026 11:18:15 - FileStorage - DEBUG - Последний бар : 20.02.2026 00:00
20.02.2026 11:18:15 - FileStorage - DEBUG - Кол-во бар    : 96
20.02.2026 11:18:15 - FileStorage - DEBUG - Сохранение файла C:\Users\шадрин\PycharmProjects\CenterStrikeVolatility_API\FinLabPy\Storage\..\..\Data\Alor\SPBFUT.SiH6_D1.txt
20.02.2026 11:18:15 - FileStorage - DEBUG - Первый бар    : 06.10.2025 00:00
20.02.2026 11:18:15 - FileStorage - DEBUG - Последний бар : 20.02.2026 00:00
20.02.2026 11:18:15 - FileStorage - DEBUG - Кол-во бар    : 96
20.02.2026 11:18:15 - Schedule.BarsStream - DEBUG - Текущая дата и время на бирже: 20.02.2026 11:18:15
20.02.2026 11:18:15 - Schedule.BarsStream - DEBUG - Нужно получить бар: 20.02.2026 00:00:00
20.02.2026 11:18:15 - Schedule.BarsStream - DEBUG - Время запроса бара: 23.02.2026 09:00:03
20.02.2026 11:18:15 - Schedule.BarsStream - DEBUG - Ожидание в секундах: 250908.0
20.02.2026 11:18:15 - FileStorage - DEBUG - Получение файла C:\Users\шадрин\PycharmProjects\CenterStrikeVolatility_API\FinLabPy\Storage\..\..\Data\Alor\SPBFUT.SiH6_D1.txt
20.02.2026 11:18:15 - FileStorage - DEBUG - Первый бар    : 06.10.2025 00:00
20.02.2026 11:18:15 - FileStorage - DEBUG - Последний бар : 20.02.2026 00:00
20.02.2026 11:18:15 - FileStorage - DEBUG - Кол-во бар    : 96
20.02.2026 11:18:15 - FileStorage - DEBUG - Фильтр с 03.10.2025 11:17
20.02.2026 11:18:15 - FileStorage - DEBUG - Первый бар    : SPBFUT.SiH6 (D1) 2025-10-06 00:00:00 Open: 87.101, High: 87.638, Low: 86.591, Close: 86.731, Volume: 10858.0
20.02.2026 11:18:15 - FileStorage - DEBUG - Последний бар : SPBFUT.SiH6 (D1) 2026-02-20 00:00:00 Open: 76.23, High: 76.5, Low: 76.123, Close: 76.367, Volume: 142439.0
20.02.2026 11:18:15 - FileStorage - DEBUG - Кол-во бар    : 96
20.02.2026 11:18:15 - AlorPy - DEBUG - Запрос : /md/v2/history?exchange=MOEX&symbol=RIH6&tf=D&from=1771545600&to=1771575495&format=Simple
20.02.2026 11:18:15 - AlorPy - DEBUG - Ответ  : {"history":[{"time":1771545600,"close":116170.00000,"open":116130.00000,"high":116400.00000,"low":115810.00000,"volume":8248}],"next":null,"prev":1771459200}
20.02.2026 11:18:15 - FileStorage - DEBUG - Получение файла C:\Users\шадрин\PycharmProjects\CenterStrikeVolatility_API\FinLabPy\Storage\..\..\Data\Alor\SPBFUT.RIH6_D1.txt
20.02.2026 11:18:15 - FileStorage - DEBUG - Первый бар    : 04.10.2025 00:00
20.02.2026 11:18:15 - FileStorage - DEBUG - Последний бар : 20.02.2026 00:00
20.02.2026 11:18:15 - FileStorage - DEBUG - Кол-во бар    : 122
20.02.2026 11:18:15 - FileStorage - DEBUG - Сохранение файла C:\Users\шадрин\PycharmProjects\CenterStrikeVolatility_API\FinLabPy\Storage\..\..\Data\Alor\SPBFUT.RIH6_D1.txt
20.02.2026 11:18:15 - FileStorage - DEBUG - Первый бар    : 04.10.2025 00:00
20.02.2026 11:18:15 - FileStorage - DEBUG - Последний бар : 20.02.2026 00:00
20.02.2026 11:18:15 - FileStorage - DEBUG - Кол-во бар    : 122
20.02.2026 11:18:15 - Schedule.BarsStream - DEBUG - Текущая дата и время на бирже: 20.02.2026 11:18:15
20.02.2026 11:18:15 - Schedule.BarsStream - DEBUG - Нужно получить бар: 20.02.2026 00:00:00
20.02.2026 11:18:15 - Schedule.BarsStream - DEBUG - Время запроса бара: 23.02.2026 09:00:03
20.02.2026 11:18:15 - Schedule.BarsStream - DEBUG - Ожидание в секундах: 250908.0
20.02.2026 11:18:15 - FileStorage - DEBUG - Получение файла C:\Users\шадрин\PycharmProjects\CenterStrikeVolatility_API\FinLabPy\Storage\..\..\Data\Alor\SPBFUT.RIH6_D1.txt
20.02.2026 11:18:15 - FileStorage - DEBUG - Первый бар    : 04.10.2025 00:00
20.02.2026 11:18:15 - FileStorage - DEBUG - Последний бар : 20.02.2026 00:00
20.02.2026 11:18:15 - FileStorage - DEBUG - Кол-во бар    : 122
20.02.2026 11:18:15 - FileStorage - DEBUG - Фильтр с 03.10.2025 11:17
20.02.2026 11:18:15 - FileStorage - DEBUG - Первый бар    : SPBFUT.RIH6 (D1) 2025-10-04 00:00:00 Open: 100060.0, High: 100060.0, Low: 98820.0, Close: 99270.0, Volume: 83.0
20.02.2026 11:18:15 - FileStorage - DEBUG - Последний бар : SPBFUT.RIH6 (D1) 2026-02-20 00:00:00 Open: 116130.0, High: 116400.0, Low: 115810.0, Close: 116170.0, Volume: 8248.0
20.02.2026 11:18:15 - FileStorage - DEBUG - Кол-во бар    : 122
20.02.2026 11:18:16 - AlorPy - DEBUG - Запрос : /md/v2/history?exchange=MOEX&symbol=RIM6&tf=D&from=1771545600&to=1771575495&format=Simple
20.02.2026 11:18:16 - AlorPy - DEBUG - Ответ  : {"history":[{"time":1771545600,"close":116600.00000,"open":116470.00000,"high":116770.00000,"low":116290.00000,"volume":159}],"next":null,"prev":1771459200}
20.02.2026 11:18:16 - FileStorage - DEBUG - Получение файла C:\Users\шадрин\PycharmProjects\CenterStrikeVolatility_API\FinLabPy\Storage\..\..\Data\Alor\SPBFUT.RIM6_D1.txt
20.02.2026 11:18:16 - FileStorage - DEBUG - Первый бар    : 04.10.2025 00:00
20.02.2026 11:18:16 - FileStorage - DEBUG - Последний бар : 20.02.2026 00:00
20.02.2026 11:18:16 - FileStorage - DEBUG - Кол-во бар    : 107
20.02.2026 11:18:16 - FileStorage - DEBUG - Сохранение файла C:\Users\шадрин\PycharmProjects\CenterStrikeVolatility_API\FinLabPy\Storage\..\..\Data\Alor\SPBFUT.RIM6_D1.txt
20.02.2026 11:18:16 - FileStorage - DEBUG - Первый бар    : 04.10.2025 00:00
20.02.2026 11:18:16 - FileStorage - DEBUG - Последний бар : 20.02.2026 00:00
20.02.2026 11:18:16 - FileStorage - DEBUG - Кол-во бар    : 107
20.02.2026 11:18:16 - Schedule.BarsStream - DEBUG - Текущая дата и время на бирже: 20.02.2026 11:18:16
20.02.2026 11:18:16 - Schedule.BarsStream - DEBUG - Нужно получить бар: 20.02.2026 00:00:00
20.02.2026 11:18:16 - Schedule.BarsStream - DEBUG - Время запроса бара: 23.02.2026 09:00:03
20.02.2026 11:18:16 - Schedule.BarsStream - DEBUG - Ожидание в секундах: 250907.0
20.02.2026 11:18:16 - FileStorage - DEBUG - Получение файла C:\Users\шадрин\PycharmProjects\CenterStrikeVolatility_API\FinLabPy\Storage\..\..\Data\Alor\SPBFUT.RIM6_D1.txt
20.02.2026 11:18:16 - FileStorage - DEBUG - Первый бар    : 04.10.2025 00:00
20.02.2026 11:18:16 - FileStorage - DEBUG - Последний бар : 20.02.2026 00:00
20.02.2026 11:18:16 - FileStorage - DEBUG - Кол-во бар    : 107
20.02.2026 11:18:16 - FileStorage - DEBUG - Фильтр с 03.10.2025 11:17
20.02.2026 11:18:16 - FileStorage - DEBUG - Первый бар    : SPBFUT.RIM6 (D1) 2025-10-04 00:00:00 Open: 101350.0, High: 101350.0, Low: 101350.0, Close: 101350.0, Volume: 1.0
20.02.2026 11:18:16 - FileStorage - DEBUG - Последний бар : SPBFUT.RIM6 (D1) 2026-02-20 00:00:00 Open: 116470.0, High: 116770.0, Low: 116290.0, Close: 116600.0, Volume: 159.0
20.02.2026 11:18:16 - FileStorage - DEBUG - Кол-во бар    : 107
20.02.2026 11:18:16 - AlorPy - DEBUG - Запрос : /md/v2/history?exchange=MOEX&symbol=SiH6&tf=D&from=1771545600&to=1771575495&format=Simple
20.02.2026 11:18:16 - AlorPy - DEBUG - Ответ  : {"history":[{"time":1771545600,"close":76367.00000,"open":76230.00000,"high":76500.00000,"low":76123.00000,"volume":142443}],"next":null,"prev":1771459200}
20.02.2026 11:18:16 - FileStorage - DEBUG - Получение файла C:\Users\шадрин\PycharmProjects\CenterStrikeVolatility_API\FinLabPy\Storage\..\..\Data\Alor\SPBFUT.SiH6_D1.txt
20.02.2026 11:18:16 - FileStorage - DEBUG - Первый бар    : 06.10.2025 00:00
20.02.2026 11:18:16 - FileStorage - DEBUG - Последний бар : 20.02.2026 00:00
20.02.2026 11:18:16 - FileStorage - DEBUG - Кол-во бар    : 96
20.02.2026 11:18:16 - FileStorage - DEBUG - Сохранение файла C:\Users\шадрин\PycharmProjects\CenterStrikeVolatility_API\FinLabPy\Storage\..\..\Data\Alor\SPBFUT.SiH6_D1.txt
20.02.2026 11:18:16 - FileStorage - DEBUG - Первый бар    : 06.10.2025 00:00
20.02.2026 11:18:16 - FileStorage - DEBUG - Последний бар : 20.02.2026 00:00
20.02.2026 11:18:16 - FileStorage - DEBUG - Кол-во бар    : 96
20.02.2026 11:18:16 - Schedule.BarsStream - DEBUG - Текущая дата и время на бирже: 20.02.2026 11:18:16
20.02.2026 11:18:16 - Schedule.BarsStream - DEBUG - Нужно получить бар: 20.02.2026 00:00:00
20.02.2026 11:18:16 - Schedule.BarsStream - DEBUG - Время запроса бара: 23.02.2026 09:00:03
20.02.2026 11:18:16 - Schedule.BarsStream - DEBUG - Ожидание в секундах: 250907.0
20.02.2026 11:18:16 - FileStorage - DEBUG - Получение файла C:\Users\шадрин\PycharmProjects\CenterStrikeVolatility_API\FinLabPy\Storage\..\..\Data\Alor\SPBFUT.SiH6_D1.txt
20.02.2026 11:18:16 - FileStorage - DEBUG - Первый бар    : 06.10.2025 00:00
20.02.2026 11:18:16 - FileStorage - DEBUG - Последний бар : 20.02.2026 00:00
20.02.2026 11:18:16 - FileStorage - DEBUG - Кол-во бар    : 96
20.02.2026 11:18:16 - FileStorage - DEBUG - Фильтр с 03.10.2025 11:17
20.02.2026 11:18:16 - FileStorage - DEBUG - Первый бар    : SPBFUT.SiH6 (D1) 2025-10-06 00:00:00 Open: 87.101, High: 87.638, Low: 86.591, Close: 86.731, Volume: 10858.0
20.02.2026 11:18:16 - FileStorage - DEBUG - Последний бар : SPBFUT.SiH6 (D1) 2026-02-20 00:00:00 Open: 76.23, High: 76.5, Low: 76.123, Close: 76.367, Volume: 142443.0
20.02.2026 11:18:16 - FileStorage - DEBUG - Кол-во бар    : 96
20.02.2026 11:18:16 - Schedule.BarsStream - DEBUG - Текущая дата и время на бирже: 20.02.2026 11:18:16
20.02.2026 11:18:16 - Schedule.BarsStream - DEBUG - Нужно получить бар: 20.02.2026 00:00:00
20.02.2026 11:18:16 - Schedule.BarsStream - DEBUG - Время запроса бара: 23.02.2026 09:00:03
20.02.2026 11:18:16 - Schedule.BarsStream - DEBUG - Ожидание в секундах: 250907.0
20.02.2026 11:18:16 - AlorPy - DEBUG - Запрос : /md/v2/history?exchange=MOEX&symbol=RIH6&tf=D&from=1771545600&to=1771575495&format=Simple
20.02.2026 11:18:16 - AlorPy - DEBUG - Ответ  : {"history":[{"time":1771545600,"close":116170.00000,"open":116130.00000,"high":116400.00000,"low":115810.00000,"volume":8248}],"next":null,"prev":1771459200}
20.02.2026 11:18:16 - FileStorage - DEBUG - Получение файла C:\Users\шадрин\PycharmProjects\CenterStrikeVolatility_API\FinLabPy\Storage\..\..\Data\Alor\SPBFUT.RIH6_D1.txt
20.02.2026 11:18:16 - FileStorage - DEBUG - Первый бар    : 04.10.2025 00:00
20.02.2026 11:18:16 - FileStorage - DEBUG - Последний бар : 20.02.2026 00:00
20.02.2026 11:18:16 - FileStorage - DEBUG - Кол-во бар    : 122
20.02.2026 11:18:16 - FileStorage - DEBUG - Сохранение файла C:\Users\шадрин\PycharmProjects\CenterStrikeVolatility_API\FinLabPy\Storage\..\..\Data\Alor\SPBFUT.RIH6_D1.txt
20.02.2026 11:18:16 - FileStorage - DEBUG - Первый бар    : 04.10.2025 00:00
20.02.2026 11:18:16 - FileStorage - DEBUG - Последний бар : 20.02.2026 00:00
20.02.2026 11:18:16 - FileStorage - DEBUG - Кол-во бар    : 122
20.02.2026 11:18:16 - Schedule.BarsStream - DEBUG - Текущая дата и время на бирже: 20.02.2026 11:18:16
20.02.2026 11:18:16 - Schedule.BarsStream - DEBUG - Нужно получить бар: 20.02.2026 00:00:00
20.02.2026 11:18:16 - Schedule.BarsStream - DEBUG - Время запроса бара: 23.02.2026 09:00:03
20.02.2026 11:18:16 - Schedule.BarsStream - DEBUG - Ожидание в секундах: 250907.0
20.02.2026 11:18:16 - FileStorage - DEBUG - Получение файла C:\Users\шадрин\PycharmProjects\CenterStrikeVolatility_API\FinLabPy\Storage\..\..\Data\Alor\SPBFUT.RIH6_D1.txt
20.02.2026 11:18:16 - FileStorage - DEBUG - Первый бар    : 04.10.2025 00:00
20.02.2026 11:18:16 - FileStorage - DEBUG - Последний бар : 20.02.2026 00:00
20.02.2026 11:18:16 - FileStorage - DEBUG - Кол-во бар    : 122
20.02.2026 11:18:16 - FileStorage - DEBUG - Фильтр с 03.10.2025 11:17
20.02.2026 11:18:16 - FileStorage - DEBUG - Первый бар    : SPBFUT.RIH6 (D1) 2025-10-04 00:00:00 Open: 100060.0, High: 100060.0, Low: 98820.0, Close: 99270.0, Volume: 83.0
20.02.2026 11:18:16 - FileStorage - DEBUG - Последний бар : SPBFUT.RIH6 (D1) 2026-02-20 00:00:00 Open: 116130.0, High: 116400.0, Low: 115810.0, Close: 116170.0, Volume: 8248.0
20.02.2026 11:18:16 - FileStorage - DEBUG - Кол-во бар    : 122
20.02.2026 11:18:16 - AlorPy - DEBUG - Запрос : /md/v2/history?exchange=MOEX&symbol=RIM6&tf=D&from=1771545600&to=1771575496&format=Simple
20.02.2026 11:18:16 - AlorPy - DEBUG - Ответ  : {"history":[{"time":1771545600,"close":116600.00000,"open":116470.00000,"high":116770.00000,"low":116290.00000,"volume":159}],"next":null,"prev":1771459200}
20.02.2026 11:18:16 - FileStorage - DEBUG - Получение файла C:\Users\шадрин\PycharmProjects\CenterStrikeVolatility_API\FinLabPy\Storage\..\..\Data\Alor\SPBFUT.RIM6_D1.txt
20.02.2026 11:18:16 - FileStorage - DEBUG - Первый бар    : 04.10.2025 00:00
20.02.2026 11:18:16 - FileStorage - DEBUG - Последний бар : 20.02.2026 00:00
20.02.2026 11:18:16 - FileStorage - DEBUG - Кол-во бар    : 107
20.02.2026 11:18:16 - FileStorage - DEBUG - Сохранение файла C:\Users\шадрин\PycharmProjects\CenterStrikeVolatility_API\FinLabPy\Storage\..\..\Data\Alor\SPBFUT.RIM6_D1.txt
20.02.2026 11:18:16 - FileStorage - DEBUG - Первый бар    : 04.10.2025 00:00
20.02.2026 11:18:16 - FileStorage - DEBUG - Последний бар : 20.02.2026 00:00
20.02.2026 11:18:16 - FileStorage - DEBUG - Кол-во бар    : 107
20.02.2026 11:18:16 - Schedule.BarsStream - DEBUG - Текущая дата и время на бирже: 20.02.2026 11:18:16
20.02.2026 11:18:16 - Schedule.BarsStream - DEBUG - Нужно получить бар: 20.02.2026 00:00:00
20.02.2026 11:18:16 - Schedule.BarsStream - DEBUG - Время запроса бара: 23.02.2026 09:00:03
20.02.2026 11:18:16 - Schedule.BarsStream - DEBUG - Ожидание в секундах: 250907.0
20.02.2026 11:18:16 - FileStorage - DEBUG - Получение файла C:\Users\шадрин\PycharmProjects\CenterStrikeVolatility_API\FinLabPy\Storage\..\..\Data\Alor\SPBFUT.RIM6_D1.txt
20.02.2026 11:18:16 - FileStorage - DEBUG - Первый бар    : 04.10.2025 00:00
20.02.2026 11:18:16 - FileStorage - DEBUG - Последний бар : 20.02.2026 00:00
20.02.2026 11:18:16 - FileStorage - DEBUG - Кол-во бар    : 107
20.02.2026 11:18:16 - FileStorage - DEBUG - Фильтр с 03.10.2025 11:17
20.02.2026 11:18:16 - FileStorage - DEBUG - Первый бар    : SPBFUT.RIM6 (D1) 2025-10-04 00:00:00 Open: 101350.0, High: 101350.0, Low: 101350.0, Close: 101350.0, Volume: 1.0
20.02.2026 11:18:16 - FileStorage - DEBUG - Последний бар : SPBFUT.RIM6 (D1) 2026-02-20 00:00:00 Open: 116470.0, High: 116770.0, Low: 116290.0, Close: 116600.0, Volume: 159.0
20.02.2026 11:18:16 - FileStorage - DEBUG - Кол-во бар    : 107
20.02.2026 11:18:17 - AlorPy - DEBUG - Запрос : /md/v2/Securities/MOEX/SiM6?format=Simple
20.02.2026 11:18:17 - AlorPy - DEBUG - Запрос : /md/v2/history?exchange=MOEX&symbol=SiH6&tf=D&from=1771545600&to=1771575496&format=Simple
20.02.2026 11:18:17 - AlorPy - DEBUG - Ответ  : {"symbol":"SI-6.26","shortname":"SiM6","description":"SiM6","exchange":"MOEX","market":"FORTS","type":"Фьючерсный контракт Si-6.26","lotsize":1,"facevalue":1000,"cfiCode":"FFXCSX","cancellation":"2026-06-18T00:00:00.0000000","minstep":1,"rating":97401,"marginbuy":12103.02,"marginsell":12321.03,"marginrate":0,"priceMax":84518,"priceMin":71086,"theorPrice":0,"theorPriceLimit":0,"volatility":0,"currency":"RUB","ISIN":null,"yield":null,"board":"RFUD","primary_board":"RFUD","tradingStatus":17,"tradingStatusInfo":"нормальный период торгов","complexProductCategory":"2","priceMultiplier":1,"priceShownUnits":1,"pricestep":1}
20.02.2026 11:18:17 - AlorPy - DEBUG - Ответ  : {"history":[{"time":1771545600,"close":76367.00000,"open":76230.00000,"high":76500.00000,"low":76123.00000,"volume":142447}],"next":null,"prev":1771459200}
20.02.2026 11:18:17 - FileStorage - DEBUG - Получение файла C:\Users\шадрин\PycharmProjects\CenterStrikeVolatility_API\FinLabPy\Storage\..\..\Data\Alor\SPBFUT.SiM6_D1.txt
20.02.2026 11:18:17 - FileStorage - DEBUG - Получение файла C:\Users\шадрин\PycharmProjects\CenterStrikeVolatility_API\FinLabPy\Storage\..\..\Data\Alor\SPBFUT.SiH6_D1.txt
20.02.2026 11:18:17 - FileStorage - DEBUG - Первый бар    : 06.10.2025 00:00
20.02.2026 11:18:17 - FileStorage - DEBUG - Первый бар    : 06.10.2025 00:00
20.02.2026 11:18:17 - FileStorage - DEBUG - Последний бар : 20.02.2026 00:00
20.02.2026 11:18:17 - FileStorage - DEBUG - Последний бар : 20.02.2026 00:00
20.02.2026 11:18:17 - FileStorage - DEBUG - Кол-во бар    : 96
20.02.2026 11:18:17 - FileStorage - DEBUG - Кол-во бар    : 96
20.02.2026 11:18:17 - FileStorage - DEBUG - Фильтр с 03.10.2025 11:17
20.02.2026 11:18:17 - FileStorage - DEBUG - Сохранение файла C:\Users\шадрин\PycharmProjects\CenterStrikeVolatility_API\FinLabPy\Storage\..\..\Data\Alor\SPBFUT.SiH6_D1.txt
20.02.2026 11:18:17 - FileStorage - DEBUG - Первый бар    : SPBFUT.SiM6 (D1) 2025-10-06 00:00:00 Open: 89.804, High: 90.272, Low: 89.304, Close: 89.513, Volume: 322.0
20.02.2026 11:18:17 - FileStorage - DEBUG - Последний бар : SPBFUT.SiM6 (D1) 2026-02-20 00:00:00 Open: 77.91, High: 78.015, Low: 77.77, Close: 77.962, Volume: 10540.0
20.02.2026 11:18:17 - FileStorage - DEBUG - Кол-во бар    : 96
20.02.2026 11:18:17 - FileStorage - DEBUG - Первый бар    : 06.10.2025 00:00
20.02.2026 11:18:17 - FileStorage - DEBUG - Последний бар : 20.02.2026 00:00
20.02.2026 11:18:17 - FileStorage - DEBUG - Кол-во бар    : 96
20.02.2026 11:18:17 - Schedule.BarsStream - DEBUG - Текущая дата и время на бирже: 20.02.2026 11:18:17
20.02.2026 11:18:17 - Schedule.BarsStream - DEBUG - Нужно получить бар: 20.02.2026 00:00:00
20.02.2026 11:18:17 - Schedule.BarsStream - DEBUG - Время запроса бара: 23.02.2026 09:00:03
20.02.2026 11:18:17 - Schedule.BarsStream - DEBUG - Ожидание в секундах: 250906.0
20.02.2026 11:18:17 - FileStorage - DEBUG - Получение файла C:\Users\шадрин\PycharmProjects\CenterStrikeVolatility_API\FinLabPy\Storage\..\..\Data\Alor\SPBFUT.SiH6_D1.txt
20.02.2026 11:18:17 - FileStorage - DEBUG - Первый бар    : 06.10.2025 00:00
20.02.2026 11:18:17 - FileStorage - DEBUG - Последний бар : 20.02.2026 00:00
20.02.2026 11:18:17 - FileStorage - DEBUG - Кол-во бар    : 96
20.02.2026 11:18:17 - FileStorage - DEBUG - Фильтр с 03.10.2025 11:17
20.02.2026 11:18:17 - FileStorage - DEBUG - Первый бар    : SPBFUT.SiH6 (D1) 2025-10-06 00:00:00 Open: 87.101, High: 87.638, Low: 86.591, Close: 86.731, Volume: 10858.0
20.02.2026 11:18:17 - FileStorage - DEBUG - Последний бар : SPBFUT.SiH6 (D1) 2026-02-20 00:00:00 Open: 76.23, High: 76.5, Low: 76.123, Close: 76.367, Volume: 142447.0
20.02.2026 11:18:17 - FileStorage - DEBUG - Кол-во бар    : 96
20.02.2026 11:18:17 - AlorPy - DEBUG - Запрос : /md/v2/history?exchange=MOEX&symbol=RIH6&tf=D&from=1771545600&to=1771575496&format=Simple
20.02.2026 11:18:17 - AlorPy - DEBUG - Ответ  : {"history":[{"time":1771545600,"close":116170.00000,"open":116130.00000,"high":116400.00000,"low":115810.00000,"volume":8248}],"next":null,"prev":1771459200}
20.02.2026 11:18:17 - FileStorage - DEBUG - Получение файла C:\Users\шадрин\PycharmProjects\CenterStrikeVolatility_API\FinLabPy\Storage\..\..\Data\Alor\SPBFUT.RIH6_D1.txt
20.02.2026 11:18:17 - FileStorage - DEBUG - Первый бар    : 04.10.2025 00:00
20.02.2026 11:18:17 - FileStorage - DEBUG - Последний бар : 20.02.2026 00:00
20.02.2026 11:18:17 - FileStorage - DEBUG - Кол-во бар    : 122
20.02.2026 11:18:17 - FileStorage - DEBUG - Сохранение файла C:\Users\шадрин\PycharmProjects\CenterStrikeVolatility_API\FinLabPy\Storage\..\..\Data\Alor\SPBFUT.RIH6_D1.txt
20.02.2026 11:18:17 - FileStorage - DEBUG - Первый бар    : 04.10.2025 00:00
20.02.2026 11:18:17 - FileStorage - DEBUG - Последний бар : 20.02.2026 00:00
20.02.2026 11:18:17 - FileStorage - DEBUG - Кол-во бар    : 122
20.02.2026 11:18:17 - Schedule.BarsStream - DEBUG - Текущая дата и время на бирже: 20.02.2026 11:18:17
20.02.2026 11:18:17 - Schedule.BarsStream - DEBUG - Нужно получить бар: 20.02.2026 00:00:00
20.02.2026 11:18:17 - Schedule.BarsStream - DEBUG - Время запроса бара: 23.02.2026 09:00:03
20.02.2026 11:18:17 - Schedule.BarsStream - DEBUG - Ожидание в секундах: 250906.0
20.02.2026 11:18:17 - FileStorage - DEBUG - Получение файла C:\Users\шадрин\PycharmProjects\CenterStrikeVolatility_API\FinLabPy\Storage\..\..\Data\Alor\SPBFUT.RIH6_D1.txt
20.02.2026 11:18:17 - FileStorage - DEBUG - Первый бар    : 04.10.2025 00:00
20.02.2026 11:18:17 - FileStorage - DEBUG - Последний бар : 20.02.2026 00:00
20.02.2026 11:18:17 - FileStorage - DEBUG - Кол-во бар    : 122
20.02.2026 11:18:17 - FileStorage - DEBUG - Фильтр с 03.10.2025 11:17
20.02.2026 11:18:17 - FileStorage - DEBUG - Первый бар    : SPBFUT.RIH6 (D1) 2025-10-04 00:00:00 Open: 100060.0, High: 100060.0, Low: 98820.0, Close: 99270.0, Volume: 83.0
20.02.2026 11:18:17 - FileStorage - DEBUG - Последний бар : SPBFUT.RIH6 (D1) 2026-02-20 00:00:00 Open: 116130.0, High: 116400.0, Low: 115810.0, Close: 116170.0, Volume: 8248.0
20.02.2026 11:18:17 - FileStorage - DEBUG - Кол-во бар    : 122
20.02.2026 11:18:17 - AlorPy - DEBUG - Запрос : /md/v2/history?exchange=MOEX&symbol=RIM6&tf=D&from=1771545600&to=1771575496&format=Simple
20.02.2026 11:18:17 - AlorPy - DEBUG - Ответ  : {"history":[{"time":1771545600,"close":116600.00000,"open":116470.00000,"high":116770.00000,"low":116290.00000,"volume":159}],"next":null,"prev":1771459200}
20.02.2026 11:18:17 - FileStorage - DEBUG - Получение файла C:\Users\шадрин\PycharmProjects\CenterStrikeVolatility_API\FinLabPy\Storage\..\..\Data\Alor\SPBFUT.RIM6_D1.txt
20.02.2026 11:18:17 - FileStorage - DEBUG - Первый бар    : 04.10.2025 00:00
20.02.2026 11:18:17 - FileStorage - DEBUG - Последний бар : 20.02.2026 00:00
20.02.2026 11:18:17 - FileStorage - DEBUG - Кол-во бар    : 107
20.02.2026 11:18:17 - FileStorage - DEBUG - Сохранение файла C:\Users\шадрин\PycharmProjects\CenterStrikeVolatility_API\FinLabPy\Storage\..\..\Data\Alor\SPBFUT.RIM6_D1.txt
20.02.2026 11:18:17 - FileStorage - DEBUG - Первый бар    : 04.10.2025 00:00
20.02.2026 11:18:17 - FileStorage - DEBUG - Последний бар : 20.02.2026 00:00
20.02.2026 11:18:17 - FileStorage - DEBUG - Кол-во бар    : 107
20.02.2026 11:18:17 - Schedule.BarsStream - DEBUG - Текущая дата и время на бирже: 20.02.2026 11:18:17
20.02.2026 11:18:17 - Schedule.BarsStream - DEBUG - Нужно получить бар: 20.02.2026 00:00:00
20.02.2026 11:18:17 - Schedule.BarsStream - DEBUG - Время запроса бара: 23.02.2026 09:00:03
20.02.2026 11:18:17 - Schedule.BarsStream - DEBUG - Ожидание в секундах: 250906.0
20.02.2026 11:18:17 - FileStorage - DEBUG - Получение файла C:\Users\шадрин\PycharmProjects\CenterStrikeVolatility_API\FinLabPy\Storage\..\..\Data\Alor\SPBFUT.RIM6_D1.txt
20.02.2026 11:18:17 - FileStorage - DEBUG - Первый бар    : 04.10.2025 00:00
20.02.2026 11:18:17 - FileStorage - DEBUG - Последний бар : 20.02.2026 00:00
20.02.2026 11:18:17 - FileStorage - DEBUG - Кол-во бар    : 107
20.02.2026 11:18:17 - FileStorage - DEBUG - Фильтр с 03.10.2025 11:17
20.02.2026 11:18:17 - FileStorage - DEBUG - Первый бар    : SPBFUT.RIM6 (D1) 2025-10-04 00:00:00 Open: 101350.0, High: 101350.0, Low: 101350.0, Close: 101350.0, Volume: 1.0
20.02.2026 11:18:17 - FileStorage - DEBUG - Последний бар : SPBFUT.RIM6 (D1) 2026-02-20 00:00:00 Open: 116470.0, High: 116770.0, Low: 116290.0, Close: 116600.0, Volume: 159.0
20.02.2026 11:18:17 - FileStorage - DEBUG - Кол-во бар    : 107
20.02.2026 11:18:18 - AlorPy - DEBUG - Запрос : /md/v2/history?exchange=MOEX&symbol=SiM6&tf=D&from=1771545600&to=1771575497&format=Simple
20.02.2026 11:18:18 - AlorPy - DEBUG - Ответ  : {"history":[{"time":1771545600,"close":77922.00000,"open":77910.00000,"high":78015.00000,"low":77770.00000,"volume":21168}],"next":null,"prev":1771459200}
20.02.2026 11:18:18 - FileStorage - DEBUG - Получение файла C:\Users\шадрин\PycharmProjects\CenterStrikeVolatility_API\FinLabPy\Storage\..\..\Data\Alor\SPBFUT.SiM6_D1.txt
20.02.2026 11:18:18 - FileStorage - DEBUG - Первый бар    : 06.10.2025 00:00
20.02.2026 11:18:18 - FileStorage - DEBUG - Последний бар : 20.02.2026 00:00
20.02.2026 11:18:18 - FileStorage - DEBUG - Кол-во бар    : 96
20.02.2026 11:18:18 - FileStorage - DEBUG - Сохранение файла C:\Users\шадрин\PycharmProjects\CenterStrikeVolatility_API\FinLabPy\Storage\..\..\Data\Alor\SPBFUT.SiM6_D1.txt
20.02.2026 11:18:18 - FileStorage - DEBUG - Первый бар    : 06.10.2025 00:00
20.02.2026 11:18:18 - FileStorage - DEBUG - Последний бар : 20.02.2026 00:00
20.02.2026 11:18:18 - FileStorage - DEBUG - Кол-во бар    : 96
20.02.2026 11:18:18 - Schedule.BarsStream - DEBUG - Текущая дата и время на бирже: 20.02.2026 11:18:18
20.02.2026 11:18:18 - Schedule.BarsStream - DEBUG - Нужно получить бар: 20.02.2026 00:00:00
20.02.2026 11:18:18 - Schedule.BarsStream - DEBUG - Время запроса бара: 23.02.2026 09:00:03
20.02.2026 11:18:18 - Schedule.BarsStream - DEBUG - Ожидание в секундах: 250905.0
20.02.2026 11:18:18 - FileStorage - DEBUG - Получение файла C:\Users\шадрин\PycharmProjects\CenterStrikeVolatility_API\FinLabPy\Storage\..\..\Data\Alor\SPBFUT.SiM6_D1.txt
20.02.2026 11:18:18 - FileStorage - DEBUG - Первый бар    : 06.10.2025 00:00
20.02.2026 11:18:18 - FileStorage - DEBUG - Последний бар : 20.02.2026 00:00
20.02.2026 11:18:18 - FileStorage - DEBUG - Кол-во бар    : 96
20.02.2026 11:18:18 - FileStorage - DEBUG - Фильтр с 03.10.2025 11:17
20.02.2026 11:18:18 - FileStorage - DEBUG - Первый бар    : SPBFUT.SiM6 (D1) 2025-10-06 00:00:00 Open: 89.804, High: 90.272, Low: 89.304, Close: 89.513, Volume: 322.0
20.02.2026 11:18:18 - FileStorage - DEBUG - Последний бар : SPBFUT.SiM6 (D1) 2026-02-20 00:00:00 Open: 77.91, High: 78.015, Low: 77.77, Close: 77.922, Volume: 21168.0
20.02.2026 11:18:18 - FileStorage - DEBUG - Кол-во бар    : 96
20.02.2026 11:18:18 - AlorPy - DEBUG - Запрос : /md/v2/history?exchange=MOEX&symbol=SiH6&tf=D&from=1771545600&to=1771575497&format=Simple
20.02.2026 11:18:18 - AlorPy - DEBUG - Ответ  : {"history":[{"time":1771545600,"close":76367.00000,"open":76230.00000,"high":76500.00000,"low":76123.00000,"volume":142451}],"next":null,"prev":1771459200}
20.02.2026 11:18:18 - FileStorage - DEBUG - Получение файла C:\Users\шадрин\PycharmProjects\CenterStrikeVolatility_API\FinLabPy\Storage\..\..\Data\Alor\SPBFUT.SiH6_D1.txt
20.02.2026 11:18:18 - FileStorage - DEBUG - Первый бар    : 06.10.2025 00:00
20.02.2026 11:18:18 - FileStorage - DEBUG - Последний бар : 20.02.2026 00:00
20.02.2026 11:18:18 - FileStorage - DEBUG - Кол-во бар    : 96
20.02.2026 11:18:18 - FileStorage - DEBUG - Сохранение файла C:\Users\шадрин\PycharmProjects\CenterStrikeVolatility_API\FinLabPy\Storage\..\..\Data\Alor\SPBFUT.SiH6_D1.txt
20.02.2026 11:18:18 - FileStorage - DEBUG - Первый бар    : 06.10.2025 00:00
20.02.2026 11:18:18 - FileStorage - DEBUG - Последний бар : 20.02.2026 00:00
20.02.2026 11:18:18 - FileStorage - DEBUG - Кол-во бар    : 96
20.02.2026 11:18:18 - Schedule.BarsStream - DEBUG - Текущая дата и время на бирже: 20.02.2026 11:18:18
20.02.2026 11:18:18 - Schedule.BarsStream - DEBUG - Нужно получить бар: 20.02.2026 00:00:00
20.02.2026 11:18:18 - Schedule.BarsStream - DEBUG - Время запроса бара: 23.02.2026 09:00:03
20.02.2026 11:18:18 - Schedule.BarsStream - DEBUG - Ожидание в секундах: 250905.0
20.02.2026 11:18:18 - FileStorage - DEBUG - Получение файла C:\Users\шадрин\PycharmProjects\CenterStrikeVolatility_API\FinLabPy\Storage\..\..\Data\Alor\SPBFUT.SiH6_D1.txt
20.02.2026 11:18:18 - FileStorage - DEBUG - Первый бар    : 06.10.2025 00:00
20.02.2026 11:18:18 - FileStorage - DEBUG - Последний бар : 20.02.2026 00:00
20.02.2026 11:18:18 - FileStorage - DEBUG - Кол-во бар    : 96
20.02.2026 11:18:18 - FileStorage - DEBUG - Фильтр с 03.10.2025 11:17
20.02.2026 11:18:18 - FileStorage - DEBUG - Первый бар    : SPBFUT.SiH6 (D1) 2025-10-06 00:00:00 Open: 87.101, High: 87.638, Low: 86.591, Close: 86.731, Volume: 10858.0
20.02.2026 11:18:18 - FileStorage - DEBUG - Последний бар : SPBFUT.SiH6 (D1) 2026-02-20 00:00:00 Open: 76.23, High: 76.5, Low: 76.123, Close: 76.367, Volume: 142451.0
20.02.2026 11:18:18 - FileStorage - DEBUG - Кол-во бар    : 96
20.02.2026 11:18:18 - AlorPy - DEBUG - Запрос : /md/v2/history?exchange=MOEX&symbol=RIH6&tf=D&from=1771545600&to=1771575497&format=Simple
20.02.2026 11:18:18 - AlorPy - DEBUG - Ответ  : {"history":[{"time":1771545600,"close":116170.00000,"open":116130.00000,"high":116400.00000,"low":115810.00000,"volume":8248}],"next":null,"prev":1771459200}
20.02.2026 11:18:18 - FileStorage - DEBUG - Получение файла C:\Users\шадрин\PycharmProjects\CenterStrikeVolatility_API\FinLabPy\Storage\..\..\Data\Alor\SPBFUT.RIH6_D1.txt
20.02.2026 11:18:18 - FileStorage - DEBUG - Первый бар    : 04.10.2025 00:00
20.02.2026 11:18:18 - FileStorage - DEBUG - Последний бар : 20.02.2026 00:00
20.02.2026 11:18:18 - FileStorage - DEBUG - Кол-во бар    : 122
20.02.2026 11:18:18 - FileStorage - DEBUG - Сохранение файла C:\Users\шадрин\PycharmProjects\CenterStrikeVolatility_API\FinLabPy\Storage\..\..\Data\Alor\SPBFUT.RIH6_D1.txt
20.02.2026 11:18:18 - FileStorage - DEBUG - Первый бар    : 04.10.2025 00:00
20.02.2026 11:18:18 - FileStorage - DEBUG - Последний бар : 20.02.2026 00:00
20.02.2026 11:18:18 - FileStorage - DEBUG - Кол-во бар    : 122
20.02.2026 11:18:18 - Schedule.BarsStream - DEBUG - Текущая дата и время на бирже: 20.02.2026 11:18:18
20.02.2026 11:18:18 - Schedule.BarsStream - DEBUG - Нужно получить бар: 20.02.2026 00:00:00
20.02.2026 11:18:18 - Schedule.BarsStream - DEBUG - Время запроса бара: 23.02.2026 09:00:03
20.02.2026 11:18:18 - Schedule.BarsStream - DEBUG - Ожидание в секундах: 250905.0
20.02.2026 11:18:18 - FileStorage - DEBUG - Получение файла C:\Users\шадрин\PycharmProjects\CenterStrikeVolatility_API\FinLabPy\Storage\..\..\Data\Alor\SPBFUT.RIH6_D1.txt
20.02.2026 11:18:18 - FileStorage - DEBUG - Первый бар    : 04.10.2025 00:00
20.02.2026 11:18:18 - FileStorage - DEBUG - Последний бар : 20.02.2026 00:00
20.02.2026 11:18:18 - FileStorage - DEBUG - Кол-во бар    : 122
20.02.2026 11:18:18 - FileStorage - DEBUG - Фильтр с 03.10.2025 11:17
20.02.2026 11:18:18 - FileStorage - DEBUG - Первый бар    : SPBFUT.RIH6 (D1) 2025-10-04 00:00:00 Open: 100060.0, High: 100060.0, Low: 98820.0, Close: 99270.0, Volume: 83.0
20.02.2026 11:18:18 - FileStorage - DEBUG - Последний бар : SPBFUT.RIH6 (D1) 2026-02-20 00:00:00 Open: 116130.0, High: 116400.0, Low: 115810.0, Close: 116170.0, Volume: 8248.0
20.02.2026 11:18:18 - FileStorage - DEBUG - Кол-во бар    : 122
20.02.2026 11:18:18 - AlorPy - DEBUG - Запрос : /md/v2/history?exchange=MOEX&symbol=RIM6&tf=D&from=1771545600&to=1771575497&format=Simple
20.02.2026 11:18:18 - AlorPy - DEBUG - Ответ  : {"history":[{"time":1771545600,"close":116600.00000,"open":116470.00000,"high":116770.00000,"low":116290.00000,"volume":159}],"next":null,"prev":1771459200}
20.02.2026 11:18:18 - FileStorage - DEBUG - Получение файла C:\Users\шадрин\PycharmProjects\CenterStrikeVolatility_API\FinLabPy\Storage\..\..\Data\Alor\SPBFUT.RIM6_D1.txt
20.02.2026 11:18:18 - FileStorage - DEBUG - Первый бар    : 04.10.2025 00:00
20.02.2026 11:18:18 - FileStorage - DEBUG - Последний бар : 20.02.2026 00:00
20.02.2026 11:18:18 - FileStorage - DEBUG - Кол-во бар    : 107
20.02.2026 11:18:18 - FileStorage - DEBUG - Сохранение файла C:\Users\шадрин\PycharmProjects\CenterStrikeVolatility_API\FinLabPy\Storage\..\..\Data\Alor\SPBFUT.RIM6_D1.txt
20.02.2026 11:18:18 - FileStorage - DEBUG - Первый бар    : 04.10.2025 00:00
20.02.2026 11:18:18 - FileStorage - DEBUG - Последний бар : 20.02.2026 00:00
20.02.2026 11:18:18 - FileStorage - DEBUG - Кол-во бар    : 107
20.02.2026 11:18:18 - Schedule.BarsStream - DEBUG - Текущая дата и время на бирже: 20.02.2026 11:18:18
20.02.2026 11:18:18 - Schedule.BarsStream - DEBUG - Нужно получить бар: 20.02.2026 00:00:00
20.02.2026 11:18:18 - Schedule.BarsStream - DEBUG - Время запроса бара: 23.02.2026 09:00:03
20.02.2026 11:18:18 - Schedule.BarsStream - DEBUG - Ожидание в секундах: 250905.0
20.02.2026 11:18:18 - FileStorage - DEBUG - Получение файла C:\Users\шадрин\PycharmProjects\CenterStrikeVolatility_API\FinLabPy\Storage\..\..\Data\Alor\SPBFUT.RIM6_D1.txt
20.02.2026 11:18:18 - FileStorage - DEBUG - Первый бар    : 04.10.2025 00:00
20.02.2026 11:18:18 - FileStorage - DEBUG - Последний бар : 20.02.2026 00:00
20.02.2026 11:18:18 - FileStorage - DEBUG - Кол-во бар    : 107
20.02.2026 11:18:18 - FileStorage - DEBUG - Фильтр с 03.10.2025 11:17
20.02.2026 11:18:18 - FileStorage - DEBUG - Первый бар    : SPBFUT.RIM6 (D1) 2025-10-04 00:00:00 Open: 101350.0, High: 101350.0, Low: 101350.0, Close: 101350.0, Volume: 1.0
20.02.2026 11:18:18 - FileStorage - DEBUG - Последний бар : SPBFUT.RIM6 (D1) 2026-02-20 00:00:00 Open: 116470.0, High: 116770.0, Low: 116290.0, Close: 116600.0, Volume: 159.0
20.02.2026 11:18:18 - FileStorage - DEBUG - Кол-во бар    : 107
20.02.2026 11:18:18 - AlorPy - DEBUG - Запрос : /md/v2/history?exchange=MOEX&symbol=SiM6&tf=D&from=1771545600&to=1771575498&format=Simple
20.02.2026 11:18:18 - AlorPy - DEBUG - Ответ  : {"history":[{"time":1771545600,"close":77922.00000,"open":77910.00000,"high":78015.00000,"low":77770.00000,"volume":21170}],"next":null,"prev":1771459200}
20.02.2026 11:18:18 - FileStorage - DEBUG - Получение файла C:\Users\шадрин\PycharmProjects\CenterStrikeVolatility_API\FinLabPy\Storage\..\..\Data\Alor\SPBFUT.SiM6_D1.txt
20.02.2026 11:18:18 - FileStorage - DEBUG - Первый бар    : 06.10.2025 00:00
20.02.2026 11:18:18 - FileStorage - DEBUG - Последний бар : 20.02.2026 00:00
20.02.2026 11:18:18 - FileStorage - DEBUG - Кол-во бар    : 96
20.02.2026 11:18:19 - FileStorage - DEBUG - Сохранение файла C:\Users\шадрин\PycharmProjects\CenterStrikeVolatility_API\FinLabPy\Storage\..\..\Data\Alor\SPBFUT.SiM6_D1.txt
20.02.2026 11:18:19 - FileStorage - DEBUG - Первый бар    : 06.10.2025 00:00
20.02.2026 11:18:19 - FileStorage - DEBUG - Последний бар : 20.02.2026 00:00
20.02.2026 11:18:19 - FileStorage - DEBUG - Кол-во бар    : 96
20.02.2026 11:18:19 - Schedule.BarsStream - DEBUG - Текущая дата и время на бирже: 20.02.2026 11:18:19
20.02.2026 11:18:19 - Schedule.BarsStream - DEBUG - Нужно получить бар: 20.02.2026 00:00:00
20.02.2026 11:18:19 - Schedule.BarsStream - DEBUG - Время запроса бара: 23.02.2026 09:00:03
20.02.2026 11:18:19 - Schedule.BarsStream - DEBUG - Ожидание в секундах: 250904.0
20.02.2026 11:18:19 - FileStorage - DEBUG - Получение файла C:\Users\шадрин\PycharmProjects\CenterStrikeVolatility_API\FinLabPy\Storage\..\..\Data\Alor\SPBFUT.SiM6_D1.txt
20.02.2026 11:18:19 - FileStorage - DEBUG - Первый бар    : 06.10.2025 00:00
20.02.2026 11:18:19 - FileStorage - DEBUG - Последний бар : 20.02.2026 00:00
20.02.2026 11:18:19 - FileStorage - DEBUG - Кол-во бар    : 96
20.02.2026 11:18:19 - FileStorage - DEBUG - Фильтр с 03.10.2025 11:17
20.02.2026 11:18:19 - FileStorage - DEBUG - Первый бар    : SPBFUT.SiM6 (D1) 2025-10-06 00:00:00 Open: 89.804, High: 90.272, Low: 89.304, Close: 89.513, Volume: 322.0
20.02.2026 11:18:19 - FileStorage - DEBUG - Последний бар : SPBFUT.SiM6 (D1) 2026-02-20 00:00:00 Open: 77.91, High: 78.015, Low: 77.77, Close: 77.922, Volume: 21170.0
20.02.2026 11:18:19 - FileStorage - DEBUG - Кол-во бар    : 96
20.02.2026 11:18:19 - AlorPy - DEBUG - Запрос : /md/v2/history?exchange=MOEX&symbol=SiH6&tf=D&from=1771545600&to=1771575498&format=Simple
20.02.2026 11:18:19 - AlorPy - DEBUG - Ответ  : {"history":[{"time":1771545600,"close":76367.00000,"open":76230.00000,"high":76500.00000,"low":76123.00000,"volume":142464}],"next":null,"prev":1771459200}
20.02.2026 11:18:19 - FileStorage - DEBUG - Получение файла C:\Users\шадрин\PycharmProjects\CenterStrikeVolatility_API\FinLabPy\Storage\..\..\Data\Alor\SPBFUT.SiH6_D1.txt
20.02.2026 11:18:19 - FileStorage - DEBUG - Первый бар    : 06.10.2025 00:00
20.02.2026 11:18:19 - FileStorage - DEBUG - Последний бар : 20.02.2026 00:00
20.02.2026 11:18:19 - FileStorage - DEBUG - Кол-во бар    : 96
20.02.2026 11:18:19 - FileStorage - DEBUG - Сохранение файла C:\Users\шадрин\PycharmProjects\CenterStrikeVolatility_API\FinLabPy\Storage\..\..\Data\Alor\SPBFUT.SiH6_D1.txt
20.02.2026 11:18:19 - FileStorage - DEBUG - Первый бар    : 06.10.2025 00:00
20.02.2026 11:18:19 - FileStorage - DEBUG - Последний бар : 20.02.2026 00:00
20.02.2026 11:18:19 - FileStorage - DEBUG - Кол-во бар    : 96
20.02.2026 11:18:19 - Schedule.BarsStream - DEBUG - Текущая дата и время на бирже: 20.02.2026 11:18:19
20.02.2026 11:18:19 - Schedule.BarsStream - DEBUG - Нужно получить бар: 20.02.2026 00:00:00
20.02.2026 11:18:19 - Schedule.BarsStream - DEBUG - Время запроса бара: 23.02.2026 09:00:03
20.02.2026 11:18:19 - Schedule.BarsStream - DEBUG - Ожидание в секундах: 250904.0
20.02.2026 11:18:19 - FileStorage - DEBUG - Получение файла C:\Users\шадрин\PycharmProjects\CenterStrikeVolatility_API\FinLabPy\Storage\..\..\Data\Alor\SPBFUT.SiH6_D1.txt
20.02.2026 11:18:19 - FileStorage - DEBUG - Первый бар    : 06.10.2025 00:00
20.02.2026 11:18:19 - FileStorage - DEBUG - Последний бар : 20.02.2026 00:00
20.02.2026 11:18:19 - FileStorage - DEBUG - Кол-во бар    : 96
20.02.2026 11:18:19 - FileStorage - DEBUG - Фильтр с 03.10.2025 11:17
20.02.2026 11:18:19 - FileStorage - DEBUG - Первый бар    : SPBFUT.SiH6 (D1) 2025-10-06 00:00:00 Open: 87.101, High: 87.638, Low: 86.591, Close: 86.731, Volume: 10858.0
20.02.2026 11:18:19 - FileStorage - DEBUG - Последний бар : SPBFUT.SiH6 (D1) 2026-02-20 00:00:00 Open: 76.23, High: 76.5, Low: 76.123, Close: 76.367, Volume: 142464.0
20.02.2026 11:18:19 - FileStorage - DEBUG - Кол-во бар    : 96
20.02.2026 11:18:19 - AlorPy - DEBUG - Запрос : /md/v2/history?exchange=MOEX&symbol=RIH6&tf=D&from=1771545600&to=1771575498&format=Simple
20.02.2026 11:18:19 - AlorPy - DEBUG - Ответ  : {"history":[{"time":1771545600,"close":116170.00000,"open":116130.00000,"high":116400.00000,"low":115810.00000,"volume":8248}],"next":null,"prev":1771459200}
20.02.2026 11:18:19 - FileStorage - DEBUG - Получение файла C:\Users\шадрин\PycharmProjects\CenterStrikeVolatility_API\FinLabPy\Storage\..\..\Data\Alor\SPBFUT.RIH6_D1.txt
20.02.2026 11:18:19 - FileStorage - DEBUG - Первый бар    : 04.10.2025 00:00
20.02.2026 11:18:19 - FileStorage - DEBUG - Последний бар : 20.02.2026 00:00
20.02.2026 11:18:19 - FileStorage - DEBUG - Кол-во бар    : 122
20.02.2026 11:18:19 - FileStorage - DEBUG - Сохранение файла C:\Users\шадрин\PycharmProjects\CenterStrikeVolatility_API\FinLabPy\Storage\..\..\Data\Alor\SPBFUT.RIH6_D1.txt
20.02.2026 11:18:19 - AlorPy - DEBUG - Запрос : /md/v2/history?exchange=MOEX&symbol=RIM6&tf=D&from=1771545600&to=1771575498&format=Simple
20.02.2026 11:18:19 - AlorPy - DEBUG - Ответ  : {"history":[{"time":1771545600,"close":116600.00000,"open":116470.00000,"high":116770.00000,"low":116290.00000,"volume":159}],"next":null,"prev":1771459200}
20.02.2026 11:18:19 - FileStorage - DEBUG - Первый бар    : 04.10.2025 00:00
20.02.2026 11:18:19 - FileStorage - DEBUG - Последний бар : 20.02.2026 00:00
20.02.2026 11:18:19 - FileStorage - DEBUG - Получение файла C:\Users\шадрин\PycharmProjects\CenterStrikeVolatility_API\FinLabPy\Storage\..\..\Data\Alor\SPBFUT.RIM6_D1.txt
20.02.2026 11:18:19 - FileStorage - DEBUG - Кол-во бар    : 122
20.02.2026 11:18:19 - Schedule.BarsStream - DEBUG - Текущая дата и время на бирже: 20.02.2026 11:18:19
20.02.2026 11:18:19 - Schedule.BarsStream - DEBUG - Нужно получить бар: 20.02.2026 00:00:00
20.02.2026 11:18:19 - Schedule.BarsStream - DEBUG - Время запроса бара: 23.02.2026 09:00:03
20.02.2026 11:18:19 - Schedule.BarsStream - DEBUG - Ожидание в секундах: 250904.0
20.02.2026 11:18:19 - FileStorage - DEBUG - Получение файла C:\Users\шадрин\PycharmProjects\CenterStrikeVolatility_API\FinLabPy\Storage\..\..\Data\Alor\SPBFUT.RIH6_D1.txt
20.02.2026 11:18:19 - FileStorage - DEBUG - Первый бар    : 04.10.2025 00:00
20.02.2026 11:18:19 - FileStorage - DEBUG - Последний бар : 20.02.2026 00:00
20.02.2026 11:18:19 - FileStorage - DEBUG - Кол-во бар    : 107
20.02.2026 11:18:19 - FileStorage - DEBUG - Сохранение файла C:\Users\шадрин\PycharmProjects\CenterStrikeVolatility_API\FinLabPy\Storage\..\..\Data\Alor\SPBFUT.RIM6_D1.txt
20.02.2026 11:18:19 - FileStorage - DEBUG - Первый бар    : 04.10.2025 00:00
20.02.2026 11:18:19 - FileStorage - DEBUG - Последний бар : 20.02.2026 00:00
20.02.2026 11:18:19 - FileStorage - DEBUG - Первый бар    : 04.10.2025 00:00
20.02.2026 11:18:19 - FileStorage - DEBUG - Кол-во бар    : 122
20.02.2026 11:18:19 - FileStorage - DEBUG - Последний бар : 20.02.2026 00:00
20.02.2026 11:18:19 - FileStorage - DEBUG - Фильтр с 03.10.2025 11:17
20.02.2026 11:18:19 - FileStorage - DEBUG - Кол-во бар    : 107
20.02.2026 11:18:19 - FileStorage - DEBUG - Первый бар    : SPBFUT.RIH6 (D1) 2025-10-04 00:00:00 Open: 100060.0, High: 100060.0, Low: 98820.0, Close: 99270.0, Volume: 83.0
20.02.2026 11:18:19 - FileStorage - DEBUG - Последний бар : SPBFUT.RIH6 (D1) 2026-02-20 00:00:00 Open: 116130.0, High: 116400.0, Low: 115810.0, Close: 116170.0, Volume: 8248.0
20.02.2026 11:18:19 - Schedule.BarsStream - DEBUG - Текущая дата и время на бирже: 20.02.2026 11:18:19
20.02.2026 11:18:19 - FileStorage - DEBUG - Кол-во бар    : 122
20.02.2026 11:18:19 - Schedule.BarsStream - DEBUG - Нужно получить бар: 20.02.2026 00:00:00
20.02.2026 11:18:19 - Schedule.BarsStream - DEBUG - Время запроса бара: 23.02.2026 09:00:03
20.02.2026 11:18:19 - Schedule.BarsStream - DEBUG - Ожидание в секундах: 250904.0
20.02.2026 11:18:19 - FileStorage - DEBUG - Получение файла C:\Users\шадрин\PycharmProjects\CenterStrikeVolatility_API\FinLabPy\Storage\..\..\Data\Alor\SPBFUT.RIM6_D1.txt
20.02.2026 11:18:19 - FileStorage - DEBUG - Первый бар    : 04.10.2025 00:00
20.02.2026 11:18:19 - FileStorage - DEBUG - Последний бар : 20.02.2026 00:00
20.02.2026 11:18:19 - FileStorage - DEBUG - Кол-во бар    : 107
20.02.2026 11:18:19 - FileStorage - DEBUG - Фильтр с 03.10.2025 11:17
20.02.2026 11:18:19 - FileStorage - DEBUG - Первый бар    : SPBFUT.RIM6 (D1) 2025-10-04 00:00:00 Open: 101350.0, High: 101350.0, Low: 101350.0, Close: 101350.0, Volume: 1.0
20.02.2026 11:18:19 - FileStorage - DEBUG - Последний бар : SPBFUT.RIM6 (D1) 2026-02-20 00:00:00 Open: 116470.0, High: 116770.0, Low: 116290.0, Close: 116600.0, Volume: 159.0
20.02.2026 11:18:19 - FileStorage - DEBUG - Кол-во бар    : 107
20.02.2026 11:18:19 - AlorPy - DEBUG - Запрос : /md/v2/history?exchange=MOEX&symbol=SiM6&tf=D&from=1771545600&to=1771575499&format=Simple
20.02.2026 11:18:19 - AlorPy - DEBUG - Ответ  : {"history":[{"time":1771545600,"close":77921.00000,"open":77910.00000,"high":78015.00000,"low":77770.00000,"volume":21172}],"next":null,"prev":1771459200}
20.02.2026 11:18:19 - FileStorage - DEBUG - Получение файла C:\Users\шадрин\PycharmProjects\CenterStrikeVolatility_API\FinLabPy\Storage\..\..\Data\Alor\SPBFUT.SiM6_D1.txt
20.02.2026 11:18:19 - FileStorage - DEBUG - Первый бар    : 06.10.2025 00:00
20.02.2026 11:18:19 - FileStorage - DEBUG - Последний бар : 20.02.2026 00:00
20.02.2026 11:18:19 - FileStorage - DEBUG - Кол-во бар    : 96
20.02.2026 11:18:19 - FileStorage - DEBUG - Сохранение файла C:\Users\шадрин\PycharmProjects\CenterStrikeVolatility_API\FinLabPy\Storage\..\..\Data\Alor\SPBFUT.SiM6_D1.txt
20.02.2026 11:18:19 - FileStorage - DEBUG - Первый бар    : 06.10.2025 00:00
20.02.2026 11:18:19 - FileStorage - DEBUG - Последний бар : 20.02.2026 00:00
20.02.2026 11:18:19 - FileStorage - DEBUG - Кол-во бар    : 96
20.02.2026 11:18:19 - Schedule.BarsStream - DEBUG - Текущая дата и время на бирже: 20.02.2026 11:18:19
20.02.2026 11:18:19 - Schedule.BarsStream - DEBUG - Нужно получить бар: 20.02.2026 00:00:00
20.02.2026 11:18:19 - Schedule.BarsStream - DEBUG - Время запроса бара: 23.02.2026 09:00:03
20.02.2026 11:18:19 - Schedule.BarsStream - DEBUG - Ожидание в секундах: 250904.0
20.02.2026 11:18:19 - FileStorage - DEBUG - Получение файла C:\Users\шадрин\PycharmProjects\CenterStrikeVolatility_API\FinLabPy\Storage\..\..\Data\Alor\SPBFUT.SiM6_D1.txt
20.02.2026 11:18:19 - FileStorage - DEBUG - Первый бар    : 06.10.2025 00:00
20.02.2026 11:18:19 - FileStorage - DEBUG - Последний бар : 20.02.2026 00:00
20.02.2026 11:18:19 - FileStorage - DEBUG - Кол-во бар    : 96
20.02.2026 11:18:19 - FileStorage - DEBUG - Фильтр с 03.10.2025 11:17
20.02.2026 11:18:19 - FileStorage - DEBUG - Первый бар    : SPBFUT.SiM6 (D1) 2025-10-06 00:00:00 Open: 89.804, High: 90.272, Low: 89.304, Close: 89.513, Volume: 322.0
20.02.2026 11:18:19 - FileStorage - DEBUG - Последний бар : SPBFUT.SiM6 (D1) 2026-02-20 00:00:00 Open: 77.91, High: 78.015, Low: 77.77, Close: 77.921, Volume: 21172.0
20.02.2026 11:18:19 - FileStorage - DEBUG - Кол-во бар    : 96
20.02.2026 11:18:19 - AlorPy - DEBUG - Запрос : /md/v2/history?exchange=MOEX&symbol=SiH6&tf=D&from=1771545600&to=1771575499&format=Simple
20.02.2026 11:18:19 - AlorPy - DEBUG - Ответ  : {"history":[{"time":1771545600,"close":76366.00000,"open":76230.00000,"high":76500.00000,"low":76123.00000,"volume":142468}],"next":null,"prev":1771459200}
20.02.2026 11:18:19 - FileStorage - DEBUG - Получение файла C:\Users\шадрин\PycharmProjects\CenterStrikeVolatility_API\FinLabPy\Storage\..\..\Data\Alor\SPBFUT.SiH6_D1.txt
20.02.2026 11:18:19 - FileStorage - DEBUG - Первый бар    : 06.10.2025 00:00
20.02.2026 11:18:19 - FileStorage - DEBUG - Последний бар : 20.02.2026 00:00
20.02.2026 11:18:19 - FileStorage - DEBUG - Кол-во бар    : 96
20.02.2026 11:18:19 - FileStorage - DEBUG - Сохранение файла C:\Users\шадрин\PycharmProjects\CenterStrikeVolatility_API\FinLabPy\Storage\..\..\Data\Alor\SPBFUT.SiH6_D1.txt
20.02.2026 11:18:19 - FileStorage - DEBUG - Первый бар    : 06.10.2025 00:00
20.02.2026 11:18:19 - FileStorage - DEBUG - Последний бар : 20.02.2026 00:00
20.02.2026 11:18:19 - FileStorage - DEBUG - Кол-во бар    : 96
20.02.2026 11:18:19 - Schedule.BarsStream - DEBUG - Текущая дата и время на бирже: 20.02.2026 11:18:19
20.02.2026 11:18:19 - Schedule.BarsStream - DEBUG - Нужно получить бар: 20.02.2026 00:00:00
20.02.2026 11:18:19 - Schedule.BarsStream - DEBUG - Время запроса бара: 23.02.2026 09:00:03
20.02.2026 11:18:19 - Schedule.BarsStream - DEBUG - Ожидание в секундах: 250904.0
20.02.2026 11:18:19 - FileStorage - DEBUG - Получение файла C:\Users\шадрин\PycharmProjects\CenterStrikeVolatility_API\FinLabPy\Storage\..\..\Data\Alor\SPBFUT.SiH6_D1.txt
20.02.2026 11:18:19 - FileStorage - DEBUG - Первый бар    : 06.10.2025 00:00
20.02.2026 11:18:19 - FileStorage - DEBUG - Последний бар : 20.02.2026 00:00
20.02.2026 11:18:19 - FileStorage - DEBUG - Кол-во бар    : 96
20.02.2026 11:18:19 - FileStorage - DEBUG - Фильтр с 03.10.2025 11:17
20.02.2026 11:18:19 - FileStorage - DEBUG - Первый бар    : SPBFUT.SiH6 (D1) 2025-10-06 00:00:00 Open: 87.101, High: 87.638, Low: 86.591, Close: 86.731, Volume: 10858.0
20.02.2026 11:18:19 - FileStorage - DEBUG - Последний бар : SPBFUT.SiH6 (D1) 2026-02-20 00:00:00 Open: 76.23, High: 76.5, Low: 76.123, Close: 76.366, Volume: 142468.0
20.02.2026 11:18:19 - FileStorage - DEBUG - Кол-во бар    : 96
20.02.2026 11:18:20 - AlorPy - DEBUG - Запрос : /md/v2/history?exchange=MOEX&symbol=RIH6&tf=D&from=1771545600&to=1771575499&format=Simple
20.02.2026 11:18:20 - AlorPy - DEBUG - Ответ  : {"history":[{"time":1771545600,"close":116170.00000,"open":116130.00000,"high":116400.00000,"low":115810.00000,"volume":8248}],"next":null,"prev":1771459200}
20.02.2026 11:18:20 - FileStorage - DEBUG - Получение файла C:\Users\шадрин\PycharmProjects\CenterStrikeVolatility_API\FinLabPy\Storage\..\..\Data\Alor\SPBFUT.RIH6_D1.txt
20.02.2026 11:18:20 - FileStorage - DEBUG - Первый бар    : 04.10.2025 00:00
20.02.2026 11:18:20 - FileStorage - DEBUG - Последний бар : 20.02.2026 00:00
20.02.2026 11:18:20 - FileStorage - DEBUG - Кол-во бар    : 122
20.02.2026 11:18:20 - FileStorage - DEBUG - Сохранение файла C:\Users\шадрин\PycharmProjects\CenterStrikeVolatility_API\FinLabPy\Storage\..\..\Data\Alor\SPBFUT.RIH6_D1.txt
20.02.2026 11:18:20 - AlorPy - DEBUG - Запрос : /md/v2/history?exchange=MOEX&symbol=RIM6&tf=D&from=1771545600&to=1771575499&format=Simple
20.02.2026 11:18:20 - AlorPy - DEBUG - Ответ  : {"history":[{"time":1771545600,"close":116600.00000,"open":116470.00000,"high":116770.00000,"low":116290.00000,"volume":159}],"next":null,"prev":1771459200}
20.02.2026 11:18:20 - FileStorage - DEBUG - Получение файла C:\Users\шадрин\PycharmProjects\CenterStrikeVolatility_API\FinLabPy\Storage\..\..\Data\Alor\SPBFUT.RIM6_D1.txt
20.02.2026 11:18:20 - FileStorage - DEBUG - Первый бар    : 04.10.2025 00:00
20.02.2026 11:18:20 - FileStorage - DEBUG - Последний бар : 20.02.2026 00:00
20.02.2026 11:18:20 - FileStorage - DEBUG - Кол-во бар    : 122
20.02.2026 11:18:20 - Schedule.BarsStream - DEBUG - Текущая дата и время на бирже: 20.02.2026 11:18:20
20.02.2026 11:18:20 - Schedule.BarsStream - DEBUG - Нужно получить бар: 20.02.2026 00:00:00
20.02.2026 11:18:20 - Schedule.BarsStream - DEBUG - Время запроса бара: 23.02.2026 09:00:03
20.02.2026 11:18:20 - Schedule.BarsStream - DEBUG - Ожидание в секундах: 250903.0
20.02.2026 11:18:20 - FileStorage - DEBUG - Первый бар    : 04.10.2025 00:00
20.02.2026 11:18:20 - FileStorage - DEBUG - Последний бар : 20.02.2026 00:00
20.02.2026 11:18:20 - FileStorage - DEBUG - Получение файла C:\Users\шадрин\PycharmProjects\CenterStrikeVolatility_API\FinLabPy\Storage\..\..\Data\Alor\SPBFUT.RIH6_D1.txt
20.02.2026 11:18:20 - FileStorage - DEBUG - Кол-во бар    : 107
20.02.2026 11:18:20 - FileStorage - DEBUG - Сохранение файла C:\Users\шадрин\PycharmProjects\CenterStrikeVolatility_API\FinLabPy\Storage\..\..\Data\Alor\SPBFUT.RIM6_D1.txt
20.02.2026 11:18:20 - FileStorage - DEBUG - Первый бар    : 04.10.2025 00:00
20.02.2026 11:18:20 - FileStorage - DEBUG - Последний бар : 20.02.2026 00:00
20.02.2026 11:18:20 - FileStorage - DEBUG - Первый бар    : 04.10.2025 00:00
20.02.2026 11:18:20 - FileStorage - DEBUG - Кол-во бар    : 107
20.02.2026 11:18:20 - FileStorage - DEBUG - Последний бар : 20.02.2026 00:00
20.02.2026 11:18:20 - FileStorage - DEBUG - Кол-во бар    : 122
20.02.2026 11:18:20 - Schedule.BarsStream - DEBUG - Текущая дата и время на бирже: 20.02.2026 11:18:20
20.02.2026 11:18:20 - FileStorage - DEBUG - Фильтр с 03.10.2025 11:17
20.02.2026 11:18:20 - Schedule.BarsStream - DEBUG - Нужно получить бар: 20.02.2026 00:00:00
20.02.2026 11:18:20 - FileStorage - DEBUG - Первый бар    : SPBFUT.RIH6 (D1) 2025-10-04 00:00:00 Open: 100060.0, High: 100060.0, Low: 98820.0, Close: 99270.0, Volume: 83.0
20.02.2026 11:18:20 - Schedule.BarsStream - DEBUG - Время запроса бара: 23.02.2026 09:00:03
20.02.2026 11:18:20 - FileStorage - DEBUG - Последний бар : SPBFUT.RIH6 (D1) 2026-02-20 00:00:00 Open: 116130.0, High: 116400.0, Low: 115810.0, Close: 116170.0, Volume: 8248.0
20.02.2026 11:18:20 - Schedule.BarsStream - DEBUG - Ожидание в секундах: 250903.0
20.02.2026 11:18:20 - FileStorage - DEBUG - Кол-во бар    : 122
20.02.2026 11:18:20 - FileStorage - DEBUG - Получение файла C:\Users\шадрин\PycharmProjects\CenterStrikeVolatility_API\FinLabPy\Storage\..\..\Data\Alor\SPBFUT.RIM6_D1.txt
20.02.2026 11:18:20 - FileStorage - DEBUG - Первый бар    : 04.10.2025 00:00
20.02.2026 11:18:20 - FileStorage - DEBUG - Последний бар : 20.02.2026 00:00
20.02.2026 11:18:20 - FileStorage - DEBUG - Кол-во бар    : 107
20.02.2026 11:18:20 - FileStorage - DEBUG - Фильтр с 03.10.2025 11:17
20.02.2026 11:18:20 - FileStorage - DEBUG - Первый бар    : SPBFUT.RIM6 (D1) 2025-10-04 00:00:00 Open: 101350.0, High: 101350.0, Low: 101350.0, Close: 101350.0, Volume: 1.0
20.02.2026 11:18:20 - FileStorage - DEBUG - Последний бар : SPBFUT.RIM6 (D1) 2026-02-20 00:00:00 Open: 116470.0, High: 116770.0, Low: 116290.0, Close: 116600.0, Volume: 159.0
20.02.2026 11:18:20 - FileStorage - DEBUG - Кол-во бар    : 107
20.02.2026 11:18:20 - AlorPy - DEBUG - Запрос : /md/v2/history?exchange=MOEX&symbol=SiM6&tf=D&from=1771545600&to=1771575499&format=Simple
20.02.2026 11:18:20 - AlorPy - DEBUG - Ответ  : {"history":[{"time":1771545600,"close":77921.00000,"open":77910.00000,"high":78015.00000,"low":77770.00000,"volume":21172}],"next":null,"prev":1771459200}
20.02.2026 11:18:20 - FileStorage - DEBUG - Получение файла C:\Users\шадрин\PycharmProjects\CenterStrikeVolatility_API\FinLabPy\Storage\..\..\Data\Alor\SPBFUT.SiM6_D1.txt
20.02.2026 11:18:20 - FileStorage - DEBUG - Первый бар    : 06.10.2025 00:00
20.02.2026 11:18:20 - FileStorage - DEBUG - Последний бар : 20.02.2026 00:00
20.02.2026 11:18:20 - FileStorage - DEBUG - Кол-во бар    : 96
20.02.2026 11:18:20 - FileStorage - DEBUG - Сохранение файла C:\Users\шадрин\PycharmProjects\CenterStrikeVolatility_API\FinLabPy\Storage\..\..\Data\Alor\SPBFUT.SiM6_D1.txt
20.02.2026 11:18:20 - FileStorage - DEBUG - Первый бар    : 06.10.2025 00:00
20.02.2026 11:18:20 - FileStorage - DEBUG - Последний бар : 20.02.2026 00:00
20.02.2026 11:18:20 - FileStorage - DEBUG - Кол-во бар    : 96
20.02.2026 11:18:20 - Schedule.BarsStream - DEBUG - Текущая дата и время на бирже: 20.02.2026 11:18:20
20.02.2026 11:18:20 - Schedule.BarsStream - DEBUG - Нужно получить бар: 20.02.2026 00:00:00
20.02.2026 11:18:20 - Schedule.BarsStream - DEBUG - Время запроса бара: 23.02.2026 09:00:03
20.02.2026 11:18:20 - Schedule.BarsStream - DEBUG - Ожидание в секундах: 250903.0
20.02.2026 11:18:20 - FileStorage - DEBUG - Получение файла C:\Users\шадрин\PycharmProjects\CenterStrikeVolatility_API\FinLabPy\Storage\..\..\Data\Alor\SPBFUT.SiM6_D1.txt
20.02.2026 11:18:20 - FileStorage - DEBUG - Первый бар    : 06.10.2025 00:00
20.02.2026 11:18:20 - FileStorage - DEBUG - Последний бар : 20.02.2026 00:00
20.02.2026 11:18:20 - FileStorage - DEBUG - Кол-во бар    : 96
20.02.2026 11:18:20 - FileStorage - DEBUG - Фильтр с 03.10.2025 11:17
20.02.2026 11:18:20 - FileStorage - DEBUG - Первый бар    : SPBFUT.SiM6 (D1) 2025-10-06 00:00:00 Open: 89.804, High: 90.272, Low: 89.304, Close: 89.513, Volume: 322.0
20.02.2026 11:18:20 - FileStorage - DEBUG - Последний бар : SPBFUT.SiM6 (D1) 2026-02-20 00:00:00 Open: 77.91, High: 78.015, Low: 77.77, Close: 77.921, Volume: 21172.0
20.02.2026 11:18:20 - FileStorage - DEBUG - Кол-во бар    : 96
20.02.2026 11:18:20 - AlorPy - DEBUG - Запрос : /md/v2/history?exchange=MOEX&symbol=SiH6&tf=D&from=1771545600&to=1771575499&format=Simple
20.02.2026 11:18:20 - AlorPy - DEBUG - Ответ  : {"history":[{"time":1771545600,"close":76366.00000,"open":76230.00000,"high":76500.00000,"low":76123.00000,"volume":142468}],"next":null,"prev":1771459200}
20.02.2026 11:18:20 - FileStorage - DEBUG - Получение файла C:\Users\шадрин\PycharmProjects\CenterStrikeVolatility_API\FinLabPy\Storage\..\..\Data\Alor\SPBFUT.SiH6_D1.txt
20.02.2026 11:18:20 - FileStorage - DEBUG - Первый бар    : 06.10.2025 00:00
20.02.2026 11:18:20 - FileStorage - DEBUG - Последний бар : 20.02.2026 00:00
20.02.2026 11:18:20 - FileStorage - DEBUG - Кол-во бар    : 96
20.02.2026 11:18:20 - FileStorage - DEBUG - Сохранение файла C:\Users\шадрин\PycharmProjects\CenterStrikeVolatility_API\FinLabPy\Storage\..\..\Data\Alor\SPBFUT.SiH6_D1.txt
20.02.2026 11:18:20 - FileStorage - DEBUG - Первый бар    : 06.10.2025 00:00
20.02.2026 11:18:20 - FileStorage - DEBUG - Последний бар : 20.02.2026 00:00
20.02.2026 11:18:20 - FileStorage - DEBUG - Кол-во бар    : 96
20.02.2026 11:18:20 - Schedule.BarsStream - DEBUG - Текущая дата и время на бирже: 20.02.2026 11:18:20
20.02.2026 11:18:20 - Schedule.BarsStream - DEBUG - Нужно получить бар: 20.02.2026 00:00:00
20.02.2026 11:18:20 - Schedule.BarsStream - DEBUG - Время запроса бара: 23.02.2026 09:00:03
20.02.2026 11:18:20 - Schedule.BarsStream - DEBUG - Ожидание в секундах: 250903.0
20.02.2026 11:18:20 - FileStorage - DEBUG - Получение файла C:\Users\шадрин\PycharmProjects\CenterStrikeVolatility_API\FinLabPy\Storage\..\..\Data\Alor\SPBFUT.SiH6_D1.txt
20.02.2026 11:18:20 - FileStorage - DEBUG - Первый бар    : 06.10.2025 00:00
20.02.2026 11:18:20 - FileStorage - DEBUG - Последний бар : 20.02.2026 00:00
20.02.2026 11:18:20 - FileStorage - DEBUG - Кол-во бар    : 96
20.02.2026 11:18:20 - FileStorage - DEBUG - Фильтр с 03.10.2025 11:17
20.02.2026 11:18:20 - FileStorage - DEBUG - Первый бар    : SPBFUT.SiH6 (D1) 2025-10-06 00:00:00 Open: 87.101, High: 87.638, Low: 86.591, Close: 86.731, Volume: 10858.0
20.02.2026 11:18:20 - FileStorage - DEBUG - Последний бар : SPBFUT.SiH6 (D1) 2026-02-20 00:00:00 Open: 76.23, High: 76.5, Low: 76.123, Close: 76.366, Volume: 142468.0
20.02.2026 11:18:20 - FileStorage - DEBUG - Кол-во бар    : 96
20.02.2026 11:18:20 - AlorPy - DEBUG - Запрос : /md/v2/history?exchange=MOEX&symbol=RIM6&tf=D&from=1771545600&to=1771575500&format=Simple
20.02.2026 11:18:20 - AlorPy - DEBUG - Ответ  : {"history":[{"time":1771545600,"close":116600.00000,"open":116470.00000,"high":116770.00000,"low":116290.00000,"volume":159}],"next":null,"prev":1771459200}
20.02.2026 11:18:20 - FileStorage - DEBUG - Получение файла C:\Users\шадрин\PycharmProjects\CenterStrikeVolatility_API\FinLabPy\Storage\..\..\Data\Alor\SPBFUT.RIM6_D1.txt
20.02.2026 11:18:20 - FileStorage - DEBUG - Первый бар    : 04.10.2025 00:00
20.02.2026 11:18:20 - FileStorage - DEBUG - Последний бар : 20.02.2026 00:00
20.02.2026 11:18:20 - FileStorage - DEBUG - Кол-во бар    : 107
20.02.2026 11:18:20 - FileStorage - DEBUG - Сохранение файла C:\Users\шадрин\PycharmProjects\CenterStrikeVolatility_API\FinLabPy\Storage\..\..\Data\Alor\SPBFUT.RIM6_D1.txt
20.02.2026 11:18:20 - AlorPy - DEBUG - Запрос : /md/v2/history?exchange=MOEX&symbol=RIH6&tf=D&from=1771545600&to=1771575500&format=Simple
20.02.2026 11:18:20 - AlorPy - DEBUG - Ответ  : {"history":[{"time":1771545600,"close":116170.00000,"open":116130.00000,"high":116400.00000,"low":115810.00000,"volume":8248}],"next":null,"prev":1771459200}
20.02.2026 11:18:20 - FileStorage - DEBUG - Получение файла C:\Users\шадрин\PycharmProjects\CenterStrikeVolatility_API\FinLabPy\Storage\..\..\Data\Alor\SPBFUT.RIH6_D1.txt
20.02.2026 11:18:20 - FileStorage - DEBUG - Первый бар    : 04.10.2025 00:00
20.02.2026 11:18:20 - FileStorage - DEBUG - Последний бар : 20.02.2026 00:00
20.02.2026 11:18:20 - FileStorage - DEBUG - Кол-во бар    : 107
20.02.2026 11:18:20 - Schedule.BarsStream - DEBUG - Текущая дата и время на бирже: 20.02.2026 11:18:20
20.02.2026 11:18:20 - Schedule.BarsStream - DEBUG - Нужно получить бар: 20.02.2026 00:00:00
20.02.2026 11:18:20 - Schedule.BarsStream - DEBUG - Время запроса бара: 23.02.2026 09:00:03
20.02.2026 11:18:20 - Schedule.BarsStream - DEBUG - Ожидание в секундах: 250903.0
20.02.2026 11:18:20 - FileStorage - DEBUG - Получение файла C:\Users\шадрин\PycharmProjects\CenterStrikeVolatility_API\FinLabPy\Storage\..\..\Data\Alor\SPBFUT.RIM6_D1.txt
20.02.2026 11:18:20 - FileStorage - DEBUG - Первый бар    : 04.10.2025 00:00
20.02.2026 11:18:20 - FileStorage - DEBUG - Последний бар : 20.02.2026 00:00
20.02.2026 11:18:20 - FileStorage - DEBUG - Кол-во бар    : 122
20.02.2026 11:18:20 - FileStorage - DEBUG - Сохранение файла C:\Users\шадрин\PycharmProjects\CenterStrikeVolatility_API\FinLabPy\Storage\..\..\Data\Alor\SPBFUT.RIH6_D1.txt
20.02.2026 11:18:20 - FileStorage - DEBUG - Первый бар    : 04.10.2025 00:00
20.02.2026 11:18:20 - FileStorage - DEBUG - Последний бар : 20.02.2026 00:00
20.02.2026 11:18:20 - FileStorage - DEBUG - Кол-во бар    : 107
20.02.2026 11:18:20 - FileStorage - DEBUG - Фильтр с 03.10.2025 11:17
20.02.2026 11:18:20 - FileStorage - DEBUG - Первый бар    : 04.10.2025 00:00
20.02.2026 11:18:20 - FileStorage - DEBUG - Первый бар    : SPBFUT.RIM6 (D1) 2025-10-04 00:00:00 Open: 101350.0, High: 101350.0, Low: 101350.0, Close: 101350.0, Volume: 1.0
20.02.2026 11:18:20 - FileStorage - DEBUG - Последний бар : 20.02.2026 00:00
20.02.2026 11:18:20 - FileStorage - DEBUG - Последний бар : SPBFUT.RIM6 (D1) 2026-02-20 00:00:00 Open: 116470.0, High: 116770.0, Low: 116290.0, Close: 116600.0, Volume: 159.0
20.02.2026 11:18:20 - FileStorage - DEBUG - Кол-во бар    : 122
20.02.2026 11:18:20 - FileStorage - DEBUG - Кол-во бар    : 107
20.02.2026 11:18:20 - Schedule.BarsStream - DEBUG - Текущая дата и время на бирже: 20.02.2026 11:18:20
20.02.2026 11:18:20 - Schedule.BarsStream - DEBUG - Нужно получить бар: 20.02.2026 00:00:00
20.02.2026 11:18:20 - Schedule.BarsStream - DEBUG - Время запроса бара: 23.02.2026 09:00:03
20.02.2026 11:18:20 - Schedule.BarsStream - DEBUG - Ожидание в секундах: 250903.0
20.02.2026 11:18:20 - FileStorage - DEBUG - Получение файла C:\Users\шадрин\PycharmProjects\CenterStrikeVolatility_API\FinLabPy\Storage\..\..\Data\Alor\SPBFUT.RIH6_D1.txt
20.02.2026 11:18:20 - FileStorage - DEBUG - Первый бар    : 04.10.2025 00:00
20.02.2026 11:18:20 - FileStorage - DEBUG - Последний бар : 20.02.2026 00:00
20.02.2026 11:18:20 - FileStorage - DEBUG - Кол-во бар    : 122
20.02.2026 11:18:20 - FileStorage - DEBUG - Фильтр с 03.10.2025 11:17
20.02.2026 11:18:20 - FileStorage - DEBUG - Первый бар    : SPBFUT.RIH6 (D1) 2025-10-04 00:00:00 Open: 100060.0, High: 100060.0, Low: 98820.0, Close: 99270.0, Volume: 83.0
20.02.2026 11:18:20 - FileStorage - DEBUG - Последний бар : SPBFUT.RIH6 (D1) 2026-02-20 00:00:00 Open: 116130.0, High: 116400.0, Low: 115810.0, Close: 116170.0, Volume: 8248.0
20.02.2026 11:18:20 - FileStorage - DEBUG - Кол-во бар    : 122
20.02.2026 11:18:21 - AlorPy - DEBUG - Запрос : /md/v2/history?exchange=MOEX&symbol=SiM6&tf=D&from=1771545600&to=1771575500&format=Simple
20.02.2026 11:18:21 - AlorPy - DEBUG - Ответ  : {"history":[{"time":1771545600,"close":77921.00000,"open":77910.00000,"high":78015.00000,"low":77770.00000,"volume":21174}],"next":null,"prev":1771459200}
20.02.2026 11:18:21 - FileStorage - DEBUG - Получение файла C:\Users\шадрин\PycharmProjects\CenterStrikeVolatility_API\FinLabPy\Storage\..\..\Data\Alor\SPBFUT.SiM6_D1.txt
20.02.2026 11:18:21 - FileStorage - DEBUG - Первый бар    : 06.10.2025 00:00
20.02.2026 11:18:21 - FileStorage - DEBUG - Последний бар : 20.02.2026 00:00
20.02.2026 11:18:21 - FileStorage - DEBUG - Кол-во бар    : 96
20.02.2026 11:18:21 - FileStorage - DEBUG - Сохранение файла C:\Users\шадрин\PycharmProjects\CenterStrikeVolatility_API\FinLabPy\Storage\..\..\Data\Alor\SPBFUT.SiM6_D1.txt
20.02.2026 11:18:21 - FileStorage - DEBUG - Первый бар    : 06.10.2025 00:00
20.02.2026 11:18:21 - FileStorage - DEBUG - Последний бар : 20.02.2026 00:00
20.02.2026 11:18:21 - FileStorage - DEBUG - Кол-во бар    : 96
20.02.2026 11:18:21 - Schedule.BarsStream - DEBUG - Текущая дата и время на бирже: 20.02.2026 11:18:21
20.02.2026 11:18:21 - Schedule.BarsStream - DEBUG - Нужно получить бар: 20.02.2026 00:00:00
20.02.2026 11:18:21 - Schedule.BarsStream - DEBUG - Время запроса бара: 23.02.2026 09:00:03
20.02.2026 11:18:21 - Schedule.BarsStream - DEBUG - Ожидание в секундах: 250902.0
20.02.2026 11:18:21 - FileStorage - DEBUG - Получение файла C:\Users\шадрин\PycharmProjects\CenterStrikeVolatility_API\FinLabPy\Storage\..\..\Data\Alor\SPBFUT.SiM6_D1.txt
20.02.2026 11:18:21 - FileStorage - DEBUG - Первый бар    : 06.10.2025 00:00
20.02.2026 11:18:21 - FileStorage - DEBUG - Последний бар : 20.02.2026 00:00
20.02.2026 11:18:21 - FileStorage - DEBUG - Кол-во бар    : 96
20.02.2026 11:18:21 - FileStorage - DEBUG - Фильтр с 03.10.2025 11:17
20.02.2026 11:18:21 - FileStorage - DEBUG - Первый бар    : SPBFUT.SiM6 (D1) 2025-10-06 00:00:00 Open: 89.804, High: 90.272, Low: 89.304, Close: 89.513, Volume: 322.0
20.02.2026 11:18:21 - FileStorage - DEBUG - Последний бар : SPBFUT.SiM6 (D1) 2026-02-20 00:00:00 Open: 77.91, High: 78.015, Low: 77.77, Close: 77.921, Volume: 21174.0
20.02.2026 11:18:21 - FileStorage - DEBUG - Кол-во бар    : 96
20.02.2026 11:18:21 - Schedule.BarsStream - DEBUG - Текущая дата и время на бирже: 20.02.2026 11:18:21
20.02.2026 11:18:21 - Schedule.BarsStream - DEBUG - Нужно получить бар: 20.02.2026 00:00:00
20.02.2026 11:18:21 - Schedule.BarsStream - DEBUG - Время запроса бара: 23.02.2026 09:00:03
20.02.2026 11:18:21 - Schedule.BarsStream - DEBUG - Ожидание в секундах: 250902.0
20.02.2026 11:18:21 - AlorPy - DEBUG - Запрос : /md/v2/history?exchange=MOEX&symbol=SiH6&tf=D&from=1771545600&to=1771575500&format=Simple
20.02.2026 11:18:21 - AlorPy - DEBUG - Ответ  : {"history":[{"time":1771545600,"close":76366.00000,"open":76230.00000,"high":76500.00000,"low":76123.00000,"volume":142471}],"next":null,"prev":1771459200}
20.02.2026 11:18:21 - FileStorage - DEBUG - Получение файла C:\Users\шадрин\PycharmProjects\CenterStrikeVolatility_API\FinLabPy\Storage\..\..\Data\Alor\SPBFUT.SiH6_D1.txt
20.02.2026 11:18:21 - FileStorage - DEBUG - Первый бар    : 06.10.2025 00:00
20.02.2026 11:18:21 - FileStorage - DEBUG - Последний бар : 20.02.2026 00:00
20.02.2026 11:18:21 - FileStorage - DEBUG - Кол-во бар    : 96
20.02.2026 11:18:21 - FileStorage - DEBUG - Сохранение файла C:\Users\шадрин\PycharmProjects\CenterStrikeVolatility_API\FinLabPy\Storage\..\..\Data\Alor\SPBFUT.SiH6_D1.txt
20.02.2026 11:18:21 - AlorPy - DEBUG - Запрос : /md/v2/history?exchange=MOEX&symbol=RIM6&tf=D&from=1771545600&to=1771575500&format=Simple
20.02.2026 11:18:21 - AlorPy - DEBUG - Ответ  : {"history":[{"time":1771545600,"close":116600.00000,"open":116470.00000,"high":116770.00000,"low":116290.00000,"volume":159}],"next":null,"prev":1771459200}
20.02.2026 11:18:21 - FileStorage - DEBUG - Получение файла C:\Users\шадрин\PycharmProjects\CenterStrikeVolatility_API\FinLabPy\Storage\..\..\Data\Alor\SPBFUT.RIM6_D1.txt
20.02.2026 11:18:21 - FileStorage - DEBUG - Первый бар    : 06.10.2025 00:00
20.02.2026 11:18:21 - FileStorage - DEBUG - Последний бар : 20.02.2026 00:00
20.02.2026 11:18:21 - FileStorage - DEBUG - Кол-во бар    : 96
20.02.2026 11:18:21 - Schedule.BarsStream - DEBUG - Текущая дата и время на бирже: 20.02.2026 11:18:21
20.02.2026 11:18:21 - Schedule.BarsStream - DEBUG - Нужно получить бар: 20.02.2026 00:00:00
20.02.2026 11:18:21 - FileStorage - DEBUG - Первый бар    : 04.10.2025 00:00
20.02.2026 11:18:21 - Schedule.BarsStream - DEBUG - Время запроса бара: 23.02.2026 09:00:03
20.02.2026 11:18:21 - FileStorage - DEBUG - Последний бар : 20.02.2026 00:00
20.02.2026 11:18:21 - Schedule.BarsStream - DEBUG - Ожидание в секундах: 250902.0
20.02.2026 11:18:21 - FileStorage - DEBUG - Кол-во бар    : 107
20.02.2026 11:18:21 - FileStorage - DEBUG - Сохранение файла C:\Users\шадрин\PycharmProjects\CenterStrikeVolatility_API\FinLabPy\Storage\..\..\Data\Alor\SPBFUT.RIM6_D1.txt
20.02.2026 11:18:21 - FileStorage - DEBUG - Получение файла C:\Users\шадрин\PycharmProjects\CenterStrikeVolatility_API\FinLabPy\Storage\..\..\Data\Alor\SPBFUT.SiH6_D1.txt
20.02.2026 11:18:21 - FileStorage - DEBUG - Первый бар    : 04.10.2025 00:00
20.02.2026 11:18:21 - FileStorage - DEBUG - Последний бар : 20.02.2026 00:00
20.02.2026 11:18:21 - FileStorage - DEBUG - Кол-во бар    : 107
20.02.2026 11:18:21 - Schedule.BarsStream - DEBUG - Текущая дата и время на бирже: 20.02.2026 11:18:21
20.02.2026 11:18:21 - Schedule.BarsStream - DEBUG - Нужно получить бар: 20.02.2026 00:00:00
20.02.2026 11:18:21 - Schedule.BarsStream - DEBUG - Время запроса бара: 23.02.2026 09:00:03
20.02.2026 11:18:21 - Schedule.BarsStream - DEBUG - Ожидание в секундах: 250902.0
20.02.2026 11:18:21 - FileStorage - DEBUG - Первый бар    : 06.10.2025 00:00
20.02.2026 11:18:21 - FileStorage - DEBUG - Получение файла C:\Users\шадрин\PycharmProjects\CenterStrikeVolatility_API\FinLabPy\Storage\..\..\Data\Alor\SPBFUT.RIM6_D1.txt
20.02.2026 11:18:21 - FileStorage - DEBUG - Последний бар : 20.02.2026 00:00
20.02.2026 11:18:21 - FileStorage - DEBUG - Кол-во бар    : 96
20.02.2026 11:18:21 - FileStorage - DEBUG - Фильтр с 03.10.2025 11:17
20.02.2026 11:18:21 - FileStorage - DEBUG - Первый бар    : SPBFUT.SiH6 (D1) 2025-10-06 00:00:00 Open: 87.101, High: 87.638, Low: 86.591, Close: 86.731, Volume: 10858.0
20.02.2026 11:18:21 - FileStorage - DEBUG - Последний бар : SPBFUT.SiH6 (D1) 2026-02-20 00:00:00 Open: 76.23, High: 76.5, Low: 76.123, Close: 76.366, Volume: 142471.0
20.02.2026 11:18:21 - FileStorage - DEBUG - Кол-во бар    : 96
20.02.2026 11:18:21 - FileStorage - DEBUG - Первый бар    : 04.10.2025 00:00
20.02.2026 11:18:21 - FileStorage - DEBUG - Последний бар : 20.02.2026 00:00
20.02.2026 11:18:21 - FileStorage - DEBUG - Кол-во бар    : 107
20.02.2026 11:18:21 - FileStorage - DEBUG - Фильтр с 03.10.2025 11:17
20.02.2026 11:18:21 - FileStorage - DEBUG - Первый бар    : SPBFUT.RIM6 (D1) 2025-10-04 00:00:00 Open: 101350.0, High: 101350.0, Low: 101350.0, Close: 101350.0, Volume: 1.0
20.02.2026 11:18:21 - FileStorage - DEBUG - Последний бар : SPBFUT.RIM6 (D1) 2026-02-20 00:00:00 Open: 116470.0, High: 116770.0, Low: 116290.0, Close: 116600.0, Volume: 159.0
20.02.2026 11:18:21 - FileStorage - DEBUG - Кол-во бар    : 107
20.02.2026 11:18:21 - AlorPy - DEBUG - Запрос : /md/v2/history?exchange=MOEX&symbol=RIH6&tf=D&from=1771545600&to=1771575500&format=Simple
20.02.2026 11:18:21 - AlorPy - DEBUG - Ответ  : {"history":[{"time":1771545600,"close":116170.00000,"open":116130.00000,"high":116400.00000,"low":115810.00000,"volume":8248}],"next":null,"prev":1771459200}
20.02.2026 11:18:21 - FileStorage - DEBUG - Получение файла C:\Users\шадрин\PycharmProjects\CenterStrikeVolatility_API\FinLabPy\Storage\..\..\Data\Alor\SPBFUT.RIH6_D1.txt
20.02.2026 11:18:21 - FileStorage - DEBUG - Первый бар    : 04.10.2025 00:00
20.02.2026 11:18:21 - FileStorage - DEBUG - Последний бар : 20.02.2026 00:00
20.02.2026 11:18:21 - FileStorage - DEBUG - Кол-во бар    : 122
20.02.2026 11:18:21 - FileStorage - DEBUG - Сохранение файла C:\Users\шадрин\PycharmProjects\CenterStrikeVolatility_API\FinLabPy\Storage\..\..\Data\Alor\SPBFUT.RIH6_D1.txt
20.02.2026 11:18:21 - FileStorage - DEBUG - Первый бар    : 04.10.2025 00:00
20.02.2026 11:18:21 - FileStorage - DEBUG - Последний бар : 20.02.2026 00:00
20.02.2026 11:18:21 - FileStorage - DEBUG - Кол-во бар    : 122
20.02.2026 11:18:21 - Schedule.BarsStream - DEBUG - Текущая дата и время на бирже: 20.02.2026 11:18:21
20.02.2026 11:18:21 - Schedule.BarsStream - DEBUG - Нужно получить бар: 20.02.2026 00:00:00
20.02.2026 11:18:21 - Schedule.BarsStream - DEBUG - Время запроса бара: 23.02.2026 09:00:03
20.02.2026 11:18:21 - Schedule.BarsStream - DEBUG - Ожидание в секундах: 250902.0
20.02.2026 11:18:21 - FileStorage - DEBUG - Получение файла C:\Users\шадрин\PycharmProjects\CenterStrikeVolatility_API\FinLabPy\Storage\..\..\Data\Alor\SPBFUT.RIH6_D1.txt
20.02.2026 11:18:21 - FileStorage - DEBUG - Первый бар    : 04.10.2025 00:00
20.02.2026 11:18:21 - FileStorage - DEBUG - Последний бар : 20.02.2026 00:00
20.02.2026 11:18:21 - FileStorage - DEBUG - Кол-во бар    : 122
20.02.2026 11:18:21 - FileStorage - DEBUG - Фильтр с 03.10.2025 11:17
20.02.2026 11:18:21 - FileStorage - DEBUG - Первый бар    : SPBFUT.RIH6 (D1) 2025-10-04 00:00:00 Open: 100060.0, High: 100060.0, Low: 98820.0, Close: 99270.0, Volume: 83.0
20.02.2026 11:18:21 - FileStorage - DEBUG - Последний бар : SPBFUT.RIH6 (D1) 2026-02-20 00:00:00 Open: 116130.0, High: 116400.0, Low: 115810.0, Close: 116170.0, Volume: 8248.0
20.02.2026 11:18:21 - FileStorage - DEBUG - Кол-во бар    : 122
20.02.2026 11:18:22 - AlorPy - DEBUG - Запрос : /md/v2/Securities/MOEX/SRH6?format=Simple
20.02.2026 11:18:22 - AlorPy - DEBUG - Ответ  : {"symbol":"SBRF-3.26","shortname":"SRH6","description":"SRH6","exchange":"MOEX","market":"FORTS","type":"Фьючерсный контракт SBRF-3.26","lotsize":1,"facevalue":100,"cfiCode":"FFXPSX","cancellation":"2026-03-20T00:00:00.0000000","minstep":1,"rating":155335,"marginbuy":5522.45,"marginsell":5605.95,"marginrate":0,"priceMax":34508,"priceMin":28944,"theorPrice":0,"theorPriceLimit":0,"volatility":0,"currency":"RUB","ISIN":null,"yield":null,"board":"RFUD","primary_board":"RFUD","tradingStatus":17,"tradingStatusInfo":"нормальный период торгов","complexProductCategory":"2","priceMultiplier":1,"priceShownUnits":1,"pricestep":1}
20.02.2026 11:18:22 - FileStorage - DEBUG - Получение файла C:\Users\шадрин\PycharmProjects\CenterStrikeVolatility_API\FinLabPy\Storage\..\..\Data\Alor\SPBFUT.SRH6_D1.txt
20.02.2026 11:18:22 - FileStorage - DEBUG - Первый бар    : 04.10.2025 00:00
20.02.2026 11:18:22 - FileStorage - DEBUG - Последний бар : 20.02.2026 00:00
20.02.2026 11:18:22 - FileStorage - DEBUG - Кол-во бар    : 122
20.02.2026 11:18:22 - FileStorage - DEBUG - Фильтр с 03.10.2025 11:17
20.02.2026 11:18:22 - FileStorage - DEBUG - Первый бар    : SPBFUT.SRH6 (D1) 2025-10-04 00:00:00 Open: 305.03, High: 305.03, Low: 302.3, Close: 302.79, Volume: 102.0
20.02.2026 11:18:22 - AlorPy - DEBUG - Запрос : /md/v2/history?exchange=MOEX&symbol=SiM6&tf=D&from=1771545600&to=1771575501&format=Simple
20.02.2026 11:18:22 - FileStorage - DEBUG - Последний бар : SPBFUT.SRH6 (D1) 2026-02-20 00:00:00 Open: 317.03, High: 317.76, Low: 316.93, Close: 317.56, Volume: 9436.0
20.02.2026 11:18:22 - AlorPy - DEBUG - Ответ  : {"history":[{"time":1771545600,"close":77921.00000,"open":77910.00000,"high":78015.00000,"low":77770.00000,"volume":21176}],"next":null,"prev":1771459200}
20.02.2026 11:18:22 - FileStorage - DEBUG - Кол-во бар    : 122
20.02.2026 11:18:22 - FileStorage - DEBUG - Получение файла C:\Users\шадрин\PycharmProjects\CenterStrikeVolatility_API\FinLabPy\Storage\..\..\Data\Alor\SPBFUT.SiM6_D1.txt
20.02.2026 11:18:22 - FileStorage - DEBUG - Первый бар    : 06.10.2025 00:00
20.02.2026 11:18:22 - FileStorage - DEBUG - Последний бар : 20.02.2026 00:00
20.02.2026 11:18:22 - FileStorage - DEBUG - Кол-во бар    : 96
20.02.2026 11:18:22 - FileStorage - DEBUG - Сохранение файла C:\Users\шадрин\PycharmProjects\CenterStrikeVolatility_API\FinLabPy\Storage\..\..\Data\Alor\SPBFUT.SiM6_D1.txt
20.02.2026 11:18:22 - FileStorage - DEBUG - Первый бар    : 06.10.2025 00:00
20.02.2026 11:18:22 - FileStorage - DEBUG - Последний бар : 20.02.2026 00:00
20.02.2026 11:18:22 - FileStorage - DEBUG - Кол-во бар    : 96
20.02.2026 11:18:22 - Schedule.BarsStream - DEBUG - Текущая дата и время на бирже: 20.02.2026 11:18:22
20.02.2026 11:18:22 - Schedule.BarsStream - DEBUG - Нужно получить бар: 20.02.2026 00:00:00
20.02.2026 11:18:22 - Schedule.BarsStream - DEBUG - Время запроса бара: 23.02.2026 09:00:03
20.02.2026 11:18:22 - Schedule.BarsStream - DEBUG - Ожидание в секундах: 250901.0
20.02.2026 11:18:22 - FileStorage - DEBUG - Получение файла C:\Users\шадрин\PycharmProjects\CenterStrikeVolatility_API\FinLabPy\Storage\..\..\Data\Alor\SPBFUT.SiM6_D1.txt
20.02.2026 11:18:22 - FileStorage - DEBUG - Первый бар    : 06.10.2025 00:00
20.02.2026 11:18:22 - FileStorage - DEBUG - Последний бар : 20.02.2026 00:00
20.02.2026 11:18:22 - FileStorage - DEBUG - Кол-во бар    : 96
20.02.2026 11:18:22 - FileStorage - DEBUG - Фильтр с 03.10.2025 11:17
20.02.2026 11:18:22 - FileStorage - DEBUG - Первый бар    : SPBFUT.SiM6 (D1) 2025-10-06 00:00:00 Open: 89.804, High: 90.272, Low: 89.304, Close: 89.513, Volume: 322.0
20.02.2026 11:18:22 - FileStorage - DEBUG - Последний бар : SPBFUT.SiM6 (D1) 2026-02-20 00:00:00 Open: 77.91, High: 78.015, Low: 77.77, Close: 77.921, Volume: 21176.0
20.02.2026 11:18:22 - FileStorage - DEBUG - Кол-во бар    : 96
20.02.2026 11:18:22 - AlorPy - DEBUG - Запрос : /md/v2/history?exchange=MOEX&symbol=RIM6&tf=D&from=1771545600&to=1771575501&format=Simple
20.02.2026 11:18:22 - AlorPy - DEBUG - Ответ  : {"history":[{"time":1771545600,"close":116600.00000,"open":116470.00000,"high":116770.00000,"low":116290.00000,"volume":159}],"next":null,"prev":1771459200}
20.02.2026 11:18:22 - FileStorage - DEBUG - Получение файла C:\Users\шадрин\PycharmProjects\CenterStrikeVolatility_API\FinLabPy\Storage\..\..\Data\Alor\SPBFUT.RIM6_D1.txt
20.02.2026 11:18:22 - FileStorage - DEBUG - Первый бар    : 04.10.2025 00:00
20.02.2026 11:18:22 - FileStorage - DEBUG - Последний бар : 20.02.2026 00:00
20.02.2026 11:18:22 - FileStorage - DEBUG - Кол-во бар    : 107
20.02.2026 11:18:22 - FileStorage - DEBUG - Сохранение файла C:\Users\шадрин\PycharmProjects\CenterStrikeVolatility_API\FinLabPy\Storage\..\..\Data\Alor\SPBFUT.RIM6_D1.txt
20.02.2026 11:18:22 - FileStorage - DEBUG - Первый бар    : 04.10.2025 00:00
20.02.2026 11:18:22 - FileStorage - DEBUG - Последний бар : 20.02.2026 00:00
20.02.2026 11:18:22 - FileStorage - DEBUG - Кол-во бар    : 107
20.02.2026 11:18:22 - Schedule.BarsStream - DEBUG - Текущая дата и время на бирже: 20.02.2026 11:18:22
20.02.2026 11:18:22 - Schedule.BarsStream - DEBUG - Нужно получить бар: 20.02.2026 00:00:00
20.02.2026 11:18:22 - Schedule.BarsStream - DEBUG - Время запроса бара: 23.02.2026 09:00:03
20.02.2026 11:18:22 - Schedule.BarsStream - DEBUG - Ожидание в секундах: 250901.0
20.02.2026 11:18:22 - FileStorage - DEBUG - Получение файла C:\Users\шадрин\PycharmProjects\CenterStrikeVolatility_API\FinLabPy\Storage\..\..\Data\Alor\SPBFUT.RIM6_D1.txt
20.02.2026 11:18:22 - FileStorage - DEBUG - Первый бар    : 04.10.2025 00:00
20.02.2026 11:18:22 - FileStorage - DEBUG - Последний бар : 20.02.2026 00:00
20.02.2026 11:18:22 - FileStorage - DEBUG - Кол-во бар    : 107
20.02.2026 11:18:22 - FileStorage - DEBUG - Фильтр с 03.10.2025 11:17
20.02.2026 11:18:22 - FileStorage - DEBUG - Первый бар    : SPBFUT.RIM6 (D1) 2025-10-04 00:00:00 Open: 101350.0, High: 101350.0, Low: 101350.0, Close: 101350.0, Volume: 1.0
20.02.2026 11:18:22 - AlorPy - DEBUG - Запрос : /md/v2/history?exchange=MOEX&symbol=SiH6&tf=D&from=1771545600&to=1771575501&format=Simple
20.02.2026 11:18:22 - FileStorage - DEBUG - Последний бар : SPBFUT.RIM6 (D1) 2026-02-20 00:00:00 Open: 116470.0, High: 116770.0, Low: 116290.0, Close: 116600.0, Volume: 159.0
20.02.2026 11:18:22 - AlorPy - DEBUG - Ответ  : {"history":[{"time":1771545600,"close":76367.00000,"open":76230.00000,"high":76500.00000,"low":76123.00000,"volume":142473}],"next":null,"prev":1771459200}
20.02.2026 11:18:22 - FileStorage - DEBUG - Кол-во бар    : 107
20.02.2026 11:18:22 - FileStorage - DEBUG - Получение файла C:\Users\шадрин\PycharmProjects\CenterStrikeVolatility_API\FinLabPy\Storage\..\..\Data\Alor\SPBFUT.SiH6_D1.txt
20.02.2026 11:18:22 - FileStorage - DEBUG - Первый бар    : 06.10.2025 00:00
20.02.2026 11:18:22 - FileStorage - DEBUG - Последний бар : 20.02.2026 00:00
20.02.2026 11:18:22 - FileStorage - DEBUG - Кол-во бар    : 96
20.02.2026 11:18:22 - FileStorage - DEBUG - Сохранение файла C:\Users\шадрин\PycharmProjects\CenterStrikeVolatility_API\FinLabPy\Storage\..\..\Data\Alor\SPBFUT.SiH6_D1.txt
20.02.2026 11:18:22 - FileStorage - DEBUG - Первый бар    : 06.10.2025 00:00
20.02.2026 11:18:22 - FileStorage - DEBUG - Последний бар : 20.02.2026 00:00
20.02.2026 11:18:22 - FileStorage - DEBUG - Кол-во бар    : 96
20.02.2026 11:18:22 - Schedule.BarsStream - DEBUG - Текущая дата и время на бирже: 20.02.2026 11:18:22
20.02.2026 11:18:22 - Schedule.BarsStream - DEBUG - Нужно получить бар: 20.02.2026 00:00:00
20.02.2026 11:18:22 - Schedule.BarsStream - DEBUG - Время запроса бара: 23.02.2026 09:00:03
20.02.2026 11:18:22 - Schedule.BarsStream - DEBUG - Ожидание в секундах: 250901.0
20.02.2026 11:18:22 - FileStorage - DEBUG - Получение файла C:\Users\шадрин\PycharmProjects\CenterStrikeVolatility_API\FinLabPy\Storage\..\..\Data\Alor\SPBFUT.SiH6_D1.txt
20.02.2026 11:18:22 - FileStorage - DEBUG - Первый бар    : 06.10.2025 00:00
20.02.2026 11:18:22 - FileStorage - DEBUG - Последний бар : 20.02.2026 00:00
20.02.2026 11:18:22 - FileStorage - DEBUG - Кол-во бар    : 96
20.02.2026 11:18:22 - FileStorage - DEBUG - Фильтр с 03.10.2025 11:17
20.02.2026 11:18:22 - FileStorage - DEBUG - Первый бар    : SPBFUT.SiH6 (D1) 2025-10-06 00:00:00 Open: 87.101, High: 87.638, Low: 86.591, Close: 86.731, Volume: 10858.0
20.02.2026 11:18:22 - FileStorage - DEBUG - Последний бар : SPBFUT.SiH6 (D1) 2026-02-20 00:00:00 Open: 76.23, High: 76.5, Low: 76.123, Close: 76.367, Volume: 142473.0
20.02.2026 11:18:22 - FileStorage - DEBUG - Кол-во бар    : 96
20.02.2026 11:18:22 - AlorPy - DEBUG - Запрос : /md/v2/history?exchange=MOEX&symbol=RIH6&tf=D&from=1771545600&to=1771575501&format=Simple
20.02.2026 11:18:22 - AlorPy - DEBUG - Ответ  : {"history":[{"time":1771545600,"close":116170.00000,"open":116130.00000,"high":116400.00000,"low":115810.00000,"volume":8248}],"next":null,"prev":1771459200}
20.02.2026 11:18:22 - FileStorage - DEBUG - Получение файла C:\Users\шадрин\PycharmProjects\CenterStrikeVolatility_API\FinLabPy\Storage\..\..\Data\Alor\SPBFUT.RIH6_D1.txt
20.02.2026 11:18:22 - FileStorage - DEBUG - Первый бар    : 04.10.2025 00:00
20.02.2026 11:18:22 - FileStorage - DEBUG - Последний бар : 20.02.2026 00:00
20.02.2026 11:18:22 - FileStorage - DEBUG - Кол-во бар    : 122
20.02.2026 11:18:22 - FileStorage - DEBUG - Сохранение файла C:\Users\шадрин\PycharmProjects\CenterStrikeVolatility_API\FinLabPy\Storage\..\..\Data\Alor\SPBFUT.RIH6_D1.txt
20.02.2026 11:18:22 - FileStorage - DEBUG - Первый бар    : 04.10.2025 00:00
20.02.2026 11:18:22 - FileStorage - DEBUG - Последний бар : 20.02.2026 00:00
20.02.2026 11:18:22 - FileStorage - DEBUG - Кол-во бар    : 122
20.02.2026 11:18:22 - Schedule.BarsStream - DEBUG - Текущая дата и время на бирже: 20.02.2026 11:18:22
20.02.2026 11:18:22 - Schedule.BarsStream - DEBUG - Нужно получить бар: 20.02.2026 00:00:00
20.02.2026 11:18:22 - Schedule.BarsStream - DEBUG - Время запроса бара: 23.02.2026 09:00:03
20.02.2026 11:18:22 - Schedule.BarsStream - DEBUG - Ожидание в секундах: 250901.0
20.02.2026 11:18:22 - FileStorage - DEBUG - Получение файла C:\Users\шадрин\PycharmProjects\CenterStrikeVolatility_API\FinLabPy\Storage\..\..\Data\Alor\SPBFUT.RIH6_D1.txt
20.02.2026 11:18:22 - FileStorage - DEBUG - Первый бар    : 04.10.2025 00:00
20.02.2026 11:18:22 - FileStorage - DEBUG - Последний бар : 20.02.2026 00:00
20.02.2026 11:18:22 - FileStorage - DEBUG - Кол-во бар    : 122
20.02.2026 11:18:22 - FileStorage - DEBUG - Фильтр с 03.10.2025 11:17
20.02.2026 11:18:22 - FileStorage - DEBUG - Первый бар    : SPBFUT.RIH6 (D1) 2025-10-04 00:00:00 Open: 100060.0, High: 100060.0, Low: 98820.0, Close: 99270.0, Volume: 83.0
20.02.2026 11:18:22 - FileStorage - DEBUG - Последний бар : SPBFUT.RIH6 (D1) 2026-02-20 00:00:00 Open: 116130.0, High: 116400.0, Low: 115810.0, Close: 116170.0, Volume: 8248.0
20.02.2026 11:18:22 - FileStorage - DEBUG - Кол-во бар    : 122
20.02.2026 11:18:23 - AlorPy - DEBUG - Запрос : /md/v2/history?exchange=MOEX&symbol=SRH6&tf=D&from=1771545600&to=1771575502&format=Simple
20.02.2026 11:18:23 - AlorPy - DEBUG - Ответ  : {"history":[{"time":1771545600,"close":31746.00000,"open":31703.00000,"high":31776.00000,"low":31693.00000,"volume":10974}],"next":null,"prev":1771459200}
20.02.2026 11:18:23 - FileStorage - DEBUG - Получение файла C:\Users\шадрин\PycharmProjects\CenterStrikeVolatility_API\FinLabPy\Storage\..\..\Data\Alor\SPBFUT.SRH6_D1.txt
20.02.2026 11:18:23 - FileStorage - DEBUG - Первый бар    : 04.10.2025 00:00
20.02.2026 11:18:23 - FileStorage - DEBUG - Последний бар : 20.02.2026 00:00
20.02.2026 11:18:23 - FileStorage - DEBUG - Кол-во бар    : 122
20.02.2026 11:18:23 - FileStorage - DEBUG - Сохранение файла C:\Users\шадрин\PycharmProjects\CenterStrikeVolatility_API\FinLabPy\Storage\..\..\Data\Alor\SPBFUT.SRH6_D1.txt
20.02.2026 11:18:23 - FileStorage - DEBUG - Первый бар    : 04.10.2025 00:00
20.02.2026 11:18:23 - FileStorage - DEBUG - Последний бар : 20.02.2026 00:00
20.02.2026 11:18:23 - FileStorage - DEBUG - Кол-во бар    : 122
20.02.2026 11:18:23 - Schedule.BarsStream - DEBUG - Текущая дата и время на бирже: 20.02.2026 11:18:23
20.02.2026 11:18:23 - Schedule.BarsStream - DEBUG - Нужно получить бар: 20.02.2026 00:00:00
20.02.2026 11:18:23 - Schedule.BarsStream - DEBUG - Время запроса бара: 23.02.2026 09:00:03
20.02.2026 11:18:23 - Schedule.BarsStream - DEBUG - Ожидание в секундах: 250900.0
20.02.2026 11:18:23 - FileStorage - DEBUG - Получение файла C:\Users\шадрин\PycharmProjects\CenterStrikeVolatility_API\FinLabPy\Storage\..\..\Data\Alor\SPBFUT.SRH6_D1.txt
20.02.2026 11:18:23 - AlorPy - DEBUG - Запрос : /md/v2/history?exchange=MOEX&symbol=SiM6&tf=D&from=1771545600&to=1771575502&format=Simple
20.02.2026 11:18:23 - AlorPy - DEBUG - Ответ  : {"history":[{"time":1771545600,"close":77921.00000,"open":77910.00000,"high":78015.00000,"low":77770.00000,"volume":21178}],"next":null,"prev":1771459200}
20.02.2026 11:18:23 - FileStorage - DEBUG - Первый бар    : 04.10.2025 00:00
20.02.2026 11:18:23 - FileStorage - DEBUG - Последний бар : 20.02.2026 00:00
20.02.2026 11:18:23 - FileStorage - DEBUG - Получение файла C:\Users\шадрин\PycharmProjects\CenterStrikeVolatility_API\FinLabPy\Storage\..\..\Data\Alor\SPBFUT.SiM6_D1.txt
20.02.2026 11:18:23 - FileStorage - DEBUG - Кол-во бар    : 122
20.02.2026 11:18:23 - FileStorage - DEBUG - Фильтр с 03.10.2025 11:17
20.02.2026 11:18:23 - FileStorage - DEBUG - Первый бар    : SPBFUT.SRH6 (D1) 2025-10-04 00:00:00 Open: 305.03, High: 305.03, Low: 302.3, Close: 302.79, Volume: 102.0
20.02.2026 11:18:23 - FileStorage - DEBUG - Последний бар : SPBFUT.SRH6 (D1) 2026-02-20 00:00:00 Open: 317.03, High: 317.76, Low: 316.93, Close: 317.46, Volume: 10974.0
20.02.2026 11:18:23 - FileStorage - DEBUG - Кол-во бар    : 122
20.02.2026 11:18:23 - FileStorage - DEBUG - Первый бар    : 06.10.2025 00:00
20.02.2026 11:18:23 - FileStorage - DEBUG - Последний бар : 20.02.2026 00:00
20.02.2026 11:18:23 - FileStorage - DEBUG - Кол-во бар    : 96
20.02.2026 11:18:23 - FileStorage - DEBUG - Сохранение файла C:\Users\шадрин\PycharmProjects\CenterStrikeVolatility_API\FinLabPy\Storage\..\..\Data\Alor\SPBFUT.SiM6_D1.txt
20.02.2026 11:18:23 - FileStorage - DEBUG - Первый бар    : 06.10.2025 00:00
20.02.2026 11:18:23 - FileStorage - DEBUG - Последний бар : 20.02.2026 00:00
20.02.2026 11:18:23 - FileStorage - DEBUG - Кол-во бар    : 96
20.02.2026 11:18:23 - Schedule.BarsStream - DEBUG - Текущая дата и время на бирже: 20.02.2026 11:18:23
20.02.2026 11:18:23 - Schedule.BarsStream - DEBUG - Нужно получить бар: 20.02.2026 00:00:00
20.02.2026 11:18:23 - Schedule.BarsStream - DEBUG - Время запроса бара: 23.02.2026 09:00:03
20.02.2026 11:18:23 - Schedule.BarsStream - DEBUG - Ожидание в секундах: 250900.0
20.02.2026 11:18:23 - FileStorage - DEBUG - Получение файла C:\Users\шадрин\PycharmProjects\CenterStrikeVolatility_API\FinLabPy\Storage\..\..\Data\Alor\SPBFUT.SiM6_D1.txt
20.02.2026 11:18:23 - FileStorage - DEBUG - Первый бар    : 06.10.2025 00:00
20.02.2026 11:18:23 - FileStorage - DEBUG - Последний бар : 20.02.2026 00:00
20.02.2026 11:18:23 - FileStorage - DEBUG - Кол-во бар    : 96
20.02.2026 11:18:23 - FileStorage - DEBUG - Фильтр с 03.10.2025 11:17
20.02.2026 11:18:23 - FileStorage - DEBUG - Первый бар    : SPBFUT.SiM6 (D1) 2025-10-06 00:00:00 Open: 89.804, High: 90.272, Low: 89.304, Close: 89.513, Volume: 322.0
20.02.2026 11:18:23 - FileStorage - DEBUG - Последний бар : SPBFUT.SiM6 (D1) 2026-02-20 00:00:00 Open: 77.91, High: 78.015, Low: 77.77, Close: 77.921, Volume: 21178.0
20.02.2026 11:18:23 - FileStorage - DEBUG - Кол-во бар    : 96
20.02.2026 11:18:23 - AlorPy - DEBUG - Запрос : /md/v2/history?exchange=MOEX&symbol=RIM6&tf=D&from=1771545600&to=1771575502&format=Simple
20.02.2026 11:18:23 - AlorPy - DEBUG - Ответ  : {"history":[{"time":1771545600,"close":116600.00000,"open":116470.00000,"high":116770.00000,"low":116290.00000,"volume":159}],"next":null,"prev":1771459200}
20.02.2026 11:18:23 - FileStorage - DEBUG - Получение файла C:\Users\шадрин\PycharmProjects\CenterStrikeVolatility_API\FinLabPy\Storage\..\..\Data\Alor\SPBFUT.RIM6_D1.txt
20.02.2026 11:18:23 - FileStorage - DEBUG - Первый бар    : 04.10.2025 00:00
20.02.2026 11:18:23 - FileStorage - DEBUG - Последний бар : 20.02.2026 00:00
20.02.2026 11:18:23 - FileStorage - DEBUG - Кол-во бар    : 107
20.02.2026 11:18:23 - FileStorage - DEBUG - Сохранение файла C:\Users\шадрин\PycharmProjects\CenterStrikeVolatility_API\FinLabPy\Storage\..\..\Data\Alor\SPBFUT.RIM6_D1.txt
20.02.2026 11:18:23 - FileStorage - DEBUG - Первый бар    : 04.10.2025 00:00
20.02.2026 11:18:23 - FileStorage - DEBUG - Последний бар : 20.02.2026 00:00
20.02.2026 11:18:23 - FileStorage - DEBUG - Кол-во бар    : 107
20.02.2026 11:18:23 - Schedule.BarsStream - DEBUG - Текущая дата и время на бирже: 20.02.2026 11:18:23
20.02.2026 11:18:23 - Schedule.BarsStream - DEBUG - Нужно получить бар: 20.02.2026 00:00:00
20.02.2026 11:18:23 - Schedule.BarsStream - DEBUG - Время запроса бара: 23.02.2026 09:00:03
20.02.2026 11:18:23 - Schedule.BarsStream - DEBUG - Ожидание в секундах: 250900.0
20.02.2026 11:18:23 - FileStorage - DEBUG - Получение файла C:\Users\шадрин\PycharmProjects\CenterStrikeVolatility_API\FinLabPy\Storage\..\..\Data\Alor\SPBFUT.RIM6_D1.txt
20.02.2026 11:18:23 - FileStorage - DEBUG - Первый бар    : 04.10.2025 00:00
20.02.2026 11:18:23 - FileStorage - DEBUG - Последний бар : 20.02.2026 00:00
20.02.2026 11:18:23 - FileStorage - DEBUG - Кол-во бар    : 107
20.02.2026 11:18:23 - FileStorage - DEBUG - Фильтр с 03.10.2025 11:17
20.02.2026 11:18:23 - FileStorage - DEBUG - Первый бар    : SPBFUT.RIM6 (D1) 2025-10-04 00:00:00 Open: 101350.0, High: 101350.0, Low: 101350.0, Close: 101350.0, Volume: 1.0
20.02.2026 11:18:23 - FileStorage - DEBUG - Последний бар : SPBFUT.RIM6 (D1) 2026-02-20 00:00:00 Open: 116470.0, High: 116770.0, Low: 116290.0, Close: 116600.0, Volume: 159.0
20.02.2026 11:18:23 - FileStorage - DEBUG - Кол-во бар    : 107
20.02.2026 11:18:23 - AlorPy - DEBUG - Запрос : /md/v2/history?exchange=MOEX&symbol=SiH6&tf=D&from=1771545600&to=1771575502&format=Simple
20.02.2026 11:18:23 - AlorPy - DEBUG - Ответ  : {"history":[{"time":1771545600,"close":76367.00000,"open":76230.00000,"high":76500.00000,"low":76123.00000,"volume":142475}],"next":null,"prev":1771459200}
20.02.2026 11:18:23 - FileStorage - DEBUG - Получение файла C:\Users\шадрин\PycharmProjects\CenterStrikeVolatility_API\FinLabPy\Storage\..\..\Data\Alor\SPBFUT.SiH6_D1.txt
20.02.2026 11:18:23 - FileStorage - DEBUG - Первый бар    : 06.10.2025 00:00
20.02.2026 11:18:23 - FileStorage - DEBUG - Последний бар : 20.02.2026 00:00
20.02.2026 11:18:23 - FileStorage - DEBUG - Кол-во бар    : 96
20.02.2026 11:18:23 - FileStorage - DEBUG - Сохранение файла C:\Users\шадрин\PycharmProjects\CenterStrikeVolatility_API\FinLabPy\Storage\..\..\Data\Alor\SPBFUT.SiH6_D1.txt
20.02.2026 11:18:23 - FileStorage - DEBUG - Первый бар    : 06.10.2025 00:00
20.02.2026 11:18:23 - FileStorage - DEBUG - Последний бар : 20.02.2026 00:00
20.02.2026 11:18:23 - FileStorage - DEBUG - Кол-во бар    : 96
20.02.2026 11:18:23 - Schedule.BarsStream - DEBUG - Текущая дата и время на бирже: 20.02.2026 11:18:23
20.02.2026 11:18:23 - Schedule.BarsStream - DEBUG - Нужно получить бар: 20.02.2026 00:00:00
20.02.2026 11:18:23 - Schedule.BarsStream - DEBUG - Время запроса бара: 23.02.2026 09:00:03
20.02.2026 11:18:23 - Schedule.BarsStream - DEBUG - Ожидание в секундах: 250900.0
20.02.2026 11:18:23 - FileStorage - DEBUG - Получение файла C:\Users\шадрин\PycharmProjects\CenterStrikeVolatility_API\FinLabPy\Storage\..\..\Data\Alor\SPBFUT.SiH6_D1.txt
20.02.2026 11:18:23 - FileStorage - DEBUG - Первый бар    : 06.10.2025 00:00
20.02.2026 11:18:23 - FileStorage - DEBUG - Последний бар : 20.02.2026 00:00
20.02.2026 11:18:23 - FileStorage - DEBUG - Кол-во бар    : 96
20.02.2026 11:18:23 - AlorPy - DEBUG - Запрос : /md/v2/history?exchange=MOEX&symbol=RIH6&tf=D&from=1771545600&to=1771575502&format=Simple
20.02.2026 11:18:23 - FileStorage - DEBUG - Фильтр с 03.10.2025 11:17
20.02.2026 11:18:23 - AlorPy - DEBUG - Ответ  : {"history":[{"time":1771545600,"close":116170.00000,"open":116130.00000,"high":116400.00000,"low":115810.00000,"volume":8248}],"next":null,"prev":1771459200}
20.02.2026 11:18:23 - FileStorage - DEBUG - Первый бар    : SPBFUT.SiH6 (D1) 2025-10-06 00:00:00 Open: 87.101, High: 87.638, Low: 86.591, Close: 86.731, Volume: 10858.0
20.02.2026 11:18:23 - FileStorage - DEBUG - Последний бар : SPBFUT.SiH6 (D1) 2026-02-20 00:00:00 Open: 76.23, High: 76.5, Low: 76.123, Close: 76.367, Volume: 142475.0
20.02.2026 11:18:23 - FileStorage - DEBUG - Кол-во бар    : 96
20.02.2026 11:18:23 - FileStorage - DEBUG - Получение файла C:\Users\шадрин\PycharmProjects\CenterStrikeVolatility_API\FinLabPy\Storage\..\..\Data\Alor\SPBFUT.RIH6_D1.txt
20.02.2026 11:18:23 - FileStorage - DEBUG - Первый бар    : 04.10.2025 00:00
20.02.2026 11:18:23 - FileStorage - DEBUG - Последний бар : 20.02.2026 00:00
20.02.2026 11:18:23 - FileStorage - DEBUG - Кол-во бар    : 122
20.02.2026 11:18:23 - FileStorage - DEBUG - Сохранение файла C:\Users\шадрин\PycharmProjects\CenterStrikeVolatility_API\FinLabPy\Storage\..\..\Data\Alor\SPBFUT.RIH6_D1.txt
20.02.2026 11:18:23 - FileStorage - DEBUG - Первый бар    : 04.10.2025 00:00
20.02.2026 11:18:23 - FileStorage - DEBUG - Последний бар : 20.02.2026 00:00
20.02.2026 11:18:23 - FileStorage - DEBUG - Кол-во бар    : 122
20.02.2026 11:18:23 - Schedule.BarsStream - DEBUG - Текущая дата и время на бирже: 20.02.2026 11:18:23
20.02.2026 11:18:23 - Schedule.BarsStream - DEBUG - Нужно получить бар: 20.02.2026 00:00:00
20.02.2026 11:18:23 - Schedule.BarsStream - DEBUG - Время запроса бара: 23.02.2026 09:00:03
20.02.2026 11:18:23 - Schedule.BarsStream - DEBUG - Ожидание в секундах: 250900.0
20.02.2026 11:18:23 - FileStorage - DEBUG - Получение файла C:\Users\шадрин\PycharmProjects\CenterStrikeVolatility_API\FinLabPy\Storage\..\..\Data\Alor\SPBFUT.RIH6_D1.txt
20.02.2026 11:18:23 - FileStorage - DEBUG - Первый бар    : 04.10.2025 00:00
20.02.2026 11:18:23 - FileStorage - DEBUG - Последний бар : 20.02.2026 00:00
20.02.2026 11:18:23 - FileStorage - DEBUG - Кол-во бар    : 122
20.02.2026 11:18:23 - FileStorage - DEBUG - Фильтр с 03.10.2025 11:17
20.02.2026 11:18:23 - FileStorage - DEBUG - Первый бар    : SPBFUT.RIH6 (D1) 2025-10-04 00:00:00 Open: 100060.0, High: 100060.0, Low: 98820.0, Close: 99270.0, Volume: 83.0
20.02.2026 11:18:23 - FileStorage - DEBUG - Последний бар : SPBFUT.RIH6 (D1) 2026-02-20 00:00:00 Open: 116130.0, High: 116400.0, Low: 115810.0, Close: 116170.0, Volume: 8248.0
20.02.2026 11:18:23 - FileStorage - DEBUG - Кол-во бар    : 122
20.02.2026 11:18:24 - AlorPy - DEBUG - Запрос : /md/v2/history?exchange=MOEX&symbol=SRH6&tf=D&from=1771545600&to=1771575503&format=Simple
20.02.2026 11:18:24 - AlorPy - DEBUG - Ответ  : {"history":[{"time":1771545600,"close":31746.00000,"open":31703.00000,"high":31776.00000,"low":31693.00000,"volume":10974}],"next":null,"prev":1771459200}
20.02.2026 11:18:24 - FileStorage - DEBUG - Получение файла C:\Users\шадрин\PycharmProjects\CenterStrikeVolatility_API\FinLabPy\Storage\..\..\Data\Alor\SPBFUT.SRH6_D1.txt
20.02.2026 11:18:24 - FileStorage - DEBUG - Первый бар    : 04.10.2025 00:00
20.02.2026 11:18:24 - FileStorage - DEBUG - Последний бар : 20.02.2026 00:00
20.02.2026 11:18:24 - FileStorage - DEBUG - Кол-во бар    : 122
20.02.2026 11:18:24 - FileStorage - DEBUG - Сохранение файла C:\Users\шадрин\PycharmProjects\CenterStrikeVolatility_API\FinLabPy\Storage\..\..\Data\Alor\SPBFUT.SRH6_D1.txt
20.02.2026 11:18:24 - FileStorage - DEBUG - Первый бар    : 04.10.2025 00:00
20.02.2026 11:18:24 - FileStorage - DEBUG - Последний бар : 20.02.2026 00:00
20.02.2026 11:18:24 - FileStorage - DEBUG - Кол-во бар    : 122
20.02.2026 11:18:24 - Schedule.BarsStream - DEBUG - Текущая дата и время на бирже: 20.02.2026 11:18:24
20.02.2026 11:18:24 - AlorPy - DEBUG - Запрос : /md/v2/history?exchange=MOEX&symbol=SiM6&tf=D&from=1771545600&to=1771575503&format=Simple
20.02.2026 11:18:24 - Schedule.BarsStream - DEBUG - Нужно получить бар: 20.02.2026 00:00:00
20.02.2026 11:18:24 - AlorPy - DEBUG - Ответ  : {"history":[{"time":1771545600,"close":77935.00000,"open":77910.00000,"high":78015.00000,"low":77770.00000,"volume":21186}],"next":null,"prev":1771459200}
20.02.2026 11:18:24 - Schedule.BarsStream - DEBUG - Время запроса бара: 23.02.2026 09:00:03
20.02.2026 11:18:24 - Schedule.BarsStream - DEBUG - Ожидание в секундах: 250899.0
20.02.2026 11:18:24 - FileStorage - DEBUG - Получение файла C:\Users\шадрин\PycharmProjects\CenterStrikeVolatility_API\FinLabPy\Storage\..\..\Data\Alor\SPBFUT.SiM6_D1.txt
20.02.2026 11:18:24 - FileStorage - DEBUG - Получение файла C:\Users\шадрин\PycharmProjects\CenterStrikeVolatility_API\FinLabPy\Storage\..\..\Data\Alor\SPBFUT.SRH6_D1.txt
20.02.2026 11:18:24 - FileStorage - DEBUG - Первый бар    : 06.10.2025 00:00
20.02.2026 11:18:24 - FileStorage - DEBUG - Последний бар : 20.02.2026 00:00
20.02.2026 11:18:24 - FileStorage - DEBUG - Кол-во бар    : 96
20.02.2026 11:18:24 - FileStorage - DEBUG - Первый бар    : 04.10.2025 00:00
20.02.2026 11:18:24 - FileStorage - DEBUG - Сохранение файла C:\Users\шадрин\PycharmProjects\CenterStrikeVolatility_API\FinLabPy\Storage\..\..\Data\Alor\SPBFUT.SiM6_D1.txt
20.02.2026 11:18:24 - FileStorage - DEBUG - Последний бар : 20.02.2026 00:00
20.02.2026 11:18:24 - FileStorage - DEBUG - Кол-во бар    : 122
20.02.2026 11:18:24 - FileStorage - DEBUG - Фильтр с 03.10.2025 11:17
20.02.2026 11:18:24 - FileStorage - DEBUG - Первый бар    : SPBFUT.SRH6 (D1) 2025-10-04 00:00:00 Open: 305.03, High: 305.03, Low: 302.3, Close: 302.79, Volume: 102.0
20.02.2026 11:18:24 - FileStorage - DEBUG - Последний бар : SPBFUT.SRH6 (D1) 2026-02-20 00:00:00 Open: 317.03, High: 317.76, Low: 316.93, Close: 317.46, Volume: 10974.0
20.02.2026 11:18:24 - FileStorage - DEBUG - Кол-во бар    : 122
20.02.2026 11:18:24 - FileStorage - DEBUG - Первый бар    : 06.10.2025 00:00
20.02.2026 11:18:24 - FileStorage - DEBUG - Последний бар : 20.02.2026 00:00
20.02.2026 11:18:24 - FileStorage - DEBUG - Кол-во бар    : 96
20.02.2026 11:18:24 - Schedule.BarsStream - DEBUG - Текущая дата и время на бирже: 20.02.2026 11:18:24
20.02.2026 11:18:24 - Schedule.BarsStream - DEBUG - Нужно получить бар: 20.02.2026 00:00:00
20.02.2026 11:18:24 - Schedule.BarsStream - DEBUG - Время запроса бара: 23.02.2026 09:00:03
20.02.2026 11:18:24 - Schedule.BarsStream - DEBUG - Ожидание в секундах: 250899.0
20.02.2026 11:18:24 - FileStorage - DEBUG - Получение файла C:\Users\шадрин\PycharmProjects\CenterStrikeVolatility_API\FinLabPy\Storage\..\..\Data\Alor\SPBFUT.SiM6_D1.txt
20.02.2026 11:18:24 - FileStorage - DEBUG - Первый бар    : 06.10.2025 00:00
20.02.2026 11:18:24 - FileStorage - DEBUG - Последний бар : 20.02.2026 00:00
20.02.2026 11:18:24 - FileStorage - DEBUG - Кол-во бар    : 96
20.02.2026 11:18:24 - FileStorage - DEBUG - Фильтр с 03.10.2025 11:17
20.02.2026 11:18:24 - FileStorage - DEBUG - Первый бар    : SPBFUT.SiM6 (D1) 2025-10-06 00:00:00 Open: 89.804, High: 90.272, Low: 89.304, Close: 89.513, Volume: 322.0
20.02.2026 11:18:24 - FileStorage - DEBUG - Последний бар : SPBFUT.SiM6 (D1) 2026-02-20 00:00:00 Open: 77.91, High: 78.015, Low: 77.77, Close: 77.935, Volume: 21186.0
20.02.2026 11:18:24 - FileStorage - DEBUG - Кол-во бар    : 96
20.02.2026 11:18:24 - AlorPy - DEBUG - Запрос : /md/v2/history?exchange=MOEX&symbol=RIM6&tf=D&from=1771545600&to=1771575503&format=Simple
20.02.2026 11:18:24 - AlorPy - DEBUG - Ответ  : {"history":[{"time":1771545600,"close":116600.00000,"open":116470.00000,"high":116770.00000,"low":116290.00000,"volume":159}],"next":null,"prev":1771459200}
20.02.2026 11:18:24 - FileStorage - DEBUG - Получение файла C:\Users\шадрин\PycharmProjects\CenterStrikeVolatility_API\FinLabPy\Storage\..\..\Data\Alor\SPBFUT.RIM6_D1.txt
20.02.2026 11:18:24 - FileStorage - DEBUG - Первый бар    : 04.10.2025 00:00
20.02.2026 11:18:24 - FileStorage - DEBUG - Последний бар : 20.02.2026 00:00
20.02.2026 11:18:24 - FileStorage - DEBUG - Кол-во бар    : 107
20.02.2026 11:18:24 - FileStorage - DEBUG - Сохранение файла C:\Users\шадрин\PycharmProjects\CenterStrikeVolatility_API\FinLabPy\Storage\..\..\Data\Alor\SPBFUT.RIM6_D1.txt
20.02.2026 11:18:24 - FileStorage - DEBUG - Первый бар    : 04.10.2025 00:00
20.02.2026 11:18:24 - FileStorage - DEBUG - Последний бар : 20.02.2026 00:00
20.02.2026 11:18:24 - FileStorage - DEBUG - Кол-во бар    : 107
20.02.2026 11:18:24 - Schedule.BarsStream - DEBUG - Текущая дата и время на бирже: 20.02.2026 11:18:24
20.02.2026 11:18:24 - Schedule.BarsStream - DEBUG - Нужно получить бар: 20.02.2026 00:00:00
20.02.2026 11:18:24 - Schedule.BarsStream - DEBUG - Время запроса бара: 23.02.2026 09:00:03
20.02.2026 11:18:24 - Schedule.BarsStream - DEBUG - Ожидание в секундах: 250899.0
20.02.2026 11:18:24 - FileStorage - DEBUG - Получение файла C:\Users\шадрин\PycharmProjects\CenterStrikeVolatility_API\FinLabPy\Storage\..\..\Data\Alor\SPBFUT.RIM6_D1.txt
20.02.2026 11:18:24 - FileStorage - DEBUG - Первый бар    : 04.10.2025 00:00
20.02.2026 11:18:24 - FileStorage - DEBUG - Последний бар : 20.02.2026 00:00
20.02.2026 11:18:24 - FileStorage - DEBUG - Кол-во бар    : 107
20.02.2026 11:18:24 - FileStorage - DEBUG - Фильтр с 03.10.2025 11:17
20.02.2026 11:18:24 - FileStorage - DEBUG - Первый бар    : SPBFUT.RIM6 (D1) 2025-10-04 00:00:00 Open: 101350.0, High: 101350.0, Low: 101350.0, Close: 101350.0, Volume: 1.0
20.02.2026 11:18:24 - FileStorage - DEBUG - Последний бар : SPBFUT.RIM6 (D1) 2026-02-20 00:00:00 Open: 116470.0, High: 116770.0, Low: 116290.0, Close: 116600.0, Volume: 159.0
20.02.2026 11:18:24 - FileStorage - DEBUG - Кол-во бар    : 107
20.02.2026 11:18:24 - AlorPy - DEBUG - Запрос : /md/v2/history?exchange=MOEX&symbol=SiH6&tf=D&from=1771545600&to=1771575503&format=Simple
20.02.2026 11:18:24 - AlorPy - DEBUG - Ответ  : {"history":[{"time":1771545600,"close":76368.00000,"open":76230.00000,"high":76500.00000,"low":76123.00000,"volume":142480}],"next":null,"prev":1771459200}
20.02.2026 11:18:24 - FileStorage - DEBUG - Получение файла C:\Users\шадрин\PycharmProjects\CenterStrikeVolatility_API\FinLabPy\Storage\..\..\Data\Alor\SPBFUT.SiH6_D1.txt
20.02.2026 11:18:24 - FileStorage - DEBUG - Первый бар    : 06.10.2025 00:00
20.02.2026 11:18:24 - FileStorage - DEBUG - Последний бар : 20.02.2026 00:00
20.02.2026 11:18:24 - FileStorage - DEBUG - Кол-во бар    : 96
20.02.2026 11:18:24 - FileStorage - DEBUG - Сохранение файла C:\Users\шадрин\PycharmProjects\CenterStrikeVolatility_API\FinLabPy\Storage\..\..\Data\Alor\SPBFUT.SiH6_D1.txt
20.02.2026 11:18:24 - AlorPy - DEBUG - Запрос : /md/v2/history?exchange=MOEX&symbol=RIH6&tf=D&from=1771545600&to=1771575503&format=Simple
20.02.2026 11:18:24 - AlorPy - DEBUG - Ответ  : {"history":[{"time":1771545600,"close":116170.00000,"open":116130.00000,"high":116400.00000,"low":115810.00000,"volume":8248}],"next":null,"prev":1771459200}
20.02.2026 11:18:24 - FileStorage - DEBUG - Первый бар    : 06.10.2025 00:00
20.02.2026 11:18:24 - FileStorage - DEBUG - Последний бар : 20.02.2026 00:00
20.02.2026 11:18:24 - FileStorage - DEBUG - Кол-во бар    : 96
20.02.2026 11:18:24 - FileStorage - DEBUG - Получение файла C:\Users\шадрин\PycharmProjects\CenterStrikeVolatility_API\FinLabPy\Storage\..\..\Data\Alor\SPBFUT.RIH6_D1.txt
20.02.2026 11:18:24 - Schedule.BarsStream - DEBUG - Текущая дата и время на бирже: 20.02.2026 11:18:24
20.02.2026 11:18:24 - Schedule.BarsStream - DEBUG - Нужно получить бар: 20.02.2026 00:00:00
20.02.2026 11:18:24 - Schedule.BarsStream - DEBUG - Время запроса бара: 23.02.2026 09:00:03
20.02.2026 11:18:24 - Schedule.BarsStream - DEBUG - Ожидание в секундах: 250899.0
20.02.2026 11:18:24 - FileStorage - DEBUG - Получение файла C:\Users\шадрин\PycharmProjects\CenterStrikeVolatility_API\FinLabPy\Storage\..\..\Data\Alor\SPBFUT.SiH6_D1.txt
20.02.2026 11:18:24 - FileStorage - DEBUG - Первый бар    : 04.10.2025 00:00
20.02.2026 11:18:24 - FileStorage - DEBUG - Последний бар : 20.02.2026 00:00
20.02.2026 11:18:24 - FileStorage - DEBUG - Кол-во бар    : 122
20.02.2026 11:18:24 - FileStorage - DEBUG - Первый бар    : 06.10.2025 00:00
20.02.2026 11:18:24 - FileStorage - DEBUG - Последний бар : 20.02.2026 00:00
20.02.2026 11:18:24 - FileStorage - DEBUG - Сохранение файла C:\Users\шадрин\PycharmProjects\CenterStrikeVolatility_API\FinLabPy\Storage\..\..\Data\Alor\SPBFUT.RIH6_D1.txt
20.02.2026 11:18:24 - FileStorage - DEBUG - Кол-во бар    : 96
20.02.2026 11:18:24 - FileStorage - DEBUG - Фильтр с 03.10.2025 11:17
20.02.2026 11:18:24 - FileStorage - DEBUG - Первый бар    : SPBFUT.SiH6 (D1) 2025-10-06 00:00:00 Open: 87.101, High: 87.638, Low: 86.591, Close: 86.731, Volume: 10858.0
20.02.2026 11:18:24 - FileStorage - DEBUG - Последний бар : SPBFUT.SiH6 (D1) 2026-02-20 00:00:00 Open: 76.23, High: 76.5, Low: 76.123, Close: 76.368, Volume: 142480.0
20.02.2026 11:18:24 - FileStorage - DEBUG - Кол-во бар    : 96
20.02.2026 11:18:24 - FileStorage - DEBUG - Первый бар    : 04.10.2025 00:00
20.02.2026 11:18:24 - FileStorage - DEBUG - Последний бар : 20.02.2026 00:00
20.02.2026 11:18:24 - FileStorage - DEBUG - Кол-во бар    : 122
20.02.2026 11:18:24 - Schedule.BarsStream - DEBUG - Текущая дата и время на бирже: 20.02.2026 11:18:24
20.02.2026 11:18:24 - Schedule.BarsStream - DEBUG - Нужно получить бар: 20.02.2026 00:00:00
20.02.2026 11:18:24 - Schedule.BarsStream - DEBUG - Время запроса бара: 23.02.2026 09:00:03
20.02.2026 11:18:24 - Schedule.BarsStream - DEBUG - Ожидание в секундах: 250899.0
20.02.2026 11:18:24 - FileStorage - DEBUG - Получение файла C:\Users\шадрин\PycharmProjects\CenterStrikeVolatility_API\FinLabPy\Storage\..\..\Data\Alor\SPBFUT.RIH6_D1.txt
20.02.2026 11:18:24 - FileStorage - DEBUG - Первый бар    : 04.10.2025 00:00
20.02.2026 11:18:24 - FileStorage - DEBUG - Последний бар : 20.02.2026 00:00
20.02.2026 11:18:24 - FileStorage - DEBUG - Кол-во бар    : 122
20.02.2026 11:18:24 - FileStorage - DEBUG - Фильтр с 03.10.2025 11:17
20.02.2026 11:18:24 - FileStorage - DEBUG - Первый бар    : SPBFUT.RIH6 (D1) 2025-10-04 00:00:00 Open: 100060.0, High: 100060.0, Low: 98820.0, Close: 99270.0, Volume: 83.0
20.02.2026 11:18:24 - FileStorage - DEBUG - Последний бар : SPBFUT.RIH6 (D1) 2026-02-20 00:00:00 Open: 116130.0, High: 116400.0, Low: 115810.0, Close: 116170.0, Volume: 8248.0
20.02.2026 11:18:24 - FileStorage - DEBUG - Кол-во бар    : 122
20.02.2026 11:18:25 - AlorPy - DEBUG - Запрос : /md/v2/history?exchange=MOEX&symbol=SRH6&tf=D&from=1771545600&to=1771575504&format=Simple
20.02.2026 11:18:25 - AlorPy - DEBUG - Ответ  : {"history":[{"time":1771545600,"close":31746.00000,"open":31703.00000,"high":31776.00000,"low":31693.00000,"volume":10974}],"next":null,"prev":1771459200}
20.02.2026 11:18:25 - FileStorage - DEBUG - Получение файла C:\Users\шадрин\PycharmProjects\CenterStrikeVolatility_API\FinLabPy\Storage\..\..\Data\Alor\SPBFUT.SRH6_D1.txt
20.02.2026 11:18:25 - FileStorage - DEBUG - Первый бар    : 04.10.2025 00:00
20.02.2026 11:18:25 - FileStorage - DEBUG - Последний бар : 20.02.2026 00:00
20.02.2026 11:18:25 - FileStorage - DEBUG - Кол-во бар    : 122
20.02.2026 11:18:25 - FileStorage - DEBUG - Сохранение файла C:\Users\шадрин\PycharmProjects\CenterStrikeVolatility_API\FinLabPy\Storage\..\..\Data\Alor\SPBFUT.SRH6_D1.txt
20.02.2026 11:18:25 - FileStorage - DEBUG - Первый бар    : 04.10.2025 00:00
20.02.2026 11:18:25 - FileStorage - DEBUG - Последний бар : 20.02.2026 00:00
20.02.2026 11:18:25 - FileStorage - DEBUG - Кол-во бар    : 122
20.02.2026 11:18:25 - Schedule.BarsStream - DEBUG - Текущая дата и время на бирже: 20.02.2026 11:18:25
20.02.2026 11:18:25 - Schedule.BarsStream - DEBUG - Нужно получить бар: 20.02.2026 00:00:00
20.02.2026 11:18:25 - Schedule.BarsStream - DEBUG - Время запроса бара: 23.02.2026 09:00:03
20.02.2026 11:18:25 - Schedule.BarsStream - DEBUG - Ожидание в секундах: 250898.0
20.02.2026 11:18:25 - FileStorage - DEBUG - Получение файла C:\Users\шадрин\PycharmProjects\CenterStrikeVolatility_API\FinLabPy\Storage\..\..\Data\Alor\SPBFUT.SRH6_D1.txt
20.02.2026 11:18:25 - FileStorage - DEBUG - Первый бар    : 04.10.2025 00:00
20.02.2026 11:18:25 - FileStorage - DEBUG - Последний бар : 20.02.2026 00:00
20.02.2026 11:18:25 - FileStorage - DEBUG - Кол-во бар    : 122
20.02.2026 11:18:25 - FileStorage - DEBUG - Фильтр с 03.10.2025 11:17
20.02.2026 11:18:25 - FileStorage - DEBUG - Первый бар    : SPBFUT.SRH6 (D1) 2025-10-04 00:00:00 Open: 305.03, High: 305.03, Low: 302.3, Close: 302.79, Volume: 102.0
20.02.2026 11:18:25 - AlorPy - DEBUG - Запрос : /md/v2/history?exchange=MOEX&symbol=SiM6&tf=D&from=1771545600&to=1771575504&format=Simple
20.02.2026 11:18:25 - FileStorage - DEBUG - Последний бар : SPBFUT.SRH6 (D1) 2026-02-20 00:00:00 Open: 317.03, High: 317.76, Low: 316.93, Close: 317.46, Volume: 10974.0
20.02.2026 11:18:25 - AlorPy - DEBUG - Ответ  : {"history":[{"time":1771545600,"close":77933.00000,"open":77910.00000,"high":78015.00000,"low":77770.00000,"volume":21189}],"next":null,"prev":1771459200}
20.02.2026 11:18:25 - FileStorage - DEBUG - Кол-во бар    : 122
20.02.2026 11:18:25 - FileStorage - DEBUG - Получение файла C:\Users\шадрин\PycharmProjects\CenterStrikeVolatility_API\FinLabPy\Storage\..\..\Data\Alor\SPBFUT.SiM6_D1.txt
20.02.2026 11:18:25 - FileStorage - DEBUG - Первый бар    : 06.10.2025 00:00
20.02.2026 11:18:25 - FileStorage - DEBUG - Последний бар : 20.02.2026 00:00
20.02.2026 11:18:25 - FileStorage - DEBUG - Кол-во бар    : 96
20.02.2026 11:18:25 - FileStorage - DEBUG - Сохранение файла C:\Users\шадрин\PycharmProjects\CenterStrikeVolatility_API\FinLabPy\Storage\..\..\Data\Alor\SPBFUT.SiM6_D1.txt
20.02.2026 11:18:25 - FileStorage - DEBUG - Первый бар    : 06.10.2025 00:00
20.02.2026 11:18:25 - FileStorage - DEBUG - Последний бар : 20.02.2026 00:00
20.02.2026 11:18:25 - FileStorage - DEBUG - Кол-во бар    : 96
20.02.2026 11:18:25 - Schedule.BarsStream - DEBUG - Текущая дата и время на бирже: 20.02.2026 11:18:25
20.02.2026 11:18:25 - Schedule.BarsStream - DEBUG - Нужно получить бар: 20.02.2026 00:00:00
20.02.2026 11:18:25 - Schedule.BarsStream - DEBUG - Время запроса бара: 23.02.2026 09:00:03
20.02.2026 11:18:25 - Schedule.BarsStream - DEBUG - Ожидание в секундах: 250898.0
20.02.2026 11:18:25 - FileStorage - DEBUG - Получение файла C:\Users\шадрин\PycharmProjects\CenterStrikeVolatility_API\FinLabPy\Storage\..\..\Data\Alor\SPBFUT.SiM6_D1.txt
20.02.2026 11:18:25 - FileStorage - DEBUG - Первый бар    : 06.10.2025 00:00
20.02.2026 11:18:25 - FileStorage - DEBUG - Последний бар : 20.02.2026 00:00
20.02.2026 11:18:25 - FileStorage - DEBUG - Кол-во бар    : 96
20.02.2026 11:18:25 - FileStorage - DEBUG - Фильтр с 03.10.2025 11:17
20.02.2026 11:18:25 - FileStorage - DEBUG - Первый бар    : SPBFUT.SiM6 (D1) 2025-10-06 00:00:00 Open: 89.804, High: 90.272, Low: 89.304, Close: 89.513, Volume: 322.0
20.02.2026 11:18:25 - FileStorage - DEBUG - Последний бар : SPBFUT.SiM6 (D1) 2026-02-20 00:00:00 Open: 77.91, High: 78.015, Low: 77.77, Close: 77.933, Volume: 21189.0
20.02.2026 11:18:25 - FileStorage - DEBUG - Кол-во бар    : 96
20.02.2026 11:18:25 - AlorPy - DEBUG - Запрос : /md/v2/history?exchange=MOEX&symbol=RIM6&tf=D&from=1771545600&to=1771575504&format=Simple
20.02.2026 11:18:25 - AlorPy - DEBUG - Ответ  : {"history":[{"time":1771545600,"close":116600.00000,"open":116470.00000,"high":116770.00000,"low":116290.00000,"volume":159}],"next":null,"prev":1771459200}
20.02.2026 11:18:25 - FileStorage - DEBUG - Получение файла C:\Users\шадрин\PycharmProjects\CenterStrikeVolatility_API\FinLabPy\Storage\..\..\Data\Alor\SPBFUT.RIM6_D1.txt
20.02.2026 11:18:25 - FileStorage - DEBUG - Первый бар    : 04.10.2025 00:00
20.02.2026 11:18:25 - FileStorage - DEBUG - Последний бар : 20.02.2026 00:00
20.02.2026 11:18:25 - FileStorage - DEBUG - Кол-во бар    : 107
20.02.2026 11:18:25 - FileStorage - DEBUG - Сохранение файла C:\Users\шадрин\PycharmProjects\CenterStrikeVolatility_API\FinLabPy\Storage\..\..\Data\Alor\SPBFUT.RIM6_D1.txt
20.02.2026 11:18:25 - FileStorage - DEBUG - Первый бар    : 04.10.2025 00:00
20.02.2026 11:18:25 - FileStorage - DEBUG - Последний бар : 20.02.2026 00:00
20.02.2026 11:18:25 - FileStorage - DEBUG - Кол-во бар    : 107
20.02.2026 11:18:25 - Schedule.BarsStream - DEBUG - Текущая дата и время на бирже: 20.02.2026 11:18:25
20.02.2026 11:18:25 - Schedule.BarsStream - DEBUG - Нужно получить бар: 20.02.2026 00:00:00
20.02.2026 11:18:25 - Schedule.BarsStream - DEBUG - Время запроса бара: 23.02.2026 09:00:03
20.02.2026 11:18:25 - Schedule.BarsStream - DEBUG - Ожидание в секундах: 250898.0
20.02.2026 11:18:25 - FileStorage - DEBUG - Получение файла C:\Users\шадрин\PycharmProjects\CenterStrikeVolatility_API\FinLabPy\Storage\..\..\Data\Alor\SPBFUT.RIM6_D1.txt
20.02.2026 11:18:25 - FileStorage - DEBUG - Первый бар    : 04.10.2025 00:00
20.02.2026 11:18:25 - FileStorage - DEBUG - Последний бар : 20.02.2026 00:00
20.02.2026 11:18:25 - FileStorage - DEBUG - Кол-во бар    : 107
20.02.2026 11:18:25 - FileStorage - DEBUG - Фильтр с 03.10.2025 11:17
20.02.2026 11:18:25 - FileStorage - DEBUG - Первый бар    : SPBFUT.RIM6 (D1) 2025-10-04 00:00:00 Open: 101350.0, High: 101350.0, Low: 101350.0, Close: 101350.0, Volume: 1.0
20.02.2026 11:18:25 - FileStorage - DEBUG - Последний бар : SPBFUT.RIM6 (D1) 2026-02-20 00:00:00 Open: 116470.0, High: 116770.0, Low: 116290.0, Close: 116600.0, Volume: 159.0
20.02.2026 11:18:25 - FileStorage - DEBUG - Кол-во бар    : 107
20.02.2026 11:18:25 - AlorPy - DEBUG - Запрос : /md/v2/history?exchange=MOEX&symbol=RIH6&tf=D&from=1771545600&to=1771575504&format=Simple
20.02.2026 11:18:25 - AlorPy - DEBUG - Ответ  : {"history":[{"time":1771545600,"close":116190.00000,"open":116130.00000,"high":116400.00000,"low":115810.00000,"volume":8258}],"next":null,"prev":1771459200}
20.02.2026 11:18:25 - FileStorage - DEBUG - Получение файла C:\Users\шадрин\PycharmProjects\CenterStrikeVolatility_API\FinLabPy\Storage\..\..\Data\Alor\SPBFUT.RIH6_D1.txt
20.02.2026 11:18:25 - FileStorage - DEBUG - Первый бар    : 04.10.2025 00:00
20.02.2026 11:18:25 - FileStorage - DEBUG - Последний бар : 20.02.2026 00:00
20.02.2026 11:18:25 - FileStorage - DEBUG - Кол-во бар    : 122
20.02.2026 11:18:25 - FileStorage - DEBUG - Сохранение файла C:\Users\шадрин\PycharmProjects\CenterStrikeVolatility_API\FinLabPy\Storage\..\..\Data\Alor\SPBFUT.RIH6_D1.txt
20.02.2026 11:18:25 - FileStorage - DEBUG - Первый бар    : 04.10.2025 00:00
20.02.2026 11:18:25 - FileStorage - DEBUG - Последний бар : 20.02.2026 00:00
20.02.2026 11:18:25 - FileStorage - DEBUG - Кол-во бар    : 122
20.02.2026 11:18:25 - Schedule.BarsStream - DEBUG - Текущая дата и время на бирже: 20.02.2026 11:18:25
20.02.2026 11:18:25 - Schedule.BarsStream - DEBUG - Нужно получить бар: 20.02.2026 00:00:00
20.02.2026 11:18:25 - Schedule.BarsStream - DEBUG - Время запроса бара: 23.02.2026 09:00:03
20.02.2026 11:18:25 - Schedule.BarsStream - DEBUG - Ожидание в секундах: 250898.0
20.02.2026 11:18:25 - FileStorage - DEBUG - Получение файла C:\Users\шадрин\PycharmProjects\CenterStrikeVolatility_API\FinLabPy\Storage\..\..\Data\Alor\SPBFUT.RIH6_D1.txt
20.02.2026 11:18:25 - FileStorage - DEBUG - Первый бар    : 04.10.2025 00:00
20.02.2026 11:18:25 - FileStorage - DEBUG - Последний бар : 20.02.2026 00:00
20.02.2026 11:18:25 - FileStorage - DEBUG - Кол-во бар    : 122
20.02.2026 11:18:25 - FileStorage - DEBUG - Фильтр с 03.10.2025 11:17
20.02.2026 11:18:25 - FileStorage - DEBUG - Первый бар    : SPBFUT.RIH6 (D1) 2025-10-04 00:00:00 Open: 100060.0, High: 100060.0, Low: 98820.0, Close: 99270.0, Volume: 83.0
20.02.2026 11:18:25 - FileStorage - DEBUG - Последний бар : SPBFUT.RIH6 (D1) 2026-02-20 00:00:00 Open: 116130.0, High: 116400.0, Low: 115810.0, Close: 116190.0, Volume: 8258.0
20.02.2026 11:18:25 - FileStorage - DEBUG - Кол-во бар    : 122
20.02.2026 11:18:25 - AlorPy - DEBUG - Запрос : /md/v2/history?exchange=MOEX&symbol=SiH6&tf=D&from=1771545600&to=1771575504&format=Simple
20.02.2026 11:18:25 - AlorPy - DEBUG - Ответ  : {"history":[{"time":1771545600,"close":76374.00000,"open":76230.00000,"high":76500.00000,"low":76123.00000,"volume":142510}],"next":null,"prev":1771459200}
20.02.2026 11:18:25 - FileStorage - DEBUG - Получение файла C:\Users\шадрин\PycharmProjects\CenterStrikeVolatility_API\FinLabPy\Storage\..\..\Data\Alor\SPBFUT.SiH6_D1.txt
20.02.2026 11:18:25 - FileStorage - DEBUG - Первый бар    : 06.10.2025 00:00
20.02.2026 11:18:25 - FileStorage - DEBUG - Последний бар : 20.02.2026 00:00
20.02.2026 11:18:25 - FileStorage - DEBUG - Кол-во бар    : 96
20.02.2026 11:18:25 - FileStorage - DEBUG - Сохранение файла C:\Users\шадрин\PycharmProjects\CenterStrikeVolatility_API\FinLabPy\Storage\..\..\Data\Alor\SPBFUT.SiH6_D1.txt
20.02.2026 11:18:25 - FileStorage - DEBUG - Первый бар    : 06.10.2025 00:00
20.02.2026 11:18:25 - FileStorage - DEBUG - Последний бар : 20.02.2026 00:00
20.02.2026 11:18:25 - FileStorage - DEBUG - Кол-во бар    : 96
20.02.2026 11:18:25 - Schedule.BarsStream - DEBUG - Текущая дата и время на бирже: 20.02.2026 11:18:25
20.02.2026 11:18:25 - Schedule.BarsStream - DEBUG - Нужно получить бар: 20.02.2026 00:00:00
20.02.2026 11:18:25 - Schedule.BarsStream - DEBUG - Время запроса бара: 23.02.2026 09:00:03
20.02.2026 11:18:25 - Schedule.BarsStream - DEBUG - Ожидание в секундах: 250898.0
20.02.2026 11:18:25 - FileStorage - DEBUG - Получение файла C:\Users\шадрин\PycharmProjects\CenterStrikeVolatility_API\FinLabPy\Storage\..\..\Data\Alor\SPBFUT.SiH6_D1.txt
20.02.2026 11:18:25 - FileStorage - DEBUG - Первый бар    : 06.10.2025 00:00
20.02.2026 11:18:25 - FileStorage - DEBUG - Последний бар : 20.02.2026 00:00
20.02.2026 11:18:25 - FileStorage - DEBUG - Кол-во бар    : 96
20.02.2026 11:18:25 - FileStorage - DEBUG - Фильтр с 03.10.2025 11:17
20.02.2026 11:18:25 - FileStorage - DEBUG - Первый бар    : SPBFUT.SiH6 (D1) 2025-10-06 00:00:00 Open: 87.101, High: 87.638, Low: 86.591, Close: 86.731, Volume: 10858.0
20.02.2026 11:18:25 - FileStorage - DEBUG - Последний бар : SPBFUT.SiH6 (D1) 2026-02-20 00:00:00 Open: 76.23, High: 76.5, Low: 76.123, Close: 76.374, Volume: 142510.0
20.02.2026 11:18:25 - FileStorage - DEBUG - Кол-во бар    : 96
20.02.2026 11:18:26 - AlorPy - DEBUG - Запрос : /md/v2/history?exchange=MOEX&symbol=SRH6&tf=D&from=1771545600&to=1771575505&format=Simple
20.02.2026 11:18:26 - AlorPy - DEBUG - Ответ  : {"history":[{"time":1771545600,"close":31746.00000,"open":31703.00000,"high":31776.00000,"low":31693.00000,"volume":10974}],"next":null,"prev":1771459200}
20.02.2026 11:18:26 - FileStorage - DEBUG - Получение файла C:\Users\шадрин\PycharmProjects\CenterStrikeVolatility_API\FinLabPy\Storage\..\..\Data\Alor\SPBFUT.SRH6_D1.txt
20.02.2026 11:18:26 - FileStorage - DEBUG - Первый бар    : 04.10.2025 00:00
20.02.2026 11:18:26 - FileStorage - DEBUG - Последний бар : 20.02.2026 00:00
20.02.2026 11:18:26 - FileStorage - DEBUG - Кол-во бар    : 122
20.02.2026 11:18:26 - FileStorage - DEBUG - Сохранение файла C:\Users\шадрин\PycharmProjects\CenterStrikeVolatility_API\FinLabPy\Storage\..\..\Data\Alor\SPBFUT.SRH6_D1.txt
20.02.2026 11:18:26 - AlorPy - DEBUG - Запрос : /md/v2/history?exchange=MOEX&symbol=SiM6&tf=D&from=1771545600&to=1771575505&format=Simple
20.02.2026 11:18:26 - AlorPy - DEBUG - Ответ  : {"history":[{"time":1771545600,"close":77932.00000,"open":77910.00000,"high":78015.00000,"low":77770.00000,"volume":21191}],"next":null,"prev":1771459200}
20.02.2026 11:18:26 - FileStorage - DEBUG - Получение файла C:\Users\шадрин\PycharmProjects\CenterStrikeVolatility_API\FinLabPy\Storage\..\..\Data\Alor\SPBFUT.SiM6_D1.txt
20.02.2026 11:18:26 - FileStorage - DEBUG - Первый бар    : 04.10.2025 00:00
20.02.2026 11:18:26 - FileStorage - DEBUG - Последний бар : 20.02.2026 00:00
20.02.2026 11:18:26 - FileStorage - DEBUG - Кол-во бар    : 122
20.02.2026 11:18:26 - Schedule.BarsStream - DEBUG - Текущая дата и время на бирже: 20.02.2026 11:18:26
20.02.2026 11:18:26 - FileStorage - DEBUG - Первый бар    : 06.10.2025 00:00
20.02.2026 11:18:26 - Schedule.BarsStream - DEBUG - Нужно получить бар: 20.02.2026 00:00:00
20.02.2026 11:18:26 - FileStorage - DEBUG - Последний бар : 20.02.2026 00:00
20.02.2026 11:18:26 - Schedule.BarsStream - DEBUG - Время запроса бара: 23.02.2026 09:00:03
20.02.2026 11:18:26 - FileStorage - DEBUG - Кол-во бар    : 96
20.02.2026 11:18:26 - Schedule.BarsStream - DEBUG - Ожидание в секундах: 250897.0
20.02.2026 11:18:26 - FileStorage - DEBUG - Получение файла C:\Users\шадрин\PycharmProjects\CenterStrikeVolatility_API\FinLabPy\Storage\..\..\Data\Alor\SPBFUT.SRH6_D1.txt
20.02.2026 11:18:26 - FileStorage - DEBUG - Сохранение файла C:\Users\шадрин\PycharmProjects\CenterStrikeVolatility_API\FinLabPy\Storage\..\..\Data\Alor\SPBFUT.SiM6_D1.txt
20.02.2026 11:18:26 - FileStorage - DEBUG - Первый бар    : 06.10.2025 00:00
20.02.2026 11:18:26 - FileStorage - DEBUG - Первый бар    : 04.10.2025 00:00
20.02.2026 11:18:26 - FileStorage - DEBUG - Последний бар : 20.02.2026 00:00
20.02.2026 11:18:26 - FileStorage - DEBUG - Последний бар : 20.02.2026 00:00
20.02.2026 11:18:26 - FileStorage - DEBUG - Кол-во бар    : 96
20.02.2026 11:18:26 - FileStorage - DEBUG - Кол-во бар    : 122
20.02.2026 11:18:26 - FileStorage - DEBUG - Фильтр с 03.10.2025 11:17
20.02.2026 11:18:26 - FileStorage - DEBUG - Первый бар    : SPBFUT.SRH6 (D1) 2025-10-04 00:00:00 Open: 305.03, High: 305.03, Low: 302.3, Close: 302.79, Volume: 102.0
20.02.2026 11:18:26 - Schedule.BarsStream - DEBUG - Текущая дата и время на бирже: 20.02.2026 11:18:26
20.02.2026 11:18:26 - FileStorage - DEBUG - Последний бар : SPBFUT.SRH6 (D1) 2026-02-20 00:00:00 Open: 317.03, High: 317.76, Low: 316.93, Close: 317.46, Volume: 10974.0
20.02.2026 11:18:26 - Schedule.BarsStream - DEBUG - Нужно получить бар: 20.02.2026 00:00:00
20.02.2026 11:18:26 - FileStorage - DEBUG - Кол-во бар    : 122
20.02.2026 11:18:26 - Schedule.BarsStream - DEBUG - Время запроса бара: 23.02.2026 09:00:03
20.02.2026 11:18:26 - Schedule.BarsStream - DEBUG - Ожидание в секундах: 250897.0
20.02.2026 11:18:26 - FileStorage - DEBUG - Получение файла C:\Users\шадрин\PycharmProjects\CenterStrikeVolatility_API\FinLabPy\Storage\..\..\Data\Alor\SPBFUT.SiM6_D1.txt
20.02.2026 11:18:26 - FileStorage - DEBUG - Первый бар    : 06.10.2025 00:00
20.02.2026 11:18:26 - FileStorage - DEBUG - Последний бар : 20.02.2026 00:00
20.02.2026 11:18:26 - FileStorage - DEBUG - Кол-во бар    : 96
20.02.2026 11:18:26 - FileStorage - DEBUG - Фильтр с 03.10.2025 11:17
20.02.2026 11:18:26 - FileStorage - DEBUG - Первый бар    : SPBFUT.SiM6 (D1) 2025-10-06 00:00:00 Open: 89.804, High: 90.272, Low: 89.304, Close: 89.513, Volume: 322.0
20.02.2026 11:18:26 - FileStorage - DEBUG - Последний бар : SPBFUT.SiM6 (D1) 2026-02-20 00:00:00 Open: 77.91, High: 78.015, Low: 77.77, Close: 77.932, Volume: 21191.0
20.02.2026 11:18:26 - FileStorage - DEBUG - Кол-во бар    : 96
20.02.2026 11:18:26 - AlorPy - DEBUG - Запрос : /md/v2/history?exchange=MOEX&symbol=RIM6&tf=D&from=1771545600&to=1771575505&format=Simple
20.02.2026 11:18:26 - AlorPy - DEBUG - Ответ  : {"history":[{"time":1771545600,"close":116600.00000,"open":116470.00000,"high":116770.00000,"low":116290.00000,"volume":159}],"next":null,"prev":1771459200}
20.02.2026 11:18:26 - FileStorage - DEBUG - Получение файла C:\Users\шадрин\PycharmProjects\CenterStrikeVolatility_API\FinLabPy\Storage\..\..\Data\Alor\SPBFUT.RIM6_D1.txt
20.02.2026 11:18:26 - FileStorage - DEBUG - Первый бар    : 04.10.2025 00:00
20.02.2026 11:18:26 - FileStorage - DEBUG - Последний бар : 20.02.2026 00:00
20.02.2026 11:18:26 - FileStorage - DEBUG - Кол-во бар    : 107
20.02.2026 11:18:26 - FileStorage - DEBUG - Сохранение файла C:\Users\шадрин\PycharmProjects\CenterStrikeVolatility_API\FinLabPy\Storage\..\..\Data\Alor\SPBFUT.RIM6_D1.txt
20.02.2026 11:18:26 - FileStorage - DEBUG - Первый бар    : 04.10.2025 00:00
20.02.2026 11:18:26 - FileStorage - DEBUG - Последний бар : 20.02.2026 00:00
20.02.2026 11:18:26 - FileStorage - DEBUG - Кол-во бар    : 107
20.02.2026 11:18:26 - Schedule.BarsStream - DEBUG - Текущая дата и время на бирже: 20.02.2026 11:18:26
20.02.2026 11:18:26 - Schedule.BarsStream - DEBUG - Нужно получить бар: 20.02.2026 00:00:00
20.02.2026 11:18:26 - Schedule.BarsStream - DEBUG - Время запроса бара: 23.02.2026 09:00:03
20.02.2026 11:18:26 - Schedule.BarsStream - DEBUG - Ожидание в секундах: 250897.0
20.02.2026 11:18:26 - FileStorage - DEBUG - Получение файла C:\Users\шадрин\PycharmProjects\CenterStrikeVolatility_API\FinLabPy\Storage\..\..\Data\Alor\SPBFUT.RIM6_D1.txt
20.02.2026 11:18:26 - FileStorage - DEBUG - Первый бар    : 04.10.2025 00:00
20.02.2026 11:18:26 - FileStorage - DEBUG - Последний бар : 20.02.2026 00:00
20.02.2026 11:18:26 - FileStorage - DEBUG - Кол-во бар    : 107
20.02.2026 11:18:26 - FileStorage - DEBUG - Фильтр с 03.10.2025 11:17
20.02.2026 11:18:26 - FileStorage - DEBUG - Первый бар    : SPBFUT.RIM6 (D1) 2025-10-04 00:00:00 Open: 101350.0, High: 101350.0, Low: 101350.0, Close: 101350.0, Volume: 1.0
20.02.2026 11:18:26 - FileStorage - DEBUG - Последний бар : SPBFUT.RIM6 (D1) 2026-02-20 00:00:00 Open: 116470.0, High: 116770.0, Low: 116290.0, Close: 116600.0, Volume: 159.0
20.02.2026 11:18:26 - FileStorage - DEBUG - Кол-во бар    : 107
20.02.2026 11:18:26 - AlorPy - DEBUG - Запрос : /md/v2/history?exchange=MOEX&symbol=RIH6&tf=D&from=1771545600&to=1771575505&format=Simple
20.02.2026 11:18:26 - AlorPy - DEBUG - Ответ  : {"history":[{"time":1771545600,"close":116190.00000,"open":116130.00000,"high":116400.00000,"low":115810.00000,"volume":8258}],"next":null,"prev":1771459200}
20.02.2026 11:18:26 - FileStorage - DEBUG - Получение файла C:\Users\шадрин\PycharmProjects\CenterStrikeVolatility_API\FinLabPy\Storage\..\..\Data\Alor\SPBFUT.RIH6_D1.txt
20.02.2026 11:18:26 - FileStorage - DEBUG - Первый бар    : 04.10.2025 00:00
20.02.2026 11:18:26 - FileStorage - DEBUG - Последний бар : 20.02.2026 00:00
20.02.2026 11:18:26 - FileStorage - DEBUG - Кол-во бар    : 122
20.02.2026 11:18:26 - FileStorage - DEBUG - Сохранение файла C:\Users\шадрин\PycharmProjects\CenterStrikeVolatility_API\FinLabPy\Storage\..\..\Data\Alor\SPBFUT.RIH6_D1.txt
20.02.2026 11:18:26 - FileStorage - DEBUG - Первый бар    : 04.10.2025 00:00
20.02.2026 11:18:26 - FileStorage - DEBUG - Последний бар : 20.02.2026 00:00
20.02.2026 11:18:26 - FileStorage - DEBUG - Кол-во бар    : 122
20.02.2026 11:18:26 - Schedule.BarsStream - DEBUG - Текущая дата и время на бирже: 20.02.2026 11:18:26
20.02.2026 11:18:26 - Schedule.BarsStream - DEBUG - Нужно получить бар: 20.02.2026 00:00:00
20.02.2026 11:18:26 - Schedule.BarsStream - DEBUG - Время запроса бара: 23.02.2026 09:00:03
20.02.2026 11:18:26 - Schedule.BarsStream - DEBUG - Ожидание в секундах: 250897.0
20.02.2026 11:18:26 - FileStorage - DEBUG - Получение файла C:\Users\шадрин\PycharmProjects\CenterStrikeVolatility_API\FinLabPy\Storage\..\..\Data\Alor\SPBFUT.RIH6_D1.txt
20.02.2026 11:18:26 - FileStorage - DEBUG - Первый бар    : 04.10.2025 00:00
20.02.2026 11:18:26 - FileStorage - DEBUG - Последний бар : 20.02.2026 00:00
20.02.2026 11:18:26 - FileStorage - DEBUG - Кол-во бар    : 122
20.02.2026 11:30:12 - Schedule.BarsStream - DEBUG - Текущая дата и время на бирже: 20.02.2026 11:30:12
20.02.2026 11:30:12 - Schedule.BarsStream - DEBUG - Нужно получить бар: 20.02.2026 00:00:00
20.02.2026 11:30:12 - Schedule.BarsStream - DEBUG - Время запроса бара: 23.02.2026 09:00:03
20.02.2026 11:30:12 - Schedule.BarsStream - DEBUG - Ожидание в секундах: 250191.0
20.02.2026 11:30:13 - AlorPy - DEBUG - Запрос : /md/v2/Securities/MOEX/RIH6?format=Simple
20.02.2026 11:30:13 - AlorPy - DEBUG - Ответ  : {"symbol":"RTS-3.26","shortname":"RIH6","description":"RIH6","exchange":"MOEX","market":"FORTS","type":"Фьючерсный контракт RTS-3.26","lotsize":1,"facevalue":1,"cfiCode":"FFXCSX","cancellation":"2026-03-19T00:00:00.0000000","minstep":10,"rating":73665,"marginbuy":27239.99,"marginsell":27478.82,"marginrate":0,"priceMax":123930,"priceMin":108410,"theorPrice":0,"theorPriceLimit":0,"volatility":0,"currency":"USD","ISIN":null,"yield":null,"board":"RFUD","primary_board":"RFUD","tradingStatus":17,"tradingStatusInfo":"нормальный период торгов","complexProductCategory":"2","priceMultiplier":1,"priceShownUnits":1,"pricestep":15.3281}
20.02.2026 11:30:13 - FileStorage - DEBUG - Получение файла C:\Users\шадрин\PycharmProjects\CenterStrikeVolatility_API\FinLabPy\Storage\..\..\Data\Alor\SPBFUT.RIH6_D1.txt
20.02.2026 11:30:13 - FileStorage - DEBUG - Первый бар    : 04.10.2025 00:00
20.02.2026 11:30:13 - FileStorage - DEBUG - Последний бар : 20.02.2026 00:00
20.02.2026 11:30:13 - FileStorage - DEBUG - Кол-во бар    : 122
20.02.2026 11:30:13 - FileStorage - DEBUG - Фильтр с 03.10.2025 11:30
20.02.2026 11:30:13 - FileStorage - DEBUG - Первый бар    : SPBFUT.RIH6 (D1) 2025-10-04 00:00:00 Open: 100060.0, High: 100060.0, Low: 98820.0, Close: 99270.0, Volume: 83.0
20.02.2026 11:30:13 - FileStorage - DEBUG - Последний бар : SPBFUT.RIH6 (D1) 2026-02-20 00:00:00 Open: 116130.0, High: 116400.0, Low: 115810.0, Close: 116190.0, Volume: 8258.0
20.02.2026 11:30:13 - FileStorage - DEBUG - Кол-во бар    : 122
20.02.2026 11:30:13 - AlorPy - DEBUG - Запрос : /md/v2/history?exchange=MOEX&symbol=RIH6&tf=D&from=1771545600&to=1771576213&format=Simple
20.02.2026 11:30:13 - AlorPy - DEBUG - Ответ  : {"history":[{"time":1771545600,"close":116350.00000,"open":116130.00000,"high":116440.00000,"low":115810.00000,"volume":9748}],"next":null,"prev":1771459200}
20.02.2026 11:30:13 - FileStorage - DEBUG - Получение файла C:\Users\шадрин\PycharmProjects\CenterStrikeVolatility_API\FinLabPy\Storage\..\..\Data\Alor\SPBFUT.RIH6_D1.txt
20.02.2026 11:30:13 - FileStorage - DEBUG - Первый бар    : 04.10.2025 00:00
20.02.2026 11:30:13 - FileStorage - DEBUG - Последний бар : 20.02.2026 00:00
20.02.2026 11:30:13 - FileStorage - DEBUG - Кол-во бар    : 122
20.02.2026 11:30:13 - FileStorage - DEBUG - Сохранение файла C:\Users\шадрин\PycharmProjects\CenterStrikeVolatility_API\FinLabPy\Storage\..\..\Data\Alor\SPBFUT.RIH6_D1.txt
20.02.2026 11:30:13 - FileStorage - DEBUG - Первый бар    : 04.10.2025 00:00
20.02.2026 11:30:13 - FileStorage - DEBUG - Последний бар : 20.02.2026 00:00
20.02.2026 11:30:13 - FileStorage - DEBUG - Кол-во бар    : 122
20.02.2026 11:30:17 - Schedule.BarsStream - DEBUG - Текущая дата и время на бирже: 20.02.2026 11:30:17
20.02.2026 11:30:17 - Schedule.BarsStream - DEBUG - Нужно получить бар: 20.02.2026 00:00:00
20.02.2026 11:30:17 - Schedule.BarsStream - DEBUG - Время запроса бара: 23.02.2026 09:00:03
20.02.2026 11:30:17 - Schedule.BarsStream - DEBUG - Ожидание в секундах: 250186.0
20.02.2026 11:30:18 - AlorPy - DEBUG - Запрос : /md/v2/Securities/MOEX/SiH6?format=Simple
20.02.2026 11:30:18 - AlorPy - DEBUG - Ответ  : {"symbol":"SI-3.26","shortname":"SiH6","description":"SiH6","exchange":"MOEX","market":"FORTS","type":"Фьючерсный контракт Si-3.26","lotsize":1,"facevalue":1000,"cfiCode":"FFXCSX","cancellation":"2026-03-19T00:00:00.0000000","minstep":1,"rating":949564,"marginbuy":11782.55,"marginsell":11886.1,"marginrate":0,"priceMax":82691,"priceMin":69675,"theorPrice":0,"theorPriceLimit":0,"volatility":0,"currency":"RUB","ISIN":null,"yield":null,"board":"RFUD","primary_board":"RFUD","tradingStatus":17,"tradingStatusInfo":"нормальный период торгов","complexProductCategory":"2","priceMultiplier":1,"priceShownUnits":1,"pricestep":1}
20.02.2026 11:30:18 - FileStorage - DEBUG - Получение файла C:\Users\шадрин\PycharmProjects\CenterStrikeVolatility_API\FinLabPy\Storage\..\..\Data\Alor\SPBFUT.SiH6_D1.txt
20.02.2026 11:30:18 - FileStorage - DEBUG - Первый бар    : 06.10.2025 00:00
20.02.2026 11:30:18 - FileStorage - DEBUG - Последний бар : 20.02.2026 00:00
20.02.2026 11:30:18 - FileStorage - DEBUG - Кол-во бар    : 96
20.02.2026 11:30:18 - FileStorage - DEBUG - Фильтр с 03.10.2025 11:30
20.02.2026 11:30:18 - FileStorage - DEBUG - Первый бар    : SPBFUT.SiH6 (D1) 2025-10-06 00:00:00 Open: 87.101, High: 87.638, Low: 86.591, Close: 86.731, Volume: 10858.0
20.02.2026 11:30:18 - FileStorage - DEBUG - Последний бар : SPBFUT.SiH6 (D1) 2026-02-20 00:00:00 Open: 76.23, High: 76.5, Low: 76.123, Close: 76.374, Volume: 142510.0
20.02.2026 11:30:18 - FileStorage - DEBUG - Кол-во бар    : 96
20.02.2026 11:30:19 - AlorPy - DEBUG - Запрос : /md/v2/history?exchange=MOEX&symbol=SiH6&tf=D&from=1771545600&to=1771576218&format=Simple
20.02.2026 11:30:19 - AlorPy - DEBUG - Ответ  : {"history":[{"time":1771545600,"close":76278.00000,"open":76230.00000,"high":76500.00000,"low":76123.00000,"volume":190440}],"next":null,"prev":1771459200}
20.02.2026 11:30:19 - FileStorage - DEBUG - Получение файла C:\Users\шадрин\PycharmProjects\CenterStrikeVolatility_API\FinLabPy\Storage\..\..\Data\Alor\SPBFUT.SiH6_D1.txt
20.02.2026 11:30:19 - FileStorage - DEBUG - Первый бар    : 06.10.2025 00:00
20.02.2026 11:30:19 - FileStorage - DEBUG - Последний бар : 20.02.2026 00:00
20.02.2026 11:30:19 - FileStorage - DEBUG - Кол-во бар    : 96
20.02.2026 11:30:19 - FileStorage - DEBUG - Сохранение файла C:\Users\шадрин\PycharmProjects\CenterStrikeVolatility_API\FinLabPy\Storage\..\..\Data\Alor\SPBFUT.SiH6_D1.txt
20.02.2026 11:30:19 - FileStorage - DEBUG - Первый бар    : 06.10.2025 00:00
20.02.2026 11:30:19 - FileStorage - DEBUG - Последний бар : 20.02.2026 00:00
20.02.2026 11:30:19 - FileStorage - DEBUG - Кол-во бар    : 96
20.02.2026 11:30:22 - Schedule.BarsStream - DEBUG - Текущая дата и время на бирже: 20.02.2026 11:30:22
20.02.2026 11:30:22 - Schedule.BarsStream - DEBUG - Нужно получить бар: 20.02.2026 00:00:00
20.02.2026 11:30:22 - Schedule.BarsStream - DEBUG - Время запроса бара: 23.02.2026 09:00:03
20.02.2026 11:30:22 - Schedule.BarsStream - DEBUG - Ожидание в секундах: 250181.0
20.02.2026 11:30:23 - AlorPy - DEBUG - Запрос : /md/v2/Securities/MOEX/RIM6?format=Simple
20.02.2026 11:30:23 - AlorPy - DEBUG - Ответ  : {"symbol":"RTS-6.26","shortname":"RIM6","description":"RIM6","exchange":"MOEX","market":"FORTS","type":"Фьючерсный контракт RTS-6.26","lotsize":1,"facevalue":1,"cfiCode":"FFXCSX","cancellation":"2026-06-18T00:00:00.0000000","minstep":10,"rating":665,"marginbuy":28089.37,"marginsell":28593.22,"marginrate":0,"priceMax":124620,"priceMin":108560,"theorPrice":0,"theorPriceLimit":0,"volatility":0,"currency":"USD","ISIN":null,"yield":null,"board":"RFUD","primary_board":"RFUD","tradingStatus":17,"tradingStatusInfo":"нормальный период торгов","complexProductCategory":"2","priceMultiplier":1,"priceShownUnits":1,"pricestep":15.3281}
20.02.2026 11:30:23 - FileStorage - DEBUG - Получение файла C:\Users\шадрин\PycharmProjects\CenterStrikeVolatility_API\FinLabPy\Storage\..\..\Data\Alor\SPBFUT.RIM6_D1.txt
20.02.2026 11:30:23 - FileStorage - DEBUG - Первый бар    : 04.10.2025 00:00
20.02.2026 11:30:23 - FileStorage - DEBUG - Последний бар : 20.02.2026 00:00
20.02.2026 11:30:23 - FileStorage - DEBUG - Кол-во бар    : 107
20.02.2026 11:30:23 - FileStorage - DEBUG - Фильтр с 03.10.2025 11:30
20.02.2026 11:30:23 - FileStorage - DEBUG - Первый бар    : SPBFUT.RIM6 (D1) 2025-10-04 00:00:00 Open: 101350.0, High: 101350.0, Low: 101350.0, Close: 101350.0, Volume: 1.0
20.02.2026 11:30:23 - FileStorage - DEBUG - Последний бар : SPBFUT.RIM6 (D1) 2026-02-20 00:00:00 Open: 116470.0, High: 116770.0, Low: 116290.0, Close: 116600.0, Volume: 159.0
20.02.2026 11:30:23 - FileStorage - DEBUG - Кол-во бар    : 107
20.02.2026 11:30:23 - AlorPy - DEBUG - Запрос : /md/v2/history?exchange=MOEX&symbol=RIM6&tf=D&from=1771545600&to=1771576223&format=Simple
20.02.2026 11:30:23 - AlorPy - DEBUG - Ответ  : {"history":[{"time":1771545600,"close":116850.00000,"open":116470.00000,"high":116850.00000,"low":116290.00000,"volume":160}],"next":null,"prev":1771459200}
20.02.2026 11:30:23 - FileStorage - DEBUG - Получение файла C:\Users\шадрин\PycharmProjects\CenterStrikeVolatility_API\FinLabPy\Storage\..\..\Data\Alor\SPBFUT.RIM6_D1.txt
20.02.2026 11:30:23 - FileStorage - DEBUG - Первый бар    : 04.10.2025 00:00
20.02.2026 11:30:23 - FileStorage - DEBUG - Последний бар : 20.02.2026 00:00
20.02.2026 11:30:23 - FileStorage - DEBUG - Кол-во бар    : 107
20.02.2026 11:30:23 - FileStorage - DEBUG - Сохранение файла C:\Users\шадрин\PycharmProjects\CenterStrikeVolatility_API\FinLabPy\Storage\..\..\Data\Alor\SPBFUT.RIM6_D1.txt
20.02.2026 11:30:23 - FileStorage - DEBUG - Первый бар    : 04.10.2025 00:00
20.02.2026 11:30:23 - FileStorage - DEBUG - Последний бар : 20.02.2026 00:00
20.02.2026 11:30:23 - FileStorage - DEBUG - Кол-во бар    : 107
20.02.2026 11:30:27 - Schedule.BarsStream - DEBUG - Текущая дата и время на бирже: 20.02.2026 11:30:27
20.02.2026 11:30:27 - Schedule.BarsStream - DEBUG - Нужно получить бар: 20.02.2026 00:00:00
20.02.2026 11:30:27 - Schedule.BarsStream - DEBUG - Время запроса бара: 23.02.2026 09:00:03
20.02.2026 11:30:27 - Schedule.BarsStream - DEBUG - Ожидание в секундах: 250176.0
20.02.2026 11:30:28 - AlorPy - DEBUG - Запрос : /md/v2/Securities/MOEX/SiM6?format=Simple
20.02.2026 11:30:28 - AlorPy - DEBUG - Ответ  : {"symbol":"SI-6.26","shortname":"SiM6","description":"SiM6","exchange":"MOEX","market":"FORTS","type":"Фьючерсный контракт Si-6.26","lotsize":1,"facevalue":1000,"cfiCode":"FFXCSX","cancellation":"2026-06-18T00:00:00.0000000","minstep":1,"rating":97401,"marginbuy":12103.02,"marginsell":12321.03,"marginrate":0,"priceMax":84518,"priceMin":71086,"theorPrice":0,"theorPriceLimit":0,"volatility":0,"currency":"RUB","ISIN":null,"yield":null,"board":"RFUD","primary_board":"RFUD","tradingStatus":17,"tradingStatusInfo":"нормальный период торгов","complexProductCategory":"2","priceMultiplier":1,"priceShownUnits":1,"pricestep":1}
20.02.2026 11:30:28 - FileStorage - DEBUG - Получение файла C:\Users\шадрин\PycharmProjects\CenterStrikeVolatility_API\FinLabPy\Storage\..\..\Data\Alor\SPBFUT.SiM6_D1.txt
20.02.2026 11:30:28 - FileStorage - DEBUG - Первый бар    : 06.10.2025 00:00
20.02.2026 11:30:28 - FileStorage - DEBUG - Последний бар : 20.02.2026 00:00
20.02.2026 11:30:28 - FileStorage - DEBUG - Кол-во бар    : 96
20.02.2026 11:30:28 - FileStorage - DEBUG - Фильтр с 03.10.2025 11:30
20.02.2026 11:30:28 - FileStorage - DEBUG - Первый бар    : SPBFUT.SiM6 (D1) 2025-10-06 00:00:00 Open: 89.804, High: 90.272, Low: 89.304, Close: 89.513, Volume: 322.0
20.02.2026 11:30:28 - FileStorage - DEBUG - Последний бар : SPBFUT.SiM6 (D1) 2026-02-20 00:00:00 Open: 77.91, High: 78.015, Low: 77.77, Close: 77.932, Volume: 21191.0
20.02.2026 11:30:28 - FileStorage - DEBUG - Кол-во бар    : 96
20.02.2026 11:30:28 - AlorPy - DEBUG - Запрос : /md/v2/history?exchange=MOEX&symbol=SiM6&tf=D&from=1771545600&to=1771576228&format=Simple
20.02.2026 11:30:28 - AlorPy - DEBUG - Ответ  : {"history":[{"time":1771545600,"close":77826.00000,"open":77910.00000,"high":78015.00000,"low":77770.00000,"volume":24428}],"next":null,"prev":1771459200}
20.02.2026 11:30:28 - FileStorage - DEBUG - Получение файла C:\Users\шадрин\PycharmProjects\CenterStrikeVolatility_API\FinLabPy\Storage\..\..\Data\Alor\SPBFUT.SiM6_D1.txt
20.02.2026 11:30:28 - FileStorage - DEBUG - Первый бар    : 06.10.2025 00:00
20.02.2026 11:30:28 - FileStorage - DEBUG - Последний бар : 20.02.2026 00:00
20.02.2026 11:30:28 - FileStorage - DEBUG - Кол-во бар    : 96
20.02.2026 11:30:28 - FileStorage - DEBUG - Сохранение файла C:\Users\шадрин\PycharmProjects\CenterStrikeVolatility_API\FinLabPy\Storage\..\..\Data\Alor\SPBFUT.SiM6_D1.txt
20.02.2026 11:30:28 - FileStorage - DEBUG - Первый бар    : 06.10.2025 00:00
20.02.2026 11:30:28 - FileStorage - DEBUG - Последний бар : 20.02.2026 00:00
20.02.2026 11:30:28 - FileStorage - DEBUG - Кол-во бар    : 96
20.02.2026 11:30:32 - Schedule.BarsStream - DEBUG - Текущая дата и время на бирже: 20.02.2026 11:30:32
20.02.2026 11:30:32 - Schedule.BarsStream - DEBUG - Нужно получить бар: 20.02.2026 00:00:00
20.02.2026 11:30:32 - Schedule.BarsStream - DEBUG - Время запроса бара: 23.02.2026 09:00:03
20.02.2026 11:30:32 - Schedule.BarsStream - DEBUG - Ожидание в секундах: 250171.0
20.02.2026 11:30:33 - AlorPy - DEBUG - Запрос : /md/v2/Securities/MOEX/SRH6?format=Simple
20.02.2026 11:30:33 - AlorPy - DEBUG - Ответ  : {"symbol":"SBRF-3.26","shortname":"SRH6","description":"SRH6","exchange":"MOEX","market":"FORTS","type":"Фьючерсный контракт SBRF-3.26","lotsize":1,"facevalue":100,"cfiCode":"FFXPSX","cancellation":"2026-03-20T00:00:00.0000000","minstep":1,"rating":155335,"marginbuy":5522.45,"marginsell":5605.95,"marginrate":0,"priceMax":34508,"priceMin":28944,"theorPrice":0,"theorPriceLimit":0,"volatility":0,"currency":"RUB","ISIN":null,"yield":null,"board":"RFUD","primary_board":"RFUD","tradingStatus":17,"tradingStatusInfo":"нормальный период торгов","complexProductCategory":"2","priceMultiplier":1,"priceShownUnits":1,"pricestep":1}
20.02.2026 11:30:33 - FileStorage - DEBUG - Получение файла C:\Users\шадрин\PycharmProjects\CenterStrikeVolatility_API\FinLabPy\Storage\..\..\Data\Alor\SPBFUT.SRH6_D1.txt
20.02.2026 11:30:33 - FileStorage - DEBUG - Первый бар    : 04.10.2025 00:00
20.02.2026 11:30:33 - FileStorage - DEBUG - Последний бар : 20.02.2026 00:00
20.02.2026 11:30:33 - FileStorage - DEBUG - Кол-во бар    : 122
20.02.2026 11:30:33 - FileStorage - DEBUG - Фильтр с 03.10.2025 11:30
20.02.2026 11:30:33 - FileStorage - DEBUG - Первый бар    : SPBFUT.SRH6 (D1) 2025-10-04 00:00:00 Open: 305.03, High: 305.03, Low: 302.3, Close: 302.79, Volume: 102.0
20.02.2026 11:30:33 - FileStorage - DEBUG - Последний бар : SPBFUT.SRH6 (D1) 2026-02-20 00:00:00 Open: 317.03, High: 317.76, Low: 316.93, Close: 317.46, Volume: 10974.0
20.02.2026 11:30:33 - FileStorage - DEBUG - Кол-во бар    : 122
20.02.2026 11:30:33 - AlorPy - DEBUG - Запрос : /md/v2/history?exchange=MOEX&symbol=SRH6&tf=D&from=1771545600&to=1771576233&format=Simple
20.02.2026 11:30:33 - AlorPy - DEBUG - Ответ  : {"history":[{"time":1771545600,"close":31761.00000,"open":31703.00000,"high":31776.00000,"low":31693.00000,"volume":12489}],"next":null,"prev":1771459200}
20.02.2026 11:30:33 - FileStorage - DEBUG - Получение файла C:\Users\шадрин\PycharmProjects\CenterStrikeVolatility_API\FinLabPy\Storage\..\..\Data\Alor\SPBFUT.SRH6_D1.txt
20.02.2026 11:30:33 - FileStorage - DEBUG - Первый бар    : 04.10.2025 00:00
20.02.2026 11:30:33 - FileStorage - DEBUG - Последний бар : 20.02.2026 00:00
20.02.2026 11:30:33 - FileStorage - DEBUG - Кол-во бар    : 122
20.02.2026 11:30:33 - FileStorage - DEBUG - Сохранение файла C:\Users\шадрин\PycharmProjects\CenterStrikeVolatility_API\FinLabPy\Storage\..\..\Data\Alor\SPBFUT.SRH6_D1.txt
20.02.2026 11:30:33 - FileStorage - DEBUG - Первый бар    : 04.10.2025 00:00
20.02.2026 11:30:33 - FileStorage - DEBUG - Последний бар : 20.02.2026 00:00
20.02.2026 11:30:33 - FileStorage - DEBUG - Кол-во бар    : 122
20.02.2026 11:30:37 - Schedule.BarsStream - DEBUG - Текущая дата и время на бирже: 20.02.2026 11:30:37
20.02.2026 11:30:37 - Schedule.BarsStream - DEBUG - Нужно получить бар: 20.02.2026 00:00:00
20.02.2026 11:30:37 - Schedule.BarsStream - DEBUG - Время запроса бара: 23.02.2026 09:00:03
20.02.2026 11:30:37 - Schedule.BarsStream - DEBUG - Ожидание в секундах: 250166.0
20.02.2026 11:30:38 - AlorPy - DEBUG - Запрос : /md/v2/Securities/MOEX/SRM6?format=Simple
20.02.2026 11:30:38 - AlorPy - DEBUG - Ответ  : {"symbol":"SBRF-6.26","shortname":"SRM6","description":"SRM6","exchange":"MOEX","market":"FORTS","type":"Фьючерсный контракт SBRF-6.26","lotsize":1,"facevalue":100,"cfiCode":"FFXPSX","cancellation":"2026-06-19T00:00:00.0000000","minstep":1,"rating":3895,"marginbuy":6068.2,"marginsell":6315.42,"marginrate":0,"priceMax":35782,"priceMin":29748,"theorPrice":0,"theorPriceLimit":0,"volatility":0,"currency":"RUB","ISIN":null,"yield":null,"board":"RFUD","primary_board":"RFUD","tradingStatus":17,"tradingStatusInfo":"нормальный период торгов","complexProductCategory":"2","priceMultiplier":1,"priceShownUnits":1,"pricestep":1}
20.02.2026 11:30:38 - FileStorage - DEBUG - Получение файла C:\Users\шадрин\PycharmProjects\CenterStrikeVolatility_API\FinLabPy\Storage\..\..\Data\Alor\SPBFUT.SRM6_D1.txt
20.02.2026 11:30:38 - FileStorage - DEBUG - Первый бар    : 04.10.2025 00:00
20.02.2026 11:30:38 - FileStorage - DEBUG - Последний бар : 20.02.2026 00:00
20.02.2026 11:30:38 - FileStorage - DEBUG - Кол-во бар    : 116
20.02.2026 11:30:38 - FileStorage - DEBUG - Фильтр с 03.10.2025 11:30
20.02.2026 11:30:38 - FileStorage - DEBUG - Первый бар    : SPBFUT.SRM6 (D1) 2025-10-04 00:00:00 Open: 314.01, High: 315.32, Low: 313.37, Close: 313.37, Volume: 3.0
20.02.2026 11:30:38 - FileStorage - DEBUG - Последний бар : SPBFUT.SRM6 (D1) 2026-02-20 00:00:00 Open: 327.7, High: 328.4, Low: 327.62, Close: 328.15, Volume: 378.0
20.02.2026 11:30:38 - FileStorage - DEBUG - Кол-во бар    : 116
20.02.2026 11:30:38 - AlorPy - DEBUG - Запрос : /md/v2/history?exchange=MOEX&symbol=SRM6&tf=D&from=1771545600&to=1771576238&format=Simple
20.02.2026 11:30:38 - AlorPy - DEBUG - Ответ  : {"history":[{"time":1771545600,"close":32824.00000,"open":32770.00000,"high":32840.00000,"low":32762.00000,"volume":409}],"next":null,"prev":1771459200}
20.02.2026 11:30:38 - FileStorage - DEBUG - Получение файла C:\Users\шадрин\PycharmProjects\CenterStrikeVolatility_API\FinLabPy\Storage\..\..\Data\Alor\SPBFUT.SRM6_D1.txt
20.02.2026 11:30:38 - FileStorage - DEBUG - Первый бар    : 04.10.2025 00:00
20.02.2026 11:30:38 - FileStorage - DEBUG - Последний бар : 20.02.2026 00:00
20.02.2026 11:30:38 - FileStorage - DEBUG - Кол-во бар    : 116
20.02.2026 11:30:38 - FileStorage - DEBUG - Сохранение файла C:\Users\шадрин\PycharmProjects\CenterStrikeVolatility_API\FinLabPy\Storage\..\..\Data\Alor\SPBFUT.SRM6_D1.txt
20.02.2026 11:30:38 - FileStorage - DEBUG - Первый бар    : 04.10.2025 00:00
20.02.2026 11:30:38 - FileStorage - DEBUG - Последний бар : 20.02.2026 00:00
20.02.2026 11:30:38 - FileStorage - DEBUG - Кол-во бар    : 116
20.02.2026 11:30:42 - FileStorage - DEBUG - Получение файла C:\Users\шадрин\PycharmProjects\CenterStrikeVolatility_API\FinLabPy\Storage\..\..\Data\Alor\SPBFUT.RIH6_M15.txt
20.02.2026 11:30:42 - FileStorage - DEBUG - Первый бар    : 03.10.2025 10:45
20.02.2026 11:30:42 - FileStorage - DEBUG - Последний бар : 20.02.2026 10:30
20.02.2026 11:30:42 - FileStorage - DEBUG - Кол-во бар    : 5606
20.02.2026 11:30:42 - FileStorage - DEBUG - Фильтр с 03.10.2025 11:30
20.02.2026 11:30:42 - FileStorage - DEBUG - Первый бар    : SPBFUT.RIH6 (M15) 2025-10-03 11:45:00 Open: 103430.0, High: 103430.0, Low: 103430.0, Close: 103430.0, Volume: 1.0
20.02.2026 11:30:42 - FileStorage - DEBUG - Последний бар : SPBFUT.RIH6 (M15) 2026-02-20 10:30:00 Open: 116140.0, High: 116190.0, Low: 116010.0, Close: 116030.0, Volume: 790.0
20.02.2026 11:30:42 - FileStorage - DEBUG - Кол-во бар    : 5603
20.02.2026 11:30:43 - AlorPy - DEBUG - Запрос : /md/v2/history?exchange=MOEX&symbol=RIH6&tf=900&from=1771572600&to=1771576242&format=Simple
20.02.2026 11:30:43 - AlorPy - DEBUG - Ответ  : {"history":[{"time":1771572600,"close":116040.00000,"open":116140.00000,"high":116190.00000,"low":116010.00000,"volume":916},{"time":1771573500,"close":116090.00000,"open":116030.00000,"high":116110.00000,"low":115980.00000,"volume":697},{"time":1771574400,"close":116180.00000,"open":116090.00000,"high":116230.00000,"low":116000.00000,"volume":909},{"time":1771575300,"close":116370.00000,"open":116190.00000,"high":116440.00000,"low":116150.00000,"volume":1614},{"time":1771576200,"close":116370.00000,"open":116360.00000,"high":116370.00000,"low":116340.00000,"volume":37}],"next":null,"prev":1771570800}
20.02.2026 11:30:43 - FileStorage - DEBUG - Получение файла C:\Users\шадрин\PycharmProjects\CenterStrikeVolatility_API\FinLabPy\Storage\..\..\Data\Alor\SPBFUT.RIH6_M15.txt
20.02.2026 11:30:43 - FileStorage - DEBUG - Первый бар    : 03.10.2025 10:45
20.02.2026 11:30:43 - FileStorage - DEBUG - Последний бар : 20.02.2026 10:30
20.02.2026 11:30:43 - FileStorage - DEBUG - Кол-во бар    : 5606
20.02.2026 11:30:43 - FileStorage - DEBUG - Сохранение файла C:\Users\шадрин\PycharmProjects\CenterStrikeVolatility_API\FinLabPy\Storage\..\..\Data\Alor\SPBFUT.RIH6_M15.txt
20.02.2026 11:30:44 - FileStorage - DEBUG - Первый бар    : 03.10.2025 10:45
20.02.2026 11:30:44 - FileStorage - DEBUG - Последний бар : 20.02.2026 11:30
20.02.2026 11:30:44 - FileStorage - DEBUG - Кол-во бар    : 5610
20.02.2026 11:30:45 - FileStorage - DEBUG - Получение файла C:\Users\шадрин\PycharmProjects\CenterStrikeVolatility_API\FinLabPy\Storage\..\..\Data\Alor\SPBFUT.SiH6_M15.txt
20.02.2026 11:30:45 - FileStorage - DEBUG - Первый бар    : 03.10.2025 10:30
20.02.2026 11:30:45 - FileStorage - DEBUG - Последний бар : 20.02.2026 10:30
20.02.2026 11:30:45 - FileStorage - DEBUG - Кол-во бар    : 5786
20.02.2026 11:30:45 - FileStorage - DEBUG - Фильтр с 03.10.2025 11:30
20.02.2026 11:30:45 - FileStorage - DEBUG - Первый бар    : SPBFUT.SiH6 (M15) 2025-10-03 11:45:00 Open: 85.842, High: 85.942, Low: 85.84, Close: 85.942, Volume: 127.0
20.02.2026 11:30:45 - FileStorage - DEBUG - Последний бар : SPBFUT.SiH6 (M15) 2026-02-20 10:30:00 Open: 76.439, High: 76.45, Low: 76.386, Close: 76.437, Volume: 12920.0
20.02.2026 11:30:45 - FileStorage - DEBUG - Кол-во бар    : 5781
20.02.2026 11:30:46 - AlorPy - DEBUG - Запрос : /md/v2/history?exchange=MOEX&symbol=SiH6&tf=900&from=1771572600&to=1771576245&format=Simple
20.02.2026 11:30:46 - AlorPy - DEBUG - Ответ  : {"history":[{"time":1771572600,"close":76437.00000,"open":76439.00000,"high":76479.00000,"low":76386.00000,"volume":17600},{"time":1771573500,"close":76377.00000,"open":76434.00000,"high":76469.00000,"low":76365.00000,"volume":17323},{"time":1771574400,"close":76375.00000,"open":76378.00000,"high":76466.00000,"low":76345.00000,"volume":26854},{"time":1771575300,"close":76280.00000,"open":76375.00000,"high":76385.00000,"low":76241.00000,"volume":47589},{"time":1771576200,"close":76302.00000,"open":76281.00000,"high":76310.00000,"low":76270.00000,"volume":4970}],"next":null,"prev":1771570800}
20.02.2026 11:30:46 - FileStorage - DEBUG - Получение файла C:\Users\шадрин\PycharmProjects\CenterStrikeVolatility_API\FinLabPy\Storage\..\..\Data\Alor\SPBFUT.SiH6_M15.txt
20.02.2026 11:30:46 - FileStorage - DEBUG - Первый бар    : 03.10.2025 10:30
20.02.2026 11:30:46 - FileStorage - DEBUG - Последний бар : 20.02.2026 10:30
20.02.2026 11:30:46 - FileStorage - DEBUG - Кол-во бар    : 5786
20.02.2026 11:30:46 - FileStorage - DEBUG - Сохранение файла C:\Users\шадрин\PycharmProjects\CenterStrikeVolatility_API\FinLabPy\Storage\..\..\Data\Alor\SPBFUT.SiH6_M15.txt
20.02.2026 11:30:46 - FileStorage - DEBUG - Первый бар    : 03.10.2025 10:30
20.02.2026 11:30:46 - FileStorage - DEBUG - Последний бар : 20.02.2026 11:30
20.02.2026 11:30:46 - FileStorage - DEBUG - Кол-во бар    : 5790
20.02.2026 11:30:47 - FileStorage - DEBUG - Получение файла C:\Users\шадрин\PycharmProjects\CenterStrikeVolatility_API\FinLabPy\Storage\..\..\Data\Alor\SPBFUT.RIM6_M15.txt
20.02.2026 11:30:47 - FileStorage - DEBUG - Первый бар    : 03.10.2025 12:15
20.02.2026 11:30:47 - FileStorage - DEBUG - Последний бар : 20.02.2026 10:30
20.02.2026 11:30:47 - FileStorage - DEBUG - Кол-во бар    : 1812
20.02.2026 11:30:48 - FileStorage - DEBUG - Фильтр с 03.10.2025 11:30
20.02.2026 11:30:48 - FileStorage - DEBUG - Первый бар    : SPBFUT.RIM6 (M15) 2025-10-03 12:15:00 Open: 104000.0, High: 104000.0, Low: 104000.0, Close: 104000.0, Volume: 2.0
20.02.2026 11:30:48 - FileStorage - DEBUG - Последний бар : SPBFUT.RIM6 (M15) 2026-02-20 10:30:00 Open: 116610.0, High: 116610.0, Low: 116500.0, Close: 116500.0, Volume: 3.0
20.02.2026 11:30:48 - FileStorage - DEBUG - Кол-во бар    : 1812
20.02.2026 11:30:48 - AlorPy - DEBUG - Запрос : /md/v2/history?exchange=MOEX&symbol=RIM6&tf=900&from=1771572600&to=1771576248&format=Simple
20.02.2026 11:30:48 - AlorPy - DEBUG - Ответ  : {"history":[{"time":1771572600,"close":116500.00000,"open":116610.00000,"high":116610.00000,"low":116500.00000,"volume":3},{"time":1771573500,"close":116500.00000,"open":116470.00000,"high":116740.00000,"low":116360.00000,"volume":96},{"time":1771574400,"close":116600.00000,"open":116610.00000,"high":116610.00000,"low":116600.00000,"volume":2},{"time":1771575300,"close":116850.00000,"open":116850.00000,"high":116850.00000,"low":116850.00000,"volume":1}],"next":null,"prev":1771570800}
20.02.2026 11:30:48 - FileStorage - DEBUG - Получение файла C:\Users\шадрин\PycharmProjects\CenterStrikeVolatility_API\FinLabPy\Storage\..\..\Data\Alor\SPBFUT.RIM6_M15.txt
20.02.2026 11:30:48 - FileStorage - DEBUG - Первый бар    : 03.10.2025 12:15
20.02.2026 11:30:48 - FileStorage - DEBUG - Последний бар : 20.02.2026 10:30
20.02.2026 11:30:48 - FileStorage - DEBUG - Кол-во бар    : 1812
20.02.2026 11:30:48 - FileStorage - DEBUG - Сохранение файла C:\Users\шадрин\PycharmProjects\CenterStrikeVolatility_API\FinLabPy\Storage\..\..\Data\Alor\SPBFUT.RIM6_M15.txt
20.02.2026 11:30:48 - FileStorage - DEBUG - Первый бар    : 03.10.2025 12:15
20.02.2026 11:30:48 - FileStorage - DEBUG - Последний бар : 20.02.2026 11:15
20.02.2026 11:30:48 - FileStorage - DEBUG - Кол-во бар    : 1815
20.02.2026 11:30:49 - FileStorage - DEBUG - Получение файла C:\Users\шадрин\PycharmProjects\CenterStrikeVolatility_API\FinLabPy\Storage\..\..\Data\Alor\SPBFUT.SiM6_M15.txt
20.02.2026 11:30:50 - FileStorage - DEBUG - Первый бар    : 03.10.2025 10:45
20.02.2026 11:30:50 - FileStorage - DEBUG - Последний бар : 20.02.2026 10:30
20.02.2026 11:30:50 - FileStorage - DEBUG - Кол-во бар    : 4753
20.02.2026 11:30:50 - FileStorage - DEBUG - Фильтр с 03.10.2025 11:30
20.02.2026 11:30:50 - FileStorage - DEBUG - Первый бар    : SPBFUT.SiM6 (M15) 2025-10-03 12:00:00 Open: 88.69, High: 88.7, Low: 88.69, Close: 88.7, Volume: 2.0
20.02.2026 11:30:50 - FileStorage - DEBUG - Последний бар : SPBFUT.SiM6 (M15) 2026-02-20 10:30:00 Open: 77.97, High: 77.98, Low: 77.899, Close: 77.962, Volume: 2285.0
20.02.2026 11:30:50 - FileStorage - DEBUG - Кол-во бар    : 4751
20.02.2026 11:30:51 - AlorPy - DEBUG - Запрос : /md/v2/history?exchange=MOEX&symbol=SiM6&tf=900&from=1771572600&to=1771576250&format=Simple
20.02.2026 11:30:51 - AlorPy - DEBUG - Ответ  : {"history":[{"time":1771572600,"close":77963.00000,"open":77970.00000,"high":77990.00000,"low":77899.00000,"volume":2894},{"time":1771573500,"close":77898.00000,"open":77946.00000,"high":77977.00000,"low":77892.00000,"volume":5064},{"time":1771574400,"close":77940.00000,"open":77899.00000,"high":77989.00000,"low":77894.00000,"volume":4400},{"time":1771575300,"close":77830.00000,"open":77940.00000,"high":77954.00000,"low":77800.00000,"volume":3771},{"time":1771576200,"close":77828.00000,"open":77832.00000,"high":77850.00000,"low":77821.00000,"volume":120}],"next":null,"prev":1771570800}
20.02.2026 11:30:51 - FileStorage - DEBUG - Получение файла C:\Users\шадрин\PycharmProjects\CenterStrikeVolatility_API\FinLabPy\Storage\..\..\Data\Alor\SPBFUT.SiM6_M15.txt
20.02.2026 11:30:51 - FileStorage - DEBUG - Первый бар    : 03.10.2025 10:45
20.02.2026 11:30:51 - FileStorage - DEBUG - Последний бар : 20.02.2026 10:30
20.02.2026 11:30:51 - FileStorage - DEBUG - Кол-во бар    : 4753
20.02.2026 11:30:51 - FileStorage - DEBUG - Сохранение файла C:\Users\шадрин\PycharmProjects\CenterStrikeVolatility_API\FinLabPy\Storage\..\..\Data\Alor\SPBFUT.SiM6_M15.txt
20.02.2026 11:30:51 - FileStorage - DEBUG - Первый бар    : 03.10.2025 10:45
20.02.2026 11:30:51 - FileStorage - DEBUG - Последний бар : 20.02.2026 11:30
20.02.2026 11:30:51 - FileStorage - DEBUG - Кол-во бар    : 4757
20.02.2026 11:30:52 - FileStorage - DEBUG - Получение файла C:\Users\шадрин\PycharmProjects\CenterStrikeVolatility_API\FinLabPy\Storage\..\..\Data\Alor\SPBFUT.SRH6_M15.txt
20.02.2026 11:30:52 - FileStorage - DEBUG - Первый бар    : 03.10.2025 10:30
20.02.2026 11:30:52 - FileStorage - DEBUG - Последний бар : 20.02.2026 10:30
20.02.2026 11:30:52 - FileStorage - DEBUG - Кол-во бар    : 5907
20.02.2026 11:30:52 - FileStorage - DEBUG - Фильтр с 03.10.2025 11:30
20.02.2026 11:30:52 - FileStorage - DEBUG - Первый бар    : SPBFUT.SRH6 (M15) 2025-10-03 11:45:00 Open: 309.0, High: 309.0, Low: 308.82, Close: 308.82, Volume: 4.0
20.02.2026 11:30:52 - FileStorage - DEBUG - Последний бар : SPBFUT.SRH6 (M15) 2026-02-20 10:30:00 Open: 317.61, High: 317.76, Low: 317.46, Close: 317.56, Volume: 755.0
20.02.2026 11:30:52 - FileStorage - DEBUG - Кол-во бар    : 5904
20.02.2026 11:30:53 - AlorPy - DEBUG - Запрос : /md/v2/history?exchange=MOEX&symbol=SRH6&tf=900&from=1771572600&to=1771576252&format=Simple
20.02.2026 11:30:53 - AlorPy - DEBUG - Ответ  : {"history":[{"time":1771572600,"close":31754.00000,"open":31761.00000,"high":31776.00000,"low":31746.00000,"volume":817},{"time":1771573500,"close":31727.00000,"open":31755.00000,"high":31759.00000,"low":31725.00000,"volume":858},{"time":1771574400,"close":31749.00000,"open":31727.00000,"high":31749.00000,"low":31727.00000,"volume":514},{"time":1771575300,"close":31760.00000,"open":31750.00000,"high":31771.00000,"low":31746.00000,"volume":1608},{"time":1771576200,"close":31772.00000,"open":31761.00000,"high":31772.00000,"low":31760.00000,"volume":23}],"next":null,"prev":1771570800}
20.02.2026 11:30:53 - FileStorage - DEBUG - Получение файла C:\Users\шадрин\PycharmProjects\CenterStrikeVolatility_API\FinLabPy\Storage\..\..\Data\Alor\SPBFUT.SRH6_M15.txt
20.02.2026 11:30:53 - FileStorage - DEBUG - Первый бар    : 03.10.2025 10:30
20.02.2026 11:30:53 - FileStorage - DEBUG - Последний бар : 20.02.2026 10:30
20.02.2026 11:30:53 - FileStorage - DEBUG - Кол-во бар    : 5907
20.02.2026 11:30:54 - FileStorage - DEBUG - Сохранение файла C:\Users\шадрин\PycharmProjects\CenterStrikeVolatility_API\FinLabPy\Storage\..\..\Data\Alor\SPBFUT.SRH6_M15.txt
20.02.2026 11:30:54 - FileStorage - DEBUG - Первый бар    : 03.10.2025 10:30
20.02.2026 11:30:54 - FileStorage - DEBUG - Последний бар : 20.02.2026 11:30
20.02.2026 11:30:54 - FileStorage - DEBUG - Кол-во бар    : 5911
20.02.2026 11:30:55 - FileStorage - DEBUG - Получение файла C:\Users\шадрин\PycharmProjects\CenterStrikeVolatility_API\FinLabPy\Storage\..\..\Data\Alor\SPBFUT.SRM6_M15.txt
20.02.2026 11:30:55 - FileStorage - DEBUG - Первый бар    : 03.10.2025 10:45
20.02.2026 11:30:55 - FileStorage - DEBUG - Последний бар : 20.02.2026 10:30
20.02.2026 11:30:55 - FileStorage - DEBUG - Кол-во бар    : 2308
20.02.2026 11:30:55 - FileStorage - DEBUG - Фильтр с 03.10.2025 11:30
20.02.2026 11:30:55 - FileStorage - DEBUG - Первый бар    : SPBFUT.SRM6 (M15) 2025-10-04 12:00:00 Open: 314.01, High: 315.32, Low: 314.01, Close: 315.32, Volume: 2.0
20.02.2026 11:30:55 - FileStorage - DEBUG - Последний бар : SPBFUT.SRM6 (M15) 2026-02-20 10:30:00 Open: 328.4, High: 328.4, Low: 328.15, Close: 328.15, Volume: 11.0
20.02.2026 11:30:55 - FileStorage - DEBUG - Кол-во бар    : 2307
20.02.2026 11:30:56 - AlorPy - DEBUG - Запрос : /md/v2/history?exchange=MOEX&symbol=SRM6&tf=900&from=1771572600&to=1771576255&format=Simple
20.02.2026 11:30:56 - AlorPy - DEBUG - Ответ  : {"history":[{"time":1771572600,"close":32815.00000,"open":32840.00000,"high":32840.00000,"low":32815.00000,"volume":11},{"time":1771573500,"close":32800.00000,"open":32804.00000,"high":32804.00000,"low":32798.00000,"volume":8},{"time":1771574400,"close":32798.00000,"open":32798.00000,"high":32798.00000,"low":32798.00000,"volume":3},{"time":1771575300,"close":32824.00000,"open":32824.00000,"high":32828.00000,"low":32819.00000,"volume":20}],"next":null,"prev":1771570800}
20.02.2026 11:30:56 - FileStorage - DEBUG - Получение файла C:\Users\шадрин\PycharmProjects\CenterStrikeVolatility_API\FinLabPy\Storage\..\..\Data\Alor\SPBFUT.SRM6_M15.txt
20.02.2026 11:30:56 - FileStorage - DEBUG - Первый бар    : 03.10.2025 10:45
20.02.2026 11:30:56 - FileStorage - DEBUG - Последний бар : 20.02.2026 10:30
20.02.2026 11:30:56 - FileStorage - DEBUG - Кол-во бар    : 2308
20.02.2026 11:30:56 - FileStorage - DEBUG - Сохранение файла C:\Users\шадрин\PycharmProjects\CenterStrikeVolatility_API\FinLabPy\Storage\..\..\Data\Alor\SPBFUT.SRM6_M15.txt
20.02.2026 11:30:56 - FileStorage - DEBUG - Первый бар    : 03.10.2025 10:45
20.02.2026 11:30:56 - FileStorage - DEBUG - Последний бар : 20.02.2026 11:15
20.02.2026 11:30:56 - FileStorage - DEBUG - Кол-во бар    : 2311
20.02.2026 11:33:24 - Schedule.BarsStream - DEBUG - Текущая дата и время на бирже: 20.02.2026 11:33:24
20.02.2026 11:33:24 - Schedule.BarsStream - DEBUG - Нужно получить бар: 20.02.2026 00:00:00
20.02.2026 11:33:24 - Schedule.BarsStream - DEBUG - Время запроса бара: 23.02.2026 09:00:03
20.02.2026 11:33:24 - Schedule.BarsStream - DEBUG - Ожидание в секундах: 249999.0
20.02.2026 11:33:24 - AlorPy - DEBUG - Запрос : /md/v2/Securities/MOEX/RIH6?format=Simple
20.02.2026 11:33:24 - AlorPy - DEBUG - Ответ  : {"symbol":"RTS-3.26","shortname":"RIH6","description":"RIH6","exchange":"MOEX","market":"FORTS","type":"Фьючерсный контракт RTS-3.26","lotsize":1,"facevalue":1,"cfiCode":"FFXCSX","cancellation":"2026-03-19T00:00:00.0000000","minstep":10,"rating":73665,"marginbuy":27239.99,"marginsell":27478.82,"marginrate":0,"priceMax":123930,"priceMin":108410,"theorPrice":0,"theorPriceLimit":0,"volatility":0,"currency":"USD","ISIN":null,"yield":null,"board":"RFUD","primary_board":"RFUD","tradingStatus":17,"tradingStatusInfo":"нормальный период торгов","complexProductCategory":"2","priceMultiplier":1,"priceShownUnits":1,"pricestep":15.3281}
20.02.2026 11:33:24 - FileStorage - DEBUG - Получение файла C:\Users\шадрин\PycharmProjects\CenterStrikeVolatility_API\FinLabPy\Storage\..\..\Data\Alor\SPBFUT.RIH6_D1.txt
20.02.2026 11:33:24 - FileStorage - DEBUG - Первый бар    : 04.10.2025 00:00
20.02.2026 11:33:24 - FileStorage - DEBUG - Последний бар : 20.02.2026 00:00
20.02.2026 11:33:24 - FileStorage - DEBUG - Кол-во бар    : 122
20.02.2026 11:33:24 - FileStorage - DEBUG - Фильтр с 03.10.2025 11:33
20.02.2026 11:33:24 - FileStorage - DEBUG - Первый бар    : SPBFUT.RIH6 (D1) 2025-10-04 00:00:00 Open: 100060.0, High: 100060.0, Low: 98820.0, Close: 99270.0, Volume: 83.0
20.02.2026 11:33:24 - FileStorage - DEBUG - Последний бар : SPBFUT.RIH6 (D1) 2026-02-20 00:00:00 Open: 116130.0, High: 116440.0, Low: 115810.0, Close: 116350.0, Volume: 9748.0
20.02.2026 11:33:24 - FileStorage - DEBUG - Кол-во бар    : 122
20.02.2026 11:33:25 - AlorPy - DEBUG - Запрос : /md/v2/history?exchange=MOEX&symbol=RIH6&tf=D&from=1771545600&to=1771576404&format=Simple
20.02.2026 11:33:25 - AlorPy - DEBUG - Ответ  : {"history":[{"time":1771545600,"close":116320.00000,"open":116130.00000,"high":116440.00000,"low":115810.00000,"volume":9894}],"next":null,"prev":1771459200}
20.02.2026 11:33:25 - FileStorage - DEBUG - Получение файла C:\Users\шадрин\PycharmProjects\CenterStrikeVolatility_API\FinLabPy\Storage\..\..\Data\Alor\SPBFUT.RIH6_D1.txt
20.02.2026 11:33:25 - FileStorage - DEBUG - Первый бар    : 04.10.2025 00:00
20.02.2026 11:33:25 - FileStorage - DEBUG - Последний бар : 20.02.2026 00:00
20.02.2026 11:33:25 - FileStorage - DEBUG - Кол-во бар    : 122
20.02.2026 11:33:25 - FileStorage - DEBUG - Сохранение файла C:\Users\шадрин\PycharmProjects\CenterStrikeVolatility_API\FinLabPy\Storage\..\..\Data\Alor\SPBFUT.RIH6_D1.txt
20.02.2026 11:33:25 - FileStorage - DEBUG - Первый бар    : 04.10.2025 00:00
20.02.2026 11:33:25 - FileStorage - DEBUG - Последний бар : 20.02.2026 00:00
20.02.2026 11:33:25 - FileStorage - DEBUG - Кол-во бар    : 122
20.02.2026 11:33:29 - Schedule.BarsStream - DEBUG - Текущая дата и время на бирже: 20.02.2026 11:33:29
20.02.2026 11:33:29 - Schedule.BarsStream - DEBUG - Нужно получить бар: 20.02.2026 00:00:00
20.02.2026 11:33:29 - Schedule.BarsStream - DEBUG - Время запроса бара: 23.02.2026 09:00:03
20.02.2026 11:33:29 - Schedule.BarsStream - DEBUG - Ожидание в секундах: 249994.0
20.02.2026 11:33:29 - AlorPy - DEBUG - Запрос : /md/v2/Securities/MOEX/SiH6?format=Simple
20.02.2026 11:33:29 - AlorPy - DEBUG - Ответ  : {"symbol":"SI-3.26","shortname":"SiH6","description":"SiH6","exchange":"MOEX","market":"FORTS","type":"Фьючерсный контракт Si-3.26","lotsize":1,"facevalue":1000,"cfiCode":"FFXCSX","cancellation":"2026-03-19T00:00:00.0000000","minstep":1,"rating":949564,"marginbuy":11782.55,"marginsell":11886.1,"marginrate":0,"priceMax":82691,"priceMin":69675,"theorPrice":0,"theorPriceLimit":0,"volatility":0,"currency":"RUB","ISIN":null,"yield":null,"board":"RFUD","primary_board":"RFUD","tradingStatus":17,"tradingStatusInfo":"нормальный период торгов","complexProductCategory":"2","priceMultiplier":1,"priceShownUnits":1,"pricestep":1}
20.02.2026 11:33:29 - FileStorage - DEBUG - Получение файла C:\Users\шадрин\PycharmProjects\CenterStrikeVolatility_API\FinLabPy\Storage\..\..\Data\Alor\SPBFUT.SiH6_D1.txt
20.02.2026 11:33:29 - FileStorage - DEBUG - Первый бар    : 06.10.2025 00:00
20.02.2026 11:33:29 - FileStorage - DEBUG - Последний бар : 20.02.2026 00:00
20.02.2026 11:33:29 - FileStorage - DEBUG - Кол-во бар    : 96
20.02.2026 11:33:29 - FileStorage - DEBUG - Фильтр с 03.10.2025 11:33
20.02.2026 11:33:29 - FileStorage - DEBUG - Первый бар    : SPBFUT.SiH6 (D1) 2025-10-06 00:00:00 Open: 87.101, High: 87.638, Low: 86.591, Close: 86.731, Volume: 10858.0
20.02.2026 11:33:29 - FileStorage - DEBUG - Последний бар : SPBFUT.SiH6 (D1) 2026-02-20 00:00:00 Open: 76.23, High: 76.5, Low: 76.123, Close: 76.278, Volume: 190440.0
20.02.2026 11:33:29 - FileStorage - DEBUG - Кол-во бар    : 96
20.02.2026 11:33:30 - AlorPy - DEBUG - Запрос : /md/v2/history?exchange=MOEX&symbol=SiH6&tf=D&from=1771545600&to=1771576409&format=Simple
20.02.2026 11:33:30 - AlorPy - DEBUG - Ответ  : {"history":[{"time":1771545600,"close":76280.00000,"open":76230.00000,"high":76500.00000,"low":76123.00000,"volume":207086}],"next":null,"prev":1771459200}
20.02.2026 11:33:30 - FileStorage - DEBUG - Получение файла C:\Users\шадрин\PycharmProjects\CenterStrikeVolatility_API\FinLabPy\Storage\..\..\Data\Alor\SPBFUT.SiH6_D1.txt
20.02.2026 11:33:30 - FileStorage - DEBUG - Первый бар    : 06.10.2025 00:00
20.02.2026 11:33:30 - FileStorage - DEBUG - Последний бар : 20.02.2026 00:00
20.02.2026 11:33:30 - FileStorage - DEBUG - Кол-во бар    : 96
20.02.2026 11:33:30 - FileStorage - DEBUG - Сохранение файла C:\Users\шадрин\PycharmProjects\CenterStrikeVolatility_API\FinLabPy\Storage\..\..\Data\Alor\SPBFUT.SiH6_D1.txt
20.02.2026 11:33:30 - FileStorage - DEBUG - Первый бар    : 06.10.2025 00:00
20.02.2026 11:33:30 - FileStorage - DEBUG - Последний бар : 20.02.2026 00:00
20.02.2026 11:33:30 - FileStorage - DEBUG - Кол-во бар    : 96
20.02.2026 11:33:34 - Schedule.BarsStream - DEBUG - Текущая дата и время на бирже: 20.02.2026 11:33:34
20.02.2026 11:33:34 - Schedule.BarsStream - DEBUG - Нужно получить бар: 20.02.2026 00:00:00
20.02.2026 11:33:34 - Schedule.BarsStream - DEBUG - Время запроса бара: 23.02.2026 09:00:03
20.02.2026 11:33:34 - Schedule.BarsStream - DEBUG - Ожидание в секундах: 249989.0
20.02.2026 11:33:34 - AlorPy - DEBUG - Запрос : /md/v2/Securities/MOEX/RIM6?format=Simple
20.02.2026 11:33:34 - AlorPy - DEBUG - Ответ  : {"symbol":"RTS-6.26","shortname":"RIM6","description":"RIM6","exchange":"MOEX","market":"FORTS","type":"Фьючерсный контракт RTS-6.26","lotsize":1,"facevalue":1,"cfiCode":"FFXCSX","cancellation":"2026-06-18T00:00:00.0000000","minstep":10,"rating":665,"marginbuy":28089.37,"marginsell":28593.22,"marginrate":0,"priceMax":124620,"priceMin":108560,"theorPrice":0,"theorPriceLimit":0,"volatility":0,"currency":"USD","ISIN":null,"yield":null,"board":"RFUD","primary_board":"RFUD","tradingStatus":17,"tradingStatusInfo":"нормальный период торгов","complexProductCategory":"2","priceMultiplier":1,"priceShownUnits":1,"pricestep":15.3281}
20.02.2026 11:33:34 - FileStorage - DEBUG - Получение файла C:\Users\шадрин\PycharmProjects\CenterStrikeVolatility_API\FinLabPy\Storage\..\..\Data\Alor\SPBFUT.RIM6_D1.txt
20.02.2026 11:33:34 - FileStorage - DEBUG - Первый бар    : 04.10.2025 00:00
20.02.2026 11:33:34 - FileStorage - DEBUG - Последний бар : 20.02.2026 00:00
20.02.2026 11:33:34 - FileStorage - DEBUG - Кол-во бар    : 107
20.02.2026 11:33:34 - FileStorage - DEBUG - Фильтр с 03.10.2025 11:33
20.02.2026 11:33:34 - FileStorage - DEBUG - Первый бар    : SPBFUT.RIM6 (D1) 2025-10-04 00:00:00 Open: 101350.0, High: 101350.0, Low: 101350.0, Close: 101350.0, Volume: 1.0
20.02.2026 11:33:34 - FileStorage - DEBUG - Последний бар : SPBFUT.RIM6 (D1) 2026-02-20 00:00:00 Open: 116470.0, High: 116850.0, Low: 116290.0, Close: 116850.0, Volume: 160.0
20.02.2026 11:33:34 - FileStorage - DEBUG - Кол-во бар    : 107
20.02.2026 11:33:35 - AlorPy - DEBUG - Запрос : /md/v2/history?exchange=MOEX&symbol=RIM6&tf=D&from=1771545600&to=1771576414&format=Simple
20.02.2026 11:33:35 - AlorPy - DEBUG - Ответ  : {"history":[{"time":1771545600,"close":116850.00000,"open":116470.00000,"high":116850.00000,"low":116290.00000,"volume":160}],"next":null,"prev":1771459200}
20.02.2026 11:33:35 - FileStorage - DEBUG - Получение файла C:\Users\шадрин\PycharmProjects\CenterStrikeVolatility_API\FinLabPy\Storage\..\..\Data\Alor\SPBFUT.RIM6_D1.txt
20.02.2026 11:33:35 - FileStorage - DEBUG - Первый бар    : 04.10.2025 00:00
20.02.2026 11:33:35 - FileStorage - DEBUG - Последний бар : 20.02.2026 00:00
20.02.2026 11:33:35 - FileStorage - DEBUG - Кол-во бар    : 107
20.02.2026 11:33:35 - FileStorage - DEBUG - Сохранение файла C:\Users\шадрин\PycharmProjects\CenterStrikeVolatility_API\FinLabPy\Storage\..\..\Data\Alor\SPBFUT.RIM6_D1.txt
20.02.2026 11:33:35 - FileStorage - DEBUG - Первый бар    : 04.10.2025 00:00
20.02.2026 11:33:35 - FileStorage - DEBUG - Последний бар : 20.02.2026 00:00
20.02.2026 11:33:35 - FileStorage - DEBUG - Кол-во бар    : 107
20.02.2026 11:33:39 - Schedule.BarsStream - DEBUG - Текущая дата и время на бирже: 20.02.2026 11:33:39
20.02.2026 11:33:39 - Schedule.BarsStream - DEBUG - Нужно получить бар: 20.02.2026 00:00:00
20.02.2026 11:33:39 - Schedule.BarsStream - DEBUG - Время запроса бара: 23.02.2026 09:00:03
20.02.2026 11:33:39 - Schedule.BarsStream - DEBUG - Ожидание в секундах: 249984.0
20.02.2026 11:33:39 - AlorPy - DEBUG - Запрос : /md/v2/Securities/MOEX/SiM6?format=Simple
20.02.2026 11:33:39 - AlorPy - DEBUG - Ответ  : {"symbol":"SI-6.26","shortname":"SiM6","description":"SiM6","exchange":"MOEX","market":"FORTS","type":"Фьючерсный контракт Si-6.26","lotsize":1,"facevalue":1000,"cfiCode":"FFXCSX","cancellation":"2026-06-18T00:00:00.0000000","minstep":1,"rating":97401,"marginbuy":12103.02,"marginsell":12321.03,"marginrate":0,"priceMax":84518,"priceMin":71086,"theorPrice":0,"theorPriceLimit":0,"volatility":0,"currency":"RUB","ISIN":null,"yield":null,"board":"RFUD","primary_board":"RFUD","tradingStatus":17,"tradingStatusInfo":"нормальный период торгов","complexProductCategory":"2","priceMultiplier":1,"priceShownUnits":1,"pricestep":1}
20.02.2026 11:33:39 - FileStorage - DEBUG - Получение файла C:\Users\шадрин\PycharmProjects\CenterStrikeVolatility_API\FinLabPy\Storage\..\..\Data\Alor\SPBFUT.SiM6_D1.txt
20.02.2026 11:33:39 - FileStorage - DEBUG - Первый бар    : 06.10.2025 00:00
20.02.2026 11:33:39 - FileStorage - DEBUG - Последний бар : 20.02.2026 00:00
20.02.2026 11:33:39 - FileStorage - DEBUG - Кол-во бар    : 96
20.02.2026 11:33:39 - FileStorage - DEBUG - Фильтр с 03.10.2025 11:33
20.02.2026 11:33:39 - FileStorage - DEBUG - Первый бар    : SPBFUT.SiM6 (D1) 2025-10-06 00:00:00 Open: 89.804, High: 90.272, Low: 89.304, Close: 89.513, Volume: 322.0
20.02.2026 11:33:39 - FileStorage - DEBUG - Последний бар : SPBFUT.SiM6 (D1) 2026-02-20 00:00:00 Open: 77.91, High: 78.015, Low: 77.77, Close: 77.826, Volume: 24428.0
20.02.2026 11:33:39 - FileStorage - DEBUG - Кол-во бар    : 96
20.02.2026 11:33:40 - AlorPy - DEBUG - Запрос : /md/v2/history?exchange=MOEX&symbol=SiM6&tf=D&from=1771545600&to=1771576419&format=Simple
20.02.2026 11:33:40 - AlorPy - DEBUG - Ответ  : {"history":[{"time":1771545600,"close":77828.00000,"open":77910.00000,"high":78015.00000,"low":77770.00000,"volume":26307}],"next":null,"prev":1771459200}
20.02.2026 11:33:40 - FileStorage - DEBUG - Получение файла C:\Users\шадрин\PycharmProjects\CenterStrikeVolatility_API\FinLabPy\Storage\..\..\Data\Alor\SPBFUT.SiM6_D1.txt
20.02.2026 11:33:40 - FileStorage - DEBUG - Первый бар    : 06.10.2025 00:00
20.02.2026 11:33:40 - FileStorage - DEBUG - Последний бар : 20.02.2026 00:00
20.02.2026 11:33:40 - FileStorage - DEBUG - Кол-во бар    : 96
20.02.2026 11:33:40 - FileStorage - DEBUG - Сохранение файла C:\Users\шадрин\PycharmProjects\CenterStrikeVolatility_API\FinLabPy\Storage\..\..\Data\Alor\SPBFUT.SiM6_D1.txt
20.02.2026 11:33:40 - FileStorage - DEBUG - Первый бар    : 06.10.2025 00:00
20.02.2026 11:33:40 - FileStorage - DEBUG - Последний бар : 20.02.2026 00:00
20.02.2026 11:33:40 - FileStorage - DEBUG - Кол-во бар    : 96
20.02.2026 11:33:44 - Schedule.BarsStream - DEBUG - Текущая дата и время на бирже: 20.02.2026 11:33:44
20.02.2026 11:33:44 - Schedule.BarsStream - DEBUG - Нужно получить бар: 20.02.2026 00:00:00
20.02.2026 11:33:44 - Schedule.BarsStream - DEBUG - Время запроса бара: 23.02.2026 09:00:03
20.02.2026 11:33:44 - Schedule.BarsStream - DEBUG - Ожидание в секундах: 249979.0
20.02.2026 11:33:44 - AlorPy - DEBUG - Запрос : /md/v2/Securities/MOEX/SRH6?format=Simple
20.02.2026 11:33:44 - AlorPy - DEBUG - Ответ  : {"symbol":"SBRF-3.26","shortname":"SRH6","description":"SRH6","exchange":"MOEX","market":"FORTS","type":"Фьючерсный контракт SBRF-3.26","lotsize":1,"facevalue":100,"cfiCode":"FFXPSX","cancellation":"2026-03-20T00:00:00.0000000","minstep":1,"rating":155335,"marginbuy":5522.45,"marginsell":5605.95,"marginrate":0,"priceMax":34508,"priceMin":28944,"theorPrice":0,"theorPriceLimit":0,"volatility":0,"currency":"RUB","ISIN":null,"yield":null,"board":"RFUD","primary_board":"RFUD","tradingStatus":17,"tradingStatusInfo":"нормальный период торгов","complexProductCategory":"2","priceMultiplier":1,"priceShownUnits":1,"pricestep":1}
20.02.2026 11:33:44 - FileStorage - DEBUG - Получение файла C:\Users\шадрин\PycharmProjects\CenterStrikeVolatility_API\FinLabPy\Storage\..\..\Data\Alor\SPBFUT.SRH6_D1.txt
20.02.2026 11:33:44 - FileStorage - DEBUG - Первый бар    : 04.10.2025 00:00
20.02.2026 11:33:44 - FileStorage - DEBUG - Последний бар : 20.02.2026 00:00
20.02.2026 11:33:44 - FileStorage - DEBUG - Кол-во бар    : 122
20.02.2026 11:33:44 - FileStorage - DEBUG - Фильтр с 03.10.2025 11:33
20.02.2026 11:33:44 - FileStorage - DEBUG - Первый бар    : SPBFUT.SRH6 (D1) 2025-10-04 00:00:00 Open: 305.03, High: 305.03, Low: 302.3, Close: 302.79, Volume: 102.0
20.02.2026 11:33:44 - FileStorage - DEBUG - Последний бар : SPBFUT.SRH6 (D1) 2026-02-20 00:00:00 Open: 317.03, High: 317.76, Low: 316.93, Close: 317.61, Volume: 12489.0
20.02.2026 11:33:44 - FileStorage - DEBUG - Кол-во бар    : 122
20.02.2026 11:33:45 - AlorPy - DEBUG - Запрос : /md/v2/history?exchange=MOEX&symbol=SRH6&tf=D&from=1771545600&to=1771576424&format=Simple
20.02.2026 11:33:45 - AlorPy - DEBUG - Ответ  : {"history":[{"time":1771545600,"close":31766.00000,"open":31703.00000,"high":31776.00000,"low":31693.00000,"volume":12538}],"next":null,"prev":1771459200}
20.02.2026 11:33:45 - FileStorage - DEBUG - Получение файла C:\Users\шадрин\PycharmProjects\CenterStrikeVolatility_API\FinLabPy\Storage\..\..\Data\Alor\SPBFUT.SRH6_D1.txt
20.02.2026 11:33:45 - FileStorage - DEBUG - Первый бар    : 04.10.2025 00:00
20.02.2026 11:33:45 - FileStorage - DEBUG - Последний бар : 20.02.2026 00:00
20.02.2026 11:33:45 - FileStorage - DEBUG - Кол-во бар    : 122
20.02.2026 11:33:45 - FileStorage - DEBUG - Сохранение файла C:\Users\шадрин\PycharmProjects\CenterStrikeVolatility_API\FinLabPy\Storage\..\..\Data\Alor\SPBFUT.SRH6_D1.txt
20.02.2026 11:33:45 - FileStorage - DEBUG - Первый бар    : 04.10.2025 00:00
20.02.2026 11:33:45 - FileStorage - DEBUG - Последний бар : 20.02.2026 00:00
20.02.2026 11:33:45 - FileStorage - DEBUG - Кол-во бар    : 122
20.02.2026 11:33:49 - Schedule.BarsStream - DEBUG - Текущая дата и время на бирже: 20.02.2026 11:33:49
20.02.2026 11:33:49 - Schedule.BarsStream - DEBUG - Нужно получить бар: 20.02.2026 00:00:00
20.02.2026 11:33:49 - Schedule.BarsStream - DEBUG - Время запроса бара: 23.02.2026 09:00:03
20.02.2026 11:33:49 - Schedule.BarsStream - DEBUG - Ожидание в секундах: 249974.0
20.02.2026 11:33:49 - AlorPy - DEBUG - Запрос : /md/v2/Securities/MOEX/SRM6?format=Simple
20.02.2026 11:33:49 - AlorPy - DEBUG - Ответ  : {"symbol":"SBRF-6.26","shortname":"SRM6","description":"SRM6","exchange":"MOEX","market":"FORTS","type":"Фьючерсный контракт SBRF-6.26","lotsize":1,"facevalue":100,"cfiCode":"FFXPSX","cancellation":"2026-06-19T00:00:00.0000000","minstep":1,"rating":3895,"marginbuy":6068.2,"marginsell":6315.42,"marginrate":0,"priceMax":35782,"priceMin":29748,"theorPrice":0,"theorPriceLimit":0,"volatility":0,"currency":"RUB","ISIN":null,"yield":null,"board":"RFUD","primary_board":"RFUD","tradingStatus":17,"tradingStatusInfo":"нормальный период торгов","complexProductCategory":"2","priceMultiplier":1,"priceShownUnits":1,"pricestep":1}
20.02.2026 11:33:49 - FileStorage - DEBUG - Получение файла C:\Users\шадрин\PycharmProjects\CenterStrikeVolatility_API\FinLabPy\Storage\..\..\Data\Alor\SPBFUT.SRM6_D1.txt
20.02.2026 11:33:49 - FileStorage - DEBUG - Первый бар    : 04.10.2025 00:00
20.02.2026 11:33:49 - FileStorage - DEBUG - Последний бар : 20.02.2026 00:00
20.02.2026 11:33:49 - FileStorage - DEBUG - Кол-во бар    : 116
20.02.2026 11:33:49 - FileStorage - DEBUG - Фильтр с 03.10.2025 11:33
20.02.2026 11:33:49 - FileStorage - DEBUG - Первый бар    : SPBFUT.SRM6 (D1) 2025-10-04 00:00:00 Open: 314.01, High: 315.32, Low: 313.37, Close: 313.37, Volume: 3.0
20.02.2026 11:33:49 - FileStorage - DEBUG - Последний бар : SPBFUT.SRM6 (D1) 2026-02-20 00:00:00 Open: 327.7, High: 328.4, Low: 327.62, Close: 328.24, Volume: 409.0
20.02.2026 11:33:49 - FileStorage - DEBUG - Кол-во бар    : 116
20.02.2026 11:33:50 - AlorPy - DEBUG - Запрос : /md/v2/history?exchange=MOEX&symbol=SRM6&tf=D&from=1771545600&to=1771576429&format=Simple
20.02.2026 11:33:50 - AlorPy - DEBUG - Ответ  : {"history":[{"time":1771545600,"close":32824.00000,"open":32770.00000,"high":32840.00000,"low":32762.00000,"volume":409}],"next":null,"prev":1771459200}
20.02.2026 11:33:50 - FileStorage - DEBUG - Получение файла C:\Users\шадрин\PycharmProjects\CenterStrikeVolatility_API\FinLabPy\Storage\..\..\Data\Alor\SPBFUT.SRM6_D1.txt
20.02.2026 11:33:50 - FileStorage - DEBUG - Первый бар    : 04.10.2025 00:00
20.02.2026 11:33:50 - FileStorage - DEBUG - Последний бар : 20.02.2026 00:00
20.02.2026 11:33:50 - FileStorage - DEBUG - Кол-во бар    : 116
20.02.2026 11:33:50 - FileStorage - DEBUG - Сохранение файла C:\Users\шадрин\PycharmProjects\CenterStrikeVolatility_API\FinLabPy\Storage\..\..\Data\Alor\SPBFUT.SRM6_D1.txt
20.02.2026 11:33:50 - FileStorage - DEBUG - Первый бар    : 04.10.2025 00:00
20.02.2026 11:33:50 - FileStorage - DEBUG - Последний бар : 20.02.2026 00:00
20.02.2026 11:33:50 - FileStorage - DEBUG - Кол-во бар    : 116
20.02.2026 11:33:54 - FileStorage - DEBUG - Получение файла C:\Users\шадрин\PycharmProjects\CenterStrikeVolatility_API\FinLabPy\Storage\..\..\Data\Alor\SPBFUT.RIH6_M15.txt
20.02.2026 11:33:54 - FileStorage - DEBUG - Первый бар    : 03.10.2025 11:45
20.02.2026 11:33:54 - FileStorage - DEBUG - Последний бар : 20.02.2026 11:30
20.02.2026 11:33:54 - FileStorage - DEBUG - Кол-во бар    : 5607
20.02.2026 11:33:54 - FileStorage - DEBUG - Фильтр с 03.10.2025 11:33
20.02.2026 11:33:54 - FileStorage - DEBUG - Первый бар    : SPBFUT.RIH6 (M15) 2025-10-03 11:45:00 Open: 103430.0, High: 103430.0, Low: 103430.0, Close: 103430.0, Volume: 1.0
20.02.2026 11:33:54 - FileStorage - DEBUG - Последний бар : SPBFUT.RIH6 (M15) 2026-02-20 11:30:00 Open: 116360.0, High: 116370.0, Low: 116340.0, Close: 116370.0, Volume: 37.0
20.02.2026 11:33:54 - FileStorage - DEBUG - Кол-во бар    : 5607
20.02.2026 11:33:55 - AlorPy - DEBUG - Запрос : /md/v2/history?exchange=MOEX&symbol=RIH6&tf=900&from=1771576200&to=1771576434&format=Simple
20.02.2026 11:33:55 - AlorPy - DEBUG - Ответ  : {"history":[{"time":1771576200,"close":116340.00000,"open":116360.00000,"high":116400.00000,"low":116320.00000,"volume":192}],"next":null,"prev":1771574400}
20.02.2026 11:33:55 - FileStorage - DEBUG - Получение файла C:\Users\шадрин\PycharmProjects\CenterStrikeVolatility_API\FinLabPy\Storage\..\..\Data\Alor\SPBFUT.RIH6_M15.txt
20.02.2026 11:33:55 - FileStorage - DEBUG - Первый бар    : 03.10.2025 11:45
20.02.2026 11:33:55 - FileStorage - DEBUG - Последний бар : 20.02.2026 11:30
20.02.2026 11:33:55 - FileStorage - DEBUG - Кол-во бар    : 5607
20.02.2026 11:33:55 - FileStorage - DEBUG - Сохранение файла C:\Users\шадрин\PycharmProjects\CenterStrikeVolatility_API\FinLabPy\Storage\..\..\Data\Alor\SPBFUT.RIH6_M15.txt
20.02.2026 11:33:55 - FileStorage - DEBUG - Первый бар    : 03.10.2025 11:45
20.02.2026 11:33:55 - FileStorage - DEBUG - Последний бар : 20.02.2026 11:30
20.02.2026 11:33:55 - FileStorage - DEBUG - Кол-во бар    : 5607
20.02.2026 11:33:56 - FileStorage - DEBUG - Получение файла C:\Users\шадрин\PycharmProjects\CenterStrikeVolatility_API\FinLabPy\Storage\..\..\Data\Alor\SPBFUT.SiH6_M15.txt
20.02.2026 11:33:56 - FileStorage - DEBUG - Первый бар    : 03.10.2025 11:45
20.02.2026 11:33:56 - FileStorage - DEBUG - Последний бар : 20.02.2026 11:30
20.02.2026 11:33:56 - FileStorage - DEBUG - Кол-во бар    : 5785
20.02.2026 11:33:57 - FileStorage - DEBUG - Фильтр с 03.10.2025 11:33
20.02.2026 11:33:57 - FileStorage - DEBUG - Первый бар    : SPBFUT.SiH6 (M15) 2025-10-03 11:45:00 Open: 85.842, High: 85.942, Low: 85.84, Close: 85.942, Volume: 127.0
20.02.2026 11:33:57 - FileStorage - DEBUG - Последний бар : SPBFUT.SiH6 (M15) 2026-02-20 11:30:00 Open: 76.281, High: 76.31, Low: 76.27, Close: 76.302, Volume: 4970.0
20.02.2026 11:33:57 - FileStorage - DEBUG - Кол-во бар    : 5785
20.02.2026 11:33:57 - AlorPy - DEBUG - Запрос : /md/v2/history?exchange=MOEX&symbol=SiH6&tf=900&from=1771576200&to=1771576437&format=Simple
20.02.2026 11:33:57 - AlorPy - DEBUG - Ответ  : {"history":[{"time":1771576200,"close":76277.00000,"open":76281.00000,"high":76310.00000,"low":76260.00000,"volume":21649}],"next":null,"prev":1771574400}
20.02.2026 11:33:58 - FileStorage - DEBUG - Получение файла C:\Users\шадрин\PycharmProjects\CenterStrikeVolatility_API\FinLabPy\Storage\..\..\Data\Alor\SPBFUT.SiH6_M15.txt
20.02.2026 11:33:58 - FileStorage - DEBUG - Первый бар    : 03.10.2025 11:45
20.02.2026 11:33:58 - FileStorage - DEBUG - Последний бар : 20.02.2026 11:30
20.02.2026 11:33:58 - FileStorage - DEBUG - Кол-во бар    : 5785
20.02.2026 11:33:58 - FileStorage - DEBUG - Сохранение файла C:\Users\шадрин\PycharmProjects\CenterStrikeVolatility_API\FinLabPy\Storage\..\..\Data\Alor\SPBFUT.SiH6_M15.txt
20.02.2026 11:33:58 - FileStorage - DEBUG - Первый бар    : 03.10.2025 11:45
20.02.2026 11:33:58 - FileStorage - DEBUG - Последний бар : 20.02.2026 11:30
20.02.2026 11:33:58 - FileStorage - DEBUG - Кол-во бар    : 5785
20.02.2026 11:33:59 - FileStorage - DEBUG - Получение файла C:\Users\шадрин\PycharmProjects\CenterStrikeVolatility_API\FinLabPy\Storage\..\..\Data\Alor\SPBFUT.RIM6_M15.txt
20.02.2026 11:33:59 - FileStorage - DEBUG - Первый бар    : 03.10.2025 12:15
20.02.2026 11:33:59 - FileStorage - DEBUG - Последний бар : 20.02.2026 11:15
20.02.2026 11:33:59 - FileStorage - DEBUG - Кол-во бар    : 1815
20.02.2026 11:33:59 - FileStorage - DEBUG - Фильтр с 03.10.2025 11:33
20.02.2026 11:33:59 - FileStorage - DEBUG - Первый бар    : SPBFUT.RIM6 (M15) 2025-10-03 12:15:00 Open: 104000.0, High: 104000.0, Low: 104000.0, Close: 104000.0, Volume: 2.0
20.02.2026 11:33:59 - FileStorage - DEBUG - Последний бар : SPBFUT.RIM6 (M15) 2026-02-20 11:15:00 Open: 116850.0, High: 116850.0, Low: 116850.0, Close: 116850.0, Volume: 1.0
20.02.2026 11:33:59 - FileStorage - DEBUG - Кол-во бар    : 1815
20.02.2026 11:34:00 - AlorPy - DEBUG - Запрос : /md/v2/history?exchange=MOEX&symbol=RIM6&tf=900&from=1771575300&to=1771576439&format=Simple
20.02.2026 11:34:00 - AlorPy - DEBUG - Ответ  : {"history":[{"time":1771575300,"close":116850.00000,"open":116850.00000,"high":116850.00000,"low":116850.00000,"volume":1}],"next":null,"prev":1771573500}
20.02.2026 11:34:00 - FileStorage - DEBUG - Получение файла C:\Users\шадрин\PycharmProjects\CenterStrikeVolatility_API\FinLabPy\Storage\..\..\Data\Alor\SPBFUT.RIM6_M15.txt
20.02.2026 11:34:00 - FileStorage - DEBUG - Первый бар    : 03.10.2025 12:15
20.02.2026 11:34:00 - FileStorage - DEBUG - Последний бар : 20.02.2026 11:15
20.02.2026 11:34:00 - FileStorage - DEBUG - Кол-во бар    : 1815
20.02.2026 11:34:00 - FileStorage - DEBUG - Сохранение файла C:\Users\шадрин\PycharmProjects\CenterStrikeVolatility_API\FinLabPy\Storage\..\..\Data\Alor\SPBFUT.RIM6_M15.txt
20.02.2026 11:34:00 - FileStorage - DEBUG - Первый бар    : 03.10.2025 12:15
20.02.2026 11:34:00 - FileStorage - DEBUG - Последний бар : 20.02.2026 11:15
20.02.2026 11:34:00 - FileStorage - DEBUG - Кол-во бар    : 1815
20.02.2026 11:34:01 - FileStorage - DEBUG - Получение файла C:\Users\шадрин\PycharmProjects\CenterStrikeVolatility_API\FinLabPy\Storage\..\..\Data\Alor\SPBFUT.SiM6_M15.txt
20.02.2026 11:34:01 - FileStorage - DEBUG - Первый бар    : 03.10.2025 12:00
20.02.2026 11:34:01 - FileStorage - DEBUG - Последний бар : 20.02.2026 11:30
20.02.2026 11:34:01 - FileStorage - DEBUG - Кол-во бар    : 4755
20.02.2026 11:34:02 - FileStorage - DEBUG - Фильтр с 03.10.2025 11:33
20.02.2026 11:34:02 - FileStorage - DEBUG - Первый бар    : SPBFUT.SiM6 (M15) 2025-10-03 12:00:00 Open: 88.69, High: 88.7, Low: 88.69, Close: 88.7, Volume: 2.0
20.02.2026 11:34:02 - FileStorage - DEBUG - Последний бар : SPBFUT.SiM6 (M15) 2026-02-20 11:30:00 Open: 77.832, High: 77.85, Low: 77.821, Close: 77.828, Volume: 120.0
20.02.2026 11:34:02 - FileStorage - DEBUG - Кол-во бар    : 4755
20.02.2026 11:34:02 - AlorPy - DEBUG - Запрос : /md/v2/history?exchange=MOEX&symbol=SiM6&tf=900&from=1771576200&to=1771576442&format=Simple
20.02.2026 11:34:02 - AlorPy - DEBUG - Ответ  : {"history":[{"time":1771576200,"close":77810.00000,"open":77832.00000,"high":77850.00000,"low":77788.00000,"volume":3023}],"next":null,"prev":1771574400}
20.02.2026 11:34:02 - FileStorage - DEBUG - Получение файла C:\Users\шадрин\PycharmProjects\CenterStrikeVolatility_API\FinLabPy\Storage\..\..\Data\Alor\SPBFUT.SiM6_M15.txt
20.02.2026 11:34:02 - FileStorage - DEBUG - Первый бар    : 03.10.2025 12:00
20.02.2026 11:34:02 - FileStorage - DEBUG - Последний бар : 20.02.2026 11:30
20.02.2026 11:34:02 - FileStorage - DEBUG - Кол-во бар    : 4755
20.02.2026 11:34:03 - FileStorage - DEBUG - Сохранение файла C:\Users\шадрин\PycharmProjects\CenterStrikeVolatility_API\FinLabPy\Storage\..\..\Data\Alor\SPBFUT.SiM6_M15.txt
20.02.2026 11:34:03 - FileStorage - DEBUG - Первый бар    : 03.10.2025 12:00
20.02.2026 11:34:03 - FileStorage - DEBUG - Последний бар : 20.02.2026 11:30
20.02.2026 11:34:03 - FileStorage - DEBUG - Кол-во бар    : 4755
20.02.2026 11:34:04 - FileStorage - DEBUG - Получение файла C:\Users\шадрин\PycharmProjects\CenterStrikeVolatility_API\FinLabPy\Storage\..\..\Data\Alor\SPBFUT.SRH6_M15.txt
20.02.2026 11:34:04 - FileStorage - DEBUG - Первый бар    : 03.10.2025 11:45
20.02.2026 11:34:04 - FileStorage - DEBUG - Последний бар : 20.02.2026 11:30
20.02.2026 11:34:04 - FileStorage - DEBUG - Кол-во бар    : 5908
20.02.2026 11:34:04 - FileStorage - DEBUG - Фильтр с 03.10.2025 11:33
20.02.2026 11:34:04 - FileStorage - DEBUG - Первый бар    : SPBFUT.SRH6 (M15) 2025-10-03 11:45:00 Open: 309.0, High: 309.0, Low: 308.82, Close: 308.82, Volume: 4.0
20.02.2026 11:34:04 - FileStorage - DEBUG - Последний бар : SPBFUT.SRH6 (M15) 2026-02-20 11:30:00 Open: 317.61, High: 317.72, Low: 317.6, Close: 317.72, Volume: 23.0
20.02.2026 11:34:04 - FileStorage - DEBUG - Кол-во бар    : 5908
20.02.2026 11:34:05 - AlorPy - DEBUG - Запрос : /md/v2/history?exchange=MOEX&symbol=SRH6&tf=900&from=1771576200&to=1771576444&format=Simple
20.02.2026 11:34:05 - AlorPy - DEBUG - Ответ  : {"history":[{"time":1771576200,"close":31766.00000,"open":31761.00000,"high":31772.00000,"low":31760.00000,"volume":60}],"next":null,"prev":1771574400}
20.02.2026 11:34:05 - FileStorage - DEBUG - Получение файла C:\Users\шадрин\PycharmProjects\CenterStrikeVolatility_API\FinLabPy\Storage\..\..\Data\Alor\SPBFUT.SRH6_M15.txt
20.02.2026 11:34:05 - FileStorage - DEBUG - Первый бар    : 03.10.2025 11:45
20.02.2026 11:34:05 - FileStorage - DEBUG - Последний бар : 20.02.2026 11:30
20.02.2026 11:34:05 - FileStorage - DEBUG - Кол-во бар    : 5908
20.02.2026 11:34:05 - FileStorage - DEBUG - Сохранение файла C:\Users\шадрин\PycharmProjects\CenterStrikeVolatility_API\FinLabPy\Storage\..\..\Data\Alor\SPBFUT.SRH6_M15.txt
20.02.2026 11:34:05 - FileStorage - DEBUG - Первый бар    : 03.10.2025 11:45
20.02.2026 11:34:05 - FileStorage - DEBUG - Последний бар : 20.02.2026 11:30
20.02.2026 11:34:05 - FileStorage - DEBUG - Кол-во бар    : 5908
20.02.2026 11:34:06 - FileStorage - DEBUG - Получение файла C:\Users\шадрин\PycharmProjects\CenterStrikeVolatility_API\FinLabPy\Storage\..\..\Data\Alor\SPBFUT.SRM6_M15.txt
20.02.2026 11:34:06 - FileStorage - DEBUG - Первый бар    : 04.10.2025 12:00
20.02.2026 11:34:06 - FileStorage - DEBUG - Последний бар : 20.02.2026 11:15
20.02.2026 11:34:06 - FileStorage - DEBUG - Кол-во бар    : 2310
20.02.2026 11:34:07 - FileStorage - DEBUG - Фильтр с 03.10.2025 11:33
20.02.2026 11:34:07 - FileStorage - DEBUG - Первый бар    : SPBFUT.SRM6 (M15) 2025-10-04 12:00:00 Open: 314.01, High: 315.32, Low: 314.01, Close: 315.32, Volume: 2.0
20.02.2026 11:34:07 - FileStorage - DEBUG - Последний бар : SPBFUT.SRM6 (M15) 2026-02-20 11:15:00 Open: 328.24, High: 328.28, Low: 328.19, Close: 328.24, Volume: 20.0
20.02.2026 11:34:07 - FileStorage - DEBUG - Кол-во бар    : 2310
20.02.2026 11:34:07 - AlorPy - DEBUG - Запрос : /md/v2/history?exchange=MOEX&symbol=SRM6&tf=900&from=1771575300&to=1771576447&format=Simple
20.02.2026 11:34:07 - AlorPy - DEBUG - Ответ  : {"history":[{"time":1771575300,"close":32824.00000,"open":32824.00000,"high":32828.00000,"low":32819.00000,"volume":20}],"next":null,"prev":1771573500}
20.02.2026 11:34:07 - FileStorage - DEBUG - Получение файла C:\Users\шадрин\PycharmProjects\CenterStrikeVolatility_API\FinLabPy\Storage\..\..\Data\Alor\SPBFUT.SRM6_M15.txt
20.02.2026 11:34:07 - FileStorage - DEBUG - Первый бар    : 04.10.2025 12:00
20.02.2026 11:34:07 - FileStorage - DEBUG - Последний бар : 20.02.2026 11:15
20.02.2026 11:34:07 - FileStorage - DEBUG - Кол-во бар    : 2310
20.02.2026 11:34:07 - FileStorage - DEBUG - Сохранение файла C:\Users\шадрин\PycharmProjects\CenterStrikeVolatility_API\FinLabPy\Storage\..\..\Data\Alor\SPBFUT.SRM6_M15.txt
20.02.2026 11:34:08 - FileStorage - DEBUG - Первый бар    : 04.10.2025 12:00
20.02.2026 11:34:08 - FileStorage - DEBUG - Последний бар : 20.02.2026 11:15
20.02.2026 11:34:08 - FileStorage - DEBUG - Кол-во бар    : 2310
