datetime	open	high	low	close	volume
29.04.2026 18:15	111450.0	111450.0	111450.0	111450.0	2
04.05.2026 09:30	112290.0	112290.0	112290.0	112290.0	1
04.05.2026 11:15	111700.0	111700.0	111700.0	111700.0	1
04.05.2026 12:15	111000.0	111000.0	111000.0	111000.0	1
04.05.2026 15:00	110000.0	110260.0	109820.0	110260.0	3
04.05.2026 17:00	110000.0	110000.0	110000.0	110000.0	1
04.05.2026 17:45	109800.0	109800.0	109800.0	109800.0	4
04.05.2026 18:30	109800.0	109800.0	109800.0	109800.0	1
04.05.2026 19:00	110080.0	110080.0	110080.0	110080.0	3
04.05.2026 20:45	109700.0	109700.0	109700.0	109700.0	1
04.05.2026 21:45	110080.0	110090.0	110080.0	110090.0	3
04.05.2026 22:00	110100.0	110100.0	110100.0	110100.0	5
05.05.2026 10:45	110200.0	110200.0	110200.0	110200.0	1
05.05.2026 11:15	109020.0	109260.0	109000.0	109000.0	3
05.05.2026 16:30	110230.0	110230.0	110230.0	110230.0	1
06.05.2026 12:00	110530.0	110530.0	110530.0	110530.0	2
07.05.2026 23:15	110470.0	110470.0	110470.0	110470.0	1
08.05.2026 16:00	110650.0	110650.0	110650.0	110650.0	1
11.05.2026 13:00	113950.0	113950.0	113950.0	113950.0	6
11.05.2026 13:15	113950.0	113950.0	113950.0	113950.0	2
11.05.2026 13:30	113950.0	113950.0	113950.0	113950.0	7
11.05.2026 13:45	113950.0	113950.0	113950.0	113950.0	1
11.05.2026 14:00	113950.0	113950.0	113950.0	113950.0	1
11.05.2026 14:30	113950.0	113950.0	113950.0	113950.0	1
12.05.2026 17:00	115000.0	115000.0	115000.0	115000.0	1
12.05.2026 18:15	115100.0	115100.0	115100.0	115100.0	1
13.05.2026 11:15	115000.0	115000.0	115000.0	115000.0	1
13.05.2026 12:00	115640.0	115640.0	115640.0	115640.0	1
13.05.2026 12:30	116000.0	116000.0	116000.0	116000.0	1
15.05.2026 09:45	114250.0	114250.0	114250.0	114250.0	2
15.05.2026 10:00	114250.0	114250.0	114250.0	114250.0	5
15.05.2026 11:00	114090.0	114090.0	113980.0	113980.0	3
15.05.2026 11:30	114250.0	114250.0	114130.0	114130.0	9
15.05.2026 11:45	114250.0	114250.0	114250.0	114250.0	3
18.05.2026 16:00	114600.0	114600.0	114600.0	114600.0	5
18.05.2026 16:30	114470.0	114470.0	114470.0	114470.0	4
18.05.2026 16:45	114470.0	114600.0	114470.0	114600.0	3
18.05.2026 17:15	114590.0	114600.0	114590.0	114600.0	4
18.05.2026 17:45	115000.0	115000.0	115000.0	115000.0	10
18.05.2026 18:00	115240.0	115280.0	115240.0	115280.0	3
18.05.2026 18:30	115590.0	115590.0	115590.0	115590.0	2
18.05.2026 18:45	115590.0	115590.0	115590.0	115590.0	8
18.05.2026 19:30	115500.0	115500.0	115500.0	115500.0	10
19.05.2026 09:30	115510.0	115510.0	115510.0	115510.0	1
19.05.2026 10:30	116060.0	116060.0	116060.0	116060.0	3
19.05.2026 11:30	117090.0	117090.0	116730.0	116730.0	2
19.05.2026 13:00	116700.0	116700.0	116700.0	116700.0	1
19.05.2026 15:15	116450.0	116450.0	116450.0	116450.0	10
19.05.2026 16:45	116910.0	116910.0	116910.0	116910.0	2
19.05.2026 18:00	116990.0	116990.0	116990.0	116990.0	4
19.05.2026 18:15	116990.0	116990.0	116990.0	116990.0	8
19.05.2026 18:45	116820.0	116820.0	116820.0	116820.0	1
19.05.2026 19:30	116990.0	116990.0	116990.0	116990.0	1
20.05.2026 09:15	117600.0	117820.0	117600.0	117820.0	2
20.05.2026 09:30	117710.0	117820.0	117710.0	117820.0	2
20.05.2026 10:00	116440.0	116440.0	116440.0	116440.0	1
20.05.2026 12:00	114740.0	114740.0	114740.0	114740.0	1
20.05.2026 15:15	114970.0	114970.0	114970.0	114970.0	1
20.05.2026 15:30	115420.0	115420.0	115420.0	115420.0	1
20.05.2026 22:00	114490.0	114490.0	114490.0	114490.0	1
21.05.2026 09:00	114270.0	114270.0	114270.0	114270.0	1
21.05.2026 10:15	114490.0	114490.0	114490.0	114490.0	1
21.05.2026 18:30	116880.0	116880.0	116880.0	116880.0	1
21.05.2026 19:00	116320.0	116320.0	116320.0	116320.0	1
21.05.2026 19:15	116320.0	116320.0	116320.0	116320.0	1
22.05.2026 10:00	115520.0	115520.0	115520.0	115520.0	1
22.05.2026 13:45	115790.0	115790.0	115790.0	115790.0	1
22.05.2026 17:00	114400.0	114400.0	114400.0	114400.0	1
22.05.2026 17:45	113440.0	113740.0	113440.0	113450.0	5
22.05.2026 18:00	113190.0	113190.0	113190.0	113190.0	1
25.05.2026 12:00	114490.0	114640.0	114300.0	114300.0	7
25.05.2026 13:45	113790.0	113790.0	113790.0	113790.0	1
25.05.2026 14:45	113320.0	113320.0	113320.0	113320.0	1
25.05.2026 15:00	113120.0	113120.0	112990.0	112990.0	2
25.05.2026 15:30	113000.0	113000.0	113000.0	113000.0	1
25.05.2026 17:00	111830.0	111830.0	111800.0	111800.0	3
25.05.2026 18:15	111590.0	111590.0	111590.0	111590.0	1
25.05.2026 19:15	111530.0	111530.0	111530.0	111530.0	1
26.05.2026 10:00	111780.0	111780.0	111780.0	111780.0	1
26.05.2026 11:15	111000.0	111000.0	111000.0	111000.0	2
26.05.2026 18:30	112520.0	112520.0	112520.0	112520.0	1
27.05.2026 09:45	112580.0	112580.0	112580.0	112580.0	1
27.05.2026 11:15	111900.0	111900.0	111620.0	111620.0	7
27.05.2026 12:00	112520.0	112520.0	112520.0	112520.0	1
27.05.2026 14:15	112700.0	112700.0	112700.0	112700.0	1
27.05.2026 14:45	112830.0	112830.0	112830.0	112830.0	1
27.05.2026 15:15	112610.0	112610.0	112610.0	112610.0	1
27.05.2026 17:30	112670.0	112670.0	112670.0	112670.0	1
28.05.2026 09:30	112520.0	112520.0	112520.0	112520.0	1
28.05.2026 11:15	113270.0	113270.0	113260.0	113260.0	2
28.05.2026 12:00	113150.0	113150.0	113150.0	113150.0	2
28.05.2026 15:45	113000.0	113000.0	113000.0	113000.0	6
28.05.2026 16:00	113000.0	113000.0	113000.0	113000.0	3
28.05.2026 20:15	112510.0	112510.0	112510.0	112510.0	1
29.05.2026 09:15	111840.0	111840.0	111840.0	111840.0	1
29.05.2026 13:30	112430.0	112430.0	112430.0	112430.0	1
01.06.2026 10:30	112000.0	112000.0	112000.0	112000.0	3
01.06.2026 12:45	111870.0	111870.0	111870.0	111870.0	1
01.06.2026 18:00	110870.0	111530.0	110870.0	111530.0	6
01.06.2026 18:30	111140.0	111140.0	111140.0	111140.0	1
01.06.2026 21:30	111460.0	111460.0	111460.0	111460.0	1
02.06.2026 12:00	111000.0	111000.0	110840.0	110840.0	2
02.06.2026 15:00	111100.0	111100.0	111100.0	111100.0	5
02.06.2026 17:30	111860.0	111860.0	111860.0	111860.0	1
03.06.2026 10:15	111010.0	111010.0	111010.0	111010.0	1
03.06.2026 10:30	110710.0	110820.0	110710.0	110820.0	2
03.06.2026 12:00	110930.0	111490.0	110930.0	111490.0	3
03.06.2026 13:15	110800.0	110800.0	110710.0	110710.0	3
03.06.2026 15:30	110010.0	110010.0	110010.0	110010.0	1
03.06.2026 15:45	110010.0	110010.0	110010.0	110010.0	2
03.06.2026 23:15	109800.0	109800.0	109800.0	109800.0	1
04.06.2026 09:00	110170.0	110170.0	110170.0	110170.0	1
04.06.2026 09:15	109510.0	109510.0	109510.0	109510.0	3
04.06.2026 10:00	109270.0	109350.0	109270.0	109350.0	2
04.06.2026 10:30	109270.0	109270.0	109270.0	109270.0	4
04.06.2026 11:00	109280.0	109280.0	109270.0	109270.0	6
04.06.2026 11:15	109270.0	109270.0	109270.0	109270.0	2
04.06.2026 11:30	109010.0	109080.0	109000.0	109080.0	5
04.06.2026 13:15	109060.0	109060.0	109060.0	109060.0	1
04.06.2026 14:00	109210.0	109440.0	109210.0	109440.0	2
04.06.2026 14:30	109000.0	109000.0	109000.0	109000.0	1
04.06.2026 15:45	109500.0	109500.0	109500.0	109500.0	1
04.06.2026 16:15	109710.0	109710.0	109710.0	109710.0	1
04.06.2026 20:00	109450.0	109450.0	109450.0	109450.0	1
04.06.2026 20:15	109710.0	109710.0	109710.0	109710.0	1
05.06.2026 09:00	109140.0	109140.0	109140.0	109140.0	2
05.06.2026 10:15	109000.0	109000.0	109000.0	109000.0	1
05.06.2026 11:15	108750.0	108750.0	108750.0	108750.0	1
05.06.2026 12:00	109250.0	109250.0	109250.0	109250.0	1
05.06.2026 16:15	108750.0	108750.0	108750.0	108750.0	1
05.06.2026 17:15	108700.0	108700.0	108510.0	108510.0	3
05.06.2026 18:15	108510.0	108510.0	108300.0	108300.0	7
05.06.2026 19:00	108410.0	108410.0	108410.0	108410.0	1
05.06.2026 21:00	108690.0	108690.0	108690.0	108690.0	1
08.06.2026 09:00	108700.0	108700.0	108700.0	108700.0	1
08.06.2026 09:30	109000.0	109000.0	109000.0	109000.0	1
08.06.2026 11:00	109500.0	109500.0	109500.0	109500.0	3
08.06.2026 13:00	109000.0	109000.0	109000.0	109000.0	1
08.06.2026 14:00	108800.0	108800.0	108800.0	108800.0	1
08.06.2026 15:00	108750.0	108750.0	108670.0	108670.0	3
08.06.2026 15:30	108340.0	108340.0	108340.0	108340.0	1
08.06.2026 15:45	108330.0	108330.0	108330.0	108330.0	1
08.06.2026 16:15	108110.0	108110.0	108010.0	108010.0	3
08.06.2026 17:00	108510.0	108510.0	108510.0	108510.0	1
08.06.2026 17:30	108060.0	108060.0	108010.0	108010.0	2
08.06.2026 19:00	108510.0	108510.0	108510.0	108510.0	1
09.06.2026 09:00	108500.0	108500.0	108500.0	108500.0	2
09.06.2026 10:00	108990.0	109190.0	108990.0	109190.0	5
09.06.2026 10:30	108530.0	108530.0	108500.0	108500.0	3
09.06.2026 11:00	108970.0	109050.0	108970.0	109050.0	4
09.06.2026 11:30	109230.0	109270.0	109230.0	109270.0	2
09.06.2026 12:30	108740.0	108740.0	108740.0	108740.0	1
09.06.2026 12:45	109270.0	109270.0	109270.0	109270.0	1
09.06.2026 13:00	109510.0	109890.0	109510.0	109890.0	2
09.06.2026 15:15	109890.0	109890.0	109890.0	109890.0	2
09.06.2026 15:30	110010.0	110010.0	110010.0	110010.0	1
09.06.2026 16:45	110100.0	110370.0	110100.0	110370.0	2
09.06.2026 17:45	109510.0	109510.0	109510.0	109510.0	1
09.06.2026 18:30	109770.0	109770.0	109770.0	109770.0	1
10.06.2026 09:00	109390.0	109390.0	109390.0	109390.0	1
10.06.2026 10:00	109180.0	109180.0	109180.0	109180.0	1
10.06.2026 10:15	108850.0	108850.0	108850.0	108850.0	1
10.06.2026 10:30	108700.0	108700.0	108700.0	108700.0	1
10.06.2026 10:45	108850.0	108850.0	108850.0	108850.0	1
10.06.2026 11:00	108520.0	108520.0	108200.0	108200.0	6
10.06.2026 11:15	108340.0	108340.0	108340.0	108340.0	1
10.06.2026 11:45	108560.0	108560.0	108560.0	108560.0	1
10.06.2026 12:00	108330.0	108330.0	108330.0	108330.0	2
10.06.2026 14:00	109020.0	109020.0	109020.0	109020.0	1
10.06.2026 14:45	108520.0	108520.0	108520.0	108520.0	1
10.06.2026 15:00	108350.0	108350.0	108110.0	108130.0	5
10.06.2026 15:30	108490.0	108490.0	108490.0	108490.0	2
10.06.2026 16:30	109020.0	109020.0	109020.0	109020.0	1
10.06.2026 17:30	109020.0	109520.0	109020.0	109520.0	2
10.06.2026 17:45	109890.0	110020.0	109890.0	110020.0	5
10.06.2026 18:15	109520.0	109520.0	109520.0	109520.0	1
10.06.2026 23:30	109190.0	109190.0	109190.0	109190.0	1
11.06.2026 10:00	109690.0	109690.0	109190.0	109190.0	2
11.06.2026 12:15	109690.0	109690.0	109690.0	109690.0	1
11.06.2026 12:30	109590.0	109590.0	109590.0	109590.0	1
11.06.2026 12:45	109470.0	109470.0	108700.0	108700.0	16
11.06.2026 13:00	108540.0	108540.0	108510.0	108510.0	11
11.06.2026 13:45	108510.0	108510.0	108510.0	108510.0	2
11.06.2026 14:00	108300.0	108300.0	108170.0	108170.0	16
11.06.2026 14:15	108130.0	108130.0	108130.0	108130.0	10
11.06.2026 14:30	108010.0	108010.0	108010.0	108010.0	1
11.06.2026 14:45	108040.0	108040.0	108040.0	108040.0	1
11.06.2026 15:00	108170.0	108170.0	108170.0	108170.0	4
11.06.2026 15:15	108170.0	108240.0	107960.0	107960.0	31
11.06.2026 15:30	108190.0	108300.0	107930.0	108260.0	27
11.06.2026 15:45	108260.0	108260.0	108050.0	108050.0	3
11.06.2026 16:00	108290.0	108290.0	108290.0	108290.0	1
11.06.2026 16:45	108020.0	108020.0	108020.0	108020.0	10
11.06.2026 18:45	108200.0	108200.0	108200.0	108200.0	10
11.06.2026 20:30	108250.0	108250.0	108000.0	108000.0	14
11.06.2026 20:45	108250.0	108300.0	108250.0	108300.0	7
11.06.2026 21:45	108300.0	108300.0	108300.0	108300.0	6
11.06.2026 22:00	108230.0	108230.0	108230.0	108230.0	4
11.06.2026 22:30	108230.0	108230.0	108230.0	108230.0	6
11.06.2026 22:45	108150.0	108150.0	108150.0	108150.0	3
11.06.2026 23:00	108240.0	108240.0	108240.0	108240.0	1
12.06.2026 10:00	108700.0	108700.0	108700.0	108700.0	1
12.06.2026 11:30	108230.0	108230.0	108230.0	108230.0	1
12.06.2026 14:30	108200.0	108200.0	108200.0	108200.0	1
12.06.2026 15:30	108260.0	108260.0	108260.0	108260.0	1
12.06.2026 19:15	108250.0	108250.0	108250.0	108250.0	1
13.06.2026 12:30	108180.0	108180.0	107830.0	107830.0	4
14.06.2026 12:30	107630.0	107630.0	107630.0	107630.0	1
15.06.2026 09:00	108040.0	108200.0	107960.0	107960.0	8
15.06.2026 09:45	108000.0	108000.0	108000.0	108000.0	10
15.06.2026 10:00	108090.0	108390.0	108090.0	108110.0	48
15.06.2026 10:15	108390.0	108390.0	108390.0	108390.0	1
15.06.2026 10:30	108200.0	108690.0	108000.0	108000.0	15
15.06.2026 11:30	108250.0	108250.0	108250.0	108250.0	10
15.06.2026 11:45	108260.0	108270.0	108260.0	108270.0	2
15.06.2026 13:00	108430.0	108590.0	108430.0	108590.0	26
15.06.2026 13:45	108540.0	108540.0	108540.0	108540.0	1
15.06.2026 15:15	108870.0	108900.0	108870.0	108900.0	2
15.06.2026 15:30	108900.0	108900.0	108900.0	108900.0	4
15.06.2026 15:45	108890.0	108990.0	108880.0	108880.0	11
15.06.2026 16:00	108840.0	109120.0	108840.0	109120.0	3
15.06.2026 16:15	109090.0	109090.0	109060.0	109090.0	3
15.06.2026 16:30	109000.0	109100.0	109000.0	109100.0	6
15.06.2026 16:45	108900.0	109370.0	108900.0	109370.0	8
15.06.2026 17:00	109420.0	109610.0	109420.0	109580.0	6
15.06.2026 17:30	109470.0	109650.0	109470.0	109650.0	4
15.06.2026 17:45	109230.0	109230.0	108200.0	108200.0	8
15.06.2026 18:00	108980.0	108980.0	108690.0	108690.0	4
15.06.2026 18:15	109360.0	109360.0	109360.0	109360.0	4
15.06.2026 18:30	109370.0	109800.0	109370.0	109800.0	5
15.06.2026 19:00	109870.0	110130.0	109870.0	110130.0	4
15.06.2026 19:15	109770.0	109770.0	109580.0	109580.0	4
15.06.2026 19:30	110190.0	110370.0	110100.0	110100.0	5
15.06.2026 20:00	110090.0	110200.0	110090.0	110200.0	4
15.06.2026 20:15	110110.0	110110.0	110110.0	110110.0	1
15.06.2026 20:30	110200.0	110200.0	110200.0	110200.0	1
15.06.2026 21:45	110200.0	110200.0	110200.0	110200.0	10
15.06.2026 22:30	110190.0	110200.0	110190.0	110200.0	3
15.06.2026 23:00	109920.0	109920.0	109710.0	109710.0	4
15.06.2026 23:15	110150.0	110200.0	110150.0	110200.0	8
15.06.2026 23:30	109740.0	109740.0	109590.0	109590.0	4
16.06.2026 09:00	109660.0	109970.0	109660.0	109970.0	5
16.06.2026 09:15	109860.0	109990.0	109690.0	109990.0	7
16.06.2026 09:30	109540.0	109540.0	109540.0	109540.0	6
16.06.2026 09:45	109540.0	109600.0	109540.0	109600.0	5
16.06.2026 10:00	109540.0	109580.0	109400.0	109580.0	21
16.06.2026 10:15	109600.0	109600.0	109600.0	109600.0	1
16.06.2026 10:30	109210.0	109210.0	109050.0	109050.0	9
16.06.2026 10:45	109050.0	109200.0	109050.0	109200.0	15
16.06.2026 11:00	109200.0	109200.0	109200.0	109200.0	3
16.06.2026 11:15	109090.0	109100.0	109090.0	109100.0	12
16.06.2026 11:30	109140.0	109580.0	109140.0	109580.0	57
16.06.2026 11:45	109590.0	109700.0	109590.0	109700.0	6
16.06.2026 12:00	109610.0	109710.0	109610.0	109710.0	15
16.06.2026 12:15	109670.0	109680.0	109650.0	109660.0	5
16.06.2026 12:30	109450.0	109460.0	109450.0	109460.0	2
16.06.2026 12:45	109320.0	109320.0	109210.0	109210.0	4
16.06.2026 13:45	108880.0	108880.0	108880.0	108880.0	1
16.06.2026 15:00	108550.0	108550.0	108550.0	108550.0	1
16.06.2026 15:15	108510.0	108510.0	108300.0	108300.0	4
16.06.2026 15:30	108220.0	108220.0	107890.0	107890.0	12
16.06.2026 15:45	107560.0	107560.0	107380.0	107550.0	9
16.06.2026 16:00	107530.0	107560.0	107530.0	107560.0	2
16.06.2026 16:15	107510.0	107510.0	107360.0	107360.0	11
16.06.2026 16:30	107230.0	107230.0	106100.0	106200.0	46
16.06.2026 16:45	106380.0	106740.0	106360.0	106740.0	13
16.06.2026 17:00	106380.0	106380.0	106280.0	106280.0	4
16.06.2026 17:15	106610.0	106610.0	106420.0	106480.0	5
16.06.2026 17:30	106400.0	106400.0	106400.0	106400.0	2
16.06.2026 17:45	106500.0	106500.0	106300.0	106300.0	8
16.06.2026 18:00	106240.0	106740.0	106240.0	106740.0	5
16.06.2026 20:15	106470.0	106470.0	106470.0	106470.0	1
16.06.2026 20:30	106640.0	106640.0	106590.0	106590.0	3
16.06.2026 23:15	106500.0	106500.0	106500.0	106500.0	1
17.06.2026 09:00	106240.0	106240.0	106240.0	106240.0	1
17.06.2026 09:30	105880.0	105880.0	105720.0	105720.0	4
17.06.2026 09:45	106050.0	106210.0	106050.0	106210.0	8
17.06.2026 10:00	106200.0	106200.0	106180.0	106180.0	35
17.06.2026 10:15	106180.0	106200.0	106180.0	106200.0	9
17.06.2026 10:30	106200.0	106240.0	106200.0	106240.0	11
17.06.2026 10:45	106430.0	106430.0	106430.0	106430.0	2
17.06.2026 11:00	106360.0	106370.0	106360.0	106360.0	3
17.06.2026 11:30	106070.0	106070.0	106020.0	106020.0	12
17.06.2026 11:45	106200.0	106210.0	106020.0	106020.0	29
17.06.2026 12:15	105900.0	105900.0	105900.0	105900.0	1
17.06.2026 13:15	105840.0	105840.0	105740.0	105740.0	3
17.06.2026 13:30	105770.0	105770.0	105770.0	105770.0	1
17.06.2026 14:15	105730.0	105730.0	105720.0	105720.0	3
17.06.2026 15:00	106240.0	106240.0	106240.0	106240.0	1
17.06.2026 15:30	105910.0	105910.0	105910.0	105910.0	1
17.06.2026 15:45	105740.0	105740.0	105600.0	105600.0	11
17.06.2026 16:00	105600.0	105660.0	105600.0	105660.0	2
17.06.2026 16:15	105640.0	105640.0	105600.0	105600.0	5
17.06.2026 16:30	105680.0	105680.0	105680.0	105680.0	2
17.06.2026 17:15	105590.0	105590.0	105590.0	105590.0	1
17.06.2026 17:45	105490.0	105490.0	105490.0	105490.0	1
17.06.2026 18:15	105420.0	105730.0	105220.0	105540.0	18
17.06.2026 18:30	105300.0	105540.0	105160.0	105540.0	8
17.06.2026 18:45	105500.0	105500.0	105500.0	105500.0	19
17.06.2026 19:00	105510.0	105510.0	105350.0	105350.0	15
17.06.2026 20:00	105400.0	105400.0	105400.0	105400.0	1
17.06.2026 20:15	105470.0	105470.0	105450.0	105450.0	2
17.06.2026 20:30	105460.0	105460.0	105460.0	105460.0	1
17.06.2026 21:15	105280.0	105280.0	105280.0	105280.0	3
17.06.2026 22:30	105280.0	105280.0	105280.0	105280.0	1
17.06.2026 23:30	105010.0	105010.0	105000.0	105000.0	9
18.06.2026 09:00	104740.0	104740.0	102180.0	104430.0	69
18.06.2026 09:15	104240.0	104240.0	104020.0	104100.0	9
18.06.2026 09:30	104140.0	104210.0	104110.0	104210.0	5
18.06.2026 09:45	104320.0	104420.0	104250.0	104250.0	11
18.06.2026 10:00	103930.0	103930.0	103610.0	103890.0	23
18.06.2026 10:15	103660.0	103790.0	103540.0	103540.0	4
18.06.2026 10:30	103450.0	103630.0	103450.0	103630.0	5
18.06.2026 10:45	103550.0	103750.0	103520.0	103750.0	11
18.06.2026 11:15	103870.0	104030.0	103870.0	104030.0	2
18.06.2026 11:30	103840.0	104090.0	103840.0	104090.0	3
18.06.2026 12:00	103850.0	104180.0	103850.0	103850.0	11
18.06.2026 12:15	103750.0	103780.0	103750.0	103780.0	3
18.06.2026 12:45	103750.0	103800.0	103750.0	103800.0	3
18.06.2026 13:15	103770.0	103810.0	103770.0	103810.0	2
18.06.2026 13:30	103910.0	103960.0	103910.0	103940.0	3
18.06.2026 13:45	104010.0	104010.0	103700.0	103750.0	13
18.06.2026 14:00	103650.0	103650.0	103650.0	103650.0	1
18.06.2026 14:15	103760.0	103760.0	103760.0	103760.0	1
18.06.2026 14:30	103650.0	103650.0	103240.0	103240.0	36
18.06.2026 14:45	103300.0	103300.0	103200.0	103230.0	12
18.06.2026 15:00	103070.0	103070.0	102780.0	102780.0	5
18.06.2026 15:15	102740.0	102760.0	102690.0	102760.0	4
18.06.2026 15:45	102760.0	102760.0	102600.0	102600.0	9
18.06.2026 16:00	103000.0	103270.0	103000.0	103190.0	12
18.06.2026 16:15	103230.0	103300.0	103230.0	103300.0	24
18.06.2026 16:30	103270.0	103370.0	102890.0	103230.0	37
18.06.2026 16:45	103370.0	103370.0	103180.0	103190.0	5
18.06.2026 17:00	103160.0	103170.0	103020.0	103130.0	7
18.06.2026 17:15	103470.0	103470.0	103470.0	103470.0	1
18.06.2026 17:45	103190.0	103290.0	103190.0	103270.0	5
18.06.2026 18:15	103070.0	103150.0	102980.0	103120.0	12
18.06.2026 18:30	103080.0	103080.0	103020.0	103020.0	2
18.06.2026 19:00	103290.0	103300.0	103190.0	103190.0	11
18.06.2026 19:30	103030.0	103030.0	103020.0	103020.0	2
18.06.2026 19:45	103200.0	103200.0	103200.0	103200.0	1
18.06.2026 20:15	103310.0	103310.0	103290.0	103290.0	2
18.06.2026 20:45	103250.0	103250.0	103140.0	103140.0	3
18.06.2026 21:00	103300.0	103310.0	103200.0	103200.0	3
18.06.2026 22:00	103020.0	103020.0	103020.0	103020.0	1
18.06.2026 23:15	102970.0	102970.0	102840.0	102840.0	5
18.06.2026 23:30	102770.0	102780.0	102740.0	102760.0	4
19.06.2026 09:00	102630.0	102850.0	102630.0	102850.0	4
19.06.2026 09:15	103060.0	103060.0	103060.0	103060.0	1
19.06.2026 09:30	103210.0	104620.0	103210.0	103500.0	60
19.06.2026 09:45	103510.0	103510.0	103510.0	103510.0	1
19.06.2026 10:00	103450.0	103450.0	102770.0	102770.0	19
19.06.2026 10:15	102990.0	103030.0	102760.0	102760.0	5
19.06.2026 10:30	103050.0	103050.0	103050.0	103050.0	1
19.06.2026 11:00	103050.0	103050.0	103050.0	103050.0	4
19.06.2026 11:15	102970.0	103080.0	102970.0	103080.0	8
19.06.2026 11:30	103060.0	103060.0	103040.0	103040.0	2
19.06.2026 12:00	103270.0	103560.0	103270.0	103560.0	18
19.06.2026 12:15	103730.0	103740.0	103730.0	103740.0	2
19.06.2026 12:30	103740.0	103740.0	103740.0	103740.0	4
19.06.2026 12:45	103620.0	103620.0	103620.0	103620.0	1
19.06.2026 13:00	103240.0	103240.0	103240.0	103240.0	1
19.06.2026 13:15	103200.0	103290.0	103200.0	103290.0	9
19.06.2026 13:30	103080.0	103080.0	101630.0	101870.0	90
19.06.2026 13:45	101870.0	102240.0	101830.0	102240.0	20
19.06.2026 14:00	101830.0	102040.0	101830.0	102040.0	9
19.06.2026 14:15	101970.0	102000.0	101800.0	101870.0	8
19.06.2026 14:30	101840.0	102000.0	101840.0	101860.0	8
19.06.2026 14:45	101820.0	101820.0	101740.0	101740.0	3
19.06.2026 15:00	101940.0	102000.0	101940.0	101950.0	4
19.06.2026 15:15	101760.0	101760.0	101760.0	101760.0	1
19.06.2026 15:30	102240.0	102240.0	102240.0	102240.0	1
19.06.2026 15:45	102470.0	102600.0	102450.0	102450.0	10
19.06.2026 16:00	102590.0	102740.0	102590.0	102740.0	3
19.06.2026 16:15	102530.0	102550.0	102530.0	102550.0	4
19.06.2026 16:30	102450.0	102450.0	102400.0	102400.0	2
19.06.2026 16:45	102240.0	102240.0	102240.0	102240.0	1
19.06.2026 17:00	102220.0	102360.0	102210.0	102210.0	13
19.06.2026 17:15	102200.0	102200.0	102200.0	102200.0	1
19.06.2026 17:30	102010.0	102010.0	101810.0	101810.0	4
19.06.2026 18:00	102050.0	102100.0	101970.0	102100.0	4
19.06.2026 18:30	102300.0	102320.0	102300.0	102300.0	32
19.06.2026 18:45	102380.0	102400.0	102380.0	102400.0	2
19.06.2026 19:15	102300.0	102360.0	102280.0	102300.0	42
19.06.2026 19:30	102360.0	102370.0	102360.0	102370.0	2
19.06.2026 20:00	102330.0	102330.0	102250.0	102250.0	2
19.06.2026 20:30	102160.0	102160.0	102160.0	102160.0	3
19.06.2026 20:45	102020.0	102020.0	102020.0	102020.0	1
19.06.2026 21:00	101950.0	101980.0	101950.0	101980.0	2
19.06.2026 22:00	101970.0	101970.0	101970.0	101970.0	1
19.06.2026 22:45	102050.0	102050.0	102050.0	102050.0	1
19.06.2026 23:30	101780.0	101820.0	101780.0	101820.0	3
22.06.2026 09:00	101740.0	101740.0	101430.0	101480.0	14
22.06.2026 09:15	101540.0	101730.0	101530.0	101730.0	66
22.06.2026 09:30	101740.0	101740.0	101740.0	101740.0	1
22.06.2026 09:45	101540.0	101540.0	101540.0	101540.0	1
22.06.2026 10:00	101640.0	101880.0	101220.0	101650.0	36
22.06.2026 10:15	101240.0	101240.0	100990.0	101000.0	5
22.06.2026 10:30	101050.0	101050.0	100560.0	100580.0	17
22.06.2026 10:45	100590.0	101160.0	100590.0	101160.0	14
22.06.2026 11:15	101240.0	101240.0	101240.0	101240.0	1
22.06.2026 11:30	101170.0	101170.0	101170.0	101170.0	2
22.06.2026 11:45	101220.0	101220.0	100970.0	100970.0	3
22.06.2026 12:00	101210.0	101210.0	101210.0	101210.0	1
22.06.2026 12:30	100870.0	100870.0	100460.0	100460.0	4
22.06.2026 12:45	100420.0	100420.0	100090.0	100090.0	18
22.06.2026 13:00	100000.0	100040.0	99550.0	99630.0	45
22.06.2026 13:15	99710.0	99710.0	99540.0	99540.0	4
22.06.2026 13:30	99390.0	99680.0	99370.0	99680.0	49
22.06.2026 13:45	99700.0	99730.0	99470.0	99610.0	69
22.06.2026 14:00	99550.0	99660.0	99200.0	99560.0	47
22.06.2026 14:15	99450.0	99700.0	99450.0	99460.0	44
22.06.2026 14:30	99430.0	99640.0	99350.0	99640.0	40
22.06.2026 14:45	99600.0	99600.0	98240.0	98290.0	77
22.06.2026 15:00	98140.0	98500.0	97920.0	98170.0	66
22.06.2026 15:15	98250.0	98290.0	97740.0	97740.0	83
22.06.2026 15:30	97910.0	97920.0	97540.0	97840.0	22
22.06.2026 15:45	98240.0	98290.0	98040.0	98270.0	38
22.06.2026 16:00	98390.0	98460.0	98260.0	98370.0	37
22.06.2026 16:15	98060.0	98060.0	97990.0	97990.0	5
22.06.2026 16:30	97980.0	98040.0	97180.0	97180.0	19
22.06.2026 16:45	97300.0	97360.0	97300.0	97360.0	13
22.06.2026 17:00	96850.0	97330.0	96850.0	97330.0	10
22.06.2026 17:15	97320.0	97320.0	97320.0	97320.0	8
22.06.2026 17:30	97160.0	97280.0	97140.0	97180.0	7
22.06.2026 17:45	97150.0	97210.0	96460.0	96480.0	27
22.06.2026 18:00	96500.0	96710.0	96500.0	96630.0	26
22.06.2026 18:15	96540.0	96700.0	96130.0	96130.0	6
22.06.2026 18:30	96140.0	96140.0	95810.0	96080.0	20
22.06.2026 19:00	96470.0	96470.0	96280.0	96280.0	2
22.06.2026 19:15	96360.0	96420.0	96360.0	96410.0	7
22.06.2026 19:45	96100.0	96210.0	96100.0	96140.0	10
22.06.2026 20:00	96160.0	96260.0	96160.0	96250.0	7
22.06.2026 20:15	95740.0	95740.0	95740.0	95740.0	1
22.06.2026 20:30	95710.0	95880.0	95710.0	95880.0	5
22.06.2026 20:45	95560.0	95650.0	95550.0	95650.0	5
22.06.2026 21:15	95420.0	95430.0	95300.0	95360.0	25
22.06.2026 21:30	95360.0	95430.0	95240.0	95430.0	33
22.06.2026 21:45	95400.0	95400.0	95100.0	95100.0	9
22.06.2026 22:00	95040.0	95100.0	95040.0	95100.0	6
22.06.2026 22:15	94700.0	94710.0	94500.0	94500.0	58
22.06.2026 22:30	94520.0	94520.0	94090.0	94200.0	48
22.06.2026 22:45	94500.0	94920.0	94500.0	94920.0	21
22.06.2026 23:00	94980.0	94980.0	94620.0	94620.0	12
22.06.2026 23:15	94620.0	94750.0	94620.0	94750.0	9
22.06.2026 23:30	94630.0	94720.0	94630.0	94720.0	5
22.06.2026 23:45	94730.0	94730.0	94730.0	94730.0	1
23.06.2026 09:00	94360.0	95020.0	94340.0	95020.0	146
23.06.2026 09:15	95020.0	95290.0	94450.0	94450.0	46
23.06.2026 09:30	94780.0	94780.0	94020.0	94050.0	13
23.06.2026 09:45	93960.0	94140.0	93840.0	93960.0	18
23.06.2026 10:00	94370.0	95240.0	94070.0	95000.0	37
23.06.2026 10:15	95090.0	95330.0	94890.0	95100.0	39
23.06.2026 10:30	95140.0	95550.0	95140.0	95520.0	20
23.06.2026 10:45	95430.0	95740.0	95410.0	95740.0	21
23.06.2026 11:00	95490.0	96090.0	95490.0	95770.0	140
23.06.2026 11:15	95830.0	95830.0	95170.0	95170.0	124
23.06.2026 11:30	95210.0	95380.0	95050.0	95300.0	58
23.06.2026 11:45	95410.0	95690.0	95350.0	95660.0	91
23.06.2026 12:00	95690.0	95890.0	95640.0	95820.0	99
23.06.2026 12:15	95720.0	95980.0	95720.0	95980.0	20
23.06.2026 12:30	95990.0	96090.0	95690.0	96090.0	26
23.06.2026 12:45	96060.0	96190.0	95910.0	95980.0	19
23.06.2026 13:00	96190.0	96390.0	96190.0	96290.0	83
23.06.2026 13:15	96300.0	96340.0	96200.0	96280.0	13
23.06.2026 13:30	96150.0	96340.0	96000.0	96000.0	13
23.06.2026 13:45	95910.0	95930.0	95880.0	95930.0	10
23.06.2026 14:00	95930.0	96060.0	95820.0	95820.0	37
23.06.2026 14:15	96000.0	96000.0	94940.0	94940.0	8
23.06.2026 14:30	94940.0	95050.0	94840.0	94920.0	8
23.06.2026 14:45	95010.0	95450.0	94950.0	95450.0	11
23.06.2026 15:00	95360.0	95670.0	95360.0	95670.0	52
23.06.2026 15:15	95600.0	96000.0	95600.0	96000.0	20
23.06.2026 15:30	95700.0	95730.0	95280.0	95280.0	57
23.06.2026 15:45	96200.0	96400.0	96200.0	96400.0	16
23.06.2026 16:00	96180.0	96290.0	96000.0	96130.0	9
23.06.2026 16:15	96160.0	96160.0	95980.0	95980.0	2
23.06.2026 16:45	96440.0	96700.0	96430.0	96700.0	64
23.06.2026 17:00	96640.0	96640.0	96570.0	96570.0	4
23.06.2026 17:15	96490.0	96620.0	96460.0	96610.0	52
23.06.2026 17:30	96610.0	96640.0	96400.0	96510.0	43
23.06.2026 17:45	96600.0	96940.0	96590.0	96880.0	14
23.06.2026 18:00	97000.0	97000.0	96860.0	96860.0	4
23.06.2026 18:15	96600.0	96700.0	96600.0	96700.0	9
23.06.2026 18:45	96700.0	96700.0	96700.0	96700.0	5
23.06.2026 19:00	96790.0	96790.0	96790.0	96790.0	1
23.06.2026 19:15	96660.0	96660.0	96660.0	96660.0	1
23.06.2026 19:30	97010.0	97040.0	96910.0	96910.0	6
23.06.2026 19:45	96780.0	96780.0	96780.0	96780.0	1
23.06.2026 20:00	96780.0	96780.0	96780.0	96780.0	4
23.06.2026 20:30	96740.0	96740.0	96740.0	96740.0	1
23.06.2026 21:15	96650.0	96650.0	96560.0	96590.0	15
23.06.2026 21:45	96510.0	96540.0	96500.0	96500.0	5
23.06.2026 22:00	96630.0	96640.0	96630.0	96640.0	34
23.06.2026 22:15	96640.0	96640.0	96640.0	96640.0	12
23.06.2026 23:00	96510.0	96510.0	96510.0	96510.0	1
23.06.2026 23:15	96490.0	96520.0	96440.0	96440.0	4
23.06.2026 23:30	96440.0	96450.0	96400.0	96450.0	5
24.06.2026 09:00	96330.0	96330.0	95930.0	95950.0	18
24.06.2026 09:15	95950.0	96000.0	95950.0	96000.0	7
24.06.2026 09:30	95820.0	95930.0	95720.0	95760.0	13
24.06.2026 09:45	95510.0	95530.0	95510.0	95530.0	2
24.06.2026 10:00	95490.0	95540.0	94850.0	94850.0	17
24.06.2026 10:15	95210.0	95260.0	95210.0	95260.0	2
24.06.2026 10:30	94700.0	95000.0	94690.0	94830.0	54
24.06.2026 10:45	94940.0	94940.0	94380.0	94400.0	10
24.06.2026 11:00	94490.0	94650.0	94490.0	94630.0	6
24.06.2026 11:30	94740.0	94740.0	94740.0	94740.0	1
24.06.2026 11:45	94700.0	95140.0	94700.0	94840.0	7
24.06.2026 12:00	94570.0	95190.0	94570.0	95020.0	28
24.06.2026 12:15	94940.0	94940.0	94740.0	94740.0	6
24.06.2026 12:30	94640.0	94810.0	94620.0	94620.0	6
24.06.2026 12:45	94510.0	94620.0	94490.0	94580.0	10
24.06.2026 13:00	94250.0	94250.0	93590.0	93790.0	27
24.06.2026 13:15	93680.0	94100.0	93680.0	94100.0	48
24.06.2026 13:30	94100.0	94750.0	93970.0	94350.0	55
24.06.2026 13:45	94460.0	94510.0	94330.0	94330.0	19
24.06.2026 14:00	94220.0	94300.0	94100.0	94100.0	9
24.06.2026 14:15	94100.0	94100.0	93400.0	93720.0	81
24.06.2026 14:30	93630.0	93630.0	93630.0	93630.0	1
24.06.2026 15:15	93790.0	93790.0	93790.0	93790.0	1
24.06.2026 15:30	94340.0	94340.0	94260.0	94260.0	2
24.06.2026 15:45	94010.0	94120.0	94010.0	94120.0	5
24.06.2026 16:00	93770.0	93770.0	93710.0	93710.0	7
24.06.2026 16:15	93550.0	93550.0	93100.0	93360.0	19
24.06.2026 16:30	93420.0	93560.0	93420.0	93560.0	3
24.06.2026 16:45	93660.0	93710.0	93550.0	93550.0	4
24.06.2026 17:00	93700.0	93710.0	93700.0	93710.0	2
24.06.2026 17:15	93320.0	93320.0	92910.0	92910.0	8
24.06.2026 17:30	92810.0	93020.0	92700.0	92820.0	58
24.06.2026 17:45	92740.0	92770.0	92180.0	92380.0	68
24.06.2026 18:00	92420.0	92780.0	91940.0	92780.0	7
24.06.2026 18:15	92840.0	93060.0	92700.0	92700.0	6
24.06.2026 18:30	92560.0	92560.0	92040.0	92040.0	3
24.06.2026 18:45	92120.0	92120.0	92120.0	92120.0	1
24.06.2026 19:00	92740.0	92920.0	92740.0	92920.0	10
24.06.2026 19:15	92840.0	93290.0	92840.0	93290.0	7
24.06.2026 19:30	93100.0	93100.0	93040.0	93040.0	3
24.06.2026 19:45	92910.0	92910.0	92910.0	92910.0	5
24.06.2026 20:00	92450.0	92450.0	92450.0	92450.0	1
24.06.2026 20:15	92660.0	92660.0	92660.0	92660.0	1
24.06.2026 20:45	92760.0	92760.0	92600.0	92600.0	6
24.06.2026 21:15	92690.0	92690.0	92690.0	92690.0	1
24.06.2026 21:30	92610.0	92690.0	92610.0	92680.0	10
24.06.2026 21:45	92670.0	92670.0	92590.0	92600.0	6
24.06.2026 22:45	92700.0	92700.0	92700.0	92700.0	1
24.06.2026 23:00	92630.0	92630.0	92630.0	92630.0	1
24.06.2026 23:30	92710.0	92710.0	92710.0	92710.0	3
24.06.2026 23:45	92610.0	92610.0	92610.0	92610.0	7
25.06.2026 09:00	92640.0	92640.0	92190.0	92190.0	46
25.06.2026 09:15	92250.0	92500.0	92250.0	92490.0	84
25.06.2026 09:30	92380.0	92600.0	92210.0	92520.0	19
25.06.2026 09:45	92430.0	92430.0	92430.0	92430.0	5
25.06.2026 10:00	92540.0	93330.0	92510.0	93300.0	44
25.06.2026 10:15	93310.0	93310.0	93000.0	93000.0	3
25.06.2026 10:30	93020.0	93020.0	92700.0	92700.0	13
25.06.2026 10:45	92500.0	92590.0	92500.0	92590.0	4
25.06.2026 11:00	92750.0	92750.0	92750.0	92750.0	1
25.06.2026 11:15	92900.0	93030.0	92390.0	92390.0	4
25.06.2026 11:30	92000.0	92000.0	91990.0	91990.0	3
25.06.2026 12:00	92420.0	92480.0	92100.0	92100.0	17
25.06.2026 12:15	92300.0	92780.0	92300.0	92780.0	6
25.06.2026 12:30	92490.0	92490.0	92310.0	92310.0	5
25.06.2026 12:45	92230.0	92230.0	91900.0	91900.0	5
25.06.2026 13:00	91850.0	91850.0	91110.0	91110.0	28
25.06.2026 13:15	90870.0	90880.0	90220.0	90370.0	30
25.06.2026 13:30	90270.0	90760.0	90240.0	90760.0	22
25.06.2026 13:45	90410.0	90960.0	90410.0	90800.0	14
25.06.2026 14:00	90760.0	90800.0	90660.0	90770.0	7
25.06.2026 14:15	90500.0	90530.0	90450.0	90520.0	15
25.06.2026 14:30	90340.0	90340.0	90040.0	90040.0	9
25.06.2026 14:45	90200.0	90200.0	89850.0	89850.0	14
25.06.2026 15:00	90070.0	90070.0	89810.0	89840.0	7
25.06.2026 15:15	89810.0	89810.0	89680.0	89680.0	6
25.06.2026 15:30	89880.0	89960.0	89720.0	89880.0	7
25.06.2026 15:45	90100.0	90540.0	90100.0	90340.0	38
25.06.2026 16:00	90340.0	90600.0	90340.0	90600.0	7
25.06.2026 16:15	90240.0	90240.0	90240.0	90240.0	1
25.06.2026 16:30	90220.0	90220.0	90030.0	90030.0	3
25.06.2026 16:45	89800.0	90090.0	89800.0	90070.0	49
25.06.2026 17:00	90310.0	90330.0	90280.0	90310.0	5
25.06.2026 17:15	90260.0	90260.0	90150.0	90240.0	5
25.06.2026 17:30	90310.0	90310.0	89770.0	89900.0	38
25.06.2026 17:45	89900.0	90050.0	89900.0	90050.0	22
25.06.2026 18:00	90070.0	90150.0	90050.0	90050.0	3
25.06.2026 18:15	90340.0	90600.0	90340.0	90600.0	48
25.06.2026 18:30	90800.0	90800.0	90450.0	90450.0	8
25.06.2026 18:45	90510.0	90520.0	90380.0	90380.0	26
25.06.2026 19:00	90490.0	90490.0	90420.0	90460.0	28
25.06.2026 19:15	90370.0	90370.0	90330.0	90360.0	11
25.06.2026 19:30	90270.0	90400.0	90270.0	90400.0	3
25.06.2026 20:00	90390.0	90390.0	90390.0	90390.0	1
25.06.2026 21:00	90380.0	90380.0	90380.0	90380.0	1
25.06.2026 21:30	90010.0	90010.0	89880.0	89880.0	3
25.06.2026 21:45	89810.0	89830.0	89810.0	89830.0	2
25.06.2026 22:00	89750.0	89750.0	89650.0	89650.0	7
25.06.2026 22:15	89650.0	89690.0	89590.0	89590.0	34
25.06.2026 23:15	89800.0	89810.0	89800.0	89810.0	2
25.06.2026 23:30	89700.0	89700.0	89700.0	89700.0	3
26.06.2026 08:45	89500.0	89500.0	89210.0	89210.0	2
26.06.2026 09:00	89200.0	89200.0	88830.0	88910.0	8
26.06.2026 09:15	88490.0	88490.0	88370.0	88430.0	8
26.06.2026 09:30	88390.0	88490.0	88390.0	88490.0	7
26.06.2026 09:45	88460.0	88770.0	88460.0	88680.0	5
26.06.2026 10:00	88660.0	88820.0	88630.0	88820.0	4
26.06.2026 10:15	88730.0	89320.0	88690.0	89320.0	11
26.06.2026 10:30	88760.0	88810.0	88550.0	88590.0	23
26.06.2026 10:45	88660.0	88830.0	88240.0	88600.0	20
26.06.2026 11:00	88350.0	88510.0	88120.0	88310.0	7
26.06.2026 11:15	88050.0	88160.0	87580.0	87580.0	5
26.06.2026 11:30	87660.0	87890.0	87660.0	87830.0	11
26.06.2026 11:45	87850.0	87860.0	87280.0	87360.0	13
26.06.2026 12:00	87280.0	87560.0	87280.0	87510.0	6
26.06.2026 12:15	87510.0	87510.0	87510.0	87510.0	1
26.06.2026 12:30	87640.0	87640.0	87540.0	87540.0	6
26.06.2026 12:45	87640.0	87640.0	87330.0	87330.0	3
26.06.2026 13:00	87230.0	87230.0	87230.0	87230.0	1
26.06.2026 13:15	87160.0	87160.0	86880.0	86900.0	3
26.06.2026 13:30	86690.0	86780.0	86600.0	86770.0	12
26.06.2026 13:45	86640.0	86680.0	86320.0	86680.0	35
26.06.2026 14:00	86690.0	86820.0	86690.0	86730.0	10
26.06.2026 14:15	86830.0	87200.0	86680.0	86780.0	119
26.06.2026 14:30	86920.0	87500.0	86920.0	87100.0	4
26.06.2026 14:45	87260.0	88180.0	87100.0	88180.0	66
26.06.2026 15:00	88020.0	90810.0	88000.0	90160.0	264
26.06.2026 15:15	89810.0	90000.0	88930.0	89570.0	43
26.06.2026 15:30	89600.0	90730.0	89600.0	90040.0	73
26.06.2026 15:45	89990.0	90800.0	89770.0	90670.0	15
26.06.2026 16:00	90720.0	90720.0	89770.0	89920.0	112
26.06.2026 16:15	89770.0	89800.0	89660.0	89750.0	16
26.06.2026 16:30	89630.0	89700.0	89630.0	89700.0	3
26.06.2026 16:45	89240.0	89480.0	89240.0	89480.0	4
26.06.2026 17:00	89550.0	89550.0	88640.0	88640.0	62
26.06.2026 17:15	88600.0	89010.0	88590.0	89010.0	54
26.06.2026 17:30	88630.0	88630.0	87970.0	87970.0	10
26.06.2026 17:45	87860.0	87860.0	87190.0	87590.0	93
26.06.2026 18:00	87640.0	88230.0	87640.0	88000.0	17
26.06.2026 18:15	88600.0	88600.0	88600.0	88600.0	2
26.06.2026 18:30	88440.0	88900.0	88440.0	88900.0	2
26.06.2026 18:45	89050.0	89510.0	89050.0	89510.0	53
26.06.2026 19:00	89530.0	89760.0	89470.0	89690.0	9
26.06.2026 19:15	89210.0	89300.0	89210.0	89280.0	6
26.06.2026 19:30	89340.0	89340.0	89130.0	89130.0	6
26.06.2026 19:45	89000.0	89000.0	89000.0	89000.0	1
26.06.2026 20:00	88990.0	89150.0	88990.0	89150.0	15
26.06.2026 20:15	89000.0	89160.0	88970.0	89160.0	10
26.06.2026 20:30	89300.0	89360.0	89300.0	89360.0	11
26.06.2026 20:45	89350.0	89350.0	89320.0	89320.0	2
26.06.2026 21:00	89500.0	89660.0	89500.0	89600.0	13
26.06.2026 21:15	89480.0	89590.0	89480.0	89590.0	3
26.06.2026 22:00	89430.0	89430.0	89360.0	89360.0	2
26.06.2026 23:00	89600.0	89600.0	89600.0	89600.0	1
26.06.2026 23:15	89640.0	89640.0	89540.0	89540.0	2
26.06.2026 23:30	89490.0	89590.0	89470.0	89590.0	3
27.06.2026 10:00	90000.0	90010.0	90000.0	90010.0	2
27.06.2026 10:30	89660.0	89660.0	89660.0	89660.0	1
27.06.2026 11:15	89500.0	89500.0	89500.0	89500.0	1
27.06.2026 11:30	89460.0	89510.0	89460.0	89510.0	3
27.06.2026 11:45	89550.0	89550.0	89550.0	89550.0	1
27.06.2026 12:00	89440.0	89440.0	89440.0	89440.0	1
27.06.2026 13:00	89520.0	89520.0	89520.0	89520.0	1
27.06.2026 14:00	89620.0	89620.0	89620.0	89620.0	2
27.06.2026 14:15	89560.0	89560.0	89560.0	89560.0	1
27.06.2026 16:30	89540.0	89540.0	89540.0	89540.0	1
27.06.2026 17:00	89480.0	89480.0	89480.0	89480.0	1
27.06.2026 18:30	89410.0	89410.0	89410.0	89410.0	1
28.06.2026 14:00	89380.0	89380.0	89380.0	89380.0	1
28.06.2026 14:30	89320.0	89320.0	89320.0	89320.0	1
28.06.2026 16:00	89280.0	89280.0	89280.0	89280.0	1
28.06.2026 17:30	89100.0	89140.0	89100.0	89140.0	8
28.06.2026 17:45	89070.0	89170.0	89070.0	89170.0	4
28.06.2026 18:30	89100.0	89100.0	89100.0	89100.0	1
29.06.2026 09:00	89060.0	89190.0	88950.0	88970.0	13
29.06.2026 09:15	88780.0	88820.0	88190.0	88420.0	25
29.06.2026 09:30	88000.0	88180.0	87870.0	87870.0	6
29.06.2026 09:45	88180.0	88180.0	87790.0	87790.0	2
29.06.2026 10:00	87770.0	88350.0	87680.0	88350.0	8
29.06.2026 10:15	88590.0	88650.0	88500.0	88500.0	3
29.06.2026 10:30	88040.0	88050.0	87950.0	87990.0	10
29.06.2026 10:45	87760.0	87800.0	87760.0	87800.0	2
29.06.2026 11:00	89160.0	89680.0	88770.0	89680.0	24
29.06.2026 11:15	90000.0	91000.0	90000.0	90640.0	34
29.06.2026 11:30	90870.0	91290.0	90850.0	91060.0	44
29.06.2026 11:45	91100.0	91210.0	90570.0	90570.0	20
29.06.2026 12:00	91400.0	91770.0	90880.0	90880.0	32
29.06.2026 12:15	90890.0	90890.0	90490.0	90750.0	16
29.06.2026 12:30	90820.0	91010.0	90750.0	90800.0	45
29.06.2026 12:45	90480.0	90480.0	90410.0	90410.0	3
29.06.2026 13:00	90510.0	90510.0	90340.0	90400.0	10
29.06.2026 13:15	90700.0	90700.0	90700.0	90700.0	2
29.06.2026 13:30	91010.0	91010.0	90700.0	90700.0	10
29.06.2026 13:45	90400.0	90400.0	90320.0	90320.0	8
29.06.2026 14:00	90210.0	90210.0	89860.0	89930.0	22
29.06.2026 14:15	89760.0	89940.0	89760.0	89940.0	30
29.06.2026 14:30	89770.0	89770.0	89770.0	89770.0	1
29.06.2026 15:00	90510.0	90510.0	90510.0	90510.0	1
29.06.2026 15:30	90600.0	91110.0	90600.0	91070.0	25
29.06.2026 15:45	91150.0	91590.0	91150.0	91590.0	19
29.06.2026 16:00	91560.0	91560.0	91320.0	91430.0	8
29.06.2026 16:15	91290.0	91290.0	91290.0	91290.0	8
29.06.2026 16:30	91290.0	91400.0	91240.0	91240.0	71
29.06.2026 16:45	91320.0	91690.0	91280.0	91690.0	14
29.06.2026 17:00	91770.0	91840.0	91570.0	91800.0	25
29.06.2026 17:15	91910.0	92900.0	91910.0	92900.0	17
29.06.2026 17:30	92950.0	93300.0	92950.0	93180.0	20
29.06.2026 17:45	93080.0	93130.0	92750.0	92810.0	23
29.06.2026 18:00	92850.0	93070.0	92850.0	92910.0	16
29.06.2026 18:15	92860.0	92890.0	92480.0	92590.0	29
29.06.2026 18:30	92780.0	93350.0	92700.0	93190.0	17
29.06.2026 18:45	93170.0	93210.0	93070.0	93070.0	5
29.06.2026 19:00	93010.0	93010.0	92940.0	92940.0	2
29.06.2026 19:15	92860.0	92860.0	92860.0	92860.0	2
29.06.2026 19:30	92900.0	92900.0	92900.0	92900.0	1
29.06.2026 19:45	93460.0	93510.0	93370.0	93510.0	6
29.06.2026 20:00	93400.0	93400.0	93360.0	93400.0	6
29.06.2026 20:15	93390.0	93400.0	93310.0	93310.0	7
29.06.2026 20:30	93310.0	93310.0	93220.0	93220.0	7
29.06.2026 20:45	93280.0	93280.0	93280.0	93280.0	2
29.06.2026 21:00	93780.0	93780.0	93620.0	93660.0	10
29.06.2026 21:15	93660.0	93740.0	93610.0	93610.0	16
29.06.2026 21:30	93560.0	93560.0	93510.0	93560.0	12
29.06.2026 21:45	93730.0	93730.0	93610.0	93610.0	4
29.06.2026 22:00	93660.0	93670.0	93610.0	93670.0	5
29.06.2026 22:15	93610.0	93620.0	93610.0	93610.0	3
29.06.2026 22:30	93580.0	93620.0	93580.0	93620.0	7
29.06.2026 22:45	93580.0	93580.0	93580.0	93580.0	2
29.06.2026 23:00	93500.0	93500.0	93220.0	93220.0	81
29.06.2026 23:15	93090.0	93090.0	93090.0	93090.0	1
29.06.2026 23:30	93100.0	93130.0	93080.0	93130.0	11
30.06.2026 08:45	93310.0	94000.0	93290.0	94000.0	6
30.06.2026 09:00	93070.0	93300.0	92760.0	92760.0	32
30.06.2026 09:15	92990.0	92990.0	92840.0	92840.0	8
30.06.2026 09:30	92630.0	92670.0	92290.0	92370.0	14
30.06.2026 09:45	92990.0	92990.0	92670.0	92680.0	3
30.06.2026 10:00	92700.0	92840.0	92260.0	92560.0	16
30.06.2026 10:15	92550.0	93090.0	92550.0	93080.0	41
30.06.2026 10:30	93140.0	93140.0	92770.0	92770.0	9
30.06.2026 10:45	93000.0	93060.0	93000.0	93060.0	6
30.06.2026 11:00	92770.0	93000.0	92700.0	92700.0	15
30.06.2026 11:15	92800.0	93050.0	92710.0	92800.0	11
30.06.2026 11:30	92750.0	92750.0	92600.0	92600.0	7
30.06.2026 11:45	92860.0	92900.0	92710.0	92900.0	11
30.06.2026 12:00	92920.0	93620.0	92800.0	93620.0	40
30.06.2026 12:15	93680.0	93860.0	93610.0	93860.0	14
30.06.2026 12:30	93870.0	94060.0	93780.0	94040.0	16
30.06.2026 12:45	93990.0	94100.0	93830.0	93840.0	14
30.06.2026 13:00	93800.0	93900.0	93760.0	93760.0	18
30.06.2026 13:15	93810.0	93900.0	93710.0	93710.0	14
30.06.2026 13:30	93810.0	93810.0	93410.0	93410.0	21
30.06.2026 13:45	93240.0	93240.0	93000.0	93000.0	13
30.06.2026 14:00	92950.0	93230.0	92840.0	92840.0	8
30.06.2026 14:15	93110.0	93190.0	92950.0	92950.0	12
30.06.2026 14:30	92760.0	92760.0	92760.0	92760.0	1
30.06.2026 14:45	92730.0	93120.0	92640.0	93120.0	24
30.06.2026 15:00	93000.0	93000.0	92760.0	92890.0	12
30.06.2026 15:15	92980.0	93000.0	92490.0	92510.0	17
30.06.2026 15:30	92460.0	92540.0	92270.0	92360.0	25
30.06.2026 15:45	92340.0	92340.0	92340.0	92340.0	1
30.06.2026 16:00	92440.0	92700.0	92440.0	92700.0	6
30.06.2026 16:15	92200.0	92200.0	92200.0	92200.0	4
30.06.2026 16:45	92200.0	92200.0	91390.0	91470.0	20
30.06.2026 17:00	91740.0	91740.0	91740.0	91740.0	2
30.06.2026 17:15	91700.0	91700.0	91700.0	91700.0	1
30.06.2026 17:30	91620.0	91650.0	91470.0	91570.0	8
30.06.2026 17:45	91570.0	91600.0	91050.0	91050.0	62
30.06.2026 18:00	91010.0	91150.0	91000.0	91150.0	48
30.06.2026 18:15	91000.0	91000.0	90870.0	90870.0	3
30.06.2026 18:30	90700.0	90740.0	90700.0	90740.0	7
30.06.2026 18:45	91020.0	91020.0	90970.0	90970.0	5
30.06.2026 19:00	90710.0	90820.0	90630.0	90630.0	32
30.06.2026 19:15	90630.0	90630.0	90520.0	90590.0	51
30.06.2026 19:30	90500.0	90630.0	90500.0	90630.0	10
30.06.2026 19:45	90830.0	90970.0	90740.0	90940.0	55
30.06.2026 20:00	91050.0	91050.0	91050.0	91050.0	1
30.06.2026 20:15	91070.0	91150.0	91070.0	91090.0	5
30.06.2026 20:30	91110.0	91140.0	91090.0	91140.0	9
30.06.2026 20:45	91080.0	91080.0	91080.0	91080.0	1
30.06.2026 21:15	90740.0	90740.0	90700.0	90700.0	2
30.06.2026 21:30	90790.0	90790.0	90790.0	90790.0	1
30.06.2026 22:00	90910.0	90910.0	90910.0	90910.0	1
30.06.2026 22:15	91090.0	91100.0	91090.0	91100.0	2
30.06.2026 22:30	90840.0	90840.0	90840.0	90840.0	1
30.06.2026 22:45	90890.0	90890.0	90880.0	90880.0	2
30.06.2026 23:15	90810.0	90810.0	90810.0	90810.0	1
30.06.2026 23:45	90780.0	90780.0	90770.0	90770.0	3
01.07.2026 09:00	90890.0	90890.0	90480.0	90560.0	48
01.07.2026 09:15	90620.0	90840.0	90560.0	90720.0	60
01.07.2026 09:30	90880.0	90960.0	90460.0	90520.0	16
01.07.2026 09:45	90440.0	90740.0	90440.0	90740.0	5
01.07.2026 10:00	91180.0	92010.0	90700.0	92010.0	78
01.07.2026 10:15	92040.0	92040.0	91550.0	91860.0	31
01.07.2026 10:30	91950.0	92200.0	91950.0	92140.0	10
01.07.2026 10:45	91960.0	92010.0	91530.0	91530.0	15
01.07.2026 11:00	91470.0	91740.0	91120.0	91740.0	12
01.07.2026 11:15	91880.0	92010.0	91880.0	92010.0	4
01.07.2026 11:45	92200.0	92370.0	92200.0	92260.0	15
01.07.2026 12:00	92430.0	92430.0	92230.0	92300.0	11
01.07.2026 12:15	92400.0	93760.0	92400.0	93420.0	100
01.07.2026 12:30	93270.0	93270.0	92860.0	93070.0	30
01.07.2026 12:45	93070.0	93090.0	93070.0	93090.0	3
01.07.2026 13:00	93040.0	93040.0	92770.0	92830.0	21
01.07.2026 13:15	92910.0	93050.0	92740.0	93050.0	7
01.07.2026 13:30	93070.0	93070.0	92740.0	92750.0	15
01.07.2026 13:45	92800.0	92910.0	92780.0	92830.0	8
01.07.2026 14:00	92900.0	92900.0	92540.0	92700.0	26
01.07.2026 14:15	92860.0	92930.0	92590.0	92590.0	14
01.07.2026 14:45	92940.0	93060.0	92940.0	93060.0	7
01.07.2026 15:00	92760.0	92760.0	92680.0	92680.0	2
01.07.2026 15:15	92790.0	92890.0	92750.0	92750.0	18
01.07.2026 15:30	92870.0	92870.0	92430.0	92430.0	24
01.07.2026 15:45	92710.0	92710.0	92240.0	92240.0	14
01.07.2026 16:00	92290.0	92630.0	92250.0	92630.0	13
01.07.2026 16:15	92710.0	93050.0	92710.0	92830.0	16
01.07.2026 16:30	92960.0	93060.0	92890.0	93050.0	53
01.07.2026 16:45	93050.0	93170.0	92700.0	92700.0	33
01.07.2026 17:00	92700.0	92720.0	92590.0	92680.0	11
01.07.2026 17:15	92640.0	92640.0	92360.0	92360.0	20
01.07.2026 17:30	92320.0	92320.0	91740.0	91740.0	29
01.07.2026 18:00	92070.0	92210.0	92070.0	92210.0	6
01.07.2026 18:15	92250.0	92380.0	92050.0	92050.0	11
01.07.2026 18:30	92210.0	92470.0	92210.0	92470.0	20
01.07.2026 19:00	92190.0	92390.0	92020.0	92390.0	4
01.07.2026 19:30	92320.0	92320.0	92320.0	92320.0	1
01.07.2026 19:45	92310.0	92410.0	92310.0	92410.0	8
01.07.2026 20:00	92460.0	92460.0	92460.0	92460.0	2
01.07.2026 20:45	92420.0	92420.0	92420.0	92420.0	1
01.07.2026 21:00	92310.0	92310.0	92250.0	92250.0	4
01.07.2026 21:15	92350.0	92350.0	92320.0	92320.0	17
01.07.2026 21:30	92350.0	92350.0	92350.0	92350.0	2
01.07.2026 21:45	92370.0	92390.0	92360.0	92390.0	3
01.07.2026 22:00	92370.0	92380.0	92340.0	92340.0	3
01.07.2026 22:15	92280.0	92320.0	92280.0	92320.0	8
01.07.2026 22:30	92230.0	92230.0	92230.0	92230.0	2
01.07.2026 22:45	92220.0	92220.0	92220.0	92220.0	2
01.07.2026 23:30	92290.0	92350.0	92290.0	92350.0	2
02.07.2026 09:00	92170.0	92170.0	92060.0	92170.0	3
02.07.2026 09:15	91870.0	91870.0	91870.0	91870.0	1
02.07.2026 09:30	91780.0	91780.0	91450.0	91450.0	6
02.07.2026 09:45	91510.0	91600.0	91340.0	91340.0	8
02.07.2026 10:00	91300.0	91340.0	91300.0	91340.0	4
02.07.2026 10:15	91470.0	91830.0	91430.0	91430.0	16
02.07.2026 10:45	91580.0	91580.0	91580.0	91580.0	1
02.07.2026 11:15	91300.0	91300.0	90960.0	90960.0	11
02.07.2026 11:30	91010.0	91020.0	91010.0	91020.0	5
02.07.2026 11:45	90800.0	90920.0	90680.0	90690.0	14
02.07.2026 12:00	90590.0	90760.0	90490.0	90660.0	7
02.07.2026 12:30	90850.0	90890.0	90850.0	90890.0	3
02.07.2026 12:45	90890.0	90890.0	90820.0	90820.0	6
02.07.2026 13:00	90560.0	90560.0	90330.0	90440.0	7
02.07.2026 13:15	90520.0	91040.0	90520.0	90750.0	4
02.07.2026 13:30	90530.0	90530.0	90530.0	90530.0	2
02.07.2026 13:45	90660.0	90690.0	90640.0	90680.0	81
02.07.2026 14:00	90700.0	90700.0	90610.0	90610.0	3
02.07.2026 14:15	90550.0	90550.0	90550.0	90550.0	1
02.07.2026 14:30	90200.0	90200.0	89710.0	89710.0	11
02.07.2026 14:45	89650.0	89650.0	89410.0	89410.0	4
02.07.2026 15:00	89300.0	89320.0	89300.0	89320.0	4
02.07.2026 15:15	89440.0	89450.0	89340.0	89340.0	21
02.07.2026 15:30	89600.0	89800.0	89340.0	89680.0	11
02.07.2026 15:45	89340.0	89340.0	89340.0	89340.0	3
02.07.2026 16:30	89120.0	89120.0	89110.0	89110.0	2
02.07.2026 16:45	89060.0	89060.0	88520.0	88520.0	23
02.07.2026 17:00	88610.0	88620.0	88610.0	88620.0	4
02.07.2026 17:15	88540.0	88770.0	88540.0	88770.0	2
02.07.2026 17:45	89060.0	89060.0	88970.0	88970.0	2
02.07.2026 18:00	89320.0	89320.0	89230.0	89230.0	2
02.07.2026 18:15	89100.0	89100.0	88970.0	88970.0	2
02.07.2026 18:30	89020.0	89020.0	89020.0	89020.0	1
02.07.2026 19:00	89020.0	89020.0	88760.0	88760.0	3
02.07.2026 19:30	88620.0	88620.0	88490.0	88490.0	28
02.07.2026 20:15	88600.0	88600.0	88600.0	88600.0	1
02.07.2026 20:30	88570.0	88570.0	88570.0	88570.0	1
02.07.2026 20:45	88800.0	88800.0	88800.0	88800.0	22
02.07.2026 21:00	88950.0	88950.0	88950.0	88950.0	25
02.07.2026 21:15	88930.0	88930.0	88930.0	88930.0	1
02.07.2026 21:30	88970.0	88970.0	88970.0	88970.0	3
02.07.2026 21:45	89040.0	89080.0	89040.0	89080.0	2
02.07.2026 22:00	88940.0	88940.0	88930.0	88930.0	3
02.07.2026 22:15	88900.0	88920.0	88900.0	88920.0	6
02.07.2026 22:30	88870.0	88930.0	88870.0	88930.0	3
02.07.2026 22:45	88760.0	88800.0	88750.0	88800.0	3
02.07.2026 23:15	88680.0	88680.0	88680.0	88680.0	1
02.07.2026 23:30	88740.0	88750.0	88740.0	88750.0	2
03.07.2026 09:00	88630.0	88890.0	88630.0	88890.0	28
03.07.2026 09:15	89120.0	89530.0	89120.0	89250.0	8
03.07.2026 09:30	89150.0	89580.0	89150.0	89580.0	10
03.07.2026 09:45	89570.0	89800.0	89570.0	89800.0	2
03.07.2026 10:00	89630.0	89960.0	89360.0	89360.0	8
03.07.2026 10:15	90070.0	90070.0	90070.0	90070.0	1
03.07.2026 10:45	88230.0	88260.0	87790.0	87790.0	6
03.07.2026 11:00	88270.0	88310.0	88120.0	88250.0	16
03.07.2026 11:15	88180.0	88780.0	88180.0	88770.0	19
03.07.2026 11:30	88460.0	88470.0	88440.0	88470.0	41
03.07.2026 11:45	88180.0	88500.0	88000.0	88000.0	9
03.07.2026 12:00	88700.0	88790.0	87960.0	87960.0	9
03.07.2026 12:15	88570.0	88580.0	88570.0	88580.0	5
03.07.2026 12:30	88580.0	88580.0	88580.0	88580.0	20
03.07.2026 12:45	88680.0	88690.0	88680.0	88690.0	2
03.07.2026 13:00	88270.0	88270.0	88270.0	88270.0	1
03.07.2026 13:15	88170.0	88170.0	87870.0	87900.0	9
03.07.2026 13:30	88000.0	88700.0	88000.0	88700.0	36
03.07.2026 13:45	88370.0	88470.0	88370.0	88470.0	2
03.07.2026 14:00	88450.0	88450.0	88450.0	88450.0	1
03.07.2026 14:15	88280.0	89290.0	88280.0	89290.0	7
03.07.2026 14:30	88960.0	89760.0	88960.0	89760.0	28
03.07.2026 14:45	89580.0	89580.0	89580.0	89580.0	1
03.07.2026 15:00	89140.0	89140.0	89140.0	89140.0	1
03.07.2026 15:15	89650.0	89760.0	89650.0	89760.0	4
03.07.2026 15:30	89990.0	90020.0	89750.0	89750.0	5
03.07.2026 15:45	89510.0	89720.0	89510.0	89610.0	14
03.07.2026 16:00	89410.0	89410.0	89310.0	89310.0	4
03.07.2026 16:15	90000.0	90020.0	89960.0	89960.0	11
03.07.2026 16:30	89500.0	89500.0	89200.0	89200.0	4
03.07.2026 16:45	89030.0	89030.0	88640.0	88640.0	17
03.07.2026 17:15	88640.0	88640.0	88240.0	88240.0	37
03.07.2026 17:30	88610.0	88610.0	88580.0	88580.0	3
03.07.2026 17:45	88280.0	88280.0	88000.0	88000.0	6
03.07.2026 18:00	88000.0	88510.0	88000.0	88510.0	4
03.07.2026 18:15	88350.0	88350.0	88350.0	88350.0	1
03.07.2026 18:30	88270.0	88270.0	88260.0	88260.0	2
03.07.2026 18:45	88260.0	88260.0	88260.0	88260.0	1
03.07.2026 19:00	88190.0	88190.0	88190.0	88190.0	1
03.07.2026 19:15	88140.0	88140.0	88140.0	88140.0	3
03.07.2026 19:45	88020.0	88020.0	88020.0	88020.0	15
03.07.2026 21:15	87800.0	87800.0	87690.0	87690.0	2
03.07.2026 21:30	87660.0	87660.0	87660.0	87660.0	1
03.07.2026 21:45	87800.0	87800.0	87800.0	87800.0	1
03.07.2026 22:00	87830.0	87830.0	87780.0	87780.0	2
03.07.2026 22:15	87860.0	87860.0	87810.0	87810.0	5
03.07.2026 22:30	87930.0	87930.0	87930.0	87930.0	1
03.07.2026 22:45	87880.0	87880.0	87880.0	87880.0	1
03.07.2026 23:00	87930.0	87940.0	87930.0	87940.0	2
03.07.2026 23:30	87910.0	87910.0	87880.0	87880.0	4
03.07.2026 23:45	87860.0	87860.0	87860.0	87860.0	1
04.07.2026 10:00	87970.0	88150.0	87730.0	87730.0	4
04.07.2026 10:15	87590.0	87640.0	87590.0	87640.0	2
04.07.2026 10:30	87510.0	87510.0	87500.0	87500.0	4
04.07.2026 10:45	87500.0	87500.0	87500.0	87500.0	1
04.07.2026 11:45	87020.0	87020.0	87000.0	87000.0	3
04.07.2026 13:45	87130.0	87130.0	87020.0	87020.0	2
04.07.2026 14:30	87210.0	87220.0	87210.0	87220.0	2
04.07.2026 15:15	87190.0	87190.0	87190.0	87190.0	1
04.07.2026 18:00	87300.0	87300.0	87300.0	87300.0	1
05.07.2026 10:00	88250.0	88500.0	88250.0	88500.0	2
05.07.2026 10:15	88250.0	88250.0	88250.0	88250.0	1
05.07.2026 10:30	88870.0	88870.0	88840.0	88870.0	16
05.07.2026 11:00	88450.0	88480.0	88450.0	88480.0	2
05.07.2026 12:45	88400.0	88400.0	88400.0	88400.0	1
05.07.2026 14:30	88390.0	88390.0	88390.0	88390.0	1
05.07.2026 14:45	88400.0	88400.0	88400.0	88400.0	1
05.07.2026 15:45	88400.0	88400.0	88400.0	88400.0	1
05.07.2026 16:15	88490.0	88490.0	88490.0	88490.0	1
05.07.2026 17:15	88580.0	88580.0	88580.0	88580.0	1
06.07.2026 09:00	88440.0	88640.0	88440.0	88520.0	17
06.07.2026 09:15	88200.0	88200.0	88160.0	88160.0	2
06.07.2026 09:30	88170.0	88240.0	88170.0	88180.0	4
06.07.2026 10:00	87740.0	87800.0	87740.0	87800.0	3
06.07.2026 10:15	87510.0	87520.0	87450.0	87450.0	5
06.07.2026 10:30	87490.0	87490.0	87450.0	87450.0	4
06.07.2026 11:00	87990.0	88470.0	87990.0	88390.0	10
06.07.2026 11:15	88410.0	88820.0	88380.0	88700.0	16
06.07.2026 12:00	88240.0	88240.0	88240.0	88240.0	1
06.07.2026 12:15	88560.0	88560.0	88230.0	88230.0	2
06.07.2026 12:45	88200.0	88200.0	88200.0	88200.0	1
06.07.2026 13:00	88150.0	88150.0	88000.0	88000.0	2
06.07.2026 14:00	88350.0	88350.0	88350.0	88350.0	1
06.07.2026 14:15	87860.0	87940.0	87860.0	87940.0	2
06.07.2026 15:00	87690.0	87700.0	87600.0	87600.0	9
06.07.2026 15:15	87500.0	87500.0	87200.0	87330.0	48
06.07.2026 15:30	87200.0	87330.0	87200.0	87330.0	7
06.07.2026 15:45	87000.0	87010.0	87000.0	87010.0	2
06.07.2026 16:00	87000.0	87000.0	86450.0	86640.0	37
06.07.2026 16:15	86980.0	86980.0	86830.0	86830.0	4
06.07.2026 16:30	86650.0	86840.0	86650.0	86720.0	3
06.07.2026 16:45	86680.0	86680.0	86680.0	86680.0	1
06.07.2026 17:00	86660.0	87350.0	86660.0	87310.0	21
06.07.2026 17:15	87320.0	88000.0	87220.0	88000.0	17
06.07.2026 17:30	87780.0	87780.0	87780.0	87780.0	1
06.07.2026 17:45	87250.0	87370.0	87250.0	87370.0	6
06.07.2026 18:00	88070.0	88230.0	88070.0	88230.0	3
06.07.2026 18:15	87860.0	87860.0	87860.0	87860.0	1
06.07.2026 19:30	88180.0	88180.0	88170.0	88170.0	2
06.07.2026 19:45	88500.0	88550.0	88390.0	88390.0	3
06.07.2026 20:00	88350.0	88350.0	88350.0	88350.0	2
06.07.2026 20:15	88250.0	88250.0	88250.0	88250.0	10
06.07.2026 20:30	87910.0	87910.0	87910.0	87910.0	1
06.07.2026 20:45	87980.0	87980.0	87980.0	87980.0	2
06.07.2026 21:00	87790.0	87790.0	87760.0	87770.0	71
06.07.2026 21:15	87770.0	87770.0	87630.0	87630.0	29
06.07.2026 21:30	87630.0	87700.0	87630.0	87700.0	53
06.07.2026 22:45	88140.0	88140.0	88140.0	88140.0	1
06.07.2026 23:00	88060.0	88060.0	88060.0	88060.0	5
06.07.2026 23:30	88060.0	88140.0	88060.0	88140.0	21
07.07.2026 09:00	87490.0	87750.0	87250.0	87750.0	4
07.07.2026 09:15	87800.0	87800.0	87800.0	87800.0	6
07.07.2026 09:30	87850.0	87850.0	87850.0	87850.0	5
07.07.2026 09:45	87380.0	87380.0	87300.0	87300.0	2
07.07.2026 10:30	87000.0	87050.0	87000.0	87050.0	4
07.07.2026 10:45	86500.0	86500.0	85310.0	85620.0	18
07.07.2026 11:00	85480.0	85480.0	84840.0	85130.0	95
07.07.2026 11:15	85630.0	85660.0	85420.0	85420.0	4
07.07.2026 11:30	85450.0	85690.0	85450.0	85460.0	64
07.07.2026 11:45	85600.0	85600.0	85600.0	85600.0	1
07.07.2026 12:00	86060.0	86710.0	86060.0	86500.0	43
07.07.2026 12:15	86310.0	86600.0	86310.0	86600.0	2
07.07.2026 12:30	87160.0	87350.0	87160.0	87350.0	44
07.07.2026 12:45	87000.0	87510.0	87000.0	87510.0	23
07.07.2026 13:00	87510.0	87800.0	87000.0	87000.0	11
07.07.2026 13:30	86730.0	86730.0	86430.0	86430.0	4
07.07.2026 13:45	87350.0	87520.0	87350.0	87520.0	2
07.07.2026 14:00	87600.0	87600.0	87600.0	87600.0	1
07.07.2026 14:15	87320.0	87320.0	87300.0	87300.0	16
07.07.2026 14:30	87000.0	87250.0	86650.0	86650.0	11
07.07.2026 14:45	86660.0	87010.0	86500.0	87010.0	17
07.07.2026 15:00	86500.0	87310.0	86500.0	87260.0	17
07.07.2026 15:15	87130.0	87130.0	86750.0	86750.0	3
07.07.2026 15:30	86500.0	86500.0	86000.0	86070.0	12
07.07.2026 15:45	86080.0	86550.0	86060.0	86530.0	12
07.07.2026 16:00	86570.0	86740.0	86570.0	86740.0	3
07.07.2026 16:15	86850.0	87030.0	86700.0	87030.0	4
07.07.2026 16:30	86690.0	86690.0	86690.0	86690.0	1
07.07.2026 17:00	86120.0	86120.0	85910.0	85910.0	12
07.07.2026 17:15	86570.0	86760.0	86570.0	86760.0	4
07.07.2026 17:30	86380.0	86380.0	86380.0	86380.0	1
07.07.2026 17:45	86590.0	86880.0	86590.0	86880.0	5
07.07.2026 18:00	87160.0	87600.0	87120.0	87120.0	17
07.07.2026 18:15	87310.0	87310.0	86930.0	86930.0	3
07.07.2026 18:30	87610.0	87610.0	87610.0	87610.0	1
07.07.2026 18:45	87490.0	87490.0	87490.0	87490.0	1
07.07.2026 19:00	87300.0	87320.0	87300.0	87320.0	10
07.07.2026 19:45	87350.0	87350.0	87350.0	87350.0	1
07.07.2026 20:15	88000.0	88010.0	88000.0	88010.0	2
07.07.2026 20:30	87830.0	87830.0	87830.0	87830.0	3
07.07.2026 21:00	87850.0	87850.0	87600.0	87600.0	3
07.07.2026 21:45	87370.0	87430.0	87320.0	87320.0	4
07.07.2026 22:00	88000.0	88000.0	88000.0	88000.0	1
07.07.2026 22:15	88240.0	88240.0	88240.0	88240.0	2
07.07.2026 22:45	88330.0	88500.0	88330.0	88500.0	5
07.07.2026 23:00	88600.0	88700.0	88600.0	88700.0	4
07.07.2026 23:30	88380.0	88400.0	88320.0	88320.0	25
08.07.2026 08:45	88390.0	88390.0	88390.0	88390.0	4
08.07.2026 09:00	88940.0	88940.0	87990.0	88310.0	14
08.07.2026 09:15	88010.0	88250.0	88010.0	88250.0	8
08.07.2026 09:30	88220.0	88350.0	88170.0	88260.0	11
08.07.2026 09:45	88510.0	88650.0	88160.0	88160.0	20
08.07.2026 10:00	88130.0	88130.0	87250.0	87250.0	20
08.07.2026 10:15	87260.0	87260.0	86730.0	86730.0	16
08.07.2026 10:30	86980.0	87070.0	86640.0	86640.0	9
08.07.2026 10:45	86670.0	86930.0	86500.0	86930.0	6
08.07.2026 11:00	86830.0	86850.0	86830.0	86850.0	6
08.07.2026 11:15	87040.0	87560.0	87040.0	87560.0	52
08.07.2026 11:30	87620.0	88600.0	87620.0	88500.0	16
08.07.2026 11:45	88300.0	88300.0	87990.0	87990.0	8
08.07.2026 12:00	88430.0	88600.0	88430.0	88500.0	4
08.07.2026 12:15	88520.0	88520.0	88300.0	88300.0	2
08.07.2026 12:30	88000.0	88000.0	88000.0	88000.0	1
08.07.2026 12:45	88570.0	88600.0	88560.0	88600.0	3
08.07.2026 13:00	88290.0	88350.0	88000.0	88000.0	11
08.07.2026 13:15	87660.0	87660.0	87350.0	87350.0	6
08.07.2026 13:45	88040.0	88040.0	88040.0	88040.0	1
08.07.2026 14:00	87700.0	87780.0	87540.0	87590.0	5
08.07.2026 14:15	87500.0	87500.0	87500.0	87500.0	1
08.07.2026 14:30	88030.0	88030.0	88030.0	88030.0	1
08.07.2026 14:45	87540.0	87540.0	87350.0	87350.0	4
08.07.2026 15:00	87770.0	87770.0	87770.0	87770.0	1
08.07.2026 15:15	87400.0	87400.0	87400.0	87400.0	5
08.07.2026 15:45	88030.0	88040.0	88030.0	88040.0	2
08.07.2026 16:00	87870.0	87870.0	86990.0	87530.0	16
08.07.2026 17:15	88000.0	88390.0	87970.0	88390.0	15
08.07.2026 17:30	88260.0	88500.0	88250.0	88500.0	4
08.07.2026 17:45	88500.0	88850.0	88500.0	88850.0	9
08.07.2026 18:00	88850.0	89190.0	88850.0	89190.0	13
08.07.2026 18:15	89300.0	89600.0	89270.0	89300.0	11
08.07.2026 18:30	89590.0	89660.0	89400.0	89400.0	7
08.07.2026 18:45	89350.0	89350.0	89080.0	89150.0	11
08.07.2026 19:00	89110.0	89110.0	88960.0	89030.0	7
08.07.2026 19:15	88900.0	88900.0	88790.0	88790.0	2
08.07.2026 19:30	88900.0	88940.0	88900.0	88940.0	6
08.07.2026 19:45	88910.0	89090.0	88910.0	89090.0	4
08.07.2026 20:45	89400.0	89400.0	89400.0	89400.0	1
08.07.2026 21:00	89300.0	89300.0	89230.0	89280.0	14
08.07.2026 22:00	89400.0	89400.0	89400.0	89400.0	1
08.07.2026 22:30	89190.0	89190.0	89190.0	89190.0	1
08.07.2026 23:00	89310.0	89310.0	89310.0	89310.0	1
08.07.2026 23:15	89530.0	89530.0	89530.0	89530.0	2
08.07.2026 23:30	89600.0	89610.0	89600.0	89610.0	2
08.07.2026 23:45	89800.0	89800.0	89800.0	89800.0	1
09.07.2026 08:45	89000.0	89000.0	89000.0	89000.0	1
09.07.2026 09:00	88860.0	89070.0	88510.0	88510.0	15
09.07.2026 09:30	89290.0	89290.0	89290.0	89290.0	1
09.07.2026 09:45	89500.0	89580.0	89380.0	89380.0	21
09.07.2026 10:00	89080.0	89220.0	89080.0	89220.0	8
09.07.2026 10:15	89510.0	89510.0	89000.0	89000.0	2
09.07.2026 10:30	89080.0	89080.0	88680.0	88800.0	13
09.07.2026 11:00	88890.0	89130.0	88890.0	89130.0	4
09.07.2026 11:15	89300.0	89510.0	89300.0	89510.0	3
09.07.2026 11:30	89580.0	89930.0	89550.0	89550.0	15
09.07.2026 11:45	89500.0	89500.0	89370.0	89370.0	4
09.07.2026 12:00	89650.0	89650.0	89650.0	89650.0	1
09.07.2026 12:15	89810.0	89810.0	89810.0	89810.0	1
09.07.2026 12:30	90000.0	90200.0	89960.0	90200.0	8
09.07.2026 12:45	90170.0	90170.0	89770.0	89770.0	8
09.07.2026 13:00	89780.0	89780.0	89660.0	89690.0	7
09.07.2026 13:30	89800.0	89930.0	89770.0	89910.0	29
09.07.2026 13:45	89920.0	90020.0	89920.0	90020.0	11
09.07.2026 14:00	89640.0	89640.0	89570.0	89570.0	3
09.07.2026 14:45	89490.0	89490.0	89470.0	89470.0	2
09.07.2026 15:15	89600.0	89600.0	89600.0	89600.0	1
09.07.2026 15:30	89600.0	89600.0	89550.0	89550.0	2
09.07.2026 15:45	89500.0	89500.0	89000.0	89030.0	8
09.07.2026 16:00	88900.0	89180.0	88900.0	89180.0	11
09.07.2026 16:15	88880.0	88880.0	88500.0	88500.0	10
09.07.2026 16:45	88000.0	88160.0	87980.0	88160.0	15
09.07.2026 17:00	87950.0	87970.0	87910.0	87910.0	29
09.07.2026 17:15	87970.0	88000.0	87940.0	87940.0	32
09.07.2026 17:30	88570.0	88570.0	88370.0	88370.0	3
09.07.2026 17:45	87990.0	87990.0	87980.0	87980.0	2
09.07.2026 18:00	87940.0	88320.0	87920.0	88320.0	13
09.07.2026 18:30	87910.0	87960.0	87910.0	87960.0	2
09.07.2026 18:45	87900.0	88000.0	87850.0	88000.0	19
09.07.2026 19:00	88050.0	88050.0	87900.0	87940.0	18
09.07.2026 19:15	87940.0	87940.0	87330.0	87470.0	26
09.07.2026 19:30	87260.0	87460.0	87240.0	87450.0	24
09.07.2026 19:45	87430.0	87430.0	87310.0	87310.0	25
09.07.2026 20:00	87460.0	87460.0	87310.0	87350.0	34
09.07.2026 20:15	87350.0	87380.0	87110.0	87110.0	21
09.07.2026 20:45	87250.0	87250.0	86830.0	86860.0	127
09.07.2026 21:00	86810.0	87050.0	86810.0	87050.0	28
09.07.2026 21:15	87400.0	87520.0	87400.0	87520.0	16
09.07.2026 21:30	87410.0	87410.0	87250.0	87250.0	36
09.07.2026 21:45	87310.0	87310.0	87310.0	87310.0	4
09.07.2026 22:15	87240.0	87240.0	87240.0	87240.0	3
09.07.2026 22:45	87230.0	87230.0	87220.0	87220.0	3
09.07.2026 23:15	87130.0	87130.0	87100.0	87100.0	3
09.07.2026 23:30	87150.0	87150.0	87150.0	87150.0	1
10.07.2026 08:45	86930.0	86930.0	86930.0	86930.0	1
10.07.2026 09:00	86780.0	87040.0	86740.0	86890.0	55
10.07.2026 09:15	86840.0	86870.0	86840.0	86840.0	15
10.07.2026 09:30	87250.0	87410.0	87250.0	87410.0	2
10.07.2026 09:45	87230.0	87410.0	87140.0	87410.0	3
10.07.2026 10:00	86840.0	86840.0	86770.0	86770.0	21
10.07.2026 10:15	86530.0	86530.0	86300.0	86300.0	3
10.07.2026 10:30	87030.0	87030.0	87030.0	87030.0	1
10.07.2026 10:45	87220.0	87220.0	87030.0	87030.0	2
10.07.2026 11:30	86710.0	86790.0	86710.0	86790.0	2
10.07.2026 12:00	86360.0	86360.0	85930.0	85930.0	10
10.07.2026 12:15	86030.0	86030.0	85980.0	85980.0	2
10.07.2026 12:45	86280.0	86280.0	86190.0	86190.0	2
10.07.2026 13:00	86400.0	86400.0	86400.0	86400.0	1
10.07.2026 14:00	86450.0	86450.0	86250.0	86250.0	7
10.07.2026 14:15	86510.0	86760.0	86400.0	86760.0	30
10.07.2026 14:30	86990.0	87100.0	86900.0	86900.0	34
10.07.2026 14:45	86620.0	86620.0	86620.0	86620.0	1
10.07.2026 15:00	86530.0	86530.0	86240.0	86240.0	5
10.07.2026 15:30	86160.0	86160.0	86160.0	86160.0	3
10.07.2026 15:45	86310.0	86310.0	85930.0	85930.0	6
10.07.2026 16:00	85900.0	86090.0	85900.0	86090.0	6
10.07.2026 16:15	86400.0	86400.0	86400.0	86400.0	5
10.07.2026 16:30	85810.0	85810.0	85810.0	85810.0	26
10.07.2026 16:45	85940.0	85940.0	85860.0	85860.0	2
10.07.2026 17:15	85500.0	85500.0	85480.0	85490.0	3
10.07.2026 17:45	85640.0	85640.0	85640.0	85640.0	2
10.07.2026 18:00	85510.0	85510.0	85420.0	85420.0	19
10.07.2026 18:30	85470.0	85650.0	85420.0	85650.0	37
10.07.2026 18:45	85500.0	85500.0	85420.0	85420.0	2
10.07.2026 19:00	85520.0	85520.0	85520.0	85520.0	1
10.07.2026 19:15	85520.0	85520.0	85520.0	85520.0	1
10.07.2026 19:30	85550.0	85730.0	85520.0	85700.0	50
10.07.2026 19:45	85620.0	85620.0	85620.0	85620.0	1
10.07.2026 20:00	85630.0	85630.0	85510.0	85510.0	4
10.07.2026 20:15	85460.0	85460.0	85460.0	85460.0	2
10.07.2026 20:30	85430.0	85430.0	85350.0	85410.0	4
10.07.2026 20:45	85480.0	85480.0	85350.0	85350.0	3
10.07.2026 21:00	85260.0	85260.0	85240.0	85240.0	11
10.07.2026 21:15	85260.0	85260.0	85260.0	85260.0	3
10.07.2026 21:30	85240.0	85240.0	85190.0	85230.0	12
10.07.2026 21:45	85230.0	85230.0	85230.0	85230.0	3
10.07.2026 22:00	85280.0	85410.0	85280.0	85400.0	8
10.07.2026 22:30	85430.0	85520.0	85420.0	85520.0	3
10.07.2026 22:45	85430.0	85490.0	85430.0	85490.0	2
10.07.2026 23:00	85580.0	85610.0	85580.0	85610.0	3
10.07.2026 23:15	85610.0	85610.0	85610.0	85610.0	1
10.07.2026 23:30	85620.0	85620.0	85620.0	85620.0	1
11.07.2026 10:00	85730.0	85730.0	85730.0	85730.0	1
11.07.2026 10:45	85620.0	85620.0	85620.0	85620.0	1
11.07.2026 11:45	85250.0	85250.0	85230.0	85230.0	2
11.07.2026 12:15	85230.0	85340.0	85230.0	85340.0	15
11.07.2026 12:30	85240.0	85240.0	85240.0	85240.0	1
11.07.2026 13:00	85400.0	85400.0	85400.0	85400.0	1
11.07.2026 13:45	85370.0	85550.0	85370.0	85550.0	4
11.07.2026 14:30	85540.0	85540.0	85540.0	85540.0	1
11.07.2026 14:45	85560.0	85570.0	85560.0	85570.0	2
11.07.2026 15:30	85540.0	85540.0	85480.0	85480.0	3
11.07.2026 16:30	85490.0	85490.0	85490.0	85490.0	1
11.07.2026 16:45	85480.0	85480.0	85400.0	85400.0	15
12.07.2026 09:45	85670.0	85670.0	85670.0	85670.0	1
12.07.2026 10:00	85850.0	85900.0	85850.0	85900.0	5
12.07.2026 10:45	85870.0	85870.0	85870.0	85870.0	1
12.07.2026 11:00	85880.0	85900.0	85880.0	85900.0	14
12.07.2026 11:15	85880.0	85880.0	85880.0	85880.0	3
12.07.2026 13:00	86120.0	86120.0	86120.0	86120.0	1
12.07.2026 13:45	86110.0	86110.0	86110.0	86110.0	3
12.07.2026 14:00	86110.0	86110.0	86110.0	86110.0	2
12.07.2026 14:30	86110.0	86110.0	86110.0	86110.0	2
12.07.2026 14:45	86110.0	86110.0	86110.0	86110.0	3
12.07.2026 15:00	86110.0	86110.0	86110.0	86110.0	4
12.07.2026 15:15	86020.0	86020.0	86020.0	86020.0	1
12.07.2026 15:30	85980.0	85980.0	85970.0	85970.0	3
12.07.2026 16:00	85980.0	85980.0	85980.0	85980.0	1
12.07.2026 16:45	86110.0	86110.0	86100.0	86110.0	12
12.07.2026 17:30	86000.0	86000.0	86000.0	86000.0	1
12.07.2026 17:45	86040.0	86040.0	86040.0	86040.0	1
12.07.2026 18:00	86070.0	86070.0	86070.0	86070.0	1
12.07.2026 18:30	86040.0	86040.0	86040.0	86040.0	1
12.07.2026 18:45	86000.0	86000.0	86000.0	86000.0	1
13.07.2026 09:00	86200.0	86510.0	86200.0	86440.0	5
13.07.2026 10:00	86450.0	86450.0	86450.0	86450.0	1
13.07.2026 10:15	87000.0	87000.0	86550.0	86770.0	10
13.07.2026 10:30	86940.0	87490.0	86940.0	87260.0	36
13.07.2026 10:45	87230.0	87490.0	87010.0	87470.0	21
13.07.2026 11:00	87910.0	87930.0	87630.0	87660.0	7
13.07.2026 11:15	87650.0	87650.0	87650.0	87650.0	1
13.07.2026 11:30	87750.0	87750.0	87750.0	87750.0	5
13.07.2026 11:45	87510.0	87510.0	87510.0	87510.0	2
13.07.2026 12:30	87900.0	87900.0	87900.0	87900.0	20
13.07.2026 13:00	87670.0	87670.0	87670.0	87670.0	1
13.07.2026 13:45	87850.0	88000.0	87850.0	87990.0	4
13.07.2026 14:00	88120.0	88120.0	87840.0	87840.0	6
13.07.2026 14:15	87800.0	88000.0	87770.0	88000.0	5
13.07.2026 14:30	88000.0	88130.0	88000.0	88110.0	3
13.07.2026 14:45	87800.0	87800.0	87660.0	87740.0	4
13.07.2026 16:15	87780.0	87780.0	87780.0	87780.0	1
13.07.2026 16:45	88100.0	88100.0	88100.0	88100.0	1
13.07.2026 17:00	87400.0	87400.0	87000.0	87000.0	2
13.07.2026 17:30	86850.0	86850.0	86850.0	86850.0	1
13.07.2026 17:45	86800.0	86800.0	86600.0	86600.0	7
13.07.2026 18:00	86070.0	86110.0	86060.0	86060.0	12
13.07.2026 18:15	86060.0	86060.0	86060.0	86060.0	25
13.07.2026 18:30	86180.0	86190.0	86030.0	86160.0	7
13.07.2026 18:45	86180.0	86230.0	86180.0	86230.0	3
13.07.2026 19:00	86280.0	86340.0	86280.0	86340.0	7
13.07.2026 20:30	86500.0	86510.0	86500.0	86510.0	2
13.07.2026 20:45	86880.0	86880.0	86860.0	86860.0	8
13.07.2026 21:15	86850.0	86850.0	86850.0	86850.0	1
13.07.2026 22:15	87140.0	87140.0	87140.0	87140.0	2
13.07.2026 22:30	86800.0	86800.0	86790.0	86790.0	22
13.07.2026 23:00	86820.0	86820.0	86820.0	86820.0	1
14.07.2026 07:00	87610.0	87990.0	87610.0	87990.0	5
14.07.2026 07:45	87700.0	87700.0	87700.0	87700.0	1
14.07.2026 08:30	87340.0	87340.0	87340.0	87340.0	1
14.07.2026 08:45	87410.0	87410.0	87410.0	87410.0	1
14.07.2026 09:00	87410.0	87410.0	87410.0	87410.0	9
14.07.2026 09:15	87450.0	87450.0	87350.0	87350.0	2
14.07.2026 09:45	87350.0	87570.0	87350.0	87550.0	28
14.07.2026 10:30	87530.0	87530.0	87530.0	87530.0	1
14.07.2026 10:45	87520.0	87520.0	87520.0	87520.0	1
14.07.2026 11:30	87310.0	87310.0	87310.0	87310.0	2
14.07.2026 12:00	87050.0	87090.0	87030.0	87030.0	41
14.07.2026 12:15	86900.0	87010.0	86900.0	87010.0	4
14.07.2026 12:30	86680.0	86680.0	86500.0	86500.0	4
14.07.2026 12:45	86530.0	86620.0	86530.0	86540.0	44
14.07.2026 13:00	86480.0	86480.0	86350.0	86420.0	99
14.07.2026 13:15	86420.0	86420.0	86200.0	86200.0	15
14.07.2026 13:30	86260.0	86260.0	86260.0	86260.0	1
14.07.2026 13:45	86140.0	86140.0	86140.0	86140.0	1
14.07.2026 14:00	86400.0	86400.0	86070.0	86130.0	53
14.07.2026 14:15	86060.0	86060.0	85900.0	86000.0	29
14.07.2026 14:30	85990.0	85990.0	85990.0	85990.0	1
14.07.2026 14:45	85800.0	85800.0	85800.0	85800.0	19
14.07.2026 15:00	85800.0	86020.0	85800.0	86020.0	14
14.07.2026 15:15	85910.0	85910.0	85910.0	85910.0	1
14.07.2026 15:30	86070.0	86070.0	85870.0	85870.0	2
14.07.2026 16:00	85980.0	85980.0	85790.0	85790.0	2
14.07.2026 16:15	85780.0	85780.0	85780.0	85780.0	1
14.07.2026 16:30	85690.0	85690.0	85560.0	85560.0	17
14.07.2026 17:00	85370.0	85370.0	85350.0	85350.0	46
14.07.2026 17:15	85150.0	85270.0	85020.0	85070.0	24
14.07.2026 17:30	84980.0	85210.0	84980.0	85130.0	23
14.07.2026 17:45	85000.0	85110.0	84990.0	85060.0	6
14.07.2026 18:00	84970.0	85280.0	84970.0	85280.0	3
14.07.2026 18:15	85240.0	85420.0	85240.0	85250.0	31
14.07.2026 19:15	85330.0	85330.0	85330.0	85330.0	1
14.07.2026 19:30	85130.0	85190.0	85130.0	85190.0	6
14.07.2026 20:45	84900.0	84900.0	84840.0	84840.0	3
14.07.2026 21:00	84830.0	84830.0	84830.0	84830.0	1
14.07.2026 21:15	84880.0	84880.0	84880.0	84880.0	1
14.07.2026 21:45	85130.0	85130.0	85130.0	85130.0	1
14.07.2026 23:00	85260.0	85260.0	85260.0	85260.0	1
14.07.2026 23:45	85170.0	85170.0	85170.0	85170.0	1
15.07.2026 08:30	84610.0	84610.0	84610.0	84610.0	1
15.07.2026 08:45	84730.0	84730.0	84730.0	84730.0	1
15.07.2026 09:00	84700.0	84710.0	84260.0	84260.0	14
15.07.2026 09:15	84280.0	84410.0	84280.0	84400.0	10
15.07.2026 09:30	84310.0	84330.0	84300.0	84300.0	30
15.07.2026 09:45	84240.0	84240.0	84240.0	84240.0	1
15.07.2026 10:00	84270.0	84660.0	84230.0	84500.0	48
15.07.2026 10:15	84490.0	84490.0	84140.0	84180.0	19
15.07.2026 10:30	84170.0	84430.0	84170.0	84430.0	5
15.07.2026 10:45	84250.0	84250.0	83990.0	84180.0	8
15.07.2026 11:00	83990.0	84020.0	83810.0	83900.0	70
15.07.2026 11:15	83830.0	83950.0	83830.0	83950.0	21
15.07.2026 11:45	83400.0	83490.0	83300.0	83300.0	6
15.07.2026 12:00	83370.0	83370.0	83370.0	83370.0	1
15.07.2026 12:15	83320.0	83320.0	83320.0	83320.0	17
15.07.2026 12:30	83700.0	83760.0	83640.0	83760.0	5
15.07.2026 12:45	83510.0	83510.0	83350.0	83350.0	2
15.07.2026 13:00	83720.0	83720.0	83620.0	83620.0	3
15.07.2026 13:30	83600.0	83670.0	83600.0	83670.0	5
15.07.2026 13:45	83320.0	83320.0	83130.0	83220.0	15
15.07.2026 14:00	83390.0	83420.0	83250.0	83250.0	5
15.07.2026 14:15	83290.0	84140.0	83050.0	84100.0	56
15.07.2026 14:30	84460.0	84460.0	83940.0	84070.0	16
15.07.2026 14:45	83740.0	83780.0	83500.0	83780.0	22
15.07.2026 15:15	83770.0	83770.0	83610.0	83610.0	3
15.07.2026 15:30	83750.0	83750.0	83750.0	83750.0	1
15.07.2026 15:45	83710.0	83710.0	83710.0	83710.0	1
15.07.2026 16:00	83650.0	83650.0	83470.0	83470.0	32
15.07.2026 16:15	84220.0	84230.0	83760.0	83760.0	4
15.07.2026 16:45	83640.0	83640.0	83640.0	83640.0	5
15.07.2026 17:15	83530.0	83530.0	83530.0	83530.0	1
15.07.2026 17:30	83480.0	83480.0	83480.0	83480.0	1
15.07.2026 17:45	83570.0	83570.0	83450.0	83450.0	2
15.07.2026 18:30	83950.0	83950.0	83950.0	83950.0	1
15.07.2026 18:45	83630.0	83630.0	83630.0	83630.0	1
15.07.2026 19:00	83750.0	83750.0	83680.0	83680.0	2
15.07.2026 19:45	83910.0	83970.0	83900.0	83910.0	12
15.07.2026 20:00	83900.0	83900.0	83900.0	83900.0	12
15.07.2026 20:15	83800.0	83800.0	83800.0	83800.0	4
15.07.2026 20:30	83710.0	83710.0	83710.0	83710.0	1
15.07.2026 21:00	83560.0	83560.0	83560.0	83560.0	1
15.07.2026 21:30	83540.0	83540.0	83540.0	83540.0	1
15.07.2026 21:45	83620.0	83620.0	83620.0	83620.0	1
15.07.2026 22:15	83520.0	83520.0	83520.0	83520.0	1
15.07.2026 23:00	83550.0	83550.0	83550.0	83550.0	1
16.07.2026 07:00	82940.0	83080.0	82650.0	82680.0	34
16.07.2026 07:15	82430.0	82480.0	82430.0	82480.0	2
16.07.2026 07:30	82470.0	82470.0	82470.0	82470.0	4
16.07.2026 08:00	82710.0	82740.0	82510.0	82510.0	6
16.07.2026 08:15	82370.0	82390.0	82370.0	82390.0	15
16.07.2026 09:00	82660.0	82660.0	82660.0	82660.0	1
16.07.2026 09:15	82410.0	82530.0	82290.0	82380.0	8
16.07.2026 09:30	82330.0	82340.0	82330.0	82330.0	9
16.07.2026 09:45	82280.0	82310.0	82150.0	82150.0	6
16.07.2026 10:00	82000.0	82000.0	81580.0	81680.0	64
16.07.2026 10:15	81860.0	81860.0	81450.0	81450.0	13
16.07.2026 10:30	81110.0	81200.0	80910.0	81180.0	75
16.07.2026 10:45	81160.0	81360.0	81160.0	81360.0	59
16.07.2026 11:00	81450.0	81450.0	81270.0	81270.0	15
16.07.2026 11:15	81740.0	82200.0	81710.0	82200.0	189
16.07.2026 11:30	82320.0	82320.0	81770.0	81930.0	19
16.07.2026 11:45	81490.0	81490.0	81460.0	81490.0	26
16.07.2026 12:00	81420.0	81490.0	80870.0	80870.0	35
16.07.2026 12:15	80880.0	81300.0	80850.0	81300.0	9
16.07.2026 12:30	81150.0	81380.0	81150.0	81380.0	2
16.07.2026 12:45	81270.0	81700.0	81270.0	81700.0	47
16.07.2026 13:00	81700.0	81900.0	81700.0	81900.0	30
16.07.2026 13:15	81740.0	81860.0	81010.0	81430.0	9
16.07.2026 13:45	81220.0	81220.0	81220.0	81220.0	1
16.07.2026 14:00	81320.0	81580.0	81300.0	81580.0	8
16.07.2026 14:15	81630.0	81660.0	81290.0	81310.0	63
16.07.2026 14:30	81360.0	81360.0	81360.0	81360.0	2
16.07.2026 15:00	81000.0	81000.0	80610.0	80720.0	57
16.07.2026 15:15	80650.0	80780.0	80630.0	80630.0	14
16.07.2026 15:30	80790.0	80900.0	80680.0	80820.0	44
16.07.2026 15:45	80850.0	80850.0	80700.0	80700.0	26
16.07.2026 16:00	80800.0	80800.0	80700.0	80700.0	8
16.07.2026 16:30	80580.0	80580.0	80510.0	80510.0	7
16.07.2026 17:30	80540.0	80540.0	80540.0	80540.0	1
16.07.2026 18:00	80310.0	80320.0	79730.0	79730.0	37
16.07.2026 18:15	79950.0	79970.0	79890.0	79970.0	9
16.07.2026 18:30	79960.0	80000.0	79600.0	79600.0	11
16.07.2026 18:45	79640.0	79700.0	79600.0	79700.0	17
16.07.2026 19:00	79650.0	79650.0	78800.0	78800.0	154
16.07.2026 19:15	78900.0	78900.0	78700.0	78830.0	21
16.07.2026 19:30	78880.0	78990.0	78760.0	78990.0	20
16.07.2026 19:45	79140.0	79140.0	78850.0	78850.0	17
16.07.2026 20:00	78830.0	78830.0	78830.0	78830.0	1
16.07.2026 20:15	78830.0	78950.0	78710.0	78850.0	15
16.07.2026 20:30	78940.0	78970.0	78780.0	78780.0	51
16.07.2026 20:45	78780.0	78780.0	78600.0	78600.0	30
16.07.2026 21:15	79100.0	79200.0	79100.0	79110.0	4
16.07.2026 21:45	78970.0	78970.0	78970.0	78970.0	2
16.07.2026 22:00	78700.0	78700.0	78700.0	78700.0	1
16.07.2026 22:30	78480.0	78480.0	78480.0	78480.0	1
16.07.2026 22:45	78490.0	78550.0	78300.0	78340.0	7
16.07.2026 23:15	78460.0	78460.0	78430.0	78430.0	3
16.07.2026 23:30	78200.0	78310.0	78200.0	78260.0	6
16.07.2026 23:45	78040.0	78040.0	78040.0	78040.0	2
17.07.2026 07:00	77750.0	78170.0	77750.0	78170.0	2
17.07.2026 07:15	77940.0	79150.0	77940.0	78920.0	5
17.07.2026 07:30	78720.0	79000.0	78330.0	78870.0	10
17.07.2026 07:45	78920.0	78980.0	78880.0	78880.0	4
17.07.2026 08:00	78870.0	78870.0	78630.0	78640.0	5
17.07.2026 08:15	78800.0	78800.0	78800.0	78800.0	2
17.07.2026 08:30	78990.0	79670.0	78990.0	79670.0	7
17.07.2026 08:45	79280.0	79280.0	79280.0	79280.0	1
17.07.2026 09:15	79610.0	79690.0	79570.0	79650.0	43
17.07.2026 09:30	79690.0	79810.0	79690.0	79810.0	4
17.07.2026 09:45	79700.0	79750.0	79650.0	79740.0	4
17.07.2026 10:00	80020.0	80020.0	79590.0	79590.0	5
17.07.2026 10:15	79820.0	79840.0	79820.0	79840.0	2
17.07.2026 10:30	79500.0	79500.0	79500.0	79500.0	1
17.07.2026 10:45	79000.0	79000.0	79000.0	79000.0	2
17.07.2026 11:00	78890.0	78890.0	78500.0	78500.0	8
17.07.2026 11:15	78510.0	78510.0	78510.0	78510.0	1
17.07.2026 11:30	78940.0	78940.0	78460.0	78470.0	16
17.07.2026 11:45	78370.0	78770.0	78370.0	78770.0	11
17.07.2026 12:00	79000.0	79330.0	78970.0	79330.0	3
17.07.2026 12:15	79530.0	79530.0	79530.0	79530.0	1
17.07.2026 12:30	79330.0	79330.0	79100.0	79100.0	4
17.07.2026 12:45	79270.0	79440.0	79270.0	79440.0	2
17.07.2026 13:00	79420.0	79420.0	79420.0	79420.0	2
17.07.2026 13:30	79700.0	80180.0	78690.0	80180.0	28
17.07.2026 13:45	80060.0	80060.0	80060.0	80060.0	1
17.07.2026 14:00	79500.0	79500.0	79500.0	79500.0	1
17.07.2026 14:15	79090.0	79150.0	79090.0	79150.0	8
17.07.2026 15:00	79430.0	79430.0	79420.0	79420.0	5
17.07.2026 15:30	79430.0	79430.0	79430.0	79430.0	1
17.07.2026 16:15	78980.0	78980.0	78900.0	78940.0	6
17.07.2026 16:30	78880.0	78910.0	78700.0	78750.0	13
17.07.2026 17:15	78660.0	78800.0	78640.0	78790.0	11
17.07.2026 17:30	78540.0	78650.0	78400.0	78400.0	10
17.07.2026 17:45	78410.0	78410.0	77760.0	77800.0	14
17.07.2026 18:00	78000.0	78000.0	78000.0	78000.0	1
17.07.2026 18:15	77950.0	77950.0	77250.0	77250.0	12
17.07.2026 18:30	77400.0	77540.0	77300.0	77300.0	15
17.07.2026 18:45	77310.0	77330.0	77140.0	77140.0	17
17.07.2026 19:00	77010.0	77010.0	77010.0	77010.0	1
17.07.2026 19:15	77300.0	77300.0	76980.0	77060.0	7
17.07.2026 19:45	76900.0	76900.0	76750.0	76750.0	5
17.07.2026 20:00	76010.0	76430.0	76010.0	76370.0	7
17.07.2026 20:15	76480.0	76520.0	76480.0	76520.0	3
17.07.2026 20:30	76320.0	76500.0	76260.0	76500.0	3
17.07.2026 20:45	76460.0	76580.0	76460.0	76580.0	5
17.07.2026 21:00	76740.0	76740.0	76700.0	76720.0	3
17.07.2026 21:15	76790.0	76820.0	76790.0	76820.0	3
17.07.2026 21:30	76720.0	76720.0	76700.0	76700.0	3
17.07.2026 21:45	76750.0	76750.0	76750.0	76750.0	1
17.07.2026 22:00	76350.0	76380.0	76190.0	76360.0	15
17.07.2026 22:15	76150.0	76150.0	75980.0	75980.0	4
17.07.2026 22:30	76000.0	76000.0	75740.0	75840.0	10
17.07.2026 22:45	75640.0	75800.0	75640.0	75710.0	17
17.07.2026 23:00	75800.0	75990.0	75800.0	75990.0	6
17.07.2026 23:15	76030.0	76030.0	76030.0	76030.0	1
17.07.2026 23:30	76690.0	76690.0	76690.0	76690.0	1
18.07.2026 10:00	77040.0	77500.0	76950.0	77500.0	33
18.07.2026 10:15	77600.0	77600.0	77380.0	77380.0	2
18.07.2026 10:30	77000.0	77000.0	77000.0	77000.0	1
18.07.2026 10:45	76940.0	76940.0	76920.0	76920.0	2
18.07.2026 11:00	76920.0	76920.0	76920.0	76920.0	2
18.07.2026 12:15	76540.0	76540.0	76540.0	76540.0	1
18.07.2026 12:30	76430.0	76460.0	76430.0	76440.0	5
18.07.2026 13:30	76590.0	76630.0	76590.0	76630.0	2
18.07.2026 13:45	76770.0	76900.0	76770.0	76900.0	5
18.07.2026 14:15	77040.0	77040.0	77040.0	77040.0	1
18.07.2026 15:45	77470.0	78010.0	77260.0	77300.0	14
18.07.2026 16:00	77280.0	77280.0	77280.0	77280.0	4
18.07.2026 16:30	77300.0	77300.0	77300.0	77300.0	1
18.07.2026 17:15	77190.0	77300.0	77190.0	77300.0	3
18.07.2026 17:45	77300.0	77300.0	77300.0	77300.0	2
18.07.2026 18:30	77330.0	77330.0	77330.0	77330.0	1
19.07.2026 10:00	77430.0	77680.0	77430.0	77500.0	4
19.07.2026 10:45	78060.0	78060.0	77810.0	77810.0	5
19.07.2026 11:15	77750.0	77750.0	77750.0	77750.0	1
19.07.2026 12:00	78090.0	78170.0	78090.0	78170.0	5
19.07.2026 12:15	78500.0	78580.0	78480.0	78550.0	10
19.07.2026 12:30	78410.0	78410.0	78410.0	78410.0	1
19.07.2026 12:45	78270.0	78270.0	78270.0	78270.0	1
19.07.2026 13:00	78420.0	78420.0	78420.0	78420.0	1
19.07.2026 13:15	78270.0	78270.0	78270.0	78270.0	1
19.07.2026 13:30	78290.0	78290.0	78290.0	78290.0	2
19.07.2026 13:45	78320.0	78360.0	78320.0	78360.0	10
19.07.2026 14:00	78350.0	78400.0	78330.0	78360.0	13
19.07.2026 14:15	78260.0	78260.0	77910.0	78050.0	33
19.07.2026 14:30	78140.0	78260.0	78140.0	78260.0	8
19.07.2026 15:00	78250.0	78250.0	78220.0	78220.0	2
19.07.2026 15:30	78260.0	78360.0	78260.0	78360.0	17
19.07.2026 15:45	78360.0	78430.0	78260.0	78260.0	23
19.07.2026 16:00	78280.0	78280.0	78280.0	78280.0	1
19.07.2026 16:15	78240.0	78300.0	78240.0	78240.0	12
19.07.2026 16:30	78230.0	78230.0	78130.0	78130.0	3
19.07.2026 18:30	78140.0	78140.0	78130.0	78130.0	2
20.07.2026 07:00	78220.0	78220.0	77700.0	77700.0	5
20.07.2026 07:30	77470.0	77520.0	77470.0	77520.0	10
20.07.2026 08:45	77200.0	77200.0	77200.0	77200.0	2
20.07.2026 09:00	76890.0	76910.0	76890.0	76910.0	3
20.07.2026 09:15	76510.0	76510.0	76510.0	76510.0	2
20.07.2026 09:30	76450.0	76450.0	76100.0	76100.0	6
20.07.2026 09:45	76060.0	77730.0	76060.0	77330.0	58
20.07.2026 10:00	77710.0	77710.0	77290.0	77460.0	17
20.07.2026 10:15	77540.0	77650.0	77540.0	77650.0	3
20.07.2026 10:30	78430.0	78430.0	78040.0	78040.0	9
20.07.2026 10:45	78170.0	78190.0	77010.0	77100.0	8
20.07.2026 11:00	76960.0	77050.0	76790.0	77020.0	21
20.07.2026 11:15	76950.0	77530.0	76950.0	77530.0	8
20.07.2026 11:30	77900.0	77940.0	77650.0	77940.0	18
20.07.2026 11:45	77910.0	78070.0	77620.0	77620.0	18
20.07.2026 12:00	77500.0	78500.0	77500.0	78500.0	23
20.07.2026 12:15	78590.0	78590.0	78590.0	78590.0	1
20.07.2026 12:30	77960.0	77960.0	77880.0	77880.0	3
20.07.2026 12:45	78230.0	78270.0	77990.0	78270.0	4
20.07.2026 13:00	78340.0	78630.0	78340.0	78590.0	12
20.07.2026 13:15	78640.0	78710.0	77960.0	77960.0	28
20.07.2026 13:30	78030.0	78090.0	77980.0	78000.0	18
20.07.2026 13:45	78160.0	78160.0	78160.0	78160.0	1
20.07.2026 14:15	78110.0	78110.0	78090.0	78110.0	6
20.07.2026 14:30	78160.0	78260.0	78160.0	78260.0	2
20.07.2026 14:45	78520.0	79000.0	78520.0	78880.0	20
20.07.2026 15:00	78690.0	78690.0	78380.0	78420.0	24
20.07.2026 15:15	78680.0	78680.0	78680.0	78680.0	12
20.07.2026 15:30	79000.0	79370.0	79000.0	79370.0	7
20.07.2026 15:45	79520.0	80000.0	79520.0	79800.0	15
20.07.2026 16:00	79770.0	80590.0	79770.0	80590.0	27
20.07.2026 16:15	80230.0	80990.0	80230.0	80990.0	11
20.07.2026 16:30	80760.0	81220.0	80090.0	80090.0	31
20.07.2026 16:45	80100.0	80200.0	79850.0	80140.0	10
20.07.2026 17:00	79930.0	80300.0	79600.0	79660.0	13
20.07.2026 17:15	79860.0	79860.0	79820.0	79840.0	4
20.07.2026 17:30	79910.0	79910.0	79910.0	79910.0	1
20.07.2026 17:45	80070.0	80290.0	79990.0	80210.0	10
20.07.2026 18:00	79830.0	79830.0	79830.0	79830.0	1
20.07.2026 18:15	80370.0	80670.0	80200.0	80220.0	9
20.07.2026 18:30	80100.0	80270.0	80100.0	80270.0	11
20.07.2026 18:45	80480.0	80480.0	80350.0	80350.0	3
20.07.2026 19:00	80430.0	81300.0	80430.0	81300.0	10
20.07.2026 19:15	81380.0	81610.0	81190.0	81190.0	27
20.07.2026 19:30	81260.0	82060.0	81260.0	82060.0	62
20.07.2026 19:45	81700.0	81700.0	81320.0	81360.0	10
20.07.2026 20:00	81470.0	81470.0	81200.0	81300.0	10
20.07.2026 20:15	81630.0	81630.0	81630.0	81630.0	1
20.07.2026 20:30	81700.0	81910.0	81700.0	81830.0	45
20.07.2026 20:45	81830.0	81830.0	81800.0	81810.0	6
20.07.2026 21:00	81600.0	81650.0	81450.0	81650.0	22
20.07.2026 21:15	81580.0	81580.0	81300.0	81360.0	3
20.07.2026 21:30	81380.0	81440.0	81380.0	81440.0	2
20.07.2026 21:45	81380.0	81380.0	81380.0	81380.0	2
20.07.2026 22:00	81700.0	82000.0	81530.0	81900.0	13
20.07.2026 22:15	82060.0	82200.0	82060.0	82200.0	9
20.07.2026 22:45	81930.0	81930.0	81930.0	81930.0	1
20.07.2026 23:00	82070.0	82070.0	82020.0	82020.0	2
20.07.2026 23:30	81950.0	81960.0	81950.0	81960.0	2
20.07.2026 23:45	82070.0	82070.0	82070.0	82070.0	1
21.07.2026 07:00	82290.0	82820.0	81450.0	82750.0	17
21.07.2026 07:15	82750.0	83000.0	82270.0	82270.0	7
21.07.2026 07:30	82070.0	82070.0	82070.0	82070.0	1
21.07.2026 07:45	81670.0	81670.0	81670.0	81670.0	1
21.07.2026 08:30	82410.0	82430.0	82410.0	82430.0	8
21.07.2026 08:45	82670.0	82680.0	82670.0	82680.0	2
21.07.2026 09:00	82680.0	83730.0	82580.0	83590.0	34
21.07.2026 09:15	83850.0	83940.0	83490.0	83550.0	6
21.07.2026 09:30	83670.0	83670.0	83050.0	83050.0	9
21.07.2026 09:45	83330.0	83950.0	83330.0	83560.0	9
21.07.2026 10:00	83510.0	83820.0	82190.0	82190.0	61
21.07.2026 10:15	82720.0	82760.0	82220.0	82220.0	18
21.07.2026 10:30	82760.0	82800.0	82760.0	82800.0	6
21.07.2026 10:45	82720.0	82720.0	81460.0	81460.0	18
21.07.2026 11:00	81540.0	82040.0	81540.0	82040.0	9
21.07.2026 11:15	81950.0	82200.0	81860.0	82200.0	9
21.07.2026 11:30	82190.0	82530.0	82190.0	82530.0	3
21.07.2026 11:45	82150.0	82150.0	82090.0	82090.0	2
21.07.2026 12:00	82670.0	82670.0	82670.0	82670.0	1
21.07.2026 12:15	82330.0	82330.0	82200.0	82200.0	4
21.07.2026 12:30	81600.0	81600.0	81200.0	81400.0	16
21.07.2026 12:45	81330.0	81450.0	81330.0	81330.0	30
21.07.2026 13:00	81180.0	81780.0	80820.0	81780.0	24
21.07.2026 13:15	81780.0	81780.0	81780.0	81780.0	1
21.07.2026 13:30	81320.0	81320.0	81320.0	81320.0	1
21.07.2026 14:00	82010.0	82260.0	82010.0	82260.0	8
21.07.2026 14:15	82260.0	82260.0	82000.0	82000.0	6
21.07.2026 14:30	82370.0	82900.0	82370.0	82860.0	30
21.07.2026 14:45	83090.0	83090.0	82500.0	82650.0	16
21.07.2026 15:00	82700.0	83090.0	82700.0	83090.0	15
21.07.2026 15:15	82700.0	82700.0	82130.0	82360.0	14
21.07.2026 15:30	82710.0	82710.0	82150.0	82300.0	10
21.07.2026 15:45	82360.0	82360.0	82360.0	82360.0	2
21.07.2026 16:00	82700.0	83510.0	82700.0	83280.0	17
21.07.2026 16:15	83380.0	83770.0	83190.0	83730.0	37
21.07.2026 16:30	83810.0	83810.0	83630.0	83630.0	4
21.07.2026 16:45	83900.0	84380.0	83510.0	84280.0	17
21.07.2026 17:00	84470.0	84550.0	84330.0	84390.0	12
21.07.2026 17:15	84480.0	84510.0	84280.0	84430.0	7
21.07.2026 17:30	84320.0	84630.0	84180.0	84180.0	26
21.07.2026 17:45	84490.0	84500.0	84160.0	84270.0	15
21.07.2026 18:00	84350.0	84500.0	84200.0	84200.0	20
21.07.2026 18:15	83950.0	83950.0	83300.0	83300.0	24
21.07.2026 18:30	83680.0	83680.0	83450.0	83450.0	7
21.07.2026 18:45	83690.0	83720.0	83690.0	83720.0	3
21.07.2026 19:00	83780.0	83780.0	83470.0	83470.0	7
21.07.2026 19:15	83400.0	83400.0	83300.0	83300.0	2
21.07.2026 19:30	83450.0	83840.0	83450.0	83840.0	3
21.07.2026 19:45	83080.0	83080.0	83040.0	83040.0	2
21.07.2026 20:00	83020.0	83020.0	83020.0	83020.0	1
21.07.2026 20:15	83200.0	83200.0	83200.0	83200.0	2
21.07.2026 22:15	83660.0	83660.0	83660.0	83660.0	1
21.07.2026 23:00	83700.0	83770.0	83700.0	83770.0	2
21.07.2026 23:45	83730.0	83800.0	83730.0	83800.0	5
22.07.2026 07:15	83000.0	83000.0	83000.0	83000.0	2
22.07.2026 07:45	83300.0	83300.0	83300.0	83300.0	3
22.07.2026 08:00	83300.0	83330.0	83160.0	83160.0	39
22.07.2026 08:15	82910.0	82910.0	82910.0	82910.0	1
22.07.2026 08:30	82850.0	82900.0	82850.0	82900.0	8
22.07.2026 08:45	83140.0	83140.0	82360.0	82360.0	21
22.07.2026 09:00	82630.0	82630.0	82380.0	82380.0	2
22.07.2026 09:30	82490.0	82800.0	82480.0	82800.0	12
22.07.2026 09:45	82850.0	83040.0	82850.0	83040.0	5
22.07.2026 10:00	82790.0	83020.0	82360.0	83020.0	40
22.07.2026 10:15	83060.0	83400.0	83060.0	83400.0	11
22.07.2026 10:30	83110.0	83300.0	83110.0	83170.0	3
22.07.2026 10:45	83520.0	83520.0	83520.0	83520.0	1
22.07.2026 11:00	83520.0	83520.0	83520.0	83520.0	1
22.07.2026 11:15	83200.0	83540.0	83200.0	83540.0	2
22.07.2026 11:45	83040.0	83100.0	83030.0	83100.0	3
22.07.2026 12:00	83590.0	85180.0	83590.0	84980.0	77
22.07.2026 12:15	85080.0	85080.0	84750.0	85000.0	14
22.07.2026 12:30	84830.0	85050.0	84800.0	85050.0	8
22.07.2026 12:45	85050.0	86150.0	85050.0	86150.0	33
22.07.2026 13:00	86290.0	86680.0	85320.0	86070.0	52
22.07.2026 13:15	86090.0	86200.0	86070.0	86070.0	6
22.07.2026 13:30	86110.0	86220.0	86040.0	86040.0	21
22.07.2026 13:45	86090.0	86090.0	86000.0	86000.0	7
22.07.2026 14:00	86130.0	86390.0	86120.0	86390.0	12
22.07.2026 14:15	86400.0	86400.0	86000.0	86040.0	84
22.07.2026 14:30	85490.0	85500.0	85430.0	85460.0	10
22.07.2026 14:45	85280.0	85280.0	85280.0	85280.0	2
22.07.2026 15:00	85490.0	85670.0	85470.0	85670.0	5
22.07.2026 15:15	85670.0	85670.0	85670.0	85670.0	3
22.07.2026 15:30	86050.0	86050.0	86050.0	86050.0	1
22.07.2026 16:00	86220.0	86220.0	86000.0	86000.0	9
22.07.2026 16:15	85620.0	85620.0	85600.0	85600.0	2
22.07.2026 16:45	86230.0	86230.0	86230.0	86230.0	1
22.07.2026 17:00	86390.0	86550.0	86170.0	86170.0	5
22.07.2026 17:15	86300.0	86560.0	86300.0	86560.0	4
22.07.2026 17:30	86050.0	86050.0	86050.0	86050.0	3
22.07.2026 18:15	86500.0	86500.0	86500.0	86500.0	1
22.07.2026 18:30	86330.0	86330.0	86020.0	86070.0	8
22.07.2026 18:45	86010.0	86010.0	86010.0	86010.0	1
22.07.2026 19:00	86400.0	86400.0	86400.0	86400.0	1
22.07.2026 19:30	86380.0	86380.0	86370.0	86370.0	3
22.07.2026 19:45	86360.0	86460.0	86360.0	86460.0	2
22.07.2026 20:15	86300.0	86320.0	86300.0	86320.0	2
22.07.2026 21:00	86510.0	86510.0	86510.0	86510.0	2
22.07.2026 21:15	86490.0	86490.0	86490.0	86490.0	1
22.07.2026 21:45	86520.0	86550.0	86520.0	86550.0	4
22.07.2026 22:00	86600.0	86710.0	86600.0	86710.0	3
22.07.2026 22:15	86720.0	86720.0	86720.0	86720.0	1
22.07.2026 22:30	86720.0	86720.0	86650.0	86650.0	7
22.07.2026 22:45	86510.0	86510.0	86510.0	86510.0	1
22.07.2026 23:00	86500.0	86500.0	86490.0	86490.0	2
22.07.2026 23:15	86490.0	86490.0	86480.0	86480.0	4
22.07.2026 23:30	86490.0	86490.0	86490.0	86490.0	1
23.07.2026 07:00	86500.0	86500.0	86500.0	86500.0	5
23.07.2026 07:15	86420.0	86420.0	86420.0	86420.0	1
23.07.2026 07:30	86400.0	86400.0	86170.0	86170.0	2
23.07.2026 07:45	86270.0	86270.0	86270.0	86270.0	1
23.07.2026 08:00	86100.0	86100.0	86100.0	86100.0	1
23.07.2026 08:30	86320.0	86390.0	86320.0	86360.0	3
23.07.2026 08:45	86020.0	86020.0	86020.0	86020.0	1
23.07.2026 09:00	86490.0	86810.0	86490.0	86600.0	4
23.07.2026 09:15	86720.0	87170.0	86570.0	87120.0	24
23.07.2026 09:30	87130.0	87130.0	87130.0	87130.0	1
23.07.2026 09:45	86950.0	86960.0	86360.0	86360.0	8
23.07.2026 10:00	86400.0	86420.0	85560.0	85720.0	25
23.07.2026 10:15	85970.0	85970.0	85850.0	85850.0	12
23.07.2026 10:30	85550.0	85720.0	85000.0	85050.0	41
23.07.2026 10:45	84950.0	85050.0	84850.0	85020.0	16
23.07.2026 11:00	85250.0	85250.0	85250.0	85250.0	1
23.07.2026 11:15	84920.0	84920.0	84920.0	84920.0	1
23.07.2026 11:30	84950.0	84950.0	84950.0	84950.0	1
23.07.2026 11:45	84950.0	84950.0	84680.0	84680.0	13
23.07.2026 12:00	84780.0	84780.0	84780.0	84780.0	2
23.07.2026 12:15	85200.0	85200.0	85060.0	85060.0	2
23.07.2026 12:30	85040.0	85040.0	85040.0	85040.0	1
23.07.2026 12:45	84560.0	84560.0	84560.0	84560.0	6
23.07.2026 13:00	84570.0	84570.0	84570.0	84570.0	1
23.07.2026 13:15	85120.0	86000.0	85120.0	86000.0	6
23.07.2026 13:30	85700.0	85700.0	85550.0	85550.0	3
23.07.2026 13:45	85410.0	85410.0	85390.0	85390.0	2
23.07.2026 14:00	85480.0	85480.0	85470.0	85470.0	3
23.07.2026 14:30	85050.0	85050.0	85050.0	85050.0	1
23.07.2026 14:45	85570.0	85570.0	85570.0	85570.0	1
23.07.2026 15:00	85850.0	85900.0	85850.0	85900.0	6
23.07.2026 15:15	85820.0	85830.0	85790.0	85790.0	3
23.07.2026 15:30	85920.0	86400.0	85920.0	86400.0	13
23.07.2026 15:45	86220.0	86250.0	85950.0	85970.0	18
23.07.2026 16:00	85840.0	85850.0	85810.0	85810.0	5
23.07.2026 16:15	85910.0	85910.0	85910.0	85910.0	1
23.07.2026 16:30	86140.0	86170.0	85700.0	86170.0	19
23.07.2026 16:45	86180.0	86670.0	86180.0	86670.0	16
23.07.2026 17:00	86480.0	86480.0	86400.0	86400.0	31
23.07.2026 17:15	86210.0	86390.0	86210.0	86390.0	2
23.07.2026 17:30	86470.0	86770.0	86470.0	86670.0	13
23.07.2026 17:45	86670.0	86690.0	86610.0	86610.0	6
23.07.2026 18:30	86340.0	86340.0	86050.0	86050.0	5
23.07.2026 18:45	85980.0	85980.0	85980.0	85980.0	1
23.07.2026 19:15	85900.0	85910.0	85900.0	85910.0	2
23.07.2026 19:45	86010.0	86200.0	85990.0	86200.0	8
23.07.2026 20:00	86120.0	86310.0	86120.0	86310.0	9
23.07.2026 21:15	85730.0	85780.0	85700.0	85780.0	7
23.07.2026 21:30	85910.0	85910.0	85910.0	85910.0	1
23.07.2026 22:00	85940.0	85940.0	85940.0	85940.0	1
23.07.2026 23:00	85970.0	85970.0	85970.0	85970.0	2
23.07.2026 23:15	86020.0	86020.0	86020.0	86020.0	1
24.07.2026 07:00	85960.0	85960.0	85300.0	85300.0	6
24.07.2026 07:15	85300.0	85300.0	85210.0	85210.0	2
24.07.2026 07:45	85360.0	85520.0	85360.0	85520.0	3
24.07.2026 08:00	85650.0	85650.0	85620.0	85620.0	2
24.07.2026 08:30	85350.0	85390.0	85350.0	85390.0	2
24.07.2026 08:45	85200.0	85200.0	85140.0	85150.0	3
24.07.2026 09:15	85230.0	85230.0	85230.0	85230.0	1
24.07.2026 09:30	85300.0	85300.0	85210.0	85210.0	3
24.07.2026 09:45	85150.0	85220.0	85150.0	85180.0	11
24.07.2026 10:00	85070.0	85070.0	84130.0	84430.0	65
24.07.2026 10:15	84700.0	84700.0	84700.0	84700.0	1
24.07.2026 10:30	84830.0	84830.0	84810.0	84810.0	3
24.07.2026 11:00	84480.0	84480.0	84350.0	84350.0	2
24.07.2026 11:30	85110.0	85110.0	85030.0	85030.0	7
24.07.2026 12:30	85020.0	85020.0	85020.0	85020.0	1
24.07.2026 13:00	85150.0	85150.0	85150.0	85150.0	4
24.07.2026 13:15	85260.0	86070.0	84800.0	85280.0	29
24.07.2026 13:30	85700.0	87770.0	85700.0	86280.0	154
24.07.2026 13:45	86260.0	86440.0	86260.0	86380.0	26
24.07.2026 14:00	86720.0	86720.0	86230.0	86230.0	2
24.07.2026 14:15	86000.0	86000.0	85970.0	85970.0	4
24.07.2026 14:30	86100.0	86100.0	85400.0	85400.0	9
24.07.2026 14:45	85680.0	85720.0	85640.0	85640.0	11
24.07.2026 15:00	85780.0	85930.0	85730.0	85730.0	80
24.07.2026 15:15	85730.0	86040.0	85720.0	86040.0	19
24.07.2026 15:30	86380.0	86800.0	86380.0	86790.0	9
24.07.2026 15:45	87000.0	87000.0	87000.0	87000.0	1
24.07.2026 16:00	87000.0	87000.0	86740.0	86910.0	20
24.07.2026 16:15	86960.0	88030.0	86960.0	87870.0	34
24.07.2026 16:30	87910.0	88300.0	87620.0	87620.0	13
24.07.2026 16:45	87700.0	88980.0	87700.0	88780.0	43
24.07.2026 17:00	88860.0	89220.0	88460.0	88460.0	33
24.07.2026 17:15	88630.0	88630.0	88400.0	88620.0	5
24.07.2026 17:30	88900.0	88900.0	88810.0	88810.0	5
24.07.2026 17:45	88650.0	88740.0	88650.0	88740.0	2
24.07.2026 18:00	88880.0	88890.0	88080.0	88080.0	20
24.07.2026 18:15	88080.0	88080.0	87710.0	87790.0	29
24.07.2026 18:30	87670.0	87760.0	87670.0	87670.0	7
24.07.2026 18:45	87950.0	88100.0	87950.0	87990.0	8
24.07.2026 19:15	88420.0	88420.0	88310.0	88320.0	4
24.07.2026 19:30	88340.0	88340.0	88280.0	88330.0	3
24.07.2026 20:00	88470.0	88490.0	88470.0	88490.0	2
24.07.2026 20:45	88640.0	88640.0	88640.0	88640.0	1
24.07.2026 21:00	88640.0	88640.0	88640.0	88640.0	3
24.07.2026 21:15	88700.0	88740.0	88700.0	88740.0	2
24.07.2026 21:30	88780.0	88900.0	88780.0	88900.0	4
24.07.2026 21:45	89220.0	89220.0	88910.0	88910.0	5
24.07.2026 22:00	89120.0	89360.0	89120.0	89360.0	5
24.07.2026 22:15	89250.0	89250.0	89250.0	89250.0	1
24.07.2026 22:30	89200.0	89200.0	89200.0	89200.0	1
24.07.2026 23:30	89000.0	89000.0	88910.0	88950.0	5
25.07.2026 10:00	89030.0	89030.0	88990.0	88990.0	3
25.07.2026 11:15	89160.0	89250.0	89160.0	89250.0	3
25.07.2026 11:30	89380.0	89380.0	89380.0	89380.0	5
25.07.2026 12:45	89250.0	89280.0	89230.0	89280.0	4
25.07.2026 13:00	89220.0	89220.0	89220.0	89220.0	1
25.07.2026 13:15	89180.0	89180.0	89180.0	89180.0	1
25.07.2026 14:30	89190.0	89190.0	89190.0	89190.0	1
25.07.2026 15:30	89300.0	89300.0	89300.0	89300.0	1
25.07.2026 16:45	89230.0	89230.0	89230.0	89230.0	1
25.07.2026 17:00	89110.0	89110.0	89100.0	89100.0	2
25.07.2026 18:45	89270.0	89270.0	89270.0	89270.0	1
26.07.2026 10:15	88640.0	88900.0	88640.0	88900.0	3
26.07.2026 11:00	88640.0	88670.0	88640.0	88650.0	4
26.07.2026 11:15	88510.0	88510.0	88500.0	88500.0	3
26.07.2026 11:30	88370.0	88370.0	88350.0	88350.0	2
26.07.2026 13:30	88280.0	88280.0	88210.0	88270.0	6
26.07.2026 13:45	88160.0	88160.0	88150.0	88150.0	2
26.07.2026 14:15	88130.0	88130.0	88110.0	88110.0	2
26.07.2026 15:45	87870.0	87870.0	87870.0	87870.0	2
26.07.2026 16:00	87940.0	87940.0	87940.0	87940.0	4
26.07.2026 16:30	88080.0	88080.0	88080.0	88080.0	1
26.07.2026 16:45	88200.0	88310.0	88200.0	88310.0	10
26.07.2026 17:00	88320.0	88360.0	88320.0	88360.0	2
26.07.2026 17:15	88320.0	88320.0	88320.0	88320.0	1
26.07.2026 18:45	88090.0	88090.0	88090.0	88090.0	1
27.07.2026 07:00	87560.0	87860.0	87520.0	87850.0	5
27.07.2026 07:45	88280.0	88300.0	88280.0	88300.0	3
27.07.2026 08:00	88670.0	88670.0	88650.0	88660.0	6
27.07.2026 08:15	88590.0	88590.0	88590.0	88590.0	5
27.07.2026 08:45	88520.0	88520.0	88520.0	88520.0	2
27.07.2026 09:00	88530.0	88530.0	88530.0	88530.0	1
27.07.2026 09:15	87760.0	87760.0	87400.0	87470.0	4
27.07.2026 09:45	87170.0	87170.0	87080.0	87170.0	3
27.07.2026 10:00	87270.0	87370.0	87270.0	87370.0	2
27.07.2026 10:15	87470.0	87990.0	87470.0	87990.0	3
27.07.2026 10:30	87990.0	87990.0	87990.0	87990.0	2
27.07.2026 10:45	88170.0	88660.0	88170.0	88630.0	12
27.07.2026 11:00	88740.0	88740.0	88740.0	88740.0	1
27.07.2026 11:15	88400.0	88510.0	88160.0	88170.0	11
27.07.2026 11:30	88110.0	88180.0	88100.0	88180.0	5
27.07.2026 11:45	88340.0	88340.0	88340.0	88340.0	1
27.07.2026 12:00	88540.0	88550.0	88540.0	88550.0	13
27.07.2026 12:30	88210.0	88290.0	88210.0	88250.0	11
27.07.2026 13:15	89000.0	89530.0	89000.0	89520.0	25
27.07.2026 13:30	89530.0	90100.0	89530.0	89980.0	51
27.07.2026 13:45	89850.0	89880.0	89580.0	89800.0	29
27.07.2026 14:00	89770.0	89870.0	89670.0	89870.0	11
27.07.2026 14:30	89800.0	89800.0	89800.0	89800.0	1
27.07.2026 14:45	89870.0	90150.0	89870.0	89970.0	31
27.07.2026 15:00	89750.0	89760.0	89750.0	89760.0	4
27.07.2026 15:15	89500.0	89500.0	89500.0	89500.0	1
27.07.2026 15:30	89620.0	89620.0	89620.0	89620.0	1
27.07.2026 15:45	89700.0	89720.0	89640.0	89700.0	9
27.07.2026 16:00	89700.0	90010.0	89700.0	90010.0	10
27.07.2026 16:15	89700.0	89700.0	89690.0	89690.0	2
27.07.2026 16:30	89500.0	89500.0	89500.0	89500.0	3
27.07.2026 16:45	89700.0	89700.0	89560.0	89650.0	4
27.07.2026 17:30	89280.0	89280.0	89260.0	89260.0	2
27.07.2026 18:00	89220.0	89400.0	89220.0	89400.0	15
27.07.2026 19:00	89320.0	89320.0	89320.0	89320.0	1
27.07.2026 19:15	89480.0	89480.0	89480.0	89480.0	1
27.07.2026 20:45	89500.0	89500.0	89500.0	89500.0	10
27.07.2026 21:00	89390.0	89390.0	89390.0	89390.0	10
27.07.2026 23:00	89210.0	89210.0	89210.0	89210.0	1
27.07.2026 23:30	89310.0	89360.0	89310.0	89360.0	6
27.07.2026 23:45	89340.0	89340.0	89340.0	89340.0	4
28.07.2026 07:00	89380.0	89380.0	89380.0	89380.0	1
28.07.2026 07:15	89500.0	89510.0	89390.0	89390.0	9
28.07.2026 07:30	89510.0	89510.0	89470.0	89510.0	4
28.07.2026 07:45	89600.0	89600.0	89600.0	89600.0	1
28.07.2026 08:00	89240.0	89240.0	89140.0	89140.0	2
28.07.2026 08:15	89170.0	89170.0	89160.0	89160.0	2
28.07.2026 08:30	89150.0	89260.0	89150.0	89260.0	2
28.07.2026 08:45	89270.0	89400.0	89140.0	89400.0	11
28.07.2026 09:15	89180.0	89850.0	89170.0	89760.0	14
28.07.2026 09:45	88770.0	88990.0	88770.0	88990.0	2
28.07.2026 10:00	88840.0	88840.0	88130.0	88300.0	28
28.07.2026 10:15	88770.0	88800.0	88690.0	88690.0	3
28.07.2026 10:30	88390.0	88390.0	88250.0	88260.0	5
28.07.2026 10:45	88400.0	88470.0	88400.0	88470.0	3
28.07.2026 11:00	88140.0	88140.0	87800.0	87800.0	8
28.07.2026 11:15	87890.0	88050.0	87800.0	88050.0	7
28.07.2026 11:30	88500.0	88500.0	88500.0	88500.0	1
28.07.2026 11:45	88250.0	88250.0	88250.0	88250.0	1
28.07.2026 12:00	88320.0	88320.0	88120.0	88120.0	3
28.07.2026 13:00	88140.0	88140.0	87980.0	88130.0	5
28.07.2026 13:15	88270.0	88750.0	88270.0	88750.0	4
28.07.2026 13:30	88620.0	88660.0	88620.0	88660.0	2
28.07.2026 13:45	88820.0	88820.0	88820.0	88820.0	1
28.07.2026 14:15	88680.0	88680.0	88680.0	88680.0	1
28.07.2026 14:30	88790.0	88790.0	88790.0	88790.0	2
28.07.2026 14:45	88940.0	89250.0	88940.0	89230.0	9
28.07.2026 15:00	89100.0	89100.0	89100.0	89100.0	1
28.07.2026 15:45	89000.0	89000.0	89000.0	89000.0	28
28.07.2026 16:00	89000.0	89000.0	89000.0	89000.0	2
28.07.2026 16:15	88740.0	88740.0	88730.0	88730.0	3
28.07.2026 16:30	88620.0	88620.0	88350.0	88350.0	18
28.07.2026 16:45	88380.0	88380.0	88280.0	88280.0	73
28.07.2026 17:00	88210.0	88350.0	88200.0	88300.0	28
28.07.2026 17:15	88350.0	88440.0	87980.0	87980.0	64
28.07.2026 17:30	87920.0	87920.0	87460.0	87530.0	224
28.07.2026 17:45	87700.0	88140.0	87530.0	88140.0	67
28.07.2026 18:00	87860.0	87870.0	87820.0	87820.0	7
28.07.2026 18:15	87690.0	87690.0	87400.0	87530.0	429
28.07.2026 18:30	87460.0	87550.0	87440.0	87550.0	29
28.07.2026 18:45	87310.0	88200.0	87240.0	87960.0	30
28.07.2026 19:00	87770.0	87790.0	87770.0	87790.0	2
28.07.2026 19:15	87500.0	87510.0	87390.0	87390.0	3
28.07.2026 19:30	87390.0	87390.0	87130.0	87150.0	56
28.07.2026 20:30	87320.0	87550.0	87320.0	87550.0	2
28.07.2026 20:45	87420.0	87440.0	87420.0	87440.0	3
28.07.2026 21:00	87320.0	87340.0	87320.0	87320.0	7
28.07.2026 21:15	87270.0	87270.0	87270.0	87270.0	1
28.07.2026 21:45	87480.0	87480.0	87450.0	87450.0	5
28.07.2026 23:00	87300.0	87400.0	87300.0	87400.0	10
28.07.2026 23:15	87370.0	87370.0	87370.0	87370.0	3
28.07.2026 23:30	87390.0	87390.0	87370.0	87370.0	32
28.07.2026 23:45	87370.0	87370.0	87370.0	87370.0	18
29.07.2026 07:00	87870.0	87870.0	87700.0	87840.0	17
29.07.2026 07:15	87940.0	88200.0	87940.0	88130.0	5
29.07.2026 07:30	88180.0	88180.0	87900.0	87950.0	3
29.07.2026 07:45	87950.0	87950.0	87910.0	87910.0	5
29.07.2026 08:00	87880.0	87880.0	87880.0	87880.0	1
29.07.2026 08:30	87850.0	87880.0	87850.0	87880.0	2
29.07.2026 08:45	87760.0	87760.0	87500.0	87500.0	2
29.07.2026 09:30	87650.0	87760.0	87650.0	87760.0	5
29.07.2026 10:00	87800.0	87800.0	87560.0	87760.0	81
29.07.2026 10:15	87610.0	87760.0	87610.0	87760.0	74
29.07.2026 10:30	87700.0	87760.0	87640.0	87760.0	19
29.07.2026 10:45	88000.0	88160.0	87940.0	87950.0	16
29.07.2026 11:00	87940.0	88310.0	87940.0	88120.0	117
29.07.2026 11:15	87980.0	88260.0	87980.0	88260.0	201
29.07.2026 11:30	88190.0	88230.0	88110.0	88120.0	22
29.07.2026 11:45	88240.0	88270.0	88240.0	88270.0	14
29.07.2026 12:00	88380.0	88380.0	88210.0	88230.0	12
29.07.2026 12:15	88340.0	88350.0	88280.0	88320.0	12
29.07.2026 12:30	88290.0	88290.0	87870.0	87880.0	46
29.07.2026 12:45	87990.0	88060.0	87990.0	88060.0	4
29.07.2026 13:15	87890.0	88030.0	87830.0	88030.0	6
29.07.2026 13:30	88080.0	88240.0	88080.0	88190.0	4
29.07.2026 14:00	88500.0	88550.0	88500.0	88550.0	3
29.07.2026 14:15	88240.0	88340.0	88240.0	88340.0	66
29.07.2026 14:30	88270.0	88270.0	88060.0	88070.0	16
29.07.2026 14:45	88060.0	88070.0	88000.0	88000.0	8
29.07.2026 15:00	87950.0	88080.0	87950.0	88020.0	30
29.07.2026 15:15	88040.0	88040.0	88030.0	88030.0	2
29.07.2026 15:30	88050.0	88050.0	88050.0	88050.0	1
29.07.2026 15:45	87930.0	87930.0	87840.0	87840.0	24
29.07.2026 16:00	87880.0	88140.0	87880.0	88140.0	6
29.07.2026 16:15	88130.0	88130.0	88130.0	88130.0	1
29.07.2026 17:00	88100.0	88100.0	88100.0	88100.0	2
29.07.2026 17:15	88100.0	88100.0	87880.0	87920.0	38
29.07.2026 17:30	87880.0	87910.0	87880.0	87910.0	41
29.07.2026 18:15	88100.0	88100.0	88100.0	88100.0	1
29.07.2026 18:30	88060.0	88100.0	88060.0	88100.0	2
29.07.2026 18:45	88300.0	88400.0	88300.0	88300.0	5
29.07.2026 19:00	88320.0	88520.0	88320.0	88460.0	29
29.07.2026 19:15	88400.0	88540.0	88370.0	88370.0	6
29.07.2026 19:30	88420.0	88420.0	88410.0	88410.0	2
29.07.2026 19:45	88500.0	88500.0	88500.0	88500.0	1
29.07.2026 20:00	88550.0	88630.0	88550.0	88630.0	3
29.07.2026 20:15	88640.0	88640.0	88630.0	88630.0	2
29.07.2026 20:30	88650.0	88650.0	88610.0	88640.0	3
29.07.2026 20:45	88700.0	88730.0	88700.0	88730.0	3
29.07.2026 21:00	88830.0	88830.0	88710.0	88710.0	3
29.07.2026 21:15	88760.0	88760.0	88760.0	88760.0	1
29.07.2026 21:30	88830.0	88830.0	88830.0	88830.0	3
29.07.2026 21:45	88850.0	88860.0	88850.0	88860.0	2
29.07.2026 22:15	88520.0	88520.0	88520.0	88520.0	1
29.07.2026 22:30	88480.0	88480.0	88480.0	88480.0	2
29.07.2026 22:45	88390.0	88470.0	88390.0	88460.0	4
29.07.2026 23:00	88450.0	88450.0	88440.0	88440.0	2
29.07.2026 23:15	88440.0	88440.0	88440.0	88440.0	1
29.07.2026 23:45	88490.0	88490.0	88490.0	88490.0	1
30.07.2026 06:45	88990.0	88990.0	88990.0	88990.0	4
30.07.2026 07:00	88630.0	88630.0	88500.0	88500.0	9
30.07.2026 07:45	88660.0	88670.0	88660.0	88670.0	2
30.07.2026 08:15	88770.0	89000.0	88770.0	89000.0	7
30.07.2026 08:30	88950.0	88950.0	88950.0	88950.0	1
30.07.2026 08:45	89150.0	89190.0	89150.0	89180.0	5
30.07.2026 09:15	89150.0	89330.0	89150.0	89330.0	5
30.07.2026 09:30	89390.0	89560.0	89390.0	89560.0	4
30.07.2026 10:00	89340.0	89560.0	89070.0	89560.0	5
30.07.2026 10:15	89560.0	89560.0	89560.0	89560.0	5
30.07.2026 10:30	89530.0	89790.0	89500.0	89790.0	1085
30.07.2026 10:45	89520.0	89560.0	89520.0	89560.0	5
30.07.2026 11:00	89310.0	89310.0	89100.0	89100.0	15
30.07.2026 11:15	89190.0	89280.0	89180.0	89190.0	8
30.07.2026 11:30	89330.0	89330.0	89180.0	89200.0	10
30.07.2026 12:15	89100.0	89100.0	88710.0	88710.0	29
30.07.2026 12:30	88700.0	88750.0	88500.0	88500.0	14
30.07.2026 13:00	88480.0	88480.0	88430.0	88480.0	9
30.07.2026 13:15	88360.0	88500.0	88360.0	88500.0	12
30.07.2026 13:30	88300.0	88300.0	88300.0	88300.0	1
30.07.2026 13:45	88200.0	88200.0	88200.0	88200.0	2
30.07.2026 14:00	88160.0	88300.0	88110.0	88110.0	5
30.07.2026 14:15	88340.0	88650.0	88340.0	88600.0	9
30.07.2026 14:30	88530.0	88530.0	88530.0	88530.0	1
30.07.2026 15:00	88540.0	88580.0	88540.0	88580.0	3
30.07.2026 15:15	88620.0	88620.0	88620.0	88620.0	1
30.07.2026 15:30	88660.0	88670.0	88540.0	88540.0	5
30.07.2026 15:45	88640.0	88850.0	88640.0	88850.0	5
30.07.2026 16:15	88740.0	88740.0	88740.0	88740.0	1
30.07.2026 16:30	88630.0	88630.0	88010.0	88050.0	68
30.07.2026 16:45	88000.0	88240.0	88000.0	88210.0	22
30.07.2026 17:00	88290.0	88290.0	88200.0	88200.0	52
30.07.2026 17:15	88490.0	88490.0	88490.0	88490.0	2
30.07.2026 17:30	88050.0	88050.0	87710.0	87730.0	27
30.07.2026 17:45	87740.0	87840.0	87640.0	87640.0	35
30.07.2026 18:00	87760.0	87760.0	87760.0	87760.0	1
30.07.2026 18:15	87570.0	87570.0	87490.0	87490.0	30
30.07.2026 18:30	87200.0	87450.0	87110.0	87450.0	30
30.07.2026 19:00	87650.0	88000.0	87650.0	88000.0	7
30.07.2026 19:30	88290.0	88390.0	88290.0	88310.0	54
30.07.2026 19:45	88310.0	88340.0	88310.0	88310.0	13
30.07.2026 20:00	88340.0	88410.0	88180.0	88180.0	5
30.07.2026 20:15	87970.0	88070.0	87970.0	88070.0	6
30.07.2026 20:30	88070.0	88070.0	88070.0	88070.0	1
30.07.2026 21:00	87820.0	87910.0	87820.0	87910.0	2
30.07.2026 21:15	87950.0	87950.0	87950.0	87950.0	1
30.07.2026 21:30	88100.0	88220.0	88100.0	88220.0	6
30.07.2026 21:45	88300.0	88350.0	88300.0	88350.0	3
30.07.2026 22:00	88240.0	88240.0	88240.0	88240.0	6
30.07.2026 23:15	88170.0	88170.0	88170.0	88170.0	1
31.07.2026 07:00	87940.0	87990.0	87940.0	87990.0	2
31.07.2026 07:15	88140.0	88140.0	88060.0	88080.0	3
31.07.2026 07:45	87730.0	87730.0	87570.0	87570.0	2
31.07.2026 08:00	87490.0	87500.0	87480.0	87500.0	14
31.07.2026 08:15	87200.0	87200.0	87100.0	87100.0	5
31.07.2026 08:30	87010.0	87010.0	86990.0	86990.0	3
31.07.2026 08:45	87150.0	87240.0	87150.0	87240.0	3
31.07.2026 09:00	87500.0	87650.0	87500.0	87650.0	11
31.07.2026 09:15	87370.0	87370.0	87370.0	87370.0	2
31.07.2026 09:30	87280.0	87520.0	87280.0	87500.0	61
31.07.2026 09:45	87540.0	87540.0	87540.0	87540.0	3
31.07.2026 10:00	87400.0	87400.0	87000.0	87100.0	19
31.07.2026 10:15	86950.0	87860.0	86950.0	87810.0	10
31.07.2026 10:30	87900.0	87900.0	87620.0	87620.0	8
31.07.2026 11:00	87400.0	87400.0	87330.0	87400.0	4
31.07.2026 11:15	87400.0	87500.0	87400.0	87500.0	6
31.07.2026 11:30	87100.0	87100.0	87100.0	87100.0	3
31.07.2026 11:45	87250.0	87330.0	87230.0	87330.0	17
31.07.2026 12:15	87880.0	87890.0	87380.0	87450.0	10
31.07.2026 12:45	87780.0	88100.0	87780.0	88100.0	5
31.07.2026 13:00	88090.0	88330.0	88090.0	88180.0	30
31.07.2026 13:15	88250.0	88250.0	88080.0	88080.0	29
31.07.2026 13:30	88140.0	88180.0	88140.0	88180.0	10
31.07.2026 13:45	88200.0	88200.0	88200.0	88200.0	4
31.07.2026 14:15	88200.0	88380.0	88200.0	88350.0	15
31.07.2026 14:30	88320.0	88320.0	88320.0	88320.0	5
31.07.2026 14:45	88190.0	88200.0	88190.0	88190.0	5
31.07.2026 15:00	87780.0	87780.0	87730.0	87730.0	5
31.07.2026 15:15	87780.0	87790.0	87600.0	87790.0	5
31.07.2026 15:45	87500.0	87600.0	87500.0	87500.0	18
31.07.2026 16:45	87860.0	87860.0	87860.0	87860.0	1
31.07.2026 17:00	88000.0	88000.0	87850.0	87850.0	2
31.07.2026 17:15	88160.0	88170.0	88130.0	88130.0	12
31.07.2026 17:30	88400.0	88720.0	88380.0	88380.0	11
31.07.2026 17:45	88400.0	88400.0	88400.0	88400.0	1
31.07.2026 18:00	88350.0	88350.0	88350.0	88350.0	1
31.07.2026 18:15	87850.0	88070.0	87850.0	88070.0	3
31.07.2026 18:30	88290.0	88350.0	88290.0	88350.0	20
31.07.2026 18:45	88190.0	88220.0	88190.0	88220.0	4
31.07.2026 19:30	88300.0	88300.0	88300.0	88300.0	1
31.07.2026 19:45	88260.0	88280.0	88260.0	88280.0	6
31.07.2026 20:30	88290.0	88290.0	88290.0	88290.0	1
31.07.2026 21:00	88380.0	88380.0	88380.0	88380.0	1
31.07.2026 21:15	88480.0	88500.0	88430.0	88430.0	4
31.07.2026 21:30	88500.0	88500.0	88500.0	88500.0	1
31.07.2026 21:45	88500.0	88510.0	88500.0	88510.0	2
31.07.2026 22:00	88500.0	88500.0	88500.0	88500.0	1
31.07.2026 22:15	88530.0	88620.0	88530.0	88620.0	7
31.07.2026 22:30	88580.0	88620.0	88580.0	88580.0	11
31.07.2026 22:45	88600.0	88600.0	88600.0	88600.0	1
31.07.2026 23:00	88530.0	88530.0	88460.0	88460.0	5
31.07.2026 23:15	88550.0	88550.0	88550.0	88550.0	1
31.07.2026 23:30	88600.0	88600.0	88600.0	88600.0	2
03.08.2026 07:00	88320.0	88320.0	88300.0	88300.0	2
03.08.2026 07:15	88800.0	88800.0	88740.0	88750.0	20
03.08.2026 07:30	88650.0	88650.0	88580.0	88580.0	10
03.08.2026 07:45	88800.0	88800.0	88730.0	88730.0	2
03.08.2026 08:00	88680.0	88740.0	88680.0	88740.0	2
03.08.2026 08:15	88820.0	88980.0	88820.0	88980.0	7
03.08.2026 08:30	88830.0	88830.0	88830.0	88830.0	2
03.08.2026 08:45	88990.0	88990.0	88900.0	88900.0	4
03.08.2026 09:00	89140.0	89140.0	89140.0	89140.0	10
03.08.2026 09:15	88920.0	88920.0	88920.0	88920.0	1
03.08.2026 09:30	88720.0	88770.0	88710.0	88770.0	7
03.08.2026 09:45	88800.0	88800.0	88790.0	88790.0	2
03.08.2026 10:00	88790.0	88790.0	88620.0	88620.0	8
03.08.2026 10:15	89010.0	89050.0	88940.0	88950.0	8
03.08.2026 10:30	89020.0	89240.0	89020.0	89180.0	10
03.08.2026 10:45	89360.0	89360.0	89360.0	89360.0	1
03.08.2026 11:00	89070.0	89070.0	88700.0	88700.0	4
03.08.2026 11:45	89150.0	89150.0	89150.0	89150.0	1
03.08.2026 12:00	88970.0	88970.0	88970.0	88970.0	2
03.08.2026 12:30	88700.0	88700.0	88700.0	88700.0	2
03.08.2026 12:45	88820.0	88820.0	88820.0	88820.0	1
03.08.2026 13:00	88750.0	88750.0	88550.0	88550.0	14
03.08.2026 13:15	88500.0	88500.0	88500.0	88500.0	1
03.08.2026 13:45	88640.0	88640.0	88640.0	88640.0	1
03.08.2026 14:00	88500.0	88500.0	88500.0	88500.0	4
03.08.2026 14:15	88500.0	88500.0	88500.0	88500.0	9
03.08.2026 14:45	88690.0	88690.0	88690.0	88690.0	1
03.08.2026 15:00	88580.0	88600.0	88580.0	88600.0	3
03.08.2026 15:15	88820.0	88830.0	88820.0	88830.0	2
03.08.2026 15:30	89010.0	89010.0	89010.0	89010.0	1
03.08.2026 15:45	88950.0	88950.0	88950.0	88950.0	1
03.08.2026 16:00	88860.0	88940.0	88860.0	88940.0	3
03.08.2026 16:15	88930.0	88930.0	88930.0	88930.0	1
03.08.2026 16:30	88860.0	88860.0	88770.0	88770.0	2
03.08.2026 17:30	88590.0	88590.0	88430.0	88430.0	3
03.08.2026 18:00	88300.0	88330.0	88280.0	88310.0	26
03.08.2026 18:15	88210.0	88210.0	88180.0	88180.0	3
03.08.2026 18:30	88360.0	88360.0	88290.0	88290.0	2
03.08.2026 18:45	88470.0	88470.0	88470.0	88470.0	6
03.08.2026 19:00	88400.0	88500.0	88400.0	88400.0	4
03.08.2026 19:15	88450.0	88450.0	88450.0	88450.0	2
03.08.2026 19:30	88500.0	88500.0	88500.0	88500.0	1
03.08.2026 19:45	88400.0	88400.0	88400.0	88400.0	1
03.08.2026 20:00	88300.0	88300.0	88300.0	88300.0	1
03.08.2026 20:30	88430.0	88430.0	88430.0	88430.0	3
03.08.2026 20:45	88500.0	88600.0	88500.0	88600.0	2
03.08.2026 23:15	88700.0	88700.0	88700.0	88700.0	1
04.08.2026 07:00	88800.0	88850.0	88740.0	88850.0	18
04.08.2026 08:00	88870.0	88870.0	88840.0	88860.0	19
04.08.2026 08:15	88400.0	88400.0	88320.0	88320.0	5
04.08.2026 08:30	88350.0	88350.0	88070.0	88070.0	14
04.08.2026 08:45	88000.0	88010.0	87880.0	87880.0	5
04.08.2026 09:00	87960.0	88100.0	87960.0	88100.0	5
04.08.2026 09:15	88230.0	88230.0	88230.0	88230.0	1
04.08.2026 09:30	88120.0	88120.0	87920.0	88050.0	6
04.08.2026 10:00	88100.0	88230.0	88100.0	88230.0	2
04.08.2026 10:15	87930.0	87940.0	87930.0	87940.0	32
04.08.2026 10:30	87950.0	88020.0	87950.0	87980.0	5
04.08.2026 11:00	87980.0	87980.0	87800.0	87840.0	9
04.08.2026 11:30	88200.0	88250.0	88200.0	88200.0	8
04.08.2026 11:45	88190.0	88190.0	88190.0	88190.0	4
04.08.2026 12:00	88170.0	88350.0	88160.0	88300.0	14
04.08.2026 12:15	88140.0	88150.0	87970.0	87970.0	5
04.08.2026 12:30	87900.0	87900.0	87610.0	87610.0	4
04.08.2026 12:45	87900.0	87900.0	87900.0	87900.0	2
04.08.2026 13:00	87810.0	87810.0	87810.0	87810.0	1
04.08.2026 13:15	87850.0	87850.0	87750.0	87750.0	4
04.08.2026 13:30	87620.0	87620.0	87390.0	87390.0	12
04.08.2026 13:45	87330.0	87360.0	87280.0	87300.0	7
04.08.2026 14:00	87420.0	87420.0	87420.0	87420.0	10
04.08.2026 14:15	87490.0	87490.0	87400.0	87400.0	2
04.08.2026 14:30	87630.0	87630.0	87560.0	87560.0	2
04.08.2026 14:45	87400.0	87400.0	86810.0	86910.0	26
04.08.2026 15:00	86910.0	86970.0	86780.0	86970.0	43
04.08.2026 15:15	86960.0	87040.0	86960.0	86990.0	18
04.08.2026 15:30	86990.0	86990.0	86990.0	86990.0	6
04.08.2026 15:45	87050.0	87260.0	87050.0	87220.0	14
04.08.2026 16:00	87290.0	87290.0	87290.0	87290.0	2
04.08.2026 16:15	87610.0	87630.0	87540.0	87540.0	3
04.08.2026 16:45	87700.0	87840.0	87650.0	87840.0	20
04.08.2026 17:00	88000.0	88040.0	87810.0	87830.0	15
04.08.2026 17:15	87630.0	87890.0	87610.0	87870.0	7
04.08.2026 17:30	87730.0	88110.0	87730.0	88110.0	4
04.08.2026 17:45	87910.0	88170.0	87910.0	88170.0	5
04.08.2026 18:00	88200.0	88200.0	88200.0	88200.0	1
04.08.2026 18:15	87990.0	88690.0	87990.0	88370.0	55
04.08.2026 18:30	88420.0	88460.0	88350.0	88360.0	25
04.08.2026 18:45	88250.0	88250.0	88250.0	88250.0	1
04.08.2026 19:00	88510.0	88510.0	88440.0	88440.0	3
04.08.2026 19:15	88350.0	88350.0	88350.0	88350.0	10
04.08.2026 19:45	88600.0	88800.0	88540.0	88740.0	30
04.08.2026 20:00	88570.0	88570.0	88500.0	88500.0	5
04.08.2026 20:15	88570.0	88600.0	88570.0	88600.0	6
04.08.2026 20:30	88600.0	88600.0	88600.0	88600.0	15
04.08.2026 20:45	88600.0	88600.0	88600.0	88600.0	10
04.08.2026 21:00	88700.0	88710.0	88700.0	88710.0	6
04.08.2026 21:15	88710.0	88710.0	88710.0	88710.0	9
04.08.2026 21:30	88820.0	88820.0	88820.0	88820.0	5
04.08.2026 21:45	88760.0	88760.0	88760.0	88760.0	1
04.08.2026 22:00	88760.0	88760.0	88760.0	88760.0	3
04.08.2026 22:15	88760.0	88760.0	88720.0	88720.0	8
04.08.2026 22:30	88720.0	88720.0	88630.0	88630.0	12
05.08.2026 07:30	88280.0	88350.0	88280.0	88340.0	10
05.08.2026 07:45	88340.0	88340.0	88340.0	88340.0	6
05.08.2026 08:00	88630.0	88630.0	88630.0	88630.0	2
05.08.2026 08:15	88560.0	88700.0	88560.0	88700.0	4
05.08.2026 08:30	88810.0	88810.0	88810.0	88810.0	31
05.08.2026 08:45	88880.0	88890.0	88880.0	88890.0	11
05.08.2026 09:00	88790.0	89030.0	88720.0	89030.0	4
05.08.2026 09:15	89150.0	89150.0	88990.0	88990.0	4
05.08.2026 09:30	89020.0	89020.0	89020.0	89020.0	1
05.08.2026 09:45	89000.0	89460.0	89000.0	89460.0	25
05.08.2026 10:00	89260.0	89630.0	89260.0	89460.0	10
05.08.2026 10:15	89480.0	89700.0	89480.0	89520.0	15
05.08.2026 10:30	89660.0	89660.0	89350.0	89350.0	12
05.08.2026 10:45	89380.0	89440.0	89380.0	89440.0	17
05.08.2026 11:00	89170.0	89290.0	89170.0	89290.0	2
05.08.2026 11:30	89110.0	89110.0	89110.0	89110.0	1
05.08.2026 11:45	89310.0	89310.0	89310.0	89310.0	1
05.08.2026 12:00	89030.0	89040.0	88860.0	88860.0	10
05.08.2026 12:15	88940.0	88980.0	88880.0	88880.0	10
05.08.2026 12:30	88750.0	88750.0	88750.0	88750.0	1
05.08.2026 13:15	88950.0	88950.0	88870.0	88870.0	4
05.08.2026 13:30	88750.0	88750.0	88710.0	88710.0	3
05.08.2026 13:45	88710.0	88710.0	88680.0	88680.0	5
05.08.2026 14:00	88630.0	88810.0	88630.0	88810.0	3
05.08.2026 14:30	89120.0	89140.0	89080.0	89080.0	5
05.08.2026 14:45	88750.0	88840.0	88690.0	88840.0	4
05.08.2026 15:15	88780.0	88780.0	88780.0	88780.0	1
05.08.2026 15:30	88990.0	88990.0	88870.0	88870.0	5
05.08.2026 15:45	88970.0	89350.0	88970.0	89350.0	4
05.08.2026 16:00	89320.0	89390.0	89260.0	89260.0	7
05.08.2026 16:15	89240.0	89240.0	89210.0	89210.0	8
05.08.2026 16:30	89170.0	89190.0	89110.0	89110.0	28
05.08.2026 17:00	88990.0	89120.0	88990.0	89120.0	3
05.08.2026 17:15	89120.0	89120.0	89120.0	89120.0	1
05.08.2026 17:30	89120.0	89120.0	89120.0	89120.0	2
05.08.2026 17:45	89160.0	89160.0	89090.0	89090.0	4
05.08.2026 18:00	89090.0	89150.0	89090.0	89150.0	2
05.08.2026 18:30	89500.0	89500.0	89500.0	89500.0	1
05.08.2026 18:45	89460.0	89470.0	89400.0	89420.0	28
05.08.2026 19:00	89510.0	89720.0	89510.0	89620.0	42
05.08.2026 19:15	89630.0	89730.0	89600.0	89710.0	26
05.08.2026 19:30	89610.0	89610.0	89610.0	89610.0	2
05.08.2026 19:45	89570.0	89570.0	89570.0	89570.0	2
05.08.2026 20:00	89460.0	89460.0	89460.0	89460.0	1
05.08.2026 20:15	89410.0	89410.0	89410.0	89410.0	1
05.08.2026 20:45	89430.0	89430.0	89410.0	89410.0	2
06.08.2026 07:15	89820.0	89880.0	89800.0	89850.0	12
06.08.2026 07:30	89400.0	89400.0	89350.0	89350.0	3
06.08.2026 07:45	89290.0	89290.0	89260.0	89260.0	3
06.08.2026 08:00	89270.0	89270.0	89270.0	89270.0	1
06.08.2026 08:15	89250.0	89250.0	88940.0	89000.0	8
06.08.2026 08:30	88950.0	89070.0	88950.0	89070.0	9
06.08.2026 08:45	88830.0	88850.0	88830.0	88850.0	3
06.08.2026 09:00	89010.0	89010.0	88920.0	88920.0	2
06.08.2026 09:15	89190.0	89250.0	89100.0	89100.0	72
06.08.2026 09:30	89020.0	89030.0	89020.0	89030.0	4
06.08.2026 10:00	88980.0	89090.0	88980.0	89090.0	3
06.08.2026 10:15	89330.0	89440.0	89330.0	89340.0	7
06.08.2026 10:30	89500.0	89500.0	89290.0	89290.0	17
06.08.2026 10:45	89260.0	89300.0	89180.0	89180.0	5
06.08.2026 11:45	89040.0	89040.0	88170.0	88260.0	20
06.08.2026 12:00	88160.0	88450.0	88160.0	88450.0	6
06.08.2026 12:15	88380.0	88570.0	88380.0	88560.0	13
06.08.2026 12:30	88450.0	88450.0	88210.0	88210.0	3
06.08.2026 12:45	88380.0	88390.0	87910.0	87960.0	45
06.08.2026 13:00	88000.0	88000.0	88000.0	88000.0	1
06.08.2026 13:15	88090.0	88160.0	88070.0	88070.0	37
06.08.2026 13:30	88120.0	88140.0	88100.0	88100.0	34
06.08.2026 13:45	87990.0	87990.0	87980.0	87980.0	3
06.08.2026 14:00	88000.0	88400.0	88000.0	88400.0	102
06.08.2026 14:15	88390.0	88390.0	88390.0	88390.0	1
06.08.2026 14:45	88130.0	88130.0	88130.0	88130.0	1
06.08.2026 15:00	88010.0	88300.0	88000.0	88300.0	3
06.08.2026 15:30	88420.0	88490.0	88390.0	88420.0	6
06.08.2026 15:45	88490.0	88490.0	88180.0	88180.0	2
06.08.2026 16:45	88200.0	88350.0	88200.0	88350.0	9
06.08.2026 17:15	88350.0	88350.0	88340.0	88340.0	5
06.08.2026 17:30	88340.0	88340.0	88340.0	88340.0	1
06.08.2026 18:30	88230.0	88230.0	88180.0	88180.0	5
06.08.2026 18:45	88230.0	88270.0	88210.0	88270.0	4
06.08.2026 19:00	88200.0	88200.0	88140.0	88140.0	5
06.08.2026 19:15	88200.0	88200.0	88200.0	88200.0	2
06.08.2026 19:30	88410.0	88440.0	88390.0	88430.0	12
06.08.2026 19:45	88590.0	88600.0	88570.0	88600.0	11
06.08.2026 20:00	88580.0	88580.0	88580.0	88580.0	2
06.08.2026 20:15	88480.0	88480.0	88480.0	88480.0	1
06.08.2026 21:45	88440.0	88440.0	88440.0	88440.0	1
06.08.2026 22:00	88480.0	88480.0	88480.0	88480.0	9
06.08.2026 23:45	88760.0	88760.0	88760.0	88760.0	1
07.08.2026 08:00	88860.0	88880.0	88860.0	88860.0	4
07.08.2026 08:15	88560.0	88560.0	88560.0	88560.0	1
07.08.2026 08:45	88420.0	88420.0	88420.0	88420.0	1
07.08.2026 09:15	88120.0	88120.0	88120.0	88120.0	1
07.08.2026 09:30	88330.0	88510.0	88330.0	88510.0	13
07.08.2026 09:45	88510.0	88510.0	88510.0	88510.0	1
07.08.2026 10:15	88430.0	88430.0	88430.0	88430.0	1
07.08.2026 10:30	88280.0	88280.0	88260.0	88260.0	2
07.08.2026 10:45	88660.0	88790.0	88640.0	88640.0	11
07.08.2026 11:00	88530.0	88530.0	88530.0	88530.0	1
07.08.2026 11:15	88560.0	88560.0	88560.0	88560.0	2
07.08.2026 11:30	88400.0	88400.0	88400.0	88400.0	1
07.08.2026 11:45	88260.0	88260.0	88260.0	88260.0	2
07.08.2026 12:00	88340.0	88340.0	88340.0	88340.0	1
07.08.2026 12:15	88270.0	88270.0	88000.0	88000.0	9
07.08.2026 12:30	88000.0	88000.0	87900.0	87900.0	30
07.08.2026 12:45	87940.0	87940.0	87800.0	87800.0	6
07.08.2026 13:00	87610.0	87810.0	87610.0	87770.0	29
07.08.2026 13:15	87740.0	87760.0	87740.0	87760.0	6
07.08.2026 13:30	87640.0	87640.0	87410.0	87410.0	6
07.08.2026 13:45	87260.0	87290.0	87200.0	87290.0	55
07.08.2026 14:00	87330.0	87410.0	87220.0	87220.0	28
07.08.2026 14:15	87220.0	87280.0	87150.0	87150.0	5
07.08.2026 14:30	87130.0	87130.0	87000.0	87020.0	5
07.08.2026 14:45	86960.0	87090.0	86910.0	87090.0	5
07.08.2026 15:00	87030.0	87030.0	87020.0	87020.0	2
07.08.2026 15:15	86790.0	87000.0	86790.0	87000.0	2
07.08.2026 15:30	87060.0	87240.0	87000.0	87240.0	104
07.08.2026 15:45	87230.0	87590.0	87230.0	87590.0	8
07.08.2026 16:15	87550.0	87570.0	87510.0	87510.0	4
07.08.2026 16:30	87530.0	87530.0	87510.0	87510.0	3
07.08.2026 17:15	87300.0	87300.0	87260.0	87260.0	3
07.08.2026 17:30	87200.0	87200.0	87000.0	87000.0	16
07.08.2026 17:45	87190.0	87220.0	87150.0	87150.0	28
07.08.2026 18:00	87110.0	87340.0	87100.0	87340.0	4
07.08.2026 18:15	87160.0	87160.0	87160.0	87160.0	1
07.08.2026 18:30	87210.0	87250.0	87200.0	87220.0	4
07.08.2026 18:45	87250.0	87250.0	87240.0	87250.0	5
07.08.2026 19:00	87360.0	87360.0	87360.0	87360.0	1
07.08.2026 19:15	87190.0	87190.0	87190.0	87190.0	2
07.08.2026 20:15	87020.0	87020.0	87000.0	87000.0	26
07.08.2026 20:30	87050.0	87050.0	87040.0	87040.0	2
07.08.2026 20:45	87100.0	87100.0	87100.0	87100.0	1
07.08.2026 21:00	87010.0	87010.0	87000.0	87000.0	3
07.08.2026 21:15	87000.0	87000.0	86530.0	86530.0	96
07.08.2026 21:30	86560.0	86560.0	86560.0	86560.0	1
07.08.2026 21:45	86630.0	86630.0	86630.0	86630.0	1
07.08.2026 22:15	86610.0	86610.0	86460.0	86460.0	18
07.08.2026 22:30	86460.0	86460.0	86380.0	86410.0	9
07.08.2026 22:45	86470.0	86470.0	86450.0	86470.0	3
07.08.2026 23:00	86470.0	86470.0	86470.0	86470.0	1
07.08.2026 23:15	86510.0	86520.0	86510.0	86520.0	2
07.08.2026 23:30	86550.0	86550.0	86550.0	86550.0	2
07.08.2026 23:45	86720.0	86730.0	86630.0	86630.0	8
08.08.2026 10:00	86550.0	86550.0	86550.0	86550.0	1
08.08.2026 10:15	86640.0	86640.0	86640.0	86640.0	1
08.08.2026 11:00	86660.0	86660.0	86660.0	86660.0	1
08.08.2026 12:30	86820.0	86820.0	86820.0	86820.0	1
08.08.2026 13:00	86730.0	86730.0	86730.0	86730.0	1
08.08.2026 14:00	86750.0	86750.0	86750.0	86750.0	1
08.08.2026 14:45	86800.0	86820.0	86800.0	86820.0	6
08.08.2026 15:15	86850.0	86850.0	86850.0	86850.0	1
08.08.2026 15:30	86850.0	86850.0	86850.0	86850.0	1
08.08.2026 16:30	86900.0	86900.0	86900.0	86900.0	2
08.08.2026 16:45	86900.0	86900.0	86900.0	86900.0	7
08.08.2026 17:00	87000.0	87520.0	87000.0	87510.0	10
08.08.2026 17:15	87510.0	87550.0	87510.0	87540.0	28
08.08.2026 17:30	87560.0	87850.0	87560.0	87850.0	7
08.08.2026 17:45	87680.0	87780.0	87680.0	87780.0	12
08.08.2026 18:00	87740.0	87760.0	87650.0	87690.0	10
08.08.2026 18:15	87750.0	87750.0	87710.0	87740.0	4
08.08.2026 18:30	87760.0	87790.0	87730.0	87790.0	4
08.08.2026 18:45	87780.0	87780.0	87720.0	87750.0	3
09.08.2026 10:00	87620.0	87860.0	87610.0	87860.0	30
09.08.2026 10:15	87620.0	87620.0	87620.0	87620.0	1
09.08.2026 10:45	87660.0	87680.0	87660.0	87680.0	4
09.08.2026 11:00	87680.0	87680.0	87670.0	87670.0	2
09.08.2026 11:15	87660.0	87670.0	87660.0	87670.0	2
09.08.2026 11:45	87690.0	87710.0	87690.0	87710.0	2
09.08.2026 12:15	87740.0	87740.0	87740.0	87740.0	1
09.08.2026 13:15	87740.0	87740.0	87740.0	87740.0	1
09.08.2026 15:00	87650.0	87650.0	87650.0	87650.0	1
09.08.2026 16:15	87640.0	87640.0	87640.0	87640.0	1
09.08.2026 16:30	87640.0	87640.0	87640.0	87640.0	1
09.08.2026 18:15	87630.0	87630.0	87630.0	87630.0	1
09.08.2026 18:45	87690.0	87690.0	87690.0	87690.0	1
10.08.2026 07:00	87600.0	87600.0	87510.0	87510.0	11
10.08.2026 07:15	87510.0	87510.0	87510.0	87510.0	19
10.08.2026 08:15	87630.0	87630.0	87620.0	87620.0	2
10.08.2026 08:30	87590.0	87590.0	87590.0	87590.0	2
10.08.2026 08:45	87490.0	87490.0	87490.0	87490.0	8
10.08.2026 09:00	87520.0	87520.0	87370.0	87370.0	25
10.08.2026 09:15	87250.0	87270.0	87250.0	87250.0	13
10.08.2026 09:30	87210.0	87400.0	87130.0	87370.0	18
10.08.2026 09:45	87510.0	87680.0	87440.0	87510.0	11
10.08.2026 10:00	87550.0	87610.0	87480.0	87480.0	8
10.08.2026 10:15	87370.0	87630.0	87370.0	87630.0	6
10.08.2026 10:30	87780.0	88090.0	87780.0	88090.0	31
10.08.2026 10:45	88220.0	88220.0	88060.0	88060.0	6
10.08.2026 11:00	87870.0	87870.0	87650.0	87650.0	29
10.08.2026 11:30	87590.0	87590.0	87550.0	87550.0	2
10.08.2026 11:45	87560.0	87560.0	87560.0	87560.0	2
10.08.2026 12:00	87680.0	87680.0	87680.0	87680.0	2
10.08.2026 12:15	87620.0	87620.0	87560.0	87560.0	16
10.08.2026 12:30	87580.0	87580.0	87580.0	87580.0	1
10.08.2026 12:45	87650.0	87650.0	87500.0	87500.0	6
10.08.2026 13:00	87230.0	87230.0	87170.0	87180.0	17
10.08.2026 13:15	87010.0	87250.0	87010.0	87250.0	9
10.08.2026 13:30	87400.0	87400.0	87370.0	87370.0	7
10.08.2026 14:00	87440.0	87440.0	87440.0	87440.0	1
10.08.2026 14:15	87220.0	87220.0	87100.0	87170.0	4
10.08.2026 14:30	87000.0	87210.0	87000.0	87000.0	12
10.08.2026 14:45	87040.0	87040.0	87040.0	87040.0	1
10.08.2026 15:00	87270.0	87410.0	87270.0	87410.0	5
10.08.2026 15:15	87250.0	87250.0	87250.0	87250.0	1
10.08.2026 15:30	87300.0	87300.0	87300.0	87300.0	1
10.08.2026 16:00	87300.0	87460.0	87300.0	87460.0	3
10.08.2026 16:30	87420.0	87420.0	87390.0	87390.0	2
10.08.2026 16:45	87240.0	87240.0	87240.0	87240.0	1
10.08.2026 17:15	87300.0	87620.0	87300.0	87620.0	15
10.08.2026 17:45	87660.0	87660.0	87440.0	87440.0	11
10.08.2026 18:00	87410.0	87410.0	87400.0	87400.0	2
10.08.2026 18:15	87690.0	88000.0	87690.0	88000.0	18
10.08.2026 18:30	87940.0	88180.0	87940.0	88140.0	17
10.08.2026 18:45	88070.0	88160.0	88070.0	88160.0	3
10.08.2026 19:15	88050.0	88050.0	88050.0	88050.0	1
10.08.2026 19:30	88110.0	88160.0	88110.0	88160.0	7
10.08.2026 19:45	88450.0	88450.0	88410.0	88410.0	4
10.08.2026 20:00	88600.0	88660.0	88600.0	88620.0	11
10.08.2026 20:15	88480.0	88480.0	88480.0	88480.0	1
10.08.2026 21:15	88600.0	88600.0	88600.0	88600.0	1
10.08.2026 21:45	88520.0	88550.0	88520.0	88550.0	2
10.08.2026 22:15	88620.0	88650.0	88600.0	88600.0	9
10.08.2026 22:30	88720.0	88720.0	88720.0	88720.0	1
10.08.2026 22:45	88830.0	88830.0	88780.0	88780.0	3
10.08.2026 23:00	88820.0	88830.0	88820.0	88830.0	5
10.08.2026 23:30	88760.0	88870.0	88760.0	88840.0	6
11.08.2026 07:00	88560.0	88610.0	88560.0	88610.0	7
11.08.2026 07:15	88670.0	88670.0	88670.0	88670.0	2
11.08.2026 07:30	88650.0	88650.0	88630.0	88630.0	9
11.08.2026 07:45	88620.0	88620.0	88620.0	88620.0	3
11.08.2026 08:00	88670.0	88680.0	88670.0	88680.0	5
11.08.2026 09:15	88670.0	88670.0	88660.0	88660.0	2
11.08.2026 09:30	88950.0	89000.0	88950.0	89000.0	47
11.08.2026 09:45	89000.0	89100.0	89000.0	89100.0	50
11.08.2026 10:00	88990.0	89290.0	88990.0	89180.0	31
11.08.2026 10:15	89160.0	89520.0	89160.0	89420.0	12
11.08.2026 10:45	89320.0	89320.0	89060.0	89060.0	7
11.08.2026 11:00	89280.0	89300.0	89200.0	89200.0	7
11.08.2026 11:30	89160.0	89160.0	89160.0	89160.0	1
11.08.2026 12:30	88860.0	88860.0	88600.0	88630.0	138
11.08.2026 12:45	88610.0	88740.0	88610.0	88700.0	14
11.08.2026 13:00	88740.0	88780.0	88740.0	88780.0	4
11.08.2026 13:15	88540.0	88620.0	88540.0	88620.0	11
11.08.2026 13:30	88460.0	88460.0	88300.0	88360.0	29
11.08.2026 13:45	88500.0	88500.0	88430.0	88430.0	3
11.08.2026 14:00	88440.0	88440.0	88160.0	88260.0	3
11.08.2026 14:15	88260.0	88260.0	88260.0	88260.0	1
11.08.2026 14:30	88370.0	88370.0	88370.0	88370.0	3
11.08.2026 15:15	88510.0	88780.0	88510.0	88780.0	3
11.08.2026 15:30	88640.0	88640.0	88640.0	88640.0	1
11.08.2026 15:45	88550.0	88550.0	88550.0	88550.0	1
11.08.2026 16:00	88740.0	88830.0	88740.0	88830.0	4
11.08.2026 16:30	88740.0	88770.0	88680.0	88730.0	11
11.08.2026 16:45	88500.0	88500.0	88440.0	88470.0	6
11.08.2026 17:00	88560.0	88610.0	88560.0	88600.0	26
11.08.2026 17:15	88570.0	88600.0	88570.0	88600.0	6
11.08.2026 17:45	88580.0	88760.0	88580.0	88760.0	13
11.08.2026 18:15	88630.0	88630.0	88600.0	88600.0	6
11.08.2026 18:30	88700.0	88720.0	88700.0	88710.0	5
11.08.2026 19:15	88770.0	88770.0	88770.0	88770.0	1
11.08.2026 20:15	88850.0	88850.0	88850.0	88850.0	1
11.08.2026 20:30	88890.0	88890.0	88890.0	88890.0	1
11.08.2026 20:45	88840.0	88840.0	88840.0	88840.0	1
11.08.2026 21:00	89000.0	89000.0	88930.0	88930.0	6
11.08.2026 21:15	88930.0	88940.0	88930.0	88940.0	2
11.08.2026 21:30	88780.0	88780.0	88780.0	88780.0	2
11.08.2026 22:15	88780.0	88780.0	88780.0	88780.0	5
11.08.2026 22:30	88780.0	88780.0	88780.0	88780.0	4
11.08.2026 23:30	88690.0	88690.0	88690.0	88690.0	3
11.08.2026 23:45	88750.0	88750.0	88750.0	88750.0	2
12.08.2026 06:45	88500.0	88580.0	88500.0	88500.0	9
12.08.2026 07:00	88500.0	88840.0	88460.0	88840.0	16
12.08.2026 07:15	88860.0	88870.0	88860.0	88870.0	5
12.08.2026 07:30	88820.0	88960.0	88820.0	88960.0	6
12.08.2026 07:45	88960.0	89220.0	88960.0	89220.0	7
12.08.2026 08:00	89110.0	89110.0	89000.0	89000.0	18
12.08.2026 08:15	88910.0	88910.0	88910.0	88910.0	1
12.08.2026 09:15	88980.0	88980.0	88980.0	88980.0	1
12.08.2026 09:30	88990.0	88990.0	88990.0	88990.0	1
12.08.2026 10:00	89110.0	89140.0	88860.0	88860.0	11
12.08.2026 10:15	88690.0	88690.0	88690.0	88690.0	1
12.08.2026 10:30	88610.0	88610.0	88610.0	88610.0	1
12.08.2026 10:45	88670.0	88680.0	88520.0	88520.0	18
12.08.2026 11:00	88500.0	88500.0	88350.0	88370.0	10
12.08.2026 11:15	88390.0	88390.0	88390.0	88390.0	2
12.08.2026 11:30	88260.0	88260.0	87940.0	87940.0	8
12.08.2026 11:45	88000.0	88020.0	87820.0	87820.0	12
12.08.2026 12:00	87830.0	87840.0	87640.0	87740.0	23
12.08.2026 12:15	87700.0	87900.0	87700.0	87900.0	57
12.08.2026 12:30	87900.0	87970.0	87890.0	87970.0	10
12.08.2026 12:45	88020.0	88020.0	87990.0	88000.0	4
12.08.2026 13:00	87890.0	88060.0	87890.0	87900.0	25
12.08.2026 13:15	87950.0	88000.0	87950.0	88000.0	51
12.08.2026 13:30	88000.0	88060.0	88000.0	88060.0	96
12.08.2026 13:45	88140.0	88140.0	88140.0	88140.0	1
12.08.2026 14:00	88010.0	88010.0	88010.0	88010.0	2
12.08.2026 14:15	88000.0	88000.0	88000.0	88000.0	2
12.08.2026 14:30	88020.0	88030.0	87980.0	87980.0	5
12.08.2026 14:45	88020.0	88070.0	87980.0	87980.0	7
12.08.2026 15:00	87820.0	88080.0	87820.0	88080.0	2
12.08.2026 15:15	88350.0	88350.0	88190.0	88190.0	3
12.08.2026 15:45	88140.0	88140.0	88140.0	88140.0	1
12.08.2026 16:00	88080.0	88080.0	88080.0	88080.0	2
12.08.2026 16:15	88040.0	88060.0	88040.0	88060.0	8
12.08.2026 16:30	88010.0	88010.0	87840.0	87850.0	7
12.08.2026 16:45	87840.0	87860.0	87810.0	87840.0	6
12.08.2026 17:00	87800.0	87800.0	87580.0	87580.0	10
12.08.2026 17:15	87440.0	87440.0	87400.0	87400.0	13
12.08.2026 17:30	87470.0	87510.0	87380.0	87380.0	23
12.08.2026 17:45	87600.0	87670.0	87600.0	87670.0	4
12.08.2026 18:00	87560.0	87560.0	87560.0	87560.0	4
12.08.2026 18:15	87560.0	87600.0	87420.0	87420.0	50
12.08.2026 18:30	87350.0	87430.0	87350.0	87400.0	45
12.08.2026 19:00	87420.0	87420.0	87420.0	87420.0	1
12.08.2026 19:15	87350.0	87350.0	87350.0	87350.0	1
12.08.2026 19:30	87440.0	87470.0	87270.0	87270.0	9
12.08.2026 19:45	87170.0	87320.0	87170.0	87320.0	5
12.08.2026 20:30	87470.0	87470.0	87470.0	87470.0	2
12.08.2026 20:45	87530.0	87540.0	87510.0	87510.0	10
12.08.2026 21:00	87500.0	87500.0	87500.0	87500.0	1
12.08.2026 22:45	87380.0	87380.0	87380.0	87380.0	1
12.08.2026 23:15	87270.0	87270.0	87270.0	87270.0	1
13.08.2026 07:00	87050.0	87050.0	86850.0	87050.0	5
13.08.2026 07:30	86790.0	86790.0	86770.0	86770.0	6
13.08.2026 07:45	86770.0	86770.0	86770.0	86770.0	4
13.08.2026 08:00	86740.0	86780.0	86740.0	86780.0	2
13.08.2026 08:15	86800.0	86850.0	86800.0	86830.0	15
13.08.2026 08:30	86800.0	86800.0	86790.0	86800.0	6
13.08.2026 08:45	86740.0	86740.0	86740.0	86740.0	5
13.08.2026 09:00	86800.0	87030.0	86800.0	87030.0	14
13.08.2026 09:15	87000.0	87000.0	87000.0	87000.0	1
13.08.2026 09:30	86830.0	86980.0	86800.0	86800.0	14
13.08.2026 09:45	86800.0	86900.0	86800.0	86900.0	10
13.08.2026 10:00	87000.0	87000.0	86600.0	86600.0	80
13.08.2026 10:15	86550.0	86550.0	86220.0	86220.0	72
13.08.2026 10:30	86230.0	86300.0	86000.0	86220.0	21
13.08.2026 10:45	85990.0	85990.0	85660.0	85660.0	31
13.08.2026 11:00	85620.0	85740.0	85600.0	85650.0	37
13.08.2026 11:15	85720.0	85720.0	85600.0	85600.0	65
13.08.2026 11:30	85500.0	85540.0	85380.0	85500.0	92
13.08.2026 11:45	85680.0	85680.0	85680.0	85680.0	1
13.08.2026 12:00	85480.0	85480.0	85000.0	85000.0	80
13.08.2026 12:15	84950.0	85000.0	84900.0	85000.0	40
13.08.2026 12:30	85110.0	85110.0	85020.0	85020.0	18
13.08.2026 12:45	85020.0	85050.0	84980.0	84980.0	38
13.08.2026 13:00	85030.0	85090.0	84900.0	84950.0	9
13.08.2026 13:15	85250.0	85250.0	85190.0	85250.0	4
13.08.2026 13:30	85240.0	85800.0	85240.0	85750.0	106
13.08.2026 13:45	85530.0	85530.0	85520.0	85530.0	3
13.08.2026 14:00	85520.0	85520.0	85330.0	85330.0	17
13.08.2026 14:15	85390.0	85390.0	85160.0	85180.0	13
13.08.2026 14:30	85050.0	85130.0	84990.0	85050.0	17
13.08.2026 14:45	85060.0	85240.0	85060.0	85240.0	6
13.08.2026 15:00	85140.0	85240.0	85140.0	85240.0	113
13.08.2026 15:15	85400.0	85500.0	85400.0	85500.0	4
13.08.2026 15:45	85260.0	85260.0	85000.0	85000.0	15
13.08.2026 16:00	85000.0	85050.0	84930.0	85050.0	30
13.08.2026 16:15	85000.0	85030.0	84930.0	84930.0	129
13.08.2026 16:30	84990.0	85020.0	84660.0	84690.0	59
13.08.2026 16:45	84620.0	84640.0	84440.0	84450.0	32
13.08.2026 17:00	84440.0	84470.0	84370.0	84450.0	134
13.08.2026 17:15	84330.0	84740.0	84330.0	84640.0	292
13.08.2026 17:30	84630.0	84770.0	84630.0	84630.0	361
13.08.2026 17:45	84630.0	85080.0	84630.0	84760.0	327
13.08.2026 18:00	84650.0	84690.0	84640.0	84680.0	350
13.08.2026 18:15	84690.0	84720.0	84640.0	84720.0	28
13.08.2026 18:45	84830.0	84860.0	84800.0	84850.0	5
13.08.2026 19:00	84890.0	84890.0	84890.0	84890.0	1
13.08.2026 19:15	84770.0	84770.0	84770.0	84770.0	1
13.08.2026 19:30	84660.0	84660.0	84660.0	84660.0	1
13.08.2026 19:45	84650.0	84650.0	84650.0	84650.0	4
13.08.2026 20:30	84660.0	84660.0	84660.0	84660.0	2
13.08.2026 20:45	84650.0	84700.0	84640.0	84640.0	84
13.08.2026 21:00	84640.0	84640.0	84640.0	84640.0	1
13.08.2026 21:15	84660.0	84760.0	84640.0	84740.0	22
13.08.2026 21:30	84760.0	84760.0	84760.0	84760.0	1
13.08.2026 21:45	84730.0	84730.0	84700.0	84700.0	2
13.08.2026 22:00	84690.0	84690.0	84520.0	84520.0	32
13.08.2026 22:15	84500.0	84500.0	84390.0	84430.0	18
13.08.2026 22:30	84480.0	84480.0	84340.0	84340.0	27
13.08.2026 22:45	84340.0	84340.0	84340.0	84340.0	1
13.08.2026 23:00	84330.0	84370.0	84330.0	84330.0	20
13.08.2026 23:15	84330.0	84390.0	84330.0	84350.0	184
13.08.2026 23:30	84330.0	84430.0	84330.0	84430.0	99
13.08.2026 23:45	84340.0	84340.0	84330.0	84330.0	8
14.08.2026 07:00	84420.0	84500.0	84380.0	84380.0	11
14.08.2026 07:15	84510.0	84580.0	84270.0	84270.0	11
14.08.2026 07:30	84430.0	84430.0	84140.0	84320.0	51
14.08.2026 07:45	84430.0	84500.0	84310.0	84500.0	19
14.08.2026 08:00	84500.0	84500.0	84420.0	84420.0	10
14.08.2026 08:15	84490.0	84580.0	84490.0	84530.0	9
14.08.2026 08:30	84530.0	84620.0	84530.0	84530.0	6
14.08.2026 08:45	84350.0	84350.0	84270.0	84310.0	12
14.08.2026 09:00	84470.0	84530.0	84470.0	84510.0	6
14.08.2026 09:15	84570.0	84650.0	84520.0	84570.0	8
14.08.2026 09:30	84500.0	84500.0	84500.0	84500.0	2
14.08.2026 09:45	84800.0	84830.0	84700.0	84700.0	19
14.08.2026 10:00	84800.0	84800.0	84590.0	84800.0	73
14.08.2026 10:15	84760.0	84800.0	84680.0	84800.0	16
14.08.2026 10:30	84580.0	84580.0	84560.0	84560.0	4
14.08.2026 10:45	84590.0	84590.0	84590.0	84590.0	1
14.08.2026 11:00	84650.0	84700.0	84650.0	84700.0	4
14.08.2026 11:15	84450.0	84450.0	83600.0	83810.0	40
14.08.2026 11:30	83740.0	83900.0	83740.0	83880.0	16
14.08.2026 11:45	84050.0	84050.0	83770.0	83890.0	28
14.08.2026 12:00	83970.0	84000.0	83710.0	83710.0	12
14.08.2026 12:15	83710.0	83710.0	83500.0	83500.0	336
14.08.2026 12:30	83500.0	83600.0	83500.0	83500.0	222
14.08.2026 12:45	83500.0	83590.0	83500.0	83590.0	340
14.08.2026 13:00	83510.0	83510.0	83000.0	83000.0	35
14.08.2026 13:15	83060.0	83060.0	82750.0	82910.0	17
14.08.2026 13:30	82910.0	82910.0	82910.0	82910.0	1
14.08.2026 13:45	82550.0	82550.0	82310.0	82370.0	12
14.08.2026 14:00	82600.0	82600.0	82080.0	82440.0	188
14.08.2026 14:15	82400.0	82480.0	82320.0	82480.0	4
14.08.2026 14:30	82640.0	82780.0	82200.0	82200.0	12
14.08.2026 14:45	82110.0	82190.0	82100.0	82190.0	54
14.08.2026 15:00	82450.0	82600.0	82400.0	82540.0	21
14.08.2026 15:15	82680.0	82720.0	82500.0	82500.0	10
14.08.2026 15:30	82460.0	82460.0	82210.0	82320.0	9
14.08.2026 15:45	82470.0	82550.0	82060.0	82060.0	259
14.08.2026 16:00	82000.0	82110.0	81750.0	81820.0	49
14.08.2026 16:15	81790.0	81790.0	81290.0	81300.0	262
14.08.2026 16:30	81100.0	81150.0	80840.0	80900.0	101
14.08.2026 16:45	80900.0	80900.0	80550.0	80640.0	84
14.08.2026 17:00	80700.0	80990.0	80690.0	80990.0	11
14.08.2026 17:15	81030.0	81230.0	80900.0	81180.0	12
14.08.2026 17:45	81180.0	81760.0	81180.0	81760.0	151
14.08.2026 18:00	81520.0	81520.0	81200.0	81270.0	36
14.08.2026 18:15	81240.0	81310.0	81120.0	81120.0	9
14.08.2026 18:30	81180.0	81180.0	81070.0	81070.0	65
14.08.2026 18:45	81060.0	81070.0	81010.0	81060.0	21
14.08.2026 19:00	81180.0	81180.0	81180.0	81180.0	2
14.08.2026 19:30	81160.0	81160.0	81100.0	81160.0	5
14.08.2026 19:45	81020.0	81100.0	81020.0	81100.0	2
14.08.2026 20:30	81070.0	81070.0	81050.0	81050.0	20
14.08.2026 21:00	81160.0	81160.0	81160.0	81160.0	1
14.08.2026 21:15	81160.0	81440.0	81100.0	81440.0	56
14.08.2026 21:30	81310.0	81320.0	81300.0	81300.0	8
14.08.2026 22:00	81290.0	81290.0	81290.0	81290.0	1
14.08.2026 22:15	81280.0	81280.0	81280.0	81280.0	1
14.08.2026 22:30	81270.0	81280.0	81270.0	81270.0	5
14.08.2026 22:45	81290.0	81290.0	81250.0	81250.0	8
14.08.2026 23:00	81250.0	81250.0	81250.0	81250.0	3
14.08.2026 23:15	81150.0	81150.0	81150.0	81150.0	1
14.08.2026 23:45	81080.0	81080.0	81080.0	81080.0	1
17.08.2026 07:00	80630.0	80790.0	79780.0	79910.0	42
17.08.2026 07:15	79850.0	79850.0	79580.0	79620.0	18
17.08.2026 07:30	79920.0	79920.0	79920.0	79920.0	1
17.08.2026 07:45	79880.0	79950.0	79880.0	79950.0	2
17.08.2026 08:00	80060.0	80060.0	80060.0	80060.0	1
17.08.2026 08:15	79760.0	79760.0	79090.0	79250.0	28
17.08.2026 08:45	79790.0	79900.0	79790.0	79830.0	178
17.08.2026 09:00	79790.0	79810.0	79000.0	79010.0	111
17.08.2026 09:15	79150.0	80660.0	79150.0	79760.0	31
17.08.2026 09:30	79710.0	80430.0	79710.0	80070.0	40
17.08.2026 09:45	80040.0	80060.0	79730.0	79920.0	10
17.08.2026 10:00	80270.0	80680.0	80030.0	80130.0	4
17.08.2026 10:15	80360.0	80360.0	80090.0	80090.0	3
17.08.2026 10:30	79960.0	80550.0	79960.0	80410.0	14
17.08.2026 10:45	80500.0	80830.0	80500.0	80570.0	17
17.08.2026 11:00	80510.0	80510.0	79400.0	79520.0	29
17.08.2026 11:15	79760.0	79760.0	78980.0	78980.0	25
17.08.2026 11:30	79210.0	79580.0	79040.0	79400.0	27
17.08.2026 11:45	79510.0	79630.0	79510.0	79630.0	8
17.08.2026 12:00	79670.0	79700.0	79350.0	79690.0	62
17.08.2026 12:15	79500.0	79700.0	79190.0	79570.0	19
17.08.2026 12:30	79520.0	79840.0	79520.0	79840.0	7
17.08.2026 12:45	79840.0	79980.0	79840.0	79950.0	3
17.08.2026 13:00	79740.0	79890.0	79700.0	79890.0	10
17.08.2026 13:15	79500.0	79640.0	79450.0	79520.0	39
17.08.2026 13:30	79500.0	79550.0	79300.0	79300.0	11
17.08.2026 13:45	79350.0	79350.0	79190.0	79210.0	20
17.08.2026 14:00	79130.0	79540.0	79130.0	79490.0	5
17.08.2026 14:15	79330.0	79490.0	79330.0	79490.0	7
17.08.2026 14:30	79440.0	79720.0	79440.0	79720.0	11
17.08.2026 14:45	79590.0	79630.0	79510.0	79510.0	48
17.08.2026 15:00	79570.0	79580.0	79440.0	79440.0	90
17.08.2026 15:15	79410.0	79870.0	79310.0	79700.0	107
17.08.2026 15:30	79780.0	80000.0	79670.0	79700.0	23
17.08.2026 15:45	79840.0	79930.0	79740.0	79740.0	16
17.08.2026 16:00	79680.0	79680.0	79680.0	79680.0	1
17.08.2026 16:30	79870.0	79940.0	79540.0	79540.0	25
17.08.2026 16:45	79570.0	79590.0	79400.0	79550.0	9
17.08.2026 17:15	79880.0	79880.0	79210.0	79210.0	63
17.08.2026 17:30	79210.0	79230.0	78980.0	79220.0	121
17.08.2026 17:45	79220.0	79490.0	79220.0	79490.0	4
17.08.2026 18:00	79250.0	79300.0	79160.0	79160.0	234
17.08.2026 18:15	79160.0	79440.0	79060.0	79430.0	124
17.08.2026 18:30	79490.0	79490.0	79280.0	79280.0	3
17.08.2026 18:45	79480.0	79480.0	79400.0	79400.0	3
17.08.2026 19:00	79520.0	79560.0	79520.0	79550.0	7
17.08.2026 19:15	79540.0	79670.0	79530.0	79580.0	26
17.08.2026 19:30	79520.0	79540.0	79240.0	79240.0	10
17.08.2026 19:45	79250.0	79250.0	79150.0	79180.0	6
17.08.2026 20:00	79300.0	79330.0	79280.0	79330.0	5
17.08.2026 20:15	79380.0	79380.0	79380.0	79380.0	1
17.08.2026 20:30	79390.0	79390.0	79390.0	79390.0	1
17.08.2026 20:45	79370.0	79720.0	79350.0	79720.0	15
17.08.2026 21:00	79690.0	79690.0	79500.0	79580.0	37
17.08.2026 21:15	79560.0	79600.0	79520.0	79540.0	10
17.08.2026 21:30	79550.0	79680.0	79550.0	79570.0	9
17.08.2026 21:45	79510.0	79580.0	79510.0	79580.0	3
17.08.2026 22:00	79560.0	79640.0	79550.0	79620.0	21
17.08.2026 22:15	79470.0	79470.0	79420.0	79420.0	35
17.08.2026 22:30	79470.0	79470.0	79450.0	79450.0	33
17.08.2026 22:45	79450.0	79480.0	79450.0	79480.0	3
17.08.2026 23:00	79560.0	79620.0	79560.0	79590.0	3
17.08.2026 23:15	79560.0	79560.0	79490.0	79490.0	8
17.08.2026 23:45	79700.0	79700.0	79700.0	79700.0	1
18.08.2026 07:00	79700.0	79950.0	79690.0	79950.0	19
18.08.2026 07:15	80120.0	80120.0	79950.0	79950.0	3
18.08.2026 07:30	80000.0	80000.0	79880.0	79880.0	5
18.08.2026 07:45	79880.0	79970.0	79880.0	79970.0	2
18.08.2026 08:00	79960.0	79960.0	79960.0	79960.0	1
18.08.2026 09:00	79940.0	79990.0	79750.0	79750.0	7
18.08.2026 09:15	79700.0	79800.0	79700.0	79800.0	17
18.08.2026 09:30	79870.0	80130.0	79870.0	80100.0	18
18.08.2026 09:45	80000.0	80000.0	80000.0	80000.0	1
18.08.2026 10:00	79990.0	80040.0	79880.0	80010.0	7
18.08.2026 10:15	79960.0	80150.0	79870.0	80150.0	3
18.08.2026 10:30	79910.0	79910.0	79470.0	79490.0	12
18.08.2026 10:45	79480.0	79690.0	79480.0	79690.0	3
18.08.2026 11:00	79630.0	79630.0	79530.0	79550.0	6
18.08.2026 11:15	79660.0	79850.0	79660.0	79760.0	6
18.08.2026 11:30	79810.0	80310.0	79810.0	80250.0	92
18.08.2026 11:45	80330.0	80800.0	80300.0	80800.0	15
18.08.2026 12:00	80600.0	80600.0	80320.0	80320.0	10
18.08.2026 12:15	80460.0	81070.0	80460.0	80860.0	39
18.08.2026 12:30	80970.0	81310.0	80920.0	81230.0	9
18.08.2026 12:45	81260.0	81260.0	81060.0	81060.0	13
18.08.2026 13:00	80770.0	80950.0	80770.0	80870.0	107
18.08.2026 13:15	80930.0	81050.0	80930.0	80930.0	57
18.08.2026 13:30	81150.0	81320.0	81100.0	81250.0	17
18.08.2026 13:45	81100.0	81100.0	81100.0	81100.0	2
18.08.2026 14:00	80980.0	81100.0	80930.0	81100.0	13
18.08.2026 14:15	81170.0	81400.0	81170.0	81400.0	112
18.08.2026 14:30	81410.0	81410.0	81170.0	81210.0	92
18.08.2026 14:45	81220.0	81220.0	81100.0	81120.0	38
18.08.2026 15:00	81240.0	81280.0	81240.0	81280.0	5
18.08.2026 15:15	81360.0	81650.0	81350.0	81520.0	43
18.08.2026 15:30	81340.0	81340.0	80610.0	80650.0	341
18.08.2026 15:45	80680.0	80770.0	80680.0	80700.0	5
18.08.2026 16:00	80650.0	81330.0	80650.0	81190.0	72
18.08.2026 16:15	80970.0	80970.0	80880.0	80880.0	4
18.08.2026 16:30	81040.0	81040.0	80980.0	80980.0	11
18.08.2026 16:45	81000.0	81000.0	80560.0	80920.0	27
18.08.2026 17:00	80820.0	81000.0	80590.0	80590.0	68
18.08.2026 17:15	80670.0	80670.0	80260.0	80270.0	46
18.08.2026 17:45	80370.0	80500.0	80350.0	80500.0	30
18.08.2026 18:00	80500.0	80610.0	80390.0	80610.0	4
18.08.2026 18:15	80530.0	80530.0	80530.0	80530.0	25
18.08.2026 18:30	80650.0	81080.0	80650.0	81020.0	15
18.08.2026 18:45	81400.0	81720.0	81400.0	81630.0	18
18.08.2026 19:00	81530.0	81530.0	81530.0	81530.0	1
18.08.2026 19:15	81430.0	81430.0	81310.0	81310.0	8
18.08.2026 19:30	81470.0	81470.0	81200.0	81200.0	4
18.08.2026 19:45	81360.0	81360.0	81360.0	81360.0	1
18.08.2026 20:00	81320.0	81500.0	81320.0	81400.0	5
18.08.2026 20:15	81390.0	81400.0	81380.0	81400.0	3
18.08.2026 20:45	81400.0	81440.0	81400.0	81440.0	2
18.08.2026 21:00	81500.0	81510.0	81500.0	81510.0	4
18.08.2026 21:15	81630.0	81630.0	81540.0	81540.0	23
18.08.2026 21:30	81580.0	81820.0	81580.0	81820.0	15
18.08.2026 21:45	81830.0	81830.0	81750.0	81760.0	19
18.08.2026 22:00	81770.0	81770.0	81760.0	81760.0	6
18.08.2026 22:15	81860.0	81890.0	81820.0	81890.0	6
18.08.2026 22:30	81950.0	81950.0	81840.0	81840.0	2
18.08.2026 22:45	81720.0	81720.0	81720.0	81720.0	1
18.08.2026 23:00	81750.0	81790.0	81750.0	81790.0	2
18.08.2026 23:15	81790.0	81820.0	81780.0	81820.0	4
18.08.2026 23:30	81860.0	81920.0	81860.0	81920.0	3
18.08.2026 23:45	81950.0	81950.0	81930.0	81930.0	2
19.08.2026 07:00	82050.0	82050.0	81540.0	82000.0	12
19.08.2026 07:15	82030.0	82030.0	81850.0	81850.0	2
19.08.2026 07:30	81850.0	81850.0	81640.0	81750.0	6
19.08.2026 07:45	81770.0	81770.0	81510.0	81510.0	10
19.08.2026 08:00	81610.0	81620.0	81600.0	81600.0	3
19.08.2026 08:15	81390.0	81390.0	81370.0	81370.0	2
19.08.2026 08:30	81390.0	81440.0	81300.0	81440.0	14
19.08.2026 08:45	81440.0	81740.0	81440.0	81650.0	10
19.08.2026 09:00	81690.0	81690.0	81300.0	81310.0	17
19.08.2026 09:15	81440.0	81510.0	81440.0	81510.0	3
19.08.2026 09:30	81590.0	81740.0	81590.0	81610.0	6
19.08.2026 09:45	81540.0	81540.0	81430.0	81430.0	3
19.08.2026 10:00	81360.0	81460.0	81100.0	81300.0	96
19.08.2026 10:15	81300.0	81300.0	80930.0	80950.0	23
19.08.2026 10:30	80860.0	80860.0	80610.0	80670.0	12
19.08.2026 10:45	80600.0	80760.0	80590.0	80750.0	6
19.08.2026 11:00	80870.0	80970.0	80530.0	80530.0	26
19.08.2026 11:15	80530.0	80560.0	80490.0	80560.0	4
19.08.2026 11:30	80550.0	80740.0	80440.0	80440.0	13
19.08.2026 11:45	80610.0	81030.0	80610.0	81030.0	6
19.08.2026 12:00	81030.0	81030.0	80660.0	80660.0	20
19.08.2026 12:15	80650.0	80670.0	80600.0	80630.0	12
19.08.2026 12:30	80530.0	80630.0	80380.0	80490.0	61
19.08.2026 12:45	80500.0	80500.0	80240.0	80480.0	100
19.08.2026 13:00	80500.0	80500.0	80410.0	80500.0	17
19.08.2026 13:15	80740.0	80740.0	80740.0	80740.0	2
19.08.2026 13:45	80730.0	80760.0	80610.0	80610.0	17
19.08.2026 14:00	80610.0	80930.0	80610.0	80930.0	4
19.08.2026 14:15	80920.0	80940.0	80840.0	80870.0	9
19.08.2026 14:30	80700.0	81000.0	80700.0	80950.0	14
19.08.2026 14:45	81020.0	81020.0	80890.0	80890.0	3
19.08.2026 15:00	80990.0	81300.0	80970.0	81300.0	10
19.08.2026 15:15	81420.0	81770.0	81420.0	81740.0	14
19.08.2026 15:30	81640.0	81640.0	81490.0	81520.0	6
19.08.2026 15:45	81550.0	81740.0	81540.0	81740.0	15
19.08.2026 16:00	81710.0	82000.0	81710.0	82000.0	421
19.08.2026 16:15	81950.0	81950.0	81710.0	81880.0	39
19.08.2026 16:30	81950.0	81950.0	81680.0	81700.0	34
19.08.2026 16:45	81640.0	81720.0	81640.0	81710.0	26
19.08.2026 17:00	81700.0	82100.0	81700.0	81840.0	85
19.08.2026 17:15	81840.0	82130.0	81840.0	82130.0	32
19.08.2026 17:30	82170.0	82490.0	82170.0	82350.0	34
19.08.2026 17:45	82330.0	82560.0	82330.0	82550.0	23
19.08.2026 18:00	82630.0	82850.0	82330.0	82850.0	46
19.08.2026 18:15	82830.0	83160.0	82830.0	83160.0	51
19.08.2026 18:30	83210.0	83270.0	83040.0	83230.0	28
19.08.2026 18:45	83200.0	83200.0	82870.0	82950.0	41
19.08.2026 19:00	83080.0	83080.0	82760.0	82780.0	9
19.08.2026 19:15	82880.0	83020.0	82880.0	83020.0	5
19.08.2026 19:30	82950.0	82950.0	82740.0	82740.0	10
19.08.2026 19:45	82800.0	82910.0	82750.0	82910.0	6
19.08.2026 20:00	82780.0	82880.0	82780.0	82880.0	4
19.08.2026 20:15	82870.0	82900.0	82790.0	82790.0	10
19.08.2026 20:30	82780.0	82780.0	82780.0	82780.0	1
19.08.2026 20:45	82780.0	82790.0	82780.0	82790.0	6
19.08.2026 21:00	82880.0	82880.0	82880.0	82880.0	2
19.08.2026 21:15	83000.0	83000.0	83000.0	83000.0	4
19.08.2026 21:45	83020.0	83020.0	83000.0	83010.0	7
19.08.2026 22:00	83020.0	83200.0	83020.0	83170.0	10
19.08.2026 22:15	83200.0	83200.0	83190.0	83190.0	3
19.08.2026 22:30	83100.0	83100.0	82960.0	82960.0	6
19.08.2026 23:00	82910.0	82910.0	82910.0	82910.0	1
19.08.2026 23:15	82960.0	82960.0	82950.0	82950.0	10
19.08.2026 23:45	82860.0	82860.0	82860.0	82860.0	1
20.08.2026 07:00	82850.0	82860.0	82620.0	82620.0	8
20.08.2026 07:30	82640.0	82750.0	82640.0	82750.0	2
20.08.2026 07:45	82660.0	82700.0	82660.0	82700.0	2
20.08.2026 08:00	82560.0	82560.0	82430.0	82430.0	4
20.08.2026 08:15	82350.0	82490.0	82310.0	82490.0	17
20.08.2026 08:30	82760.0	82760.0	82600.0	82600.0	3
20.08.2026 08:45	82700.0	82870.0	82700.0	82870.0	3
20.08.2026 09:00	82870.0	83110.0	82820.0	82990.0	9
20.08.2026 09:15	83150.0	83150.0	83000.0	83000.0	3
20.08.2026 09:30	82960.0	82960.0	82910.0	82910.0	3
20.08.2026 09:45	83050.0	83270.0	83050.0	83060.0	15
20.08.2026 10:00	83000.0	83230.0	82790.0	83070.0	18
20.08.2026 10:15	83200.0	83300.0	82760.0	82760.0	67
20.08.2026 10:30	82910.0	83040.0	82830.0	82830.0	47
20.08.2026 10:45	82710.0	83240.0	82710.0	83160.0	24
20.08.2026 11:00	83270.0	83270.0	83100.0	83100.0	20
20.08.2026 11:15	83250.0	83250.0	83090.0	83190.0	3
20.08.2026 11:30	83260.0	83330.0	83110.0	83110.0	26
20.08.2026 11:45	83070.0	83070.0	82830.0	82940.0	24
20.08.2026 12:00	82940.0	83230.0	82830.0	83230.0	84
20.08.2026 12:15	83220.0	83280.0	83060.0	83060.0	11
20.08.2026 12:30	83180.0	83240.0	83060.0	83060.0	16
20.08.2026 12:45	83100.0	83100.0	82970.0	83080.0	9
20.08.2026 13:00	82940.0	82980.0	82230.0	82400.0	58
20.08.2026 13:15	82280.0	82280.0	81810.0	81990.0	73
20.08.2026 13:30	81990.0	81990.0	81750.0	81950.0	19
20.08.2026 13:45	82120.0	82180.0	81900.0	81920.0	23
20.08.2026 14:00	81800.0	81870.0	81460.0	81610.0	86
20.08.2026 14:15	81500.0	81700.0	81360.0	81700.0	38
20.08.2026 14:30	81830.0	81840.0	81770.0	81770.0	6
20.08.2026 14:45	81700.0	81860.0	81550.0	81760.0	23
20.08.2026 15:00	81740.0	82000.0	81700.0	82000.0	40
20.08.2026 15:15	82000.0	82000.0	81810.0	81810.0	26
20.08.2026 15:30	81870.0	82000.0	81870.0	81940.0	6
20.08.2026 15:45	82000.0	82130.0	81860.0	81860.0	50
20.08.2026 16:00	82150.0	82200.0	82150.0	82200.0	14
20.08.2026 16:15	82060.0	82060.0	81600.0	81660.0	14
20.08.2026 16:30	81690.0	81850.0	81690.0	81780.0	7
20.08.2026 16:45	81770.0	81770.0	81560.0	81600.0	22
20.08.2026 17:00	81540.0	81600.0	81210.0	81260.0	42
20.08.2026 17:15	81200.0	81520.0	81200.0	81520.0	23
20.08.2026 17:30	81360.0	81520.0	81210.0	81520.0	110
20.08.2026 17:45	81520.0	81660.0	81320.0	81650.0	60
20.08.2026 18:00	81580.0	81580.0	81560.0	81560.0	2
20.08.2026 18:15	81660.0	81710.0	81620.0	81710.0	10
20.08.2026 18:30	81800.0	81950.0	81780.0	81950.0	27
20.08.2026 18:45	81610.0	81760.0	81580.0	81580.0	7
20.08.2026 19:00	81700.0	81730.0	81700.0	81730.0	3
20.08.2026 19:15	81630.0	81630.0	81620.0	81620.0	3
20.08.2026 19:30	81730.0	81730.0	81730.0	81730.0	1
20.08.2026 20:00	81630.0	81730.0	81630.0	81730.0	2
20.08.2026 20:15	81860.0	81870.0	81860.0	81870.0	2
20.08.2026 20:45	81780.0	81780.0	81750.0	81750.0	2
20.08.2026 21:00	81750.0	81750.0	81750.0	81750.0	2
20.08.2026 21:15	81810.0	81840.0	81810.0	81840.0	6
20.08.2026 21:30	81780.0	81780.0	81630.0	81680.0	7
20.08.2026 21:45	81730.0	81740.0	81700.0	81710.0	4
20.08.2026 22:15	81700.0	81700.0	81630.0	81650.0	4
20.08.2026 22:30	81720.0	81730.0	81710.0	81720.0	4
20.08.2026 22:45	81750.0	81750.0	81750.0	81750.0	1
20.08.2026 23:00	81700.0	81740.0	81630.0	81630.0	7
20.08.2026 23:15	81610.0	81610.0	81610.0	81610.0	2
20.08.2026 23:30	81610.0	81610.0	81610.0	81610.0	4
21.08.2026 07:00	81680.0	81690.0	81100.0	81400.0	37
21.08.2026 07:15	81640.0	81730.0	81640.0	81730.0	11
21.08.2026 07:30	81790.0	81830.0	81720.0	81740.0	12
21.08.2026 07:45	81810.0	81810.0	81800.0	81810.0	6
21.08.2026 08:00	81840.0	81840.0	81840.0	81840.0	1
21.08.2026 08:15	81910.0	81970.0	81910.0	81930.0	16
21.08.2026 08:30	81830.0	81830.0	81560.0	81560.0	20
21.08.2026 08:45	81860.0	81860.0	81860.0	81860.0	1
21.08.2026 09:00	81760.0	81890.0	81760.0	81890.0	2
21.08.2026 09:30	81990.0	81990.0	81990.0	81990.0	2
21.08.2026 09:45	81990.0	81990.0	81990.0	81990.0	2
21.08.2026 10:00	81990.0	82470.0	81960.0	82170.0	23
21.08.2026 10:15	81900.0	81900.0	81400.0	81510.0	22
21.08.2026 10:30	81510.0	81510.0	81230.0	81420.0	13
21.08.2026 10:45	81420.0	81420.0	81080.0	81080.0	19
21.08.2026 11:00	81230.0	81250.0	81070.0	81180.0	112
21.08.2026 11:15	81100.0	81100.0	80990.0	80990.0	13
21.08.2026 11:30	81090.0	82150.0	81050.0	82020.0	70
21.08.2026 11:45	81910.0	82010.0	81600.0	81900.0	13
21.08.2026 12:00	81990.0	82110.0	81990.0	82110.0	3
21.08.2026 12:15	82110.0	82640.0	82110.0	82420.0	23
21.08.2026 12:30	82330.0	82330.0	82100.0	82100.0	3
21.08.2026 13:00	82100.0	82180.0	81750.0	81750.0	41
21.08.2026 13:15	81690.0	81890.0	81690.0	81890.0	3
21.08.2026 13:30	81500.0	81550.0	81500.0	81530.0	8
21.08.2026 13:45	81480.0	81760.0	81430.0	81760.0	4
21.08.2026 14:00	81760.0	81760.0	81760.0	81760.0	1
21.08.2026 14:15	81890.0	81890.0	81450.0	81450.0	35
21.08.2026 14:45	81650.0	81650.0	81650.0	81650.0	1
21.08.2026 15:00	81700.0	81700.0	81700.0	81700.0	1
21.08.2026 15:15	81680.0	81680.0	81680.0	81680.0	1
21.08.2026 15:30	81860.0	81860.0	81860.0	81860.0	2
21.08.2026 15:45	82090.0	82090.0	82090.0	82090.0	1
21.08.2026 16:00	82030.0	82030.0	82030.0	82030.0	1
21.08.2026 16:15	82040.0	82250.0	82030.0	82250.0	9
21.08.2026 16:30	81800.0	81800.0	81650.0	81670.0	13
21.08.2026 16:45	81320.0	81810.0	80480.0	81810.0	20
21.08.2026 17:00	81760.0	81760.0	81630.0	81630.0	7
21.08.2026 17:15	81640.0	81700.0	81630.0	81700.0	6
21.08.2026 17:30	82000.0	82000.0	82000.0	82000.0	2
21.08.2026 18:15	81770.0	81820.0	81770.0	81810.0	7
21.08.2026 18:30	82010.0	82010.0	81960.0	81960.0	6
21.08.2026 18:45	82040.0	82040.0	82040.0	82040.0	1
21.08.2026 19:00	82060.0	82300.0	82050.0	82190.0	41
21.08.2026 19:15	82300.0	82330.0	82190.0	82190.0	33
21.08.2026 19:45	82350.0	82370.0	82340.0	82370.0	10
21.08.2026 20:00	82350.0	82350.0	82350.0	82350.0	1
21.08.2026 20:15	82480.0	82480.0	82480.0	82480.0	1
21.08.2026 20:30	82490.0	82490.0	82480.0	82490.0	5
21.08.2026 21:30	82490.0	82490.0	82490.0	82490.0	1
21.08.2026 22:00	82400.0	82490.0	82400.0	82490.0	31
21.08.2026 22:45	82400.0	82570.0	82400.0	82570.0	5
21.08.2026 23:00	82490.0	82520.0	82450.0	82460.0	16
21.08.2026 23:15	82540.0	82540.0	82530.0	82530.0	4
21.08.2026 23:30	82520.0	82550.0	82520.0	82550.0	19
22.08.2026 10:00	82310.0	82310.0	82010.0	82010.0	33
22.08.2026 10:30	82090.0	82090.0	82090.0	82090.0	1
22.08.2026 11:45	81990.0	81990.0	81930.0	81930.0	14
22.08.2026 12:00	81970.0	81970.0	81970.0	81970.0	1
22.08.2026 13:00	81900.0	81900.0	81850.0	81850.0	3
22.08.2026 13:15	81930.0	81930.0	81930.0	81930.0	4
22.08.2026 13:30	81810.0	81810.0	81810.0	81810.0	1
22.08.2026 14:15	81750.0	81750.0	81700.0	81700.0	3
22.08.2026 14:45	81670.0	81670.0	81670.0	81670.0	1
22.08.2026 15:00	81640.0	81640.0	81620.0	81620.0	3
22.08.2026 15:15	81620.0	81620.0	81590.0	81590.0	7
22.08.2026 15:30	81500.0	81500.0	81500.0	81500.0	6
22.08.2026 15:45	81630.0	81630.0	81620.0	81630.0	5
22.08.2026 16:00	81600.0	81600.0	81600.0	81600.0	3
22.08.2026 16:30	81610.0	81620.0	81590.0	81620.0	11
22.08.2026 17:00	81630.0	81700.0	81630.0	81670.0	5
22.08.2026 17:15	81670.0	81670.0	81670.0	81670.0	2
22.08.2026 18:00	81650.0	81650.0	81650.0	81650.0	1
23.08.2026 10:00	81550.0	81550.0	81350.0	81390.0	15
23.08.2026 10:15	81300.0	81340.0	81300.0	81300.0	5
23.08.2026 10:30	81200.0	81200.0	81200.0	81200.0	1
23.08.2026 10:45	81210.0	81210.0	81210.0	81210.0	3
23.08.2026 11:15	81200.0	81200.0	81170.0	81170.0	5
23.08.2026 11:45	81220.0	81240.0	81200.0	81240.0	13
23.08.2026 12:00	81230.0	81240.0	81230.0	81240.0	3
23.08.2026 12:15	81170.0	81190.0	81170.0	81190.0	2
23.08.2026 12:30	81170.0	81170.0	81170.0	81170.0	1
23.08.2026 13:15	81120.0	81120.0	80900.0	81090.0	50
23.08.2026 13:45	81170.0	81170.0	81170.0	81170.0	1
23.08.2026 14:15	81220.0	81360.0	81180.0	81360.0	119
23.08.2026 14:30	81370.0	81370.0	81370.0	81370.0	1
23.08.2026 15:00	81290.0	81290.0	81290.0	81290.0	2
23.08.2026 15:15	81290.0	81290.0	81290.0	81290.0	2
23.08.2026 15:30	81200.0	81200.0	81170.0	81170.0	5
23.08.2026 15:45	81110.0	81110.0	81110.0	81110.0	2
23.08.2026 16:15	81090.0	81180.0	81020.0	81020.0	22
23.08.2026 16:45	80990.0	80990.0	80990.0	80990.0	1
23.08.2026 17:00	80950.0	80980.0	80940.0	80980.0	15
23.08.2026 17:15	80930.0	80940.0	80910.0	80940.0	3
23.08.2026 17:30	80920.0	80970.0	80920.0	80940.0	13
23.08.2026 18:15	80850.0	80850.0	80650.0	80650.0	14
23.08.2026 18:30	80700.0	80700.0	80690.0	80700.0	10
23.08.2026 18:45	80740.0	80790.0	80740.0	80790.0	5
24.08.2026 07:00	80540.0	80720.0	80250.0	80250.0	23
24.08.2026 07:15	80200.0	80230.0	79920.0	80120.0	50
24.08.2026 07:30	80160.0	80190.0	79880.0	79880.0	6
24.08.2026 07:45	79820.0	80050.0	79820.0	79970.0	9
24.08.2026 08:00	79920.0	80060.0	79780.0	80060.0	9
24.08.2026 08:15	80120.0	80200.0	80100.0	80200.0	56
24.08.2026 08:30	80200.0	80270.0	80200.0	80260.0	106
24.08.2026 08:45	80230.0	80250.0	80200.0	80240.0	44
24.08.2026 09:00	80000.0	80000.0	79360.0	79360.0	18
24.08.2026 09:15	79400.0	79430.0	79290.0	79430.0	180
24.08.2026 09:30	79530.0	79790.0	79440.0	79670.0	33
24.08.2026 09:45	79520.0	79900.0	79520.0	79890.0	12
24.08.2026 10:00	79800.0	79800.0	79050.0	79400.0	143
24.08.2026 10:15	79300.0	79720.0	79140.0	79720.0	22
24.08.2026 10:30	79730.0	79810.0	79310.0	79370.0	24
24.08.2026 10:45	79300.0	79630.0	79250.0	79630.0	10
24.08.2026 11:00	79500.0	80000.0	79500.0	79710.0	9
24.08.2026 11:15	79900.0	79900.0	79600.0	79600.0	5
24.08.2026 11:30	79510.0	79980.0	79510.0	79980.0	2
24.08.2026 11:45	79660.0	79660.0	79660.0	79660.0	3
24.08.2026 12:00	79790.0	79790.0	79640.0	79640.0	15
24.08.2026 12:15	79580.0	79740.0	79350.0	79690.0	33
24.08.2026 12:30	79710.0	79710.0	79500.0	79500.0	21
24.08.2026 12:45	79440.0	79490.0	79270.0	79270.0	27
24.08.2026 13:00	79250.0	79250.0	79250.0	79250.0	3
24.08.2026 13:15	79300.0	79430.0	79300.0	79300.0	111
24.08.2026 13:30	79430.0	79430.0	79240.0	79370.0	124
24.08.2026 13:45	79400.0	79580.0	79290.0	79550.0	11
24.08.2026 14:00	79430.0	79460.0	79430.0	79460.0	6
24.08.2026 14:15	79450.0	79460.0	79450.0	79460.0	4
24.08.2026 14:30	79440.0	79660.0	79440.0	79550.0	7
24.08.2026 14:45	79630.0	79660.0	79600.0	79600.0	9
24.08.2026 15:00	79600.0	79600.0	79560.0	79560.0	2
24.08.2026 15:15	79450.0	79450.0	79450.0	79450.0	1
24.08.2026 15:30	79420.0	79420.0	79420.0	79420.0	1
24.08.2026 16:00	79430.0	79430.0	79100.0	79210.0	28
24.08.2026 16:15	79060.0	79100.0	78950.0	79080.0	39
24.08.2026 16:30	78880.0	78880.0	78620.0	78620.0	35
24.08.2026 16:45	78600.0	78700.0	78000.0	78450.0	99
24.08.2026 17:00	78270.0	78280.0	78000.0	78000.0	82
24.08.2026 17:15	78110.0	78330.0	78070.0	78180.0	22
24.08.2026 17:30	78580.0	80000.0	78420.0	78420.0	39
24.08.2026 17:45	78200.0	79090.0	77830.0	79020.0	45
24.08.2026 18:00	79390.0	79390.0	78900.0	79040.0	41
24.08.2026 18:15	78780.0	79040.0	78780.0	79040.0	9
24.08.2026 18:30	78840.0	78840.0	78490.0	78510.0	12
24.08.2026 18:45	78500.0	78600.0	78500.0	78600.0	22
24.08.2026 19:00	78720.0	78820.0	78690.0	78820.0	12
24.08.2026 19:30	79000.0	79010.0	78960.0	79010.0	5
24.08.2026 19:45	79020.0	79120.0	79020.0	79120.0	4
24.08.2026 20:00	79090.0	79090.0	78980.0	79040.0	30
24.08.2026 20:15	79010.0	79010.0	79010.0	79010.0	2
24.08.2026 20:30	79140.0	79140.0	79140.0	79140.0	1
24.08.2026 20:45	79090.0	79090.0	79000.0	79000.0	3
24.08.2026 21:00	78950.0	79080.0	78950.0	79080.0	4
24.08.2026 21:30	78920.0	78920.0	78810.0	78830.0	15
24.08.2026 21:45	78820.0	78890.0	78820.0	78890.0	8
24.08.2026 22:00	78880.0	78880.0	78840.0	78840.0	2
24.08.2026 22:15	78760.0	78810.0	78720.0	78810.0	34
24.08.2026 22:30	78810.0	78810.0	78710.0	78710.0	3
24.08.2026 22:45	78670.0	78690.0	78660.0	78660.0	8
24.08.2026 23:00	78720.0	78760.0	78710.0	78730.0	9
24.08.2026 23:15	78610.0	78610.0	78610.0	78610.0	3
24.08.2026 23:30	78640.0	78720.0	78640.0	78720.0	3
24.08.2026 23:45	78670.0	78670.0	78480.0	78480.0	14
25.08.2026 07:00	78710.0	78900.0	78690.0	78880.0	20
25.08.2026 07:15	78960.0	79150.0	78900.0	79030.0	11
25.08.2026 07:45	79010.0	79180.0	79010.0	79020.0	8
25.08.2026 08:00	79000.0	79240.0	79000.0	79110.0	13
25.08.2026 08:15	79170.0	79170.0	79110.0	79110.0	12
25.08.2026 08:30	79210.0	79210.0	79100.0	79160.0	11
25.08.2026 08:45	79120.0	79120.0	79120.0	79120.0	1
25.08.2026 09:00	79000.0	79250.0	79000.0	79140.0	4
25.08.2026 09:15	79070.0	79070.0	78980.0	78990.0	21
25.08.2026 09:30	79050.0	79250.0	79050.0	79250.0	18
25.08.2026 09:45	79160.0	79250.0	79160.0	79170.0	16
25.08.2026 10:00	79180.0	79420.0	79150.0	79400.0	41
25.08.2026 10:15	79000.0	79000.0	78410.0	78410.0	53
25.08.2026 10:30	78450.0	78470.0	78180.0	78250.0	54
25.08.2026 10:45	78240.0	78340.0	78240.0	78340.0	7
25.08.2026 11:00	78430.0	78500.0	78180.0	78240.0	19
25.08.2026 11:15	78110.0	78280.0	77770.0	77880.0	40
25.08.2026 11:30	77900.0	77970.0	77760.0	77960.0	89
25.08.2026 11:45	77970.0	78650.0	77960.0	78650.0	40
25.08.2026 12:00	78490.0	78560.0	78370.0	78370.0	120
25.08.2026 12:15	78460.0	78560.0	78360.0	78560.0	10
25.08.2026 12:30	78530.0	78600.0	77900.0	77900.0	25
25.08.2026 12:45	77840.0	78210.0	77840.0	78200.0	170
25.08.2026 13:00	78200.0	78400.0	78160.0	78400.0	65
25.08.2026 13:15	78350.0	78450.0	78270.0	78270.0	17
25.08.2026 13:30	78230.0	78230.0	78140.0	78140.0	4
25.08.2026 13:45	78290.0	78310.0	78290.0	78310.0	11
25.08.2026 14:00	78310.0	78330.0	78290.0	78290.0	19
25.08.2026 14:15	78500.0	78810.0	78500.0	78580.0	70
25.08.2026 14:30	78540.0	78540.0	78540.0	78540.0	1
25.08.2026 14:45	78390.0	78390.0	78390.0	78390.0	1
25.08.2026 15:15	78530.0	78560.0	78530.0	78560.0	14
25.08.2026 15:30	78650.0	78900.0	78650.0	78900.0	7
25.08.2026 15:45	78840.0	79020.0	78820.0	78820.0	48
25.08.2026 16:00	78850.0	79030.0	78750.0	79030.0	9
25.08.2026 16:15	79000.0	79020.0	78810.0	78810.0	30
25.08.2026 16:30	78770.0	78770.0	78500.0	78500.0	12
25.08.2026 16:45	78490.0	78490.0	78390.0	78420.0	45
25.08.2026 17:00	78550.0	78880.0	78550.0	78880.0	52
25.08.2026 17:15	78850.0	79100.0	78850.0	79100.0	12
25.08.2026 17:30	79240.0	80690.0	79220.0	80480.0	229
25.08.2026 17:45	80630.0	81300.0	80560.0	81300.0	95
25.08.2026 18:00	81510.0	81520.0	81060.0	81110.0	41
25.08.2026 18:15	81090.0	81090.0	80870.0	80870.0	15
25.08.2026 18:30	80880.0	81120.0	80760.0	80760.0	35
25.08.2026 18:45	80700.0	80700.0	80050.0	80400.0	51
25.08.2026 19:00	80260.0	80950.0	80260.0	80380.0	40
25.08.2026 19:15	80330.0	80330.0	80320.0	80320.0	2
25.08.2026 19:30	80420.0	80420.0	80320.0	80330.0	16
25.08.2026 19:45	80270.0	80330.0	79970.0	79970.0	29
25.08.2026 20:00	79970.0	80130.0	79970.0	80130.0	6
25.08.2026 20:15	80350.0	80350.0	80320.0	80340.0	9
25.08.2026 20:30	80310.0	80450.0	80310.0	80350.0	5
25.08.2026 20:45	80420.0	80420.0	80330.0	80390.0	11
25.08.2026 21:00	80350.0	80420.0	80100.0	80100.0	8
25.08.2026 21:15	80080.0	80200.0	80050.0	80200.0	11
25.08.2026 21:30	80050.0	80140.0	80050.0	80140.0	2
25.08.2026 21:45	80010.0	80230.0	80000.0	80200.0	17
25.08.2026 22:15	80200.0	80200.0	80190.0	80190.0	5
25.08.2026 22:30	80140.0	80140.0	80080.0	80080.0	3
25.08.2026 22:45	80130.0	80130.0	80100.0	80100.0	2
25.08.2026 23:00	79970.0	80000.0	79970.0	80000.0	4
25.08.2026 23:15	80010.0	80010.0	79880.0	79880.0	2
25.08.2026 23:30	79780.0	79780.0	79750.0	79780.0	6
26.08.2026 06:45	80350.0	80350.0	80350.0	80350.0	1
26.08.2026 07:00	79650.0	79650.0	79030.0	79140.0	53
26.08.2026 07:15	79150.0	79230.0	79070.0	79230.0	8
26.08.2026 07:30	79220.0	79220.0	79220.0	79220.0	2
26.08.2026 07:45	79090.0	79090.0	78830.0	79000.0	34
26.08.2026 08:00	79150.0	79150.0	79030.0	79060.0	9
26.08.2026 08:15	78890.0	78900.0	78860.0	78900.0	84
26.08.2026 08:30	78900.0	78990.0	78900.0	78950.0	43
26.08.2026 08:45	78960.0	78960.0	78880.0	78920.0	6
26.08.2026 09:00	78870.0	79030.0	78800.0	79030.0	27
26.08.2026 09:15	79090.0	79220.0	79090.0	79180.0	11
26.08.2026 09:30	79220.0	79220.0	79100.0	79100.0	8
26.08.2026 09:45	79100.0	79100.0	78740.0	78740.0	21
26.08.2026 10:00	78710.0	79000.0	78640.0	79000.0	67
26.08.2026 10:15	78910.0	79000.0	78830.0	79000.0	10
26.08.2026 10:30	79050.0	79200.0	79050.0	79200.0	12
26.08.2026 10:45	79070.0	79100.0	78980.0	78980.0	9
26.08.2026 11:00	79110.0	79230.0	79110.0	79150.0	13
26.08.2026 11:15	79100.0	79160.0	79050.0	79150.0	14
26.08.2026 11:30	79080.0	79080.0	79060.0	79060.0	3
26.08.2026 11:45	79050.0	79320.0	79050.0	79320.0	13
26.08.2026 12:00	79510.0	79690.0	79380.0	79380.0	19
26.08.2026 12:15	79350.0	79400.0	79210.0	79340.0	30
26.08.2026 12:30	79240.0	79240.0	79100.0	79130.0	16
26.08.2026 12:45	79120.0	79120.0	78940.0	78940.0	15
26.08.2026 13:00	78910.0	78920.0	78300.0	78320.0	152
26.08.2026 13:15	78440.0	78520.0	78340.0	78430.0	18
26.08.2026 13:30	78360.0	78470.0	78360.0	78440.0	16
26.08.2026 13:45	78500.0	78500.0	78500.0	78500.0	1
26.08.2026 14:00	78420.0	78470.0	78280.0	78360.0	22
26.08.2026 14:15	78440.0	78450.0	78320.0	78450.0	11
26.08.2026 14:30	78440.0	78450.0	77970.0	77970.0	89
26.08.2026 14:45	77970.0	78020.0	77850.0	78020.0	29
26.08.2026 15:00	78020.0	78060.0	77910.0	77910.0	38
26.08.2026 15:15	77950.0	78080.0	77920.0	78000.0	70
26.08.2026 15:30	78000.0	78020.0	77970.0	77980.0	61
26.08.2026 15:45	77880.0	78060.0	77710.0	78060.0	25
26.08.2026 16:00	78060.0	78880.0	77920.0	78880.0	63
26.08.2026 16:15	78860.0	78910.0	78400.0	78450.0	51
26.08.2026 16:30	78300.0	78440.0	78300.0	78350.0	35
26.08.2026 16:45	78430.0	78510.0	78410.0	78510.0	10
26.08.2026 17:00	78210.0	78310.0	78100.0	78310.0	25
26.08.2026 17:15	78440.0	78500.0	78210.0	78340.0	9
26.08.2026 17:30	78270.0	78390.0	78180.0	78390.0	6
26.08.2026 17:45	78390.0	78400.0	78390.0	78400.0	2
26.08.2026 18:00	78450.0	78450.0	78250.0	78250.0	20
26.08.2026 18:15	78280.0	78280.0	78200.0	78200.0	17
26.08.2026 18:30	78330.0	78330.0	78070.0	78090.0	10
26.08.2026 18:45	78190.0	78190.0	77300.0	77460.0	64
26.08.2026 19:00	77430.0	77580.0	77160.0	77270.0	82
26.08.2026 19:15	77200.0	77280.0	77110.0	77230.0	23
26.08.2026 19:30	77310.0	77550.0	77280.0	77540.0	52
26.08.2026 19:45	77510.0	77510.0	77320.0	77330.0	23
26.08.2026 20:00	77410.0	77410.0	77280.0	77290.0	5
26.08.2026 20:15	77220.0	77220.0	77000.0	77000.0	16
26.08.2026 20:30	77000.0	77200.0	77000.0	77200.0	17
26.08.2026 20:45	77140.0	77170.0	77100.0	77170.0	25
26.08.2026 21:00	77100.0	77120.0	77000.0	77040.0	26
26.08.2026 21:15	77040.0	77090.0	76960.0	76960.0	32
26.08.2026 21:30	77010.0	77030.0	76920.0	76920.0	16
26.08.2026 21:45	76890.0	77000.0	76850.0	76900.0	24
26.08.2026 22:00	77020.0	77050.0	77020.0	77050.0	4
26.08.2026 22:15	76990.0	77010.0	76930.0	76930.0	10
26.08.2026 22:30	76900.0	76900.0	76750.0	76850.0	10
26.08.2026 22:45	76880.0	77050.0	76830.0	76850.0	12
26.08.2026 23:00	76870.0	76970.0	76830.0	76970.0	17
26.08.2026 23:15	77000.0	77000.0	77000.0	77000.0	3
26.08.2026 23:30	77080.0	77080.0	77030.0	77030.0	7
26.08.2026 23:45	76940.0	76940.0	76890.0	76890.0	8
27.08.2026 07:00	77070.0	77200.0	76900.0	77190.0	86
27.08.2026 07:15	77240.0	77240.0	77110.0	77160.0	20
27.08.2026 07:30	77250.0	77250.0	77000.0	77000.0	5
27.08.2026 07:45	76950.0	77140.0	76950.0	77140.0	6
27.08.2026 08:00	77090.0	77090.0	77090.0	77090.0	1
27.08.2026 08:15	77030.0	77030.0	76940.0	76940.0	40
27.08.2026 08:30	77030.0	77030.0	76870.0	76870.0	29
27.08.2026 08:45	76890.0	76890.0	76590.0	76590.0	22
27.08.2026 09:00	76630.0	77030.0	76580.0	76800.0	15
27.08.2026 09:15	76740.0	77160.0	76740.0	77160.0	66
27.08.2026 09:30	77010.0	77050.0	76910.0	77050.0	27
27.08.2026 09:45	77000.0	77000.0	76950.0	76950.0	19
27.08.2026 10:00	76960.0	76990.0	76510.0	76530.0	57
27.08.2026 10:15	76810.0	77000.0	76720.0	76860.0	42
27.08.2026 10:30	76860.0	76860.0	76500.0	76500.0	51
27.08.2026 10:45	76540.0	76700.0	76440.0	76700.0	35
27.08.2026 11:00	76780.0	76960.0	76780.0	76930.0	37
27.08.2026 11:15	76760.0	77590.0	76700.0	77530.0	58
27.08.2026 11:30	77530.0	77900.0	77470.0	77760.0	50
27.08.2026 11:45	77580.0	77590.0	77270.0	77270.0	56
27.08.2026 12:00	77370.0	77500.0	77290.0	77440.0	57
27.08.2026 12:15	77240.0	77250.0	77000.0	77160.0	39
27.08.2026 12:30	77150.0	77160.0	77050.0	77150.0	31
27.08.2026 12:45	77150.0	77200.0	77030.0	77030.0	9
27.08.2026 13:00	77050.0	77320.0	76950.0	77320.0	157
27.08.2026 13:15	77160.0	77450.0	77000.0	77450.0	42
27.08.2026 13:30	77490.0	77490.0	77250.0	77420.0	27
27.08.2026 13:45	77420.0	77550.0	77280.0	77550.0	16
27.08.2026 14:00	77280.0	77340.0	77130.0	77170.0	99
27.08.2026 14:15	77220.0	77220.0	76770.0	76770.0	17
27.08.2026 14:30	76840.0	76840.0	76780.0	76780.0	4
27.08.2026 14:45	76730.0	76870.0	76730.0	76870.0	5
27.08.2026 15:00	76840.0	76890.0	76750.0	76780.0	34
27.08.2026 15:15	76890.0	77120.0	76770.0	77070.0	85
27.08.2026 15:30	77020.0	77190.0	76980.0	76980.0	19
27.08.2026 15:45	76970.0	77160.0	76970.0	77160.0	6
27.08.2026 16:00	77180.0	77270.0	77160.0	77170.0	12
27.08.2026 16:15	77140.0	77270.0	77000.0	77000.0	8
27.08.2026 16:30	77180.0	77180.0	76990.0	77020.0	4
27.08.2026 16:45	77180.0	77270.0	77180.0	77270.0	6
27.08.2026 17:00	77250.0	77450.0	77240.0	77450.0	24
27.08.2026 17:15	77360.0	77360.0	77130.0	77130.0	5
27.08.2026 17:30	77220.0	77320.0	77200.0	77320.0	16
27.08.2026 17:45	77390.0	77880.0	77390.0	77500.0	63
27.08.2026 18:00	77470.0	77640.0	77440.0	77460.0	17
27.08.2026 18:15	77520.0	77720.0	77520.0	77720.0	8
27.08.2026 18:30	77830.0	77840.0	77700.0	77700.0	14
27.08.2026 18:45	77400.0	77400.0	77300.0	77300.0	5
27.08.2026 19:00	77310.0	77330.0	77230.0	77260.0	29
27.08.2026 19:15	77450.0	77450.0	77380.0	77420.0	29
27.08.2026 19:30	77420.0	77420.0	77420.0	77420.0	2
27.08.2026 19:45	77440.0	77440.0	77440.0	77440.0	2
27.08.2026 20:00	77420.0	77460.0	77420.0	77460.0	15
27.08.2026 20:15	77520.0	77760.0	77510.0	77670.0	46
27.08.2026 20:30	77710.0	77710.0	77600.0	77650.0	5
27.08.2026 20:45	77750.0	77750.0	77750.0	77750.0	1
27.08.2026 21:00	77770.0	77780.0	77770.0	77780.0	2
27.08.2026 21:15	77740.0	77770.0	77720.0	77730.0	25
27.08.2026 21:30	77710.0	77750.0	77640.0	77750.0	35
27.08.2026 21:45	77690.0	77690.0	77690.0	77690.0	1
27.08.2026 22:30	77720.0	77760.0	77720.0	77720.0	6
27.08.2026 23:15	77670.0	77710.0	77670.0	77710.0	6
27.08.2026 23:30	77590.0	77590.0	77590.0	77590.0	1
28.08.2026 07:00	77470.0	77480.0	77340.0	77480.0	40
28.08.2026 07:30	77590.0	77720.0	77590.0	77720.0	8
28.08.2026 07:45	77720.0	77850.0	77720.0	77850.0	3
28.08.2026 08:00	77690.0	77690.0	77560.0	77650.0	60
28.08.2026 08:15	77650.0	78160.0	77650.0	78150.0	56
28.08.2026 08:30	78110.0	78110.0	78090.0	78090.0	5
28.08.2026 09:00	77960.0	78190.0	77960.0	78130.0	45
28.08.2026 09:15	78070.0	78270.0	78070.0	78220.0	47
28.08.2026 09:30	78120.0	78120.0	78070.0	78090.0	6
28.08.2026 09:45	78150.0	78200.0	78100.0	78100.0	26
28.08.2026 10:00	78000.0	78000.0	77820.0	77830.0	6
28.08.2026 10:15	77820.0	77930.0	77820.0	77840.0	17
28.08.2026 10:30	78060.0	78230.0	78060.0	78140.0	29
28.08.2026 10:45	78090.0	78160.0	78090.0	78110.0	33
28.08.2026 11:00	78000.0	78130.0	77800.0	77900.0	11
28.08.2026 11:15	77920.0	77920.0	77410.0	77410.0	98
28.08.2026 11:30	77470.0	77610.0	77420.0	77610.0	313
28.08.2026 11:45	77600.0	77680.0	77360.0	77480.0	176
28.08.2026 12:00	77390.0	77550.0	77000.0	77080.0	255
28.08.2026 12:15	77000.0	77160.0	77000.0	77100.0	43
28.08.2026 12:30	77030.0	77030.0	76720.0	76850.0	104
28.08.2026 12:45	76820.0	76940.0	76590.0	76940.0	128
28.08.2026 13:00	76820.0	76860.0	76680.0	76680.0	11
28.08.2026 13:15	76870.0	76870.0	76870.0	76870.0	1
28.08.2026 13:30	77000.0	77200.0	76900.0	77190.0	38
28.08.2026 13:45	77160.0	77160.0	77160.0	77160.0	2
28.08.2026 14:00	77130.0	77130.0	76950.0	77120.0	11
28.08.2026 14:15	77140.0	77150.0	77070.0	77120.0	51
28.08.2026 14:30	77150.0	77170.0	77110.0	77160.0	33
28.08.2026 14:45	77010.0	77010.0	76940.0	76950.0	71
28.08.2026 15:00	76920.0	77220.0	76920.0	77090.0	32
28.08.2026 15:15	77120.0	77300.0	77120.0	77290.0	9
28.08.2026 15:30	77100.0	77300.0	76940.0	77300.0	65
28.08.2026 15:45	77390.0	77470.0	77100.0	77100.0	34
28.08.2026 16:00	77030.0	77300.0	77030.0	77170.0	21
28.08.2026 16:15	77100.0	77100.0	77000.0	77010.0	133
28.08.2026 16:30	77220.0	77420.0	77180.0	77400.0	147
28.08.2026 16:45	77450.0	77950.0	77360.0	77900.0	187
28.08.2026 17:00	77710.0	77710.0	77250.0	77250.0	60
28.08.2026 17:15	77280.0	77280.0	77070.0	77100.0	20
28.08.2026 17:30	77090.0	77250.0	76990.0	77050.0	82
28.08.2026 17:45	77050.0	77110.0	76820.0	76870.0	142
28.08.2026 18:00	77020.0	77150.0	76950.0	76950.0	27
28.08.2026 18:15	76950.0	76950.0	76750.0	76760.0	34
28.08.2026 18:30	77160.0	77200.0	77100.0	77200.0	56
28.08.2026 18:45	77090.0	77160.0	77070.0	77070.0	49
28.08.2026 19:00	77100.0	77140.0	77080.0	77140.0	47
28.08.2026 19:15	77240.0	77240.0	77010.0	77010.0	26
28.08.2026 19:30	76800.0	76800.0	76800.0	76800.0	22
28.08.2026 19:45	77070.0	77070.0	76980.0	76980.0	25
28.08.2026 20:00	76930.0	77010.0	76900.0	76910.0	72
28.08.2026 20:15	76900.0	76980.0	76900.0	76910.0	68
28.08.2026 20:30	76900.0	77080.0	76900.0	77010.0	102
28.08.2026 20:45	76990.0	77020.0	76990.0	77020.0	4
28.08.2026 21:00	77010.0	77050.0	77010.0	77050.0	7
28.08.2026 21:30	77020.0	77030.0	77020.0	77030.0	3
28.08.2026 21:45	76990.0	77000.0	76950.0	76970.0	12
28.08.2026 22:00	76980.0	76980.0	76980.0	76980.0	1
28.08.2026 22:15	77060.0	77060.0	77040.0	77040.0	8
28.08.2026 22:30	77080.0	77100.0	77070.0	77070.0	5
28.08.2026 22:45	77060.0	77060.0	77060.0	77060.0	1
28.08.2026 23:00	77100.0	77140.0	77050.0	77050.0	4
28.08.2026 23:30	77100.0	77100.0	77100.0	77100.0	1
28.08.2026 23:45	77110.0	77110.0	77110.0	77110.0	4
29.08.2026 10:00	76750.0	77270.0	76590.0	77160.0	41
29.08.2026 10:15	77140.0	77760.0	77140.0	77230.0	138
29.08.2026 10:30	77190.0	78220.0	77140.0	77400.0	691
29.08.2026 10:45	77390.0	77400.0	77370.0	77370.0	6
29.08.2026 11:00	77430.0	77530.0	77420.0	77450.0	26
29.08.2026 11:15	77500.0	77570.0	77500.0	77570.0	18
29.08.2026 11:30	77610.0	77630.0	77580.0	77630.0	4
29.08.2026 11:45	77700.0	77710.0	77700.0	77710.0	12
29.08.2026 12:00	77790.0	77930.0	77660.0	77660.0	32
29.08.2026 12:15	77700.0	77720.0	77600.0	77610.0	41
29.08.2026 12:30	77640.0	77660.0	77640.0	77650.0	7
29.08.2026 12:45	77660.0	77660.0	77660.0	77660.0	4
29.08.2026 13:00	77600.0	77610.0	77600.0	77610.0	2
29.08.2026 13:45	77640.0	77640.0	77640.0	77640.0	1
29.08.2026 14:00	77600.0	77600.0	77590.0	77590.0	7
29.08.2026 14:15	77650.0	77700.0	77650.0	77700.0	9
29.08.2026 14:45	77670.0	77670.0	77630.0	77630.0	3
29.08.2026 15:00	77620.0	77620.0	77610.0	77610.0	3
29.08.2026 15:15	77590.0	77590.0	77560.0	77570.0	5
29.08.2026 15:30	77570.0	77570.0	77540.0	77540.0	2
29.08.2026 15:45	77600.0	77600.0	77600.0	77600.0	3
29.08.2026 16:00	77600.0	77600.0	77550.0	77550.0	3
29.08.2026 16:15	77570.0	77570.0	77570.0	77570.0	2
29.08.2026 16:30	77570.0	77600.0	77570.0	77600.0	16
29.08.2026 16:45	77620.0	77620.0	77580.0	77580.0	4
29.08.2026 17:15	77570.0	77590.0	77570.0	77590.0	3
29.08.2026 17:30	77560.0	77580.0	77560.0	77580.0	3
29.08.2026 17:45	77580.0	77580.0	77550.0	77550.0	4
29.08.2026 18:00	77630.0	77630.0	77570.0	77570.0	3
29.08.2026 18:15	77660.0	77680.0	77620.0	77680.0	6
29.08.2026 18:30	77650.0	77690.0	77650.0	77660.0	5
29.08.2026 18:45	77650.0	77660.0	77630.0	77630.0	6
30.08.2026 10:00	77770.0	77770.0	77680.0	77690.0	12
30.08.2026 10:15	77690.0	77820.0	77690.0	77810.0	13
30.08.2026 10:30	77750.0	77750.0	77720.0	77740.0	8
30.08.2026 10:45	77770.0	77770.0	77740.0	77740.0	6
30.08.2026 11:00	77690.0	77690.0	77680.0	77680.0	15
30.08.2026 11:30	77660.0	77660.0	77650.0	77650.0	2
30.08.2026 11:45	77700.0	77720.0	77700.0	77720.0	3
30.08.2026 12:00	77730.0	77730.0	77730.0	77730.0	4
30.08.2026 12:15	77730.0	77730.0	77730.0	77730.0	5
30.08.2026 12:45	77750.0	77750.0	77750.0	77750.0	1
30.08.2026 13:00	77710.0	77710.0	77710.0	77710.0	3
30.08.2026 13:45	77710.0	77710.0	77700.0	77700.0	2
30.08.2026 14:00	77710.0	78030.0	77710.0	77740.0	104
30.08.2026 14:30	77800.0	77800.0	77800.0	77800.0	1
30.08.2026 14:45	77810.0	77810.0	77810.0	77810.0	7
30.08.2026 15:00	77770.0	77770.0	77770.0	77770.0	2
30.08.2026 15:15	77770.0	77770.0	77770.0	77770.0	1
30.08.2026 15:30	77770.0	77810.0	77720.0	77810.0	16
30.08.2026 15:45	77810.0	77810.0	77750.0	77750.0	3
30.08.2026 16:30	77780.0	77780.0	77760.0	77760.0	3
30.08.2026 16:45	77780.0	77810.0	77780.0	77810.0	5
30.08.2026 17:45	77790.0	77790.0	77790.0	77790.0	1
30.08.2026 18:30	77790.0	77790.0	77780.0	77780.0	6
30.08.2026 18:45	77800.0	77800.0	77800.0	77800.0	13
31.08.2026 07:00	78050.0	78050.0	77760.0	77760.0	6
31.08.2026 07:15	77890.0	78020.0	77880.0	78020.0	8
31.08.2026 07:30	78040.0	78440.0	78040.0	78360.0	19
31.08.2026 07:45	78290.0	78320.0	78250.0	78320.0	11
31.08.2026 08:00	78310.0	78480.0	78310.0	78480.0	17
31.08.2026 08:15	78460.0	78530.0	78450.0	78450.0	19
31.08.2026 08:30	78420.0	78740.0	78400.0	78580.0	17
31.08.2026 08:45	78620.0	78730.0	78570.0	78580.0	24
31.08.2026 09:00	78680.0	78680.0	78360.0	78360.0	80
31.08.2026 09:15	78300.0	78360.0	78200.0	78240.0	46
31.08.2026 09:30	78180.0	78440.0	78140.0	78440.0	17
31.08.2026 09:45	78390.0	78460.0	78390.0	78450.0	11
31.08.2026 10:00	78330.0	78510.0	77930.0	78060.0	75
31.08.2026 10:15	78230.0	78410.0	78190.0	78380.0	46
31.08.2026 10:30	78290.0	78290.0	78050.0	78200.0	14
31.08.2026 10:45	78300.0	78650.0	78300.0	78650.0	22
31.08.2026 11:00	78580.0	78690.0	78510.0	78510.0	35
31.08.2026 11:15	78600.0	78600.0	78540.0	78580.0	11
31.08.2026 11:30	78710.0	78820.0	78630.0	78630.0	248
31.08.2026 11:45	78720.0	78730.0	78270.0	78270.0	110
31.08.2026 12:00	78390.0	78570.0	78390.0	78560.0	23
31.08.2026 12:15	78580.0	78580.0	78380.0	78380.0	43
31.08.2026 12:30	78270.0	78290.0	78090.0	78130.0	70
31.08.2026 12:45	78180.0	78310.0	78030.0	78310.0	23
31.08.2026 13:00	78300.0	78450.0	78140.0	78180.0	12
31.08.2026 13:15	78100.0	78140.0	78020.0	78050.0	14
31.08.2026 13:30	78400.0	78400.0	78400.0	78400.0	1
31.08.2026 13:45	78360.0	78450.0	78340.0	78340.0	24
31.08.2026 14:00	78260.0	78260.0	78080.0	78080.0	20
31.08.2026 14:15	78280.0	78290.0	78240.0	78280.0	29
31.08.2026 14:30	78160.0	78160.0	77950.0	77970.0	39
31.08.2026 14:45	78080.0	78130.0	78010.0	78010.0	51
31.08.2026 15:00	78150.0	78150.0	78150.0	78150.0	1
31.08.2026 15:15	78100.0	78150.0	78100.0	78150.0	9
31.08.2026 15:30	78200.0	78430.0	78160.0	78430.0	10
31.08.2026 15:45	78270.0	78350.0	78190.0	78350.0	9
31.08.2026 16:00	78230.0	78350.0	78230.0	78350.0	13
31.08.2026 16:15	78460.0	78550.0	78360.0	78470.0	19
31.08.2026 16:30	78600.0	78650.0	78480.0	78650.0	15
31.08.2026 16:45	78560.0	78570.0	78550.0	78570.0	7
31.08.2026 17:00	78650.0	78670.0	78560.0	78580.0	55
31.08.2026 17:15	78660.0	78860.0	78660.0	78850.0	85
31.08.2026 17:30	78900.0	78910.0	78540.0	78590.0	27
31.08.2026 17:45	78580.0	79000.0	78520.0	78710.0	48
31.08.2026 18:00	78710.0	79650.0	78550.0	79390.0	197
31.08.2026 18:15	79510.0	80130.0	79510.0	79740.0	167
31.08.2026 18:30	79770.0	80240.0	79620.0	80240.0	67
31.08.2026 18:45	80260.0	80530.0	80210.0	80290.0	116
31.08.2026 19:00	80300.0	80300.0	79840.0	79840.0	28
31.08.2026 19:15	79860.0	80510.0	79850.0	79950.0	26
31.08.2026 19:30	79950.0	80100.0	79950.0	80090.0	4
31.08.2026 19:45	80020.0	80100.0	79860.0	79860.0	72
31.08.2026 20:00	80010.0	80010.0	80010.0	80010.0	2
31.08.2026 20:15	80020.0	80100.0	80020.0	80100.0	5
31.08.2026 20:30	80130.0	80150.0	80080.0	80110.0	16
31.08.2026 20:45	80160.0	80160.0	80090.0	80090.0	9
31.08.2026 21:00	80130.0	80140.0	79940.0	79940.0	30
31.08.2026 21:15	79930.0	79930.0	79840.0	79840.0	3
31.08.2026 21:30	79900.0	79900.0	79900.0	79900.0	1
31.08.2026 21:45	79970.0	79970.0	79970.0	79970.0	1
31.08.2026 22:15	80020.0	80190.0	80020.0	80130.0	45
31.08.2026 22:30	80080.0	80080.0	80080.0	80080.0	1
31.08.2026 22:45	80100.0	80130.0	80100.0	80110.0	7
31.08.2026 23:00	80090.0	80190.0	80090.0	80190.0	12
31.08.2026 23:15	80200.0	80200.0	80110.0	80170.0	7
31.08.2026 23:30	80200.0	80200.0	80200.0	80200.0	1
01.09.2026 07:00	79800.0	80250.0	79800.0	80060.0	75
01.09.2026 07:15	80000.0	80000.0	80000.0	80000.0	11
01.09.2026 07:30	79940.0	79940.0	79550.0	79650.0	16
01.09.2026 07:45	79780.0	79880.0	79750.0	79870.0	9
01.09.2026 08:00	80000.0	80000.0	79850.0	79890.0	8
01.09.2026 08:15	79890.0	80030.0	79380.0	79980.0	91
01.09.2026 08:30	79960.0	79960.0	79880.0	79880.0	3
01.09.2026 09:00	79950.0	79950.0	79800.0	79800.0	10
01.09.2026 09:15	79800.0	80000.0	79800.0	79980.0	54
01.09.2026 09:30	80000.0	80130.0	79990.0	80000.0	45
01.09.2026 09:45	80010.0	80010.0	79800.0	79800.0	50
01.09.2026 10:00	79810.0	79810.0	79350.0	79350.0	166
01.09.2026 10:15	79390.0	79930.0	79380.0	79830.0	41
01.09.2026 10:30	79700.0	79720.0	79500.0	79720.0	14
01.09.2026 10:45	79700.0	79720.0	79470.0	79580.0	37
01.09.2026 11:00	79750.0	79750.0	79480.0	79630.0	61
01.09.2026 11:15	79680.0	79860.0	79680.0	79860.0	9
01.09.2026 11:30	79850.0	79850.0	79600.0	79690.0	14
01.09.2026 11:45	79640.0	79790.0	79640.0	79790.0	5
01.09.2026 12:00	79700.0	79800.0	79570.0	79570.0	22
01.09.2026 12:15	79600.0	79610.0	79540.0	79540.0	35
01.09.2026 12:30	79550.0	79690.0	79450.0	79660.0	31
01.09.2026 12:45	79730.0	79930.0	79660.0	79890.0	51
01.09.2026 13:00	79870.0	79890.0	79430.0	79450.0	45
01.09.2026 13:15	79480.0	80130.0	79430.0	79870.0	86
01.09.2026 13:30	79840.0	79870.0	79750.0	79870.0	45
01.09.2026 13:45	79850.0	80050.0	79850.0	80050.0	14
01.09.2026 14:00	80050.0	80200.0	80010.0	80040.0	266
01.09.2026 14:15	80040.0	80040.0	79910.0	79930.0	39
01.09.2026 14:30	79900.0	79900.0	79380.0	79590.0	305
01.09.2026 14:45	79630.0	79700.0	79600.0	79630.0	32
01.09.2026 15:00	79600.0	79610.0	79120.0	79160.0	278
01.09.2026 15:15	79100.0	79330.0	78860.0	79330.0	241
01.09.2026 15:30	79400.0	79430.0	79200.0	79250.0	41
01.09.2026 15:45	79330.0	79330.0	78950.0	79190.0	73
01.09.2026 16:00	79190.0	79340.0	79030.0	79300.0	29
01.09.2026 16:15	79350.0	79510.0	79350.0	79510.0	15
01.09.2026 16:30	79580.0	79620.0	79580.0	79610.0	3
01.09.2026 16:45	79530.0	79600.0	79410.0	79420.0	22
01.09.2026 17:00	79410.0	79800.0	79410.0	79800.0	66
01.09.2026 17:15	79640.0	79640.0	79450.0	79450.0	4
01.09.2026 17:30	79380.0	79500.0	79380.0	79500.0	16
01.09.2026 17:45	79530.0	79530.0	79400.0	79400.0	6
01.09.2026 18:00	79400.0	79570.0	79350.0	79480.0	5
01.09.2026 18:15	79450.0	79580.0	79420.0	79530.0	8
01.09.2026 18:30	79520.0	79600.0	79520.0	79530.0	71
01.09.2026 19:00	79210.0	79230.0	79130.0	79160.0	4
01.09.2026 19:15	79220.0	79340.0	79220.0	79340.0	16
01.09.2026 19:30	79330.0	79330.0	79330.0	79330.0	1
01.09.2026 19:45	79390.0	79590.0	79390.0	79580.0	39
01.09.2026 20:00	79570.0	79570.0	79510.0	79510.0	5
01.09.2026 20:15	79570.0	79780.0	79570.0	79670.0	147
01.09.2026 20:30	79770.0	79780.0	79710.0	79710.0	19
01.09.2026 20:45	79610.0	79610.0	78960.0	79320.0	106
01.09.2026 21:00	79050.0	79200.0	79030.0	79200.0	55
01.09.2026 21:15	78990.0	78990.0	78380.0	78480.0	225
01.09.2026 21:30	78550.0	78620.0	78460.0	78530.0	52
01.09.2026 21:45	78460.0	78570.0	78460.0	78560.0	50
01.09.2026 22:00	78620.0	78790.0	78320.0	78410.0	192
01.09.2026 22:15	78430.0	78430.0	78260.0	78390.0	44
01.09.2026 22:30	78350.0	78450.0	78310.0	78450.0	24
01.09.2026 22:45	78430.0	78540.0	78430.0	78540.0	30
01.09.2026 23:00	78610.0	78700.0	78360.0	78480.0	45
01.09.2026 23:15	78440.0	78440.0	78180.0	78190.0	17
01.09.2026 23:30	78200.0	78800.0	78120.0	78520.0	46
01.09.2026 23:45	78500.0	78500.0	78420.0	78420.0	7
02.09.2026 07:00	78740.0	78790.0	78700.0	78760.0	5
02.09.2026 07:15	79000.0	79380.0	78990.0	79180.0	66
02.09.2026 07:30	79250.0	79270.0	79040.0	79040.0	10
02.09.2026 07:45	79020.0	79110.0	79000.0	79110.0	14
02.09.2026 08:00	79160.0	79220.0	79090.0	79220.0	11
02.09.2026 08:15	79260.0	79450.0	79230.0	79420.0	19
02.09.2026 08:30	79420.0	79440.0	79310.0	79350.0	89
02.09.2026 08:45	79350.0	79350.0	79100.0	79170.0	46
02.09.2026 09:00	79170.0	79270.0	79170.0	79270.0	12
02.09.2026 09:15	79190.0	79190.0	79100.0	79190.0	28
02.09.2026 09:30	79190.0	79190.0	79070.0	79110.0	22
02.09.2026 09:45	79190.0	79190.0	79010.0	79010.0	37
02.09.2026 10:00	78920.0	78990.0	78850.0	78990.0	12
02.09.2026 10:15	78920.0	79320.0	78810.0	79190.0	40
02.09.2026 10:30	79360.0	79500.0	79350.0	79400.0	19
02.09.2026 10:45	79330.0	79560.0	79240.0	79290.0	243
02.09.2026 11:00	79370.0	79500.0	79190.0	79200.0	42
02.09.2026 11:15	79330.0	79330.0	79000.0	79040.0	246
02.09.2026 11:30	79070.0	79070.0	78930.0	79010.0	62
02.09.2026 11:45	78920.0	78940.0	78710.0	78710.0	84
02.09.2026 12:00	78630.0	78740.0	78600.0	78740.0	101
02.09.2026 12:15	78740.0	78960.0	78700.0	78870.0	15
02.09.2026 12:30	78870.0	78870.0	78800.0	78840.0	23
02.09.2026 12:45	78860.0	79020.0	78860.0	79020.0	86
02.09.2026 13:00	79010.0	79140.0	79000.0	79000.0	38
02.09.2026 13:15	79170.0	79170.0	78970.0	79080.0	112
02.09.2026 13:30	78950.0	79080.0	78950.0	79000.0	34
02.09.2026 13:45	78950.0	79060.0	78920.0	79010.0	70
02.09.2026 14:00	78940.0	79350.0	78850.0	79170.0	121
02.09.2026 14:15	79100.0	79100.0	78880.0	78950.0	70
02.09.2026 14:30	79020.0	79020.0	78800.0	78800.0	13
02.09.2026 14:45	78900.0	78980.0	78840.0	78980.0	43
02.09.2026 15:00	78990.0	79400.0	78990.0	79120.0	82
02.09.2026 15:15	79150.0	79150.0	78640.0	78720.0	78
02.09.2026 15:30	78750.0	78760.0	78640.0	78750.0	18
02.09.2026 15:45	78870.0	78910.0	78800.0	78810.0	6
02.09.2026 16:00	78820.0	78840.0	78780.0	78780.0	35
02.09.2026 16:15	78810.0	79000.0	78810.0	79000.0	2
02.09.2026 16:30	78840.0	78850.0	78830.0	78830.0	4
02.09.2026 16:45	78780.0	78930.0	78780.0	78930.0	6
02.09.2026 17:00	78850.0	78860.0	78840.0	78850.0	6
02.09.2026 17:15	78800.0	78890.0	78760.0	78890.0	7
02.09.2026 17:30	78910.0	79030.0	78910.0	78940.0	3
02.09.2026 17:45	78870.0	78870.0	78860.0	78860.0	2
02.09.2026 18:00	78780.0	78830.0	78780.0	78830.0	4
02.09.2026 18:15	78840.0	78910.0	78840.0	78910.0	3
02.09.2026 18:30	78980.0	79220.0	78980.0	79220.0	15
02.09.2026 18:45	79200.0	79410.0	79160.0	79330.0	24
02.09.2026 19:00	79320.0	79390.0	79000.0	79020.0	205
02.09.2026 19:15	79020.0	79250.0	79000.0	79230.0	188
02.09.2026 19:30	79160.0	79200.0	79130.0	79180.0	42
02.09.2026 19:45	79280.0	79280.0	79220.0	79260.0	16
02.09.2026 20:00	79310.0	79310.0	79310.0	79310.0	1
02.09.2026 20:15	79340.0	79370.0	79340.0	79350.0	18
02.09.2026 20:30	79330.0	79430.0	79330.0	79380.0	8
02.09.2026 20:45	79350.0	79380.0	79320.0	79320.0	11
02.09.2026 21:00	79300.0	79370.0	79300.0	79370.0	5
02.09.2026 21:15	79330.0	79470.0	79330.0	79370.0	20
02.09.2026 21:30	79340.0	79340.0	79280.0	79280.0	9
02.09.2026 21:45	79270.0	79330.0	79260.0	79330.0	8
02.09.2026 22:00	79360.0	79390.0	79350.0	79350.0	38
02.09.2026 22:15	79390.0	79390.0	79390.0	79390.0	4
02.09.2026 22:30	79400.0	79400.0	79400.0	79400.0	3
02.09.2026 22:45	79430.0	79430.0	79380.0	79420.0	20
02.09.2026 23:00	79340.0	79340.0	79340.0	79340.0	27
02.09.2026 23:15	79310.0	79310.0	79310.0	79310.0	2
02.09.2026 23:30	79280.0	79280.0	79280.0	79280.0	1
02.09.2026 23:45	79280.0	79310.0	79280.0	79310.0	16
03.09.2026 07:00	79250.0	79770.0	79240.0	79660.0	15
03.09.2026 07:15	79660.0	79750.0	79660.0	79720.0	24
03.09.2026 07:30	79750.0	79750.0	79700.0	79700.0	11
03.09.2026 07:45	79650.0	79650.0	79650.0	79650.0	59
03.09.2026 08:00	79650.0	79780.0	79650.0	79760.0	20
03.09.2026 08:15	79780.0	79780.0	79660.0	79660.0	9
03.09.2026 08:30	79750.0	79800.0	79750.0	79800.0	2
03.09.2026 08:45	79670.0	79700.0	79620.0	79620.0	42
03.09.2026 09:00	79810.0	79810.0	79810.0	79810.0	3
03.09.2026 09:15	79770.0	79780.0	79740.0	79780.0	9
03.09.2026 09:30	79800.0	79800.0	79670.0	79710.0	11
03.09.2026 09:45	79780.0	79870.0	79760.0	79800.0	25
03.09.2026 10:00	79800.0	79880.0	79630.0	79700.0	57
03.09.2026 10:15	79880.0	79880.0	79600.0	79630.0	187
03.09.2026 10:30	79690.0	79730.0	79550.0	79550.0	85
03.09.2026 10:45	79560.0	79650.0	79550.0	79550.0	38
03.09.2026 11:00	79550.0	79580.0	79230.0	79230.0	203
03.09.2026 11:15	79250.0	79280.0	79010.0	79160.0	180
03.09.2026 11:30	79130.0	79170.0	78950.0	79100.0	203
03.09.2026 11:45	79080.0	79240.0	79080.0	79240.0	130
03.09.2026 12:00	79310.0	79920.0	79310.0	79740.0	215
03.09.2026 12:15	79740.0	79990.0	79660.0	79810.0	143
03.09.2026 12:30	79800.0	79840.0	79350.0	79700.0	405
03.09.2026 12:45	79740.0	79750.0	79560.0	79580.0	62
03.09.2026 13:00	79580.0	79750.0	79550.0	79700.0	23
03.09.2026 13:15	79670.0	79670.0	79630.0	79630.0	4
03.09.2026 13:30	79800.0	80200.0	79790.0	80150.0	78
03.09.2026 13:45	80250.0	80800.0	80150.0	80580.0	269
03.09.2026 14:00	80600.0	80600.0	80350.0	80380.0	93
03.09.2026 14:15	80300.0	80500.0	80300.0	80420.0	31
03.09.2026 14:30	80380.0	80510.0	80380.0	80440.0	9
03.09.2026 14:45	80390.0	80710.0	80370.0	80670.0	185
03.09.2026 15:00	80590.0	80610.0	80420.0	80420.0	206
03.09.2026 15:15	80460.0	80590.0	80440.0	80590.0	42
03.09.2026 15:30	80580.0	80930.0	80550.0	80930.0	156
03.09.2026 15:45	80730.0	80790.0	80680.0	80790.0	26
03.09.2026 16:00	80670.0	80760.0	80520.0	80520.0	40
03.09.2026 16:15	80510.0	80770.0	80450.0	80770.0	67
03.09.2026 16:30	80610.0	80610.0	80400.0	80480.0	160
03.09.2026 16:45	80520.0	80520.0	80330.0	80450.0	69
03.09.2026 17:00	80440.0	80560.0	80440.0	80500.0	21
03.09.2026 17:15	80630.0	80740.0	80520.0	80700.0	72
03.09.2026 17:30	80720.0	80730.0	80640.0	80710.0	38
03.09.2026 17:45	80750.0	80790.0	80610.0	80650.0	16
03.09.2026 18:00	80780.0	80780.0	80520.0	80520.0	84
03.09.2026 18:15	80500.0	80710.0	80480.0	80680.0	66
03.09.2026 18:30	80580.0	80600.0	80480.0	80480.0	41
03.09.2026 18:45	80460.0	80550.0	80430.0	80550.0	11
03.09.2026 19:00	80500.0	80510.0	80360.0	80490.0	239
03.09.2026 19:15	80500.0	80530.0	80500.0	80530.0	25
03.09.2026 19:30	80650.0	80700.0	80650.0	80700.0	22
03.09.2026 19:45	80700.0	81000.0	80530.0	81000.0	188
03.09.2026 20:00	81000.0	82120.0	80920.0	81790.0	236
03.09.2026 20:15	81770.0	81900.0	81600.0	81710.0	91
03.09.2026 20:30	81730.0	81970.0	81530.0	81950.0	127
03.09.2026 20:45	81940.0	82060.0	81840.0	81950.0	186
03.09.2026 21:00	82000.0	82050.0	81900.0	81990.0	132
03.09.2026 21:15	81990.0	82190.0	81990.0	82120.0	54
03.09.2026 21:30	82110.0	82200.0	82110.0	82160.0	81
03.09.2026 21:45	82140.0	82180.0	82060.0	82170.0	97
03.09.2026 22:00	82200.0	82200.0	82030.0	82030.0	104
03.09.2026 22:15	82010.0	82060.0	81990.0	82050.0	68
03.09.2026 22:30	82070.0	82310.0	82040.0	82220.0	75
03.09.2026 22:45	82190.0	82300.0	82170.0	82300.0	14
03.09.2026 23:00	82260.0	82360.0	82210.0	82340.0	12
03.09.2026 23:15	82350.0	82350.0	82190.0	82190.0	4
03.09.2026 23:30	82190.0	82190.0	82160.0	82160.0	21
03.09.2026 23:45	82160.0	82160.0	82100.0	82100.0	9
04.09.2026 06:45	82000.0	82010.0	82000.0	82010.0	2
04.09.2026 07:00	82010.0	82150.0	81880.0	81940.0	23
04.09.2026 07:15	81830.0	81880.0	81730.0	81880.0	43
04.09.2026 07:30	81790.0	81950.0	81790.0	81890.0	25
04.09.2026 07:45	81890.0	81890.0	81700.0	81700.0	53
04.09.2026 08:00	81630.0	81700.0	81580.0	81580.0	28
04.09.2026 08:15	81700.0	81760.0	81620.0	81750.0	20
04.09.2026 08:30	81800.0	81830.0	81640.0	81640.0	12
04.09.2026 08:45	81630.0	81630.0	81570.0	81590.0	23
04.09.2026 09:00	81500.0	82410.0	81500.0	82230.0	188
04.09.2026 09:15	82270.0	82270.0	82150.0	82160.0	13
04.09.2026 09:30	82100.0	82240.0	82070.0	82200.0	65
04.09.2026 09:45	82280.0	82370.0	82180.0	82180.0	12
04.09.2026 10:00	82180.0	82210.0	81780.0	81950.0	93
04.09.2026 10:15	81980.0	82020.0	81800.0	81800.0	43
04.09.2026 10:30	81990.0	82020.0	81510.0	81670.0	134
04.09.2026 10:45	81680.0	81710.0	81680.0	81710.0	32
04.09.2026 11:00	81520.0	81720.0	81500.0	81610.0	39
04.09.2026 11:15	81660.0	82000.0	81600.0	82000.0	70
04.09.2026 11:30	81850.0	82300.0	81820.0	82230.0	228
04.09.2026 11:45	82220.0	82220.0	82120.0	82120.0	14
04.09.2026 12:00	82120.0	82120.0	81960.0	81960.0	250
04.09.2026 12:15	82050.0	82140.0	82050.0	82140.0	8
04.09.2026 12:30	82130.0	82130.0	82090.0	82090.0	5
04.09.2026 12:45	82190.0	82190.0	81640.0	81720.0	113
04.09.2026 13:00	81720.0	82080.0	81720.0	82040.0	23
04.09.2026 13:15	82040.0	82040.0	81830.0	81880.0	17
04.09.2026 13:30	81830.0	81920.0	81770.0	81920.0	8
04.09.2026 13:45	82030.0	82030.0	81970.0	81970.0	9
04.09.2026 14:00	81980.0	82090.0	81950.0	82080.0	15
04.09.2026 14:15	82000.0	82010.0	81790.0	81880.0	14
04.09.2026 14:30	81850.0	82100.0	81850.0	82080.0	109
04.09.2026 14:45	82070.0	82150.0	82070.0	82090.0	10
04.09.2026 15:00	82160.0	82300.0	82160.0	82300.0	45
04.09.2026 15:15	82320.0	82360.0	82200.0	82200.0	86
04.09.2026 15:30	82190.0	82460.0	81900.0	82380.0	178
04.09.2026 15:45	82370.0	82700.0	82370.0	82530.0	278
04.09.2026 16:00	82540.0	82620.0	82450.0	82600.0	124
04.09.2026 16:15	82550.0	82560.0	82270.0	82270.0	141
04.09.2026 16:30	82370.0	82390.0	82190.0	82190.0	12
04.09.2026 16:45	82180.0	82320.0	82050.0	82220.0	98
04.09.2026 17:00	82220.0	82510.0	82190.0	82510.0	123
04.09.2026 17:15	82510.0	82730.0	82510.0	82690.0	73
04.09.2026 17:30	82640.0	82760.0	82480.0	82510.0	85
04.09.2026 17:45	82490.0	82570.0	82450.0	82450.0	76
04.09.2026 18:00	82650.0	82950.0	82650.0	82880.0	77
04.09.2026 18:15	82990.0	83000.0	82800.0	82800.0	145
04.09.2026 18:30	82810.0	82950.0	82810.0	82910.0	22
04.09.2026 18:45	82860.0	83110.0	82750.0	82750.0	263
04.09.2026 19:00	82780.0	82990.0	82780.0	82990.0	13
04.09.2026 19:15	83000.0	83050.0	82990.0	83050.0	26
04.09.2026 19:30	83050.0	83140.0	82930.0	82940.0	65
04.09.2026 19:45	82960.0	83010.0	82910.0	82950.0	16
04.09.2026 20:00	82950.0	83060.0	82860.0	82860.0	38
04.09.2026 20:15	82830.0	82920.0	82770.0	82800.0	41
04.09.2026 20:30	82870.0	82900.0	82840.0	82860.0	21
04.09.2026 20:45	82780.0	82800.0	82650.0	82690.0	29
04.09.2026 21:00	82640.0	82760.0	82640.0	82730.0	9
04.09.2026 21:15	82750.0	82770.0	82660.0	82720.0	47
04.09.2026 21:30	82720.0	82810.0	82720.0	82810.0	44
04.09.2026 21:45	82820.0	82920.0	82820.0	82860.0	14
04.09.2026 22:00	82840.0	82840.0	82660.0	82660.0	25
04.09.2026 22:15	82720.0	82720.0	82690.0	82690.0	3
04.09.2026 22:30	82660.0	82680.0	82660.0	82670.0	3
04.09.2026 22:45	82760.0	82860.0	82760.0	82770.0	53
04.09.2026 23:00	82790.0	82790.0	82790.0	82790.0	3
04.09.2026 23:30	82910.0	83180.0	82910.0	83160.0	38
04.09.2026 23:45	83150.0	83150.0	83140.0	83140.0	5
05.09.2026 09:45	83120.0	83120.0	83000.0	83000.0	4
05.09.2026 10:00	83050.0	83050.0	82850.0	82860.0	9
05.09.2026 10:15	82860.0	83160.0	82860.0	83150.0	28
05.09.2026 10:30	83170.0	83190.0	83150.0	83150.0	8
05.09.2026 10:45	83160.0	83160.0	83150.0	83150.0	6
05.09.2026 11:00	83150.0	83170.0	83080.0	83130.0	19
05.09.2026 11:15	83130.0	83210.0	83030.0	83210.0	12
05.09.2026 11:30	83180.0	83180.0	83080.0	83080.0	18
05.09.2026 11:45	83130.0	83200.0	83070.0	83200.0	22
05.09.2026 12:00	83090.0	83100.0	82930.0	82930.0	26
05.09.2026 12:15	83030.0	83030.0	82910.0	82910.0	22
05.09.2026 12:30	82900.0	82910.0	82770.0	82910.0	7
05.09.2026 12:45	82860.0	82860.0	82860.0	82860.0	4
05.09.2026 13:00	82860.0	82900.0	82770.0	82900.0	20
05.09.2026 13:15	82910.0	82910.0	82890.0	82910.0	6
05.09.2026 13:30	82920.0	82930.0	82900.0	82900.0	5
05.09.2026 13:45	82900.0	82900.0	82900.0	82900.0	3
05.09.2026 14:15	82860.0	82880.0	82830.0	82880.0	11
05.09.2026 14:30	82850.0	82880.0	82850.0	82880.0	5
05.09.2026 14:45	82960.0	83120.0	82960.0	83120.0	4
05.09.2026 15:00	83130.0	83170.0	83110.0	83160.0	21
05.09.2026 15:15	83180.0	83180.0	83090.0	83130.0	6
05.09.2026 15:30	83090.0	83220.0	83090.0	83220.0	12
05.09.2026 15:45	83230.0	83230.0	83160.0	83200.0	27
05.09.2026 16:00	83200.0	83200.0	83200.0	83200.0	16
05.09.2026 16:15	83210.0	83210.0	83170.0	83170.0	27
05.09.2026 16:30	83170.0	83170.0	83140.0	83160.0	7
05.09.2026 16:45	83120.0	83160.0	83120.0	83120.0	3
05.09.2026 17:00	83090.0	83090.0	83080.0	83080.0	8
05.09.2026 17:15	83090.0	83440.0	83090.0	83120.0	8
05.09.2026 17:30	83120.0	83120.0	82960.0	82990.0	10
05.09.2026 17:45	83010.0	83010.0	83010.0	83010.0	1
05.09.2026 18:00	83000.0	83040.0	83000.0	83040.0	5
05.09.2026 18:15	83170.0	83170.0	83170.0	83170.0	1
05.09.2026 18:30	83150.0	83150.0	83150.0	83150.0	1
05.09.2026 18:45	83120.0	83120.0	83120.0	83120.0	2
06.09.2026 09:45	83170.0	83170.0	83170.0	83170.0	1
06.09.2026 10:00	82880.0	82910.0	82720.0	82840.0	44
06.09.2026 10:15	82850.0	82890.0	82850.0	82880.0	9
06.09.2026 10:30	82770.0	82770.0	82430.0	82480.0	42
06.09.2026 10:45	82430.0	82430.0	82100.0	82230.0	164
06.09.2026 11:00	82200.0	82260.0	81890.0	81980.0	103
06.09.2026 11:15	81940.0	82120.0	81830.0	82100.0	97
06.09.2026 11:30	82140.0	82260.0	82140.0	82140.0	60
06.09.2026 11:45	81970.0	82150.0	81940.0	82150.0	28
06.09.2026 12:00	82140.0	82150.0	82140.0	82150.0	3
06.09.2026 12:15	82180.0	82180.0	82170.0	82180.0	9
06.09.2026 12:30	82170.0	82190.0	82100.0	82190.0	37
06.09.2026 12:45	82140.0	82160.0	82140.0	82160.0	3
06.09.2026 13:00	82160.0	82160.0	82160.0	82160.0	2
06.09.2026 13:15	82120.0	82230.0	82090.0	82230.0	17
06.09.2026 13:30	82220.0	82380.0	82220.0	82350.0	44
06.09.2026 13:45	82350.0	82350.0	82350.0	82350.0	2
06.09.2026 14:00	82360.0	82380.0	82360.0	82380.0	6
06.09.2026 14:15	82350.0	82350.0	82350.0	82350.0	2
06.09.2026 14:30	82340.0	82340.0	82320.0	82320.0	3
06.09.2026 14:45	82310.0	82310.0	82220.0	82220.0	15
06.09.2026 15:00	82230.0	82250.0	82200.0	82240.0	11
06.09.2026 15:15	82320.0	82320.0	82320.0	82320.0	1
06.09.2026 15:45	82350.0	82350.0	82330.0	82330.0	4
06.09.2026 16:00	82280.0	82300.0	82280.0	82300.0	2
06.09.2026 16:30	82270.0	82270.0	82170.0	82170.0	3
06.09.2026 16:45	82110.0	82110.0	82110.0	82110.0	1
06.09.2026 17:00	82150.0	82200.0	82130.0	82200.0	11
06.09.2026 17:15	82110.0	82110.0	82080.0	82080.0	17
06.09.2026 17:30	82030.0	82030.0	82000.0	82010.0	10
06.09.2026 17:45	82010.0	82010.0	81990.0	81990.0	4
06.09.2026 18:00	81970.0	81990.0	81970.0	81990.0	6
06.09.2026 18:15	81980.0	81980.0	81940.0	81940.0	2
06.09.2026 18:30	81950.0	82010.0	81910.0	81980.0	16
06.09.2026 18:45	81970.0	81970.0	81830.0	81830.0	20
07.09.2026 07:00	82090.0	82490.0	82060.0	82470.0	54
07.09.2026 07:15	82410.0	82590.0	82350.0	82570.0	57
07.09.2026 07:30	82380.0	82380.0	82330.0	82380.0	7
07.09.2026 07:45	82400.0	82400.0	82310.0	82310.0	26
07.09.2026 08:00	82310.0	82510.0	82310.0	82510.0	15
07.09.2026 08:15	82480.0	82540.0	82480.0	82500.0	4
07.09.2026 08:30	82400.0	82500.0	82400.0	82500.0	18
07.09.2026 08:45	82570.0	82590.0	82520.0	82520.0	31
07.09.2026 09:00	82460.0	82540.0	82380.0	82380.0	17
07.09.2026 09:15	82310.0	82310.0	82210.0	82210.0	35
07.09.2026 09:30	82220.0	82270.0	82200.0	82220.0	30
07.09.2026 09:45	82230.0	82260.0	82150.0	82180.0	62
07.09.2026 10:00	82190.0	82320.0	81960.0	82260.0	107
07.09.2026 10:15	82200.0	82260.0	81930.0	81940.0	55
07.09.2026 10:30	81940.0	81980.0	81750.0	81840.0	60
07.09.2026 10:45	81860.0	81930.0	81760.0	81760.0	61
07.09.2026 11:00	81840.0	82000.0	81840.0	81930.0	19
07.09.2026 11:15	82000.0	82000.0	81930.0	81930.0	7
07.09.2026 11:30	81900.0	81950.0	81860.0	81950.0	99
07.09.2026 11:45	81930.0	82100.0	81720.0	81870.0	68
07.09.2026 12:00	81810.0	81940.0	81750.0	81910.0	24
07.09.2026 12:15	81980.0	82230.0	81980.0	82130.0	170
07.09.2026 12:30	82120.0	82120.0	81940.0	81940.0	18
07.09.2026 12:45	81920.0	82020.0	81920.0	82020.0	20
07.09.2026 13:00	82000.0	82070.0	81840.0	81960.0	219
07.09.2026 13:15	82030.0	82060.0	81980.0	81980.0	61
07.09.2026 13:30	82050.0	82100.0	82020.0	82100.0	20
07.09.2026 13:45	82140.0	82390.0	82140.0	82380.0	68
07.09.2026 14:00	82410.0	82440.0	82300.0	82370.0	86
07.09.2026 14:15	82340.0	82340.0	82250.0	82250.0	23
07.09.2026 14:30	82240.0	82240.0	81490.0	82110.0	281
07.09.2026 14:45	82110.0	82120.0	82080.0	82110.0	10
07.09.2026 15:00	82120.0	82140.0	82090.0	82140.0	34
07.09.2026 15:15	82120.0	82240.0	82080.0	82240.0	10
07.09.2026 15:30	82270.0	82350.0	82240.0	82340.0	37
07.09.2026 15:45	82420.0	82420.0	82270.0	82340.0	13
07.09.2026 16:00	82340.0	82340.0	82280.0	82280.0	5
07.09.2026 16:15	82210.0	82320.0	82210.0	82320.0	18
07.09.2026 16:30	82250.0	82330.0	82250.0	82330.0	2
07.09.2026 16:45	82250.0	82250.0	82250.0	82250.0	2
07.09.2026 17:00	82260.0	82340.0	82260.0	82340.0	23
07.09.2026 17:15	82360.0	82430.0	82360.0	82400.0	34
07.09.2026 17:30	82200.0	82530.0	82170.0	82530.0	36
07.09.2026 17:45	82520.0	82760.0	82520.0	82710.0	111
07.09.2026 18:00	82730.0	82760.0	82590.0	82620.0	75
07.09.2026 18:15	82620.0	82620.0	82310.0	82380.0	35
07.09.2026 18:30	82340.0	82480.0	82310.0	82430.0	25
07.09.2026 18:45	82500.0	82500.0	82420.0	82470.0	25
07.09.2026 19:00	82470.0	82470.0	82470.0	82470.0	5
07.09.2026 19:15	82340.0	82410.0	82340.0	82350.0	28
07.09.2026 19:30	82400.0	82410.0	82370.0	82370.0	13
07.09.2026 19:45	82430.0	82430.0	82390.0	82390.0	10
07.09.2026 20:00	82440.0	82680.0	82440.0	82570.0	44
07.09.2026 20:15	82520.0	82600.0	82520.0	82600.0	5
07.09.2026 20:30	82560.0	82560.0	82550.0	82550.0	3
07.09.2026 20:45	82510.0	82580.0	82510.0	82580.0	7
07.09.2026 21:00	82560.0	82560.0	82460.0	82530.0	14
07.09.2026 21:15	82490.0	82540.0	82490.0	82510.0	17
07.09.2026 21:30	82520.0	82550.0	82520.0	82550.0	10
07.09.2026 21:45	82560.0	82640.0	82560.0	82640.0	33
07.09.2026 22:00	82640.0	82640.0	82570.0	82630.0	8
07.09.2026 22:15	82630.0	82660.0	82620.0	82630.0	13
07.09.2026 22:30	82670.0	82690.0	82640.0	82640.0	15
07.09.2026 22:45	82660.0	82660.0	82660.0	82660.0	3
07.09.2026 23:00	82610.0	82630.0	82610.0	82630.0	2
07.09.2026 23:15	82620.0	82620.0	82600.0	82610.0	5
07.09.2026 23:30	82550.0	82580.0	82540.0	82580.0	20
07.09.2026 23:45	82530.0	82530.0	82420.0	82420.0	24
08.09.2026 06:45	83200.0	83200.0	82690.0	82820.0	41
08.09.2026 07:00	82700.0	82700.0	82300.0	82680.0	57
08.09.2026 07:15	82720.0	82720.0	82690.0	82700.0	15
08.09.2026 07:30	82580.0	82580.0	82490.0	82490.0	17
08.09.2026 07:45	82510.0	82510.0	82380.0	82470.0	13
08.09.2026 08:00	82480.0	82480.0	82200.0	82340.0	16
08.09.2026 08:15	82250.0	82260.0	82210.0	82240.0	20
08.09.2026 08:30	82300.0	82310.0	82210.0	82210.0	13
08.09.2026 08:45	82220.0	82220.0	82100.0	82120.0	19
08.09.2026 09:00	82110.0	82170.0	81930.0	81960.0	89
08.09.2026 09:15	81960.0	82280.0	81960.0	82150.0	14
08.09.2026 09:30	82120.0	82210.0	82120.0	82180.0	39
08.09.2026 09:45	82160.0	82240.0	82150.0	82210.0	41
08.09.2026 10:00	82210.0	82210.0	81800.0	82080.0	251
08.09.2026 10:15	82140.0	82240.0	82100.0	82180.0	67
08.09.2026 10:30	82140.0	82140.0	82050.0	82130.0	10
08.09.2026 10:45	82130.0	82210.0	82130.0	82210.0	18
08.09.2026 11:00	82240.0	82580.0	82230.0	82490.0	70
08.09.2026 11:15	82490.0	82570.0	82240.0	82370.0	39
08.09.2026 11:30	82340.0	82420.0	82340.0	82400.0	20
08.09.2026 11:45	82320.0	82660.0	82300.0	82630.0	222
08.09.2026 12:00	82640.0	83050.0	82610.0	82910.0	218
08.09.2026 12:15	82910.0	83160.0	82860.0	83160.0	80
08.09.2026 12:30	83150.0	83270.0	83150.0	83220.0	150
08.09.2026 12:45	83220.0	83220.0	83090.0	83140.0	57
08.09.2026 13:00	83140.0	83600.0	83140.0	83560.0	247
08.09.2026 13:15	83630.0	83690.0	83500.0	83640.0	158
08.09.2026 13:30	83670.0	83900.0	83660.0	83670.0	111
08.09.2026 13:45	83710.0	83980.0	83630.0	83900.0	181
08.09.2026 14:00	83840.0	83840.0	83720.0	83740.0	69
08.09.2026 14:15	83740.0	83940.0	83670.0	83870.0	142
08.09.2026 14:30	83870.0	83920.0	83840.0	83840.0	155
08.09.2026 14:45	83810.0	83860.0	83740.0	83740.0	35
08.09.2026 15:00	83660.0	83750.0	83610.0	83750.0	30
08.09.2026 15:15	83750.0	83870.0	83750.0	83870.0	9
08.09.2026 15:30	83890.0	83930.0	83830.0	83840.0	63
08.09.2026 15:45	83810.0	83920.0	83810.0	83890.0	77
08.09.2026 16:00	83920.0	83980.0	83860.0	83940.0	48
08.09.2026 16:15	83960.0	83960.0	83410.0	83550.0	191
08.09.2026 16:30	83440.0	83500.0	83190.0	83230.0	207
08.09.2026 16:45	83190.0	83700.0	83190.0	83640.0	112
08.09.2026 17:00	83680.0	83720.0	83540.0	83690.0	20
08.09.2026 17:15	83690.0	84120.0	83300.0	83380.0	205
08.09.2026 17:30	83280.0	83420.0	83200.0	83350.0	26
08.09.2026 17:45	83340.0	83510.0	83150.0	83290.0	99
08.09.2026 18:00	83350.0	83480.0	83310.0	83310.0	24
08.09.2026 18:15	83310.0	83440.0	83220.0	83440.0	44
08.09.2026 18:30	83560.0	83720.0	83540.0	83610.0	50
08.09.2026 18:45	83530.0	83570.0	83460.0	83540.0	39
08.09.2026 19:00	83440.0	83440.0	83420.0	83430.0	6
08.09.2026 19:15	83370.0	83410.0	83320.0	83340.0	24
08.09.2026 19:30	83460.0	83470.0	83340.0	83340.0	13
08.09.2026 19:45	83310.0	83310.0	83310.0	83310.0	2
08.09.2026 20:00	83310.0	83380.0	83290.0	83380.0	14
08.09.2026 20:15	83450.0	83520.0	83450.0	83520.0	3
08.09.2026 20:30	83500.0	83520.0	83450.0	83450.0	8
08.09.2026 20:45	83450.0	83450.0	83430.0	83430.0	8
08.09.2026 21:15	83430.0	83430.0	83380.0	83380.0	6
08.09.2026 21:30	83340.0	83340.0	83340.0	83340.0	1
08.09.2026 21:45	83370.0	83470.0	83370.0	83430.0	15
08.09.2026 22:00	83440.0	83440.0	83340.0	83380.0	13
08.09.2026 22:15	83410.0	83410.0	83370.0	83370.0	10
08.09.2026 22:30	83390.0	83420.0	83370.0	83380.0	15
08.09.2026 22:45	83380.0	83440.0	83380.0	83440.0	6
08.09.2026 23:00	83410.0	83440.0	83390.0	83440.0	7
08.09.2026 23:15	83510.0	83520.0	83510.0	83520.0	3
08.09.2026 23:30	83540.0	83550.0	83540.0	83550.0	2
08.09.2026 23:45	83530.0	83530.0	83530.0	83530.0	1
09.09.2026 07:00	83440.0	83440.0	83300.0	83370.0	6
09.09.2026 07:15	83330.0	83340.0	83220.0	83220.0	22
09.09.2026 07:30	83280.0	83330.0	83280.0	83330.0	5
09.09.2026 07:45	83220.0	83290.0	83220.0	83290.0	5
09.09.2026 08:00	83320.0	83320.0	83310.0	83310.0	3
09.09.2026 08:15	83390.0	83390.0	83390.0	83390.0	2
09.09.2026 08:30	83250.0	83250.0	82720.0	82820.0	362
09.09.2026 08:45	82860.0	82910.0	82700.0	82890.0	103
09.09.2026 09:00	82870.0	82980.0	82780.0	82820.0	102
09.09.2026 09:15	82830.0	82870.0	82790.0	82790.0	34
09.09.2026 09:30	82790.0	82880.0	82760.0	82760.0	34
09.09.2026 09:45	82750.0	82860.0	82710.0	82760.0	163
09.09.2026 10:00	82770.0	83010.0	82640.0	82880.0	300
09.09.2026 10:15	82950.0	83290.0	82950.0	83260.0	146
09.09.2026 10:30	83210.0	83370.0	83210.0	83350.0	45
09.09.2026 10:45	83340.0	83700.0	83250.0	83680.0	76
09.09.2026 11:00	83740.0	84060.0	83710.0	84060.0	403
09.09.2026 11:15	84070.0	84170.0	84020.0	84050.0	239
09.09.2026 11:30	84090.0	84160.0	84070.0	84110.0	33
09.09.2026 11:45	84090.0	84100.0	83950.0	83970.0	66
09.09.2026 12:00	83960.0	84040.0	83710.0	83710.0	213
09.09.2026 12:15	83700.0	83700.0	83370.0	83370.0	104
09.09.2026 12:30	83360.0	83450.0	83270.0	83310.0	100
09.09.2026 12:45	83310.0	83380.0	83240.0	83270.0	30
09.09.2026 13:00	83280.0	83370.0	83130.0	83300.0	110
09.09.2026 13:15	83330.0	83380.0	83160.0	83220.0	191
09.09.2026 13:30	83160.0	83290.0	82950.0	83290.0	181
09.09.2026 13:45	83280.0	83390.0	83280.0	83360.0	43
09.09.2026 14:00	83360.0	83370.0	83170.0	83220.0	59
09.09.2026 14:15	83220.0	83570.0	83220.0	83540.0	93
09.09.2026 14:30	83540.0	83690.0	83360.0	83360.0	135
09.09.2026 14:45	83400.0	83500.0	83380.0	83490.0	24
09.09.2026 15:00	83440.0	83530.0	83300.0	83370.0	134
09.09.2026 15:15	83380.0	83740.0	83380.0	83740.0	83
09.09.2026 15:30	83770.0	84000.0	83680.0	84000.0	168
09.09.2026 15:45	84020.0	84130.0	83910.0	84070.0	70
09.09.2026 16:00	84100.0	84150.0	83950.0	84000.0	34
09.09.2026 16:15	84010.0	84070.0	83950.0	84060.0	99
09.09.2026 16:30	84090.0	84250.0	83830.0	84250.0	148
09.09.2026 16:45	84250.0	84260.0	84140.0	84160.0	74
09.09.2026 17:00	84180.0	84220.0	84090.0	84130.0	50
09.09.2026 17:15	84140.0	84330.0	84140.0	84250.0	56
09.09.2026 17:30	84250.0	84290.0	84210.0	84210.0	16
09.09.2026 17:45	84170.0	84190.0	83630.0	83790.0	129
09.09.2026 18:00	83860.0	83990.0	83750.0	83990.0	42
09.09.2026 18:15	84000.0	84100.0	83990.0	84020.0	26
09.09.2026 18:30	84090.0	84120.0	83930.0	83980.0	77
09.09.2026 18:45	83980.0	84000.0	83890.0	83940.0	16
09.09.2026 19:00	83900.0	84050.0	83840.0	83950.0	18
09.09.2026 19:15	83980.0	83980.0	83860.0	83970.0	62
09.09.2026 19:30	84000.0	84090.0	83990.0	84050.0	43
09.09.2026 19:45	84060.0	84060.0	83870.0	83920.0	34
09.09.2026 20:00	83960.0	84030.0	83930.0	83930.0	7
09.09.2026 20:15	83930.0	84070.0	83920.0	84070.0	45
09.09.2026 20:30	84080.0	84080.0	83960.0	83980.0	17
09.09.2026 20:45	83970.0	83970.0	83970.0	83970.0	3
09.09.2026 21:00	83990.0	84000.0	83990.0	84000.0	4
09.09.2026 21:15	83970.0	83970.0	83850.0	83850.0	27
09.09.2026 21:30	83970.0	84090.0	83960.0	83960.0	7
09.09.2026 21:45	84050.0	84080.0	83940.0	83940.0	42
09.09.2026 22:00	83860.0	83900.0	83860.0	83870.0	10
09.09.2026 22:15	83850.0	83850.0	83780.0	83830.0	34
09.09.2026 22:30	83850.0	83850.0	83710.0	83810.0	41
09.09.2026 22:45	83740.0	83780.0	83710.0	83780.0	16
09.09.2026 23:00	83780.0	83780.0	83670.0	83670.0	74
09.09.2026 23:15	83650.0	83650.0	83560.0	83610.0	58
09.09.2026 23:30	83580.0	83580.0	83510.0	83510.0	42
09.09.2026 23:45	83580.0	83580.0	83520.0	83520.0	24
10.09.2026 07:00	83500.0	83790.0	83500.0	83790.0	38
10.09.2026 07:15	83870.0	83910.0	83820.0	83820.0	26
10.09.2026 07:30	83810.0	83880.0	83810.0	83880.0	11
10.09.2026 07:45	83890.0	83920.0	83860.0	83890.0	7
10.09.2026 08:00	83930.0	83950.0	83790.0	83790.0	26
10.09.2026 08:15	83820.0	83890.0	83820.0	83890.0	16
10.09.2026 08:30	83870.0	83880.0	83790.0	83880.0	13
10.09.2026 08:45	83830.0	83830.0	83690.0	83690.0	221
10.09.2026 09:00	83690.0	83800.0	83600.0	83610.0	138
10.09.2026 09:15	83590.0	83660.0	83550.0	83660.0	51
10.09.2026 09:30	83680.0	83800.0	83680.0	83800.0	23
10.09.2026 09:45	83800.0	83950.0	83800.0	83950.0	59
10.09.2026 10:00	83870.0	84180.0	83870.0	84020.0	98
10.09.2026 10:15	84090.0	84440.0	84090.0	84440.0	161
10.09.2026 10:30	84490.0	84580.0	84370.0	84580.0	382
10.09.2026 10:45	84570.0	84650.0	84530.0	84600.0	143
10.09.2026 11:00	84600.0	84860.0	84580.0	84780.0	314
10.09.2026 11:15	84780.0	84800.0	84680.0	84710.0	70
10.09.2026 11:30	84680.0	84800.0	84590.0	84680.0	135
10.09.2026 11:45	84690.0	84840.0	84690.0	84840.0	51
10.09.2026 12:00	84850.0	85400.0	84800.0	85170.0	636
10.09.2026 12:15	85230.0	85300.0	85010.0	85010.0	548
10.09.2026 12:30	85060.0	85110.0	85000.0	85100.0	104
10.09.2026 12:45	85110.0	85190.0	85060.0	85060.0	737
10.09.2026 13:00	85000.0	85000.0	84720.0	84820.0	86
10.09.2026 13:15	84820.0	85120.0	84820.0	85070.0	56
10.09.2026 13:30	85070.0	85070.0	85000.0	85020.0	29
10.09.2026 13:45	85020.0	85090.0	84900.0	84970.0	33
10.09.2026 14:00	85030.0	85070.0	84930.0	84930.0	86
10.09.2026 14:15	84930.0	85180.0	84860.0	85110.0	68
10.09.2026 14:30	85090.0	85130.0	84910.0	84980.0	66
10.09.2026 14:45	84960.0	84990.0	84730.0	84890.0	152
10.09.2026 15:00	84860.0	85220.0	84860.0	85180.0	106
10.09.2026 15:15	85170.0	85300.0	85110.0	85200.0	152
10.09.2026 15:30	85280.0	85870.0	85240.0	85680.0	511
10.09.2026 15:45	85750.0	85810.0	85540.0	85680.0	191
10.09.2026 16:00	85690.0	85760.0	85560.0	85700.0	211
10.09.2026 16:15	85710.0	85870.0	85670.0	85870.0	170
10.09.2026 16:30	85860.0	85880.0	85560.0	85580.0	105
10.09.2026 16:45	85580.0	85720.0	85570.0	85690.0	77
10.09.2026 17:00	85750.0	85930.0	85750.0	85850.0	157
10.09.2026 17:15	85820.0	85970.0	85710.0	85930.0	102
10.09.2026 17:30	85940.0	86150.0	85850.0	86060.0	407
10.09.2026 17:45	86100.0	86330.0	86100.0	86200.0	443
10.09.2026 18:00	86240.0	86330.0	86160.0	86160.0	462
10.09.2026 18:15	86160.0	86210.0	86040.0	86040.0	133
10.09.2026 18:30	86040.0	86150.0	85880.0	86140.0	474
10.09.2026 18:45	86130.0	86480.0	86110.0	86360.0	233
10.09.2026 19:00	86360.0	86380.0	86140.0	86180.0	69
10.09.2026 19:15	86200.0	86280.0	86200.0	86220.0	28
10.09.2026 19:30	86170.0	86260.0	86170.0	86240.0	29
10.09.2026 19:45	86230.0	86360.0	86200.0	86280.0	25
10.09.2026 20:00	86340.0	86390.0	86340.0	86360.0	22
10.09.2026 20:15	86260.0	86380.0	86260.0	86380.0	84
10.09.2026 20:30	86380.0	86570.0	86350.0	86550.0	144
10.09.2026 20:45	86560.0	86560.0	86360.0	86360.0	57
10.09.2026 21:00	86430.0	86490.0	86400.0	86450.0	33
10.09.2026 21:15	86500.0	86600.0	86460.0	86460.0	130
10.09.2026 21:30	86460.0	86470.0	86350.0	86350.0	46
10.09.2026 21:45	86350.0	86380.0	86250.0	86270.0	68
10.09.2026 22:00	86240.0	86330.0	86200.0	86330.0	36
10.09.2026 22:15	86350.0	86370.0	86320.0	86340.0	35
10.09.2026 22:30	86290.0	86340.0	86240.0	86340.0	57
10.09.2026 22:45	86340.0	86350.0	86280.0	86350.0	52
10.09.2026 23:00	86340.0	86370.0	86310.0	86370.0	40
10.09.2026 23:15	86400.0	86490.0	86350.0	86440.0	48
10.09.2026 23:30	86480.0	86480.0	86390.0	86450.0	62
10.09.2026 23:45	86420.0	86420.0	86370.0	86370.0	33
11.09.2026 07:00	86460.0	86460.0	86040.0	86080.0	58
11.09.2026 07:15	86150.0	86260.0	86130.0	86240.0	47
11.09.2026 07:30	86200.0	86420.0	86170.0	86290.0	32
11.09.2026 07:45	86250.0	86260.0	85900.0	85960.0	141
11.09.2026 08:00	85960.0	86100.0	85950.0	86090.0	155
11.09.2026 08:15	86000.0	86160.0	86000.0	86160.0	53
11.09.2026 08:30	86120.0	86120.0	86000.0	86040.0	45
11.09.2026 08:45	86040.0	86070.0	85910.0	85910.0	49
11.09.2026 09:00	85900.0	86000.0	85860.0	85960.0	61
11.09.2026 09:15	85930.0	86060.0	85930.0	86050.0	28
11.09.2026 09:30	86050.0	86140.0	86010.0	86090.0	128
11.09.2026 09:45	86110.0	86200.0	86060.0	86090.0	65
11.09.2026 10:00	86090.0	86310.0	85940.0	85960.0	201
11.09.2026 10:15	85950.0	85980.0	85780.0	85910.0	150
11.09.2026 10:30	85980.0	86100.0	85920.0	86080.0	75
11.09.2026 10:45	86060.0	86090.0	85860.0	85880.0	40
11.09.2026 11:00	85870.0	85870.0	85680.0	85800.0	333
11.09.2026 11:15	85820.0	85970.0	85800.0	85970.0	134
11.09.2026 11:30	85950.0	86030.0	85870.0	85940.0	308
11.09.2026 11:45	85890.0	85950.0	85820.0	85900.0	126
11.09.2026 12:00	85830.0	86120.0	85830.0	86100.0	273
11.09.2026 12:15	86080.0	86170.0	85930.0	85980.0	304
11.09.2026 12:30	86010.0	86010.0	85650.0	85760.0	260
11.09.2026 12:45	85760.0	85810.0	85660.0	85720.0	243
11.09.2026 13:00	85690.0	85960.0	85660.0	85910.0	95
11.09.2026 13:15	85970.0	86910.0	85680.0	86700.0	410
11.09.2026 13:30	86810.0	87000.0	85170.0	85440.0	939
11.09.2026 13:45	85440.0	85440.0	84990.0	85270.0	298
11.09.2026 14:00	85200.0	85610.0	85060.0	85600.0	250
11.09.2026 14:15	85560.0	85680.0	85410.0	85650.0	80
11.09.2026 14:30	85670.0	85670.0	85340.0	85340.0	266
11.09.2026 14:45	85350.0	85470.0	85310.0	85450.0	232
11.09.2026 15:00	85450.0	85490.0	85200.0	85250.0	343
11.09.2026 15:15	85250.0	85270.0	84600.0	84910.0	1045
11.09.2026 15:30	84780.0	85080.0	84720.0	85080.0	180
11.09.2026 15:45	85100.0	85550.0	85070.0	85520.0	246
11.09.2026 16:00	85510.0	85750.0	85260.0	85750.0	199
11.09.2026 16:15	85760.0	86000.0	85700.0	85710.0	144
11.09.2026 16:30	85800.0	85900.0	85580.0	85710.0	665
11.09.2026 16:45	85720.0	85890.0	85710.0	85850.0	242
11.09.2026 17:00	85810.0	85840.0	85550.0	85630.0	86
11.09.2026 17:15	85590.0	85790.0	85500.0	85790.0	125
11.09.2026 17:30	85690.0	86020.0	85660.0	85980.0	122
11.09.2026 17:45	85950.0	86050.0	85900.0	85950.0	71
11.09.2026 18:00	86000.0	86020.0	85890.0	85920.0	49
11.09.2026 18:15	85980.0	85980.0	85740.0	85740.0	58
11.09.2026 18:30	85780.0	85850.0	85720.0	85750.0	48
11.09.2026 18:45	85700.0	85720.0	85580.0	85640.0	80
11.09.2026 19:00	85590.0	85770.0	85580.0	85710.0	83
11.09.2026 19:15	85710.0	85760.0	85620.0	85630.0	67
11.09.2026 19:30	85620.0	85620.0	85590.0	85600.0	68
11.09.2026 19:45	85590.0	85620.0	85590.0	85610.0	26
11.09.2026 20:00	85590.0	85600.0	85590.0	85600.0	9
11.09.2026 20:15	85600.0	85630.0	85560.0	85560.0	34
11.09.2026 20:30	85580.0	85610.0	85580.0	85610.0	28
11.09.2026 20:45	85610.0	85680.0	85570.0	85680.0	74
11.09.2026 21:00	85670.0	85670.0	85630.0	85650.0	8
11.09.2026 21:15	85670.0	85680.0	85630.0	85630.0	20
11.09.2026 21:30	85640.0	85640.0	85590.0	85590.0	21
11.09.2026 21:45	85600.0	85600.0	85590.0	85590.0	18
11.09.2026 22:00	85580.0	85630.0	85540.0	85630.0	20
11.09.2026 22:15	85630.0	85630.0	85630.0	85630.0	6
11.09.2026 22:30	85650.0	85650.0	85640.0	85640.0	7
11.09.2026 22:45	85600.0	85660.0	85600.0	85660.0	12
11.09.2026 23:00	85590.0	85590.0	85590.0	85590.0	2
11.09.2026 23:15	85590.0	85620.0	85590.0	85620.0	13
11.09.2026 23:30	85620.0	85630.0	85600.0	85600.0	11
11.09.2026 23:45	85650.0	85680.0	85590.0	85590.0	41
14.09.2026 06:45	85590.0	85780.0	85590.0	85590.0	31
14.09.2026 07:00	86000.0	86580.0	85610.0	86550.0	253
14.09.2026 07:15	86630.0	86690.0	86510.0	86660.0	60
14.09.2026 07:30	86650.0	86680.0	86560.0	86600.0	56
14.09.2026 07:45	86640.0	86750.0	86600.0	86670.0	87
14.09.2026 08:00	86670.0	86750.0	86620.0	86690.0	51
14.09.2026 08:15	86690.0	86750.0	86600.0	86670.0	136
14.09.2026 08:30	86640.0	86660.0	86560.0	86570.0	50
14.09.2026 08:45	86610.0	86670.0	86570.0	86630.0	55
14.09.2026 09:00	86640.0	86710.0	86500.0	86500.0	99
14.09.2026 09:15	86510.0	86720.0	86480.0	86720.0	84
14.09.2026 09:30	86700.0	86880.0	86500.0	86870.0	183
14.09.2026 09:45	86870.0	87170.0	86830.0	87030.0	410
14.09.2026 10:00	87030.0	87100.0	86940.0	87000.0	198
14.09.2026 10:15	87020.0	87360.0	87020.0	87300.0	500
14.09.2026 10:30	87330.0	87410.0	87000.0	87050.0	429
14.09.2026 10:45	87050.0	87160.0	87030.0	87150.0	145
14.09.2026 11:00	87120.0	87240.0	87080.0	87240.0	77
14.09.2026 11:15	87250.0	87340.0	87190.0	87210.0	132
14.09.2026 11:30	87210.0	87450.0	87180.0	87310.0	169
14.09.2026 11:45	87260.0	87280.0	86940.0	86950.0	359
14.09.2026 12:00	86930.0	86930.0	86610.0	86750.0	403
14.09.2026 12:15	86770.0	86800.0	86620.0	86790.0	306
14.09.2026 12:30	86790.0	86860.0	86730.0	86850.0	99
14.09.2026 12:45	86840.0	86890.0	86770.0	86890.0	170
14.09.2026 13:00	86890.0	86910.0	86750.0	86900.0	122
14.09.2026 13:15	86870.0	86890.0	86750.0	86840.0	90
14.09.2026 13:30	86830.0	86880.0	86610.0	86610.0	151
14.09.2026 13:45	86600.0	86650.0	86270.0	86380.0	407
14.09.2026 14:00	86350.0	86450.0	86300.0	86300.0	157
14.09.2026 14:15	86300.0	86500.0	86280.0	86450.0	119
14.09.2026 14:30	86430.0	86640.0	86430.0	86560.0	108
14.09.2026 14:45	86500.0	86630.0	86460.0	86460.0	63
14.09.2026 15:00	86460.0	86610.0	86450.0	86550.0	321
14.09.2026 15:15	86520.0	86790.0	86390.0	86730.0	284
14.09.2026 15:30	86750.0	86810.0	86620.0	86710.0	253
14.09.2026 15:45	86730.0	86760.0	86660.0	86740.0	147
14.09.2026 16:00	86770.0	86830.0	86720.0	86740.0	82
14.09.2026 16:15	86700.0	86730.0	86630.0	86660.0	112
14.09.2026 16:30	86670.0	86720.0	86520.0	86660.0	148
14.09.2026 16:45	86700.0	86710.0	86550.0	86680.0	171
14.09.2026 17:00	86680.0	86760.0	86650.0	86720.0	205
14.09.2026 17:15	86740.0	86740.0	86520.0	86700.0	145
14.09.2026 17:30	86680.0	86700.0	86600.0	86670.0	61
14.09.2026 17:45	86670.0	86680.0	86450.0	86550.0	117
14.09.2026 18:00	86510.0	87740.0	86300.0	87630.0	1425
14.09.2026 18:15	87660.0	89000.0	87530.0	88570.0	2735
14.09.2026 18:30	88590.0	88670.0	88130.0	88180.0	1965
14.09.2026 18:45	88220.0	88350.0	88140.0	88270.0	336
14.09.2026 19:00	88280.0	88470.0	87960.0	87970.0	559
14.09.2026 19:15	87970.0	88270.0	87870.0	88270.0	290
14.09.2026 19:30	88240.0	88280.0	87820.0	87940.0	334
14.09.2026 19:45	87930.0	88060.0	87770.0	88060.0	138
14.09.2026 20:00	88010.0	88070.0	87770.0	87790.0	114
14.09.2026 20:15	87810.0	87880.0	87790.0	87880.0	89
14.09.2026 20:30	87900.0	87920.0	87780.0	87800.0	59
14.09.2026 20:45	87800.0	87890.0	87720.0	87890.0	61
14.09.2026 21:00	87890.0	88010.0	87880.0	87950.0	197
14.09.2026 21:15	87970.0	87980.0	87840.0	87850.0	50
14.09.2026 21:30	87800.0	87810.0	87220.0	87380.0	430
14.09.2026 21:45	87440.0	87580.0	87420.0	87530.0	157
14.09.2026 22:00	87530.0	87630.0	87490.0	87490.0	99
14.09.2026 22:15	87500.0	87590.0	87500.0	87570.0	57
14.09.2026 22:30	87570.0	87640.0	87550.0	87640.0	70
14.09.2026 22:45	87650.0	87690.0	87580.0	87580.0	33
14.09.2026 23:00	87550.0	87720.0	87540.0	87720.0	47
14.09.2026 23:15	87710.0	87730.0	87670.0	87730.0	67
14.09.2026 23:30	87720.0	87720.0	87610.0	87650.0	41
14.09.2026 23:45	87650.0	87650.0	87570.0	87600.0	58
15.09.2026 06:45	87490.0	87490.0	87250.0	87290.0	17
15.09.2026 07:00	87250.0	87520.0	86730.0	87330.0	315
15.09.2026 07:15	87310.0	87620.0	87210.0	87520.0	198
15.09.2026 07:30	87510.0	87530.0	87340.0	87370.0	57
15.09.2026 07:45	87360.0	87360.0	87300.0	87310.0	104
15.09.2026 08:00	87310.0	87340.0	87180.0	87340.0	82
15.09.2026 08:15	87320.0	87450.0	87250.0	87450.0	51
15.09.2026 08:30	87450.0	87580.0	87380.0	87520.0	132
15.09.2026 08:45	87500.0	87500.0	87400.0	87430.0	94
15.09.2026 09:00	87450.0	87560.0	87400.0	87440.0	218
15.09.2026 09:15	87400.0	87590.0	87340.0	87540.0	142
15.09.2026 09:30	87570.0	87650.0	87370.0	87440.0	213
15.09.2026 09:45	87480.0	87910.0	87480.0	87860.0	218
15.09.2026 10:00	87850.0	88180.0	87810.0	88030.0	539
15.09.2026 10:15	87990.0	88150.0	87860.0	88150.0	270
15.09.2026 10:30	88150.0	88180.0	87970.0	88070.0	318
15.09.2026 10:45	88080.0	88130.0	87920.0	87950.0	277
15.09.2026 11:00	88010.0	88180.0	87960.0	88000.0	203
15.09.2026 11:15	87970.0	88110.0	87900.0	88110.0	117
15.09.2026 11:30	88100.0	88280.0	88010.0	88040.0	390
15.09.2026 11:45	88030.0	88080.0	87870.0	87960.0	336
15.09.2026 12:00	87910.0	88100.0	87840.0	88100.0	245
15.09.2026 12:15	88110.0	88190.0	88010.0	88010.0	306
15.09.2026 12:30	88040.0	88100.0	88010.0	88100.0	104
15.09.2026 12:45	88120.0	88350.0	88100.0	88100.0	436
15.09.2026 13:00	88100.0	88100.0	87970.0	88000.0	161
15.09.2026 13:15	88050.0	89000.0	88010.0	88570.0	1542
15.09.2026 13:30	88580.0	88750.0	88270.0	88400.0	839
15.09.2026 13:45	88370.0	88480.0	88300.0	88350.0	279
15.09.2026 14:00	88360.0	88370.0	87920.0	88200.0	510
15.09.2026 14:15	88210.0	88220.0	87920.0	87940.0	204
15.09.2026 14:30	87950.0	88060.0	87740.0	87880.0	459
15.09.2026 14:45	87890.0	87950.0	87860.0	87860.0	134
15.09.2026 15:00	87850.0	88150.0	87810.0	88050.0	283
15.09.2026 15:15	88020.0	88270.0	87980.0	88260.0	148
15.09.2026 15:30	88260.0	88360.0	88200.0	88280.0	260
15.09.2026 15:45	88290.0	88320.0	87790.0	87840.0	584
15.09.2026 16:00	87860.0	87960.0	87840.0	87870.0	123
15.09.2026 16:15	87890.0	87940.0	87570.0	87940.0	630
15.09.2026 16:30	87940.0	88080.0	87920.0	87970.0	341
15.09.2026 16:45	87970.0	88090.0	87960.0	88070.0	236
15.09.2026 17:00	88100.0	88130.0	87960.0	88000.0	106
15.09.2026 17:15	88020.0	88180.0	87960.0	88100.0	272
15.09.2026 17:30	88130.0	88390.0	88080.0	88270.0	277
15.09.2026 17:45	88280.0	88560.0	88200.0	88220.0	298
15.09.2026 18:00	88260.0	88420.0	88220.0	88260.0	260
15.09.2026 18:15	88200.0	88220.0	87830.0	87840.0	330
15.09.2026 18:30	87870.0	87870.0	87660.0	87660.0	497
15.09.2026 18:45	87650.0	87740.0	87550.0	87710.0	191
15.09.2026 19:00	87690.0	87850.0	87640.0	87790.0	182
15.09.2026 19:15	87780.0	87930.0	87680.0	87900.0	128
15.09.2026 19:30	87920.0	87930.0	87840.0	87910.0	28
15.09.2026 19:45	87920.0	87950.0	87840.0	87840.0	60
15.09.2026 20:00	87840.0	87900.0	87800.0	87860.0	77
15.09.2026 20:15	87880.0	88010.0	87880.0	88000.0	69
15.09.2026 20:30	87990.0	88010.0	87900.0	87900.0	88
15.09.2026 20:45	87900.0	87910.0	87830.0	87880.0	53
15.09.2026 21:00	87870.0	87870.0	87800.0	87800.0	60
15.09.2026 21:15	87780.0	87790.0	87740.0	87760.0	88
15.09.2026 21:30	87760.0	87760.0	87660.0	87720.0	264
15.09.2026 21:45	87730.0	87730.0	87670.0	87680.0	197
15.09.2026 22:00	87670.0	87670.0	87550.0	87600.0	178
15.09.2026 22:15	87600.0	87620.0	87570.0	87590.0	85
15.09.2026 22:30	87600.0	87690.0	87580.0	87600.0	79
15.09.2026 22:45	87620.0	87630.0	87580.0	87580.0	40
15.09.2026 23:00	87590.0	87590.0	87580.0	87580.0	65
15.09.2026 23:15	87580.0	87590.0	87430.0	87490.0	372
15.09.2026 23:30	87470.0	87490.0	87410.0	87460.0	109
15.09.2026 23:45	87460.0	87460.0	87440.0	87440.0	20
16.09.2026 07:00	87670.0	87690.0	87150.0	87540.0	344
16.09.2026 07:15	87590.0	87700.0	87550.0	87670.0	246
16.09.2026 07:30	87680.0	87790.0	87680.0	87690.0	165
16.09.2026 07:45	87710.0	87750.0	87660.0	87700.0	80
16.09.2026 08:00	87730.0	87860.0	87700.0	87780.0	140
16.09.2026 08:15	87810.0	87990.0	87780.0	87960.0	229
16.09.2026 08:30	87920.0	87930.0	87800.0	87810.0	108
16.09.2026 08:45	87810.0	87920.0	87780.0	87880.0	167
16.09.2026 09:00	87880.0	87940.0	87790.0	87800.0	362
16.09.2026 09:15	87780.0	87780.0	87530.0	87670.0	334
16.09.2026 09:30	87650.0	87800.0	87580.0	87730.0	147
16.09.2026 09:45	87760.0	87760.0	87530.0	87570.0	497
16.09.2026 10:00	87600.0	87800.0	87290.0	87760.0	1141
16.09.2026 10:15	87760.0	87760.0	87530.0	87530.0	324
16.09.2026 10:30	87530.0	87910.0	87450.0	87800.0	827
16.09.2026 10:45	87790.0	87790.0	87590.0	87680.0	215
16.09.2026 11:00	87720.0	87880.0	87590.0	87660.0	444
16.09.2026 11:15	87690.0	87860.0	87690.0	87810.0	280
16.09.2026 11:30	87800.0	87840.0	87560.0	87600.0	335
16.09.2026 11:45	87600.0	87630.0	87410.0	87620.0	704
16.09.2026 12:00	87630.0	87670.0	87490.0	87590.0	381
16.09.2026 12:15	87630.0	87630.0	87390.0	87480.0	752
16.09.2026 12:30	87490.0	87530.0	86990.0	87040.0	1247
16.09.2026 12:45	87030.0	87100.0	86920.0	86920.0	584
16.09.2026 13:00	86920.0	86940.0	86370.0	86420.0	1782
16.09.2026 13:15	86430.0	86520.0	86300.0	86450.0	882
16.09.2026 13:30	86450.0	86460.0	86080.0	86320.0	1151
16.09.2026 13:45	86310.0	86530.0	86280.0	86430.0	670
16.09.2026 14:00	86440.0	86450.0	86300.0	86320.0	1096
16.09.2026 14:15	86350.0	86350.0	86120.0	86240.0	1170
16.09.2026 14:30	86250.0	86530.0	86230.0	86410.0	870
16.09.2026 14:45	86440.0	86620.0	86440.0	86520.0	1335
16.09.2026 15:00	86520.0	86660.0	86480.0	86660.0	642
16.09.2026 15:15	86660.0	86660.0	86460.0	86490.0	290
16.09.2026 15:30	86470.0	86480.0	86300.0	86400.0	726
16.09.2026 15:45	86390.0	86410.0	86300.0	86330.0	257
16.09.2026 16:00	86340.0	86500.0	86300.0	86360.0	372
16.09.2026 16:15	86370.0	86380.0	86120.0	86170.0	437
16.09.2026 16:30	86140.0	86260.0	86050.0	86250.0	680
16.09.2026 16:45	86240.0	86290.0	85800.0	85940.0	1107
16.09.2026 17:00	85940.0	85940.0	85660.0	85700.0	907
16.09.2026 17:15	85690.0	85750.0	85540.0	85690.0	926
16.09.2026 17:30	85700.0	85830.0	85660.0	85830.0	1125
16.09.2026 17:45	85820.0	85930.0	85720.0	85870.0	537
16.09.2026 18:00	85870.0	85980.0	85620.0	85730.0	1048
16.09.2026 18:15	85740.0	85750.0	85670.0	85670.0	121
