datetime	open	high	low	close	volume
02.10.2025 09:00	88.512	88.636	88.414	88.414	20
02.10.2025 09:15	88.413	88.444	87.993	88.234	37
02.10.2025 09:30	88.097	88.112	88.009	88.112	3
02.10.2025 09:45	88.168	88.168	88.112	88.112	2
02.10.2025 10:00	88.198	88.536	88.198	88.408	18
02.10.2025 10:15	88.634	88.65	88.539	88.539	14
02.10.2025 10:30	88.579	88.633	88.5	88.5	15
02.10.2025 10:45	88.55	88.55	88.413	88.413	16
02.10.2025 11:00	88.298	88.298	88.298	88.298	1
02.10.2025 11:15	88.321	88.334	88.321	88.332	11
02.10.2025 11:30	88.3	88.4	88.178	88.178	22
02.10.2025 11:45	88.25	88.251	88.177	88.177	162
02.10.2025 12:00	88.163	88.178	88.081	88.103	13
02.10.2025 12:30	88.074	88.2	88.074	88.1	26
02.10.2025 12:45	88.122	88.245	88.122	88.245	22
02.10.2025 13:00	88.245	88.312	88.245	88.312	2
02.10.2025 13:30	88.324	88.324	88.324	88.324	1
02.10.2025 14:00	88.312	88.312	88.3	88.3	22
02.10.2025 14:15	88.2	88.2	88.15	88.15	12
02.10.2025 14:30	88.101	88.306	88.101	88.306	5
02.10.2025 14:45	88.19	88.19	88.19	88.19	1
02.10.2025 15:00	88.148	88.17	88.051	88.051	17
02.10.2025 15:15	88.01	88.19	88.0	88.19	12
02.10.2025 15:30	88.191	88.241	88.149	88.149	12
02.10.2025 15:45	88.216	88.22	88.216	88.22	4
02.10.2025 16:00	88.003	88.238	88.003	88.238	6
02.10.2025 16:15	88.2	88.201	88.2	88.2	12
02.10.2025 16:30	88.29	88.29	88.29	88.29	1
02.10.2025 17:15	88.116	88.123	88.116	88.123	4
02.10.2025 17:45	88.111	88.111	88.111	88.111	1
02.10.2025 18:00	88.05	88.05	88.05	88.05	1
02.10.2025 18:30	88.021	88.021	88.021	88.021	3
02.10.2025 18:45	88.0	88.0	88.0	88.0	1
02.10.2025 19:00	87.913	87.913	87.776	87.776	9
02.10.2025 19:15	87.887	87.887	87.379	87.664	24
02.10.2025 19:30	87.614	87.801	87.614	87.623	11
02.10.2025 20:00	87.681	87.681	87.681	87.681	1
02.10.2025 20:15	87.8	87.8	87.8	87.8	1
02.10.2025 20:30	87.801	87.801	87.801	87.801	1
02.10.2025 20:45	87.899	87.899	87.899	87.899	1
02.10.2025 21:00	87.816	87.816	87.816	87.816	1
02.10.2025 21:30	87.835	87.835	87.835	87.835	1
02.10.2025 21:45	87.816	87.816	87.815	87.815	2
02.10.2025 22:00	87.91	88.005	87.85	88.005	9
02.10.2025 23:30	87.969	87.969	87.969	87.969	1
03.10.2025 09:00	88.051	88.146	88.018	88.018	5
03.10.2025 09:15	88.055	88.149	88.016	88.058	14
03.10.2025 09:30	88.173	88.228	88.173	88.21	6
03.10.2025 09:45	88.19	88.19	88.19	88.19	1
03.10.2025 10:00	88.121	88.449	88.121	88.416	9
03.10.2025 10:15	88.379	88.379	88.379	88.379	1
03.10.2025 10:45	88.4	88.4	88.35	88.35	17
03.10.2025 11:15	88.651	88.699	88.651	88.698	10
03.10.2025 12:00	88.69	88.7	88.69	88.7	2
03.10.2025 12:15	88.868	88.868	88.839	88.839	3
03.10.2025 13:00	89.105	89.105	89.105	89.105	1
03.10.2025 13:15	89.197	89.228	89.197	89.228	4
03.10.2025 13:30	89.324	89.324	89.273	89.273	2
03.10.2025 14:00	89.174	89.261	89.12	89.261	4
03.10.2025 14:15	89.26	89.314	89.26	89.314	3
03.10.2025 14:45	89.4	89.4	89.4	89.4	1
03.10.2025 15:30	89.553	89.553	89.553	89.553	2
03.10.2025 16:30	89.339	89.339	89.339	89.339	3
03.10.2025 16:45	89.368	89.368	89.233	89.233	2
03.10.2025 17:00	89.357	89.357	89.357	89.357	3
03.10.2025 17:15	89.243	89.243	89.242	89.242	2
03.10.2025 17:30	89.13	89.13	89.07	89.107	3
03.10.2025 17:45	89.234	89.234	89.234	89.234	1
03.10.2025 18:30	89.426	89.426	89.426	89.426	1
03.10.2025 18:45	89.457	89.457	89.457	89.457	1
03.10.2025 19:00	89.657	89.657	89.657	89.657	1
03.10.2025 19:15	89.92	90.01	89.778	89.801	6
03.10.2025 19:30	89.679	89.741	89.679	89.71	3
03.10.2025 20:00	89.882	89.883	89.882	89.883	3
03.10.2025 20:15	89.873	89.873	89.762	89.762	2
03.10.2025 21:00	89.709	89.709	89.709	89.709	1
03.10.2025 21:15	89.774	89.774	89.708	89.708	3
03.10.2025 21:45	89.709	89.709	89.708	89.708	4
03.10.2025 22:00	89.708	89.708	89.708	89.708	5
03.10.2025 22:30	89.782	89.782	89.78	89.78	23
03.10.2025 22:45	89.722	89.78	89.722	89.78	22
03.10.2025 23:00	89.78	89.78	89.78	89.78	1
03.10.2025 23:15	89.78	89.801	89.78	89.801	7
06.10.2025 09:00	89.804	89.804	89.699	89.699	2
06.10.2025 09:15	89.838	89.992	89.838	89.992	6
06.10.2025 09:30	90.247	90.247	90.196	90.207	7
06.10.2025 09:45	90.272	90.272	90.168	90.168	4
06.10.2025 10:00	90.113	90.183	89.992	89.992	20
06.10.2025 10:15	90.17	90.21	90.17	90.21	7
06.10.2025 10:45	90.201	90.201	90.03	90.03	23
06.10.2025 11:15	90.0	90.0	89.925	89.925	24
06.10.2025 12:15	90.222	90.222	90.222	90.222	4
06.10.2025 12:30	90.2	90.2	90.2	90.2	8
06.10.2025 13:15	90.2	90.2	90.2	90.2	2
06.10.2025 13:30	90.203	90.203	90.203	90.203	1
06.10.2025 14:15	90.197	90.197	90.197	90.197	2
06.10.2025 14:30	90.078	90.078	90.078	90.078	5
06.10.2025 14:45	90.004	90.004	89.992	89.992	4
06.10.2025 15:00	90.202	90.206	90.202	90.206	102
06.10.2025 15:30	90.028	90.028	90.028	90.028	2
06.10.2025 16:00	89.772	89.868	89.654	89.654	8
06.10.2025 16:45	89.696	89.696	89.595	89.595	5
06.10.2025 17:00	89.595	89.595	89.595	89.595	3
06.10.2025 17:15	89.645	89.645	89.645	89.645	2
06.10.2025 17:30	89.848	89.848	89.848	89.848	2
06.10.2025 17:45	89.727	89.727	89.727	89.727	1
06.10.2025 18:00	89.597	89.783	89.595	89.736	5
06.10.2025 18:15	89.593	89.593	89.5	89.5	2
06.10.2025 18:30	89.599	89.601	89.452	89.585	7
06.10.2025 18:45	89.471	89.471	89.471	89.471	1
06.10.2025 19:15	89.404	89.49	89.404	89.49	3
06.10.2025 19:30	89.607	89.682	89.418	89.419	8
06.10.2025 19:45	89.402	89.402	89.32	89.32	4
06.10.2025 20:00	89.304	89.553	89.304	89.553	5
06.10.2025 21:00	89.553	89.553	89.537	89.541	40
06.10.2025 22:30	89.494	89.494	89.404	89.404	2
06.10.2025 22:45	89.513	89.513	89.513	89.513	1
07.10.2025 09:00	89.484	89.484	89.236	89.265	5
07.10.2025 09:15	89.164	89.183	89.164	89.183	2
07.10.2025 09:30	89.105	89.105	89.06	89.066	4
07.10.2025 09:45	89.114	89.114	89.037	89.037	2
07.10.2025 10:00	88.961	88.961	88.63	88.781	27
07.10.2025 10:15	88.868	88.874	88.747	88.747	4
07.10.2025 10:30	88.817	88.843	88.817	88.843	2
07.10.2025 10:45	88.854	88.979	88.701	88.773	16
07.10.2025 11:00	88.609	88.73	88.608	88.651	9
07.10.2025 11:15	88.65	88.65	88.569	88.569	5
07.10.2025 11:30	88.697	88.789	88.696	88.776	10
07.10.2025 11:45	88.708	88.708	88.659	88.659	40
07.10.2025 12:00	88.659	88.659	88.659	88.659	63
07.10.2025 12:15	88.792	88.908	88.758	88.8	116
07.10.2025 12:30	88.706	88.762	88.706	88.762	2
07.10.2025 12:45	88.929	88.98	88.929	88.98	6
07.10.2025 14:00	88.883	88.883	88.883	88.883	1
07.10.2025 14:30	88.94	89.008	88.897	88.897	13
07.10.2025 14:45	88.851	88.873	88.762	88.762	27
07.10.2025 15:00	88.808	88.808	88.808	88.808	2
07.10.2025 16:00	88.968	88.968	88.968	88.968	5
07.10.2025 16:15	88.876	88.876	88.876	88.876	1
07.10.2025 16:30	88.869	88.869	88.852	88.852	2
07.10.2025 16:45	88.932	89.077	88.932	89.077	4
07.10.2025 17:00	89.158	89.158	89.099	89.099	3
07.10.2025 17:15	89.188	89.199	89.188	89.199	4
07.10.2025 17:45	89.1	89.1	89.1	89.1	5
07.10.2025 18:30	89.08	89.209	89.051	89.051	16
07.10.2025 19:00	89.181	89.181	89.181	89.181	2
07.10.2025 19:15	89.149	89.149	89.149	89.149	2
07.10.2025 19:30	89.01	89.199	89.01	89.199	3
07.10.2025 19:45	89.195	89.195	89.195	89.195	2
07.10.2025 21:15	89.0	89.0	89.0	89.0	1
07.10.2025 21:30	89.1	89.107	89.1	89.107	2
07.10.2025 22:00	89.178	89.178	89.178	89.178	3
07.10.2025 22:15	89.178	89.217	89.178	89.217	9
08.10.2025 09:00	89.096	89.096	88.93	88.93	10
08.10.2025 09:15	89.102	89.208	89.102	89.125	9
08.10.2025 09:30	89.195	89.318	89.195	89.318	9
08.10.2025 10:00	89.115	89.115	88.888	88.888	6
08.10.2025 10:30	88.826	88.909	88.826	88.884	6
08.10.2025 10:45	88.773	88.797	88.773	88.795	5
08.10.2025 11:00	88.855	88.912	88.855	88.912	3
08.10.2025 12:00	89.028	89.14	89.028	89.14	3
08.10.2025 12:30	88.899	88.9	88.899	88.9	2
08.10.2025 12:45	88.881	88.881	88.868	88.868	4
08.10.2025 13:00	88.85	88.852	88.548	88.548	5
08.10.2025 13:15	88.5	88.5	88.411	88.476	161
08.10.2025 13:30	88.512	88.551	88.512	88.551	3
08.10.2025 13:45	88.603	88.607	88.591	88.591	221
08.10.2025 14:15	88.56	88.739	88.56	88.691	5
08.10.2025 14:30	88.703	88.721	88.703	88.721	3
08.10.2025 14:45	88.569	88.692	88.568	88.692	27
08.10.2025 15:00	88.693	88.735	88.634	88.646	17
08.10.2025 15:15	88.716	88.78	88.716	88.78	154
08.10.2025 15:30	88.759	88.759	88.759	88.759	1
08.10.2025 15:45	88.832	88.854	88.8	88.854	73
08.10.2025 16:00	88.86	88.86	88.86	88.86	2
08.10.2025 16:15	88.649	88.649	88.649	88.649	1
08.10.2025 16:30	88.512	88.555	88.5	88.555	9
08.10.2025 17:00	88.605	88.605	88.55	88.55	2
08.10.2025 17:15	88.515	88.517	88.515	88.517	3
08.10.2025 17:30	88.329	88.329	88.135	88.147	12
08.10.2025 17:45	88.156	88.354	88.147	88.262	209
08.10.2025 18:00	88.201	88.201	88.177	88.177	3
08.10.2025 18:15	88.303	88.305	88.24	88.246	156
08.10.2025 18:30	88.262	88.361	88.262	88.33	6
08.10.2025 18:45	88.347	88.379	88.347	88.379	4
08.10.2025 19:30	88.453	88.456	88.453	88.456	10
08.10.2025 19:45	88.147	88.188	88.147	88.177	4
08.10.2025 20:00	88.248	88.333	88.248	88.333	4
08.10.2025 20:15	88.26	88.26	88.119	88.166	8
08.10.2025 20:30	88.2	88.2	88.2	88.2	1
08.10.2025 20:45	88.199	88.199	88.199	88.199	125
08.10.2025 21:00	88.199	88.199	88.199	88.199	16
08.10.2025 21:15	88.199	88.199	88.199	88.199	9
08.10.2025 22:00	88.333	89.33	88.333	89.33	101
08.10.2025 22:15	88.348	88.348	88.309	88.309	4
08.10.2025 22:45	88.31	88.347	88.31	88.347	3
08.10.2025 23:00	88.347	88.347	88.347	88.347	2
09.10.2025 09:00	88.2	88.2	88.127	88.159	4
09.10.2025 09:15	88.142	88.271	88.142	88.167	7
09.10.2025 09:30	88.404	88.42	88.39	88.39	5
09.10.2025 09:45	88.358	88.358	88.358	88.358	1
09.10.2025 10:00	88.506	88.714	88.506	88.608	9
09.10.2025 10:15	88.789	88.797	88.648	88.7	10
09.10.2025 10:30	88.695	88.695	88.695	88.695	2
09.10.2025 11:15	88.635	88.677	88.58	88.58	13
09.10.2025 11:30	88.58	88.58	88.58	88.58	1
09.10.2025 11:45	88.729	88.729	88.56	88.56	2
09.10.2025 12:15	88.654	89.997	88.608	88.657	59
09.10.2025 12:30	88.657	88.657	88.544	88.544	4
09.10.2025 13:30	88.91	88.91	88.91	88.91	1
09.10.2025 14:45	88.859	88.862	88.722	88.81	36
09.10.2025 15:00	88.746	88.746	88.746	88.746	1
09.10.2025 15:30	88.791	88.792	88.786	88.786	10
09.10.2025 15:45	88.732	88.758	88.732	88.758	6
09.10.2025 16:15	88.738	88.738	88.611	88.611	6
09.10.2025 16:30	88.657	88.713	88.657	88.69	26
09.10.2025 16:45	88.738	88.738	88.689	88.689	2
09.10.2025 17:00	88.758	88.758	88.753	88.753	2
09.10.2025 17:45	88.62	88.62	88.552	88.552	14
09.10.2025 18:15	88.589	88.589	88.589	88.589	1
09.10.2025 19:00	88.6	88.617	88.6	88.617	3
09.10.2025 20:00	88.557	88.557	88.557	88.557	1
09.10.2025 21:45	88.61	88.61	88.61	88.61	1
10.10.2025 09:00	88.829	88.829	88.751	88.796	8
10.10.2025 09:30	88.836	88.842	88.836	88.842	2
10.10.2025 09:45	88.898	88.898	88.739	88.739	3
10.10.2025 10:00	88.5	88.673	88.5	88.592	5
10.10.2025 10:15	88.59	88.59	88.531	88.531	11
10.10.2025 10:30	88.531	88.636	88.5	88.523	9
10.10.2025 10:45	88.415	88.415	88.4	88.409	5
10.10.2025 11:15	88.483	88.597	88.483	88.538	5
10.10.2025 11:30	88.451	88.451	88.374	88.433	10
10.10.2025 12:00	88.562	88.562	88.562	88.562	282
10.10.2025 12:15	88.562	88.584	88.562	88.57	165
10.10.2025 12:30	88.475	88.667	88.475	88.667	3
10.10.2025 13:00	88.684	88.684	88.679	88.679	4
10.10.2025 13:30	88.647	88.649	88.647	88.649	5
10.10.2025 14:00	88.645	88.711	88.645	88.711	4
10.10.2025 14:15	88.749	88.774	88.725	88.729	9
10.10.2025 15:00	88.841	88.843	88.841	88.843	5
10.10.2025 15:45	88.809	88.809	88.809	88.809	1
10.10.2025 16:00	88.81	88.81	88.8	88.8	6
10.10.2025 16:15	88.842	88.875	88.794	88.824	17
10.10.2025 16:30	88.833	88.833	88.82	88.82	4
10.10.2025 16:45	88.782	88.782	88.782	88.782	1
10.10.2025 17:15	88.74	88.74	88.74	88.74	9
10.10.2025 17:45	88.587	88.7	88.347	88.7	11
10.10.2025 18:00	88.788	88.799	88.788	88.799	2
10.10.2025 18:15	88.666	88.666	88.666	88.666	1
10.10.2025 19:00	88.811	88.811	88.806	88.806	3
10.10.2025 19:15	88.934	88.934	88.934	88.934	1
10.10.2025 20:00	88.903	88.903	88.903	88.903	1
10.10.2025 21:00	88.896	88.896	88.883	88.895	4
10.10.2025 21:15	88.872	88.872	88.788	88.788	3
10.10.2025 21:30	88.793	88.793	88.793	88.793	1
10.10.2025 22:45	88.888	88.888	88.888	88.888	1
10.10.2025 23:00	88.768	88.768	88.679	88.679	2
10.10.2025 23:15	88.89	88.891	88.668	88.668	3
10.10.2025 23:30	88.834	88.847	88.746	88.746	7
13.10.2025 09:00	88.66	88.722	88.568	88.656	15
13.10.2025 09:30	88.591	88.737	88.591	88.737	3
13.10.2025 09:45	88.762	88.762	88.762	88.762	1
13.10.2025 10:00	88.643	88.643	88.643	88.643	1
13.10.2025 10:15	88.589	88.589	88.4	88.4	7
13.10.2025 10:30	88.336	88.336	88.197	88.2	18
13.10.2025 10:45	88.159	88.278	88.0	88.035	287
13.10.2025 11:00	88.0	88.0	87.998	87.999	151
13.10.2025 11:15	87.998	87.999	87.717	87.717	111
13.10.2025 11:30	87.742	87.742	87.646	87.646	11
13.10.2025 11:45	87.814	87.84	87.814	87.84	5
13.10.2025 12:00	87.746	87.8	87.643	87.732	714
13.10.2025 12:15	87.71	87.774	87.702	87.774	16
13.10.2025 12:30	87.7	87.7	87.7	87.7	1
13.10.2025 12:45	87.766	87.834	87.766	87.833	5
13.10.2025 13:00	87.789	87.834	87.789	87.834	100
13.10.2025 13:45	87.819	87.82	87.819	87.82	10
13.10.2025 14:15	87.73	87.73	87.679	87.729	16
13.10.2025 14:45	87.822	87.822	87.822	87.822	1
13.10.2025 15:00	87.78	87.78	87.7	87.7	20
13.10.2025 15:15	87.7	87.7	87.7	87.7	1
13.10.2025 15:30	87.793	87.847	87.792	87.792	5
13.10.2025 15:45	87.722	87.793	87.7	87.793	12
13.10.2025 16:15	87.66	87.66	87.553	87.564	27
13.10.2025 16:30	87.551	87.687	87.55	87.686	397
13.10.2025 16:45	87.699	87.7	87.55	87.55	471
13.10.2025 17:00	87.678	87.678	87.678	87.678	1
13.10.2025 17:15	87.592	87.592	87.5	87.5	186
13.10.2025 17:30	87.5	87.631	87.5	87.631	49
13.10.2025 17:45	87.569	87.569	87.492	87.492	3
13.10.2025 18:00	87.539	87.539	87.533	87.533	4
13.10.2025 18:15	87.525	87.525	87.47	87.47	3
13.10.2025 18:30	87.429	87.472	87.429	87.435	7
13.10.2025 18:45	87.341	87.408	87.335	87.408	6
13.10.2025 19:00	87.225	87.382	87.219	87.382	3
13.10.2025 19:15	87.502	87.502	87.219	87.342	7
13.10.2025 19:30	87.3	87.3	87.3	87.3	2
13.10.2025 20:15	87.328	87.328	87.328	87.328	1
13.10.2025 20:30	87.29	87.29	87.29	87.29	1
13.10.2025 21:15	87.382	87.382	87.248	87.248	3
13.10.2025 21:45	87.225	87.225	87.225	87.225	1
13.10.2025 23:15	87.298	87.303	87.298	87.303	2
13.10.2025 23:30	87.41	87.41	87.41	87.41	1
13.10.2025 23:45	87.4	87.414	87.4	87.414	11
14.10.2025 08:45	87.414	87.414	87.414	87.414	1
14.10.2025 09:00	87.425	87.452	87.354	87.432	7
14.10.2025 09:15	87.414	87.414	87.269	87.269	3
14.10.2025 09:30	87.221	87.232	87.129	87.15	315
14.10.2025 09:45	87.148	87.2	87.148	87.166	13
14.10.2025 10:00	87.08	87.34	86.997	87.06	284
14.10.2025 10:15	86.948	87.119	86.222	86.965	113
14.10.2025 10:30	86.965	87.055	86.965	87.021	8
14.10.2025 10:45	86.992	86.992	86.429	86.616	22
14.10.2025 11:00	86.592	86.641	86.501	86.641	26
14.10.2025 11:15	86.778	86.8	86.777	86.8	5
14.10.2025 11:30	86.849	86.849	86.78	86.78	11
14.10.2025 11:45	86.797	86.872	86.797	86.872	4
14.10.2025 12:00	86.901	86.901	86.82	86.82	2
14.10.2025 12:15	86.831	86.831	86.778	86.778	2
14.10.2025 12:30	86.956	87.027	86.956	87.027	2
14.10.2025 12:45	87.027	87.04	87.008	87.04	7
14.10.2025 13:00	87.12	87.12	87.092	87.092	3
14.10.2025 13:15	87.114	87.114	87.113	87.113	4
14.10.2025 13:30	87.164	87.164	87.114	87.114	121
14.10.2025 13:45	86.966	86.966	86.931	86.931	2
14.10.2025 14:00	86.974	86.974	86.931	86.932	4
14.10.2025 14:15	86.89	86.89	86.811	86.811	84
14.10.2025 14:30	86.811	86.811	86.788	86.811	54
14.10.2025 14:45	86.795	86.795	86.795	86.795	10
14.10.2025 15:00	86.71	86.855	86.6	86.829	50
14.10.2025 15:15	86.848	86.848	86.664	86.665	16
14.10.2025 15:30	86.81	86.81	86.77	86.8	3
14.10.2025 15:45	86.855	86.855	86.834	86.834	3
14.10.2025 16:00	86.852	86.852	86.852	86.852	1
14.10.2025 16:30	86.851	86.923	86.849	86.923	17
14.10.2025 16:45	86.929	86.95	86.848	86.848	9
14.10.2025 17:15	86.969	86.969	86.969	86.969	1
14.10.2025 17:30	86.971	86.971	86.956	86.956	2
14.10.2025 17:45	86.907	86.907	86.794	86.831	10
14.10.2025 18:00	86.881	86.912	86.794	86.794	18
14.10.2025 18:30	86.7	86.781	86.649	86.649	29
14.10.2025 18:45	86.572	86.572	86.555	86.555	14
14.10.2025 19:00	86.622	86.622	86.489	86.489	3
14.10.2025 19:15	86.655	86.655	86.655	86.655	1
14.10.2025 19:45	86.48	86.48	86.48	86.48	3
14.10.2025 20:15	86.476	86.487	86.461	86.461	6
14.10.2025 20:45	86.679	86.679	86.679	86.679	1
14.10.2025 21:15	86.564	86.679	86.564	86.59	69
14.10.2025 21:45	86.555	86.579	86.537	86.579	14
14.10.2025 23:30	86.6	86.605	86.6	86.605	11
15.10.2025 09:00	86.533	86.533	86.2	86.2	21
15.10.2025 09:15	86.1	86.299	86.1	86.299	12
15.10.2025 09:30	86.115	86.117	86.031	86.031	12
15.10.2025 09:45	86.206	86.265	86.147	86.265	7
15.10.2025 10:00	86.265	86.265	86.057	86.103	17
15.10.2025 10:15	86.078	86.078	86.012	86.012	4
15.10.2025 10:30	86.018	86.018	85.971	85.976	30
15.10.2025 10:45	85.975	85.975	85.72	85.72	27
15.10.2025 11:00	85.877	85.877	85.777	85.788	24
15.10.2025 11:15	85.788	85.788	85.665	85.67	17
15.10.2025 11:30	85.558	85.778	85.547	85.765	18
15.10.2025 11:45	85.876	86.019	85.876	85.936	27
15.10.2025 12:00	85.884	85.89	85.798	85.798	3
15.10.2025 12:15	85.945	85.945	85.945	85.945	1
15.10.2025 12:30	86.035	86.035	86.0	86.0	11
15.10.2025 12:45	86.0	86.0	86.0	86.0	13
15.10.2025 13:00	85.863	85.863	85.863	85.863	1
15.10.2025 13:15	85.874	85.874	85.843	85.843	4
15.10.2025 13:30	85.8	85.815	85.78	85.815	5
15.10.2025 13:45	85.909	85.953	85.85	85.891	33
15.10.2025 14:00	85.885	85.893	85.784	85.839	24
15.10.2025 14:15	85.926	85.942	85.838	85.838	3
15.10.2025 14:30	85.808	85.808	85.804	85.804	2
15.10.2025 14:45	85.799	85.904	85.799	85.904	2
15.10.2025 15:00	85.755	85.787	85.755	85.787	5
15.10.2025 15:30	85.808	85.947	85.808	85.947	46
15.10.2025 15:45	85.83	85.83	85.734	85.734	3
15.10.2025 16:00	85.7	85.7	85.7	85.7	1
15.10.2025 16:15	85.705	85.705	85.677	85.677	3
15.10.2025 16:30	85.706	85.706	85.603	85.635	9
15.10.2025 16:45	85.55	85.634	85.503	85.634	11
15.10.2025 17:00	85.502	85.732	85.501	85.639	19
15.10.2025 17:15	85.594	85.668	85.594	85.668	3
15.10.2025 17:45	85.744	85.744	85.744	85.744	17
15.10.2025 18:00	85.64	85.64	85.64	85.64	1
15.10.2025 18:45	85.545	85.559	85.545	85.559	3
15.10.2025 19:00	85.622	85.622	85.56	85.56	5
15.10.2025 19:15	85.569	85.77	85.569	85.651	20
15.10.2025 19:30	85.666	85.666	85.666	85.666	3
15.10.2025 19:45	85.613	85.613	85.459	85.459	27
15.10.2025 20:00	85.6	85.612	85.6	85.6	11
15.10.2025 20:15	85.602	85.625	85.602	85.625	5
15.10.2025 20:30	85.625	85.625	85.625	85.625	3
15.10.2025 20:45	85.625	85.713	85.577	85.577	24
15.10.2025 21:00	85.575	85.592	85.5	85.543	5
15.10.2025 21:30	85.534	85.592	85.534	85.592	4
15.10.2025 21:45	85.502	85.502	85.5	85.5	3
15.10.2025 22:00	85.441	85.441	85.441	85.441	6
15.10.2025 22:15	85.419	85.461	85.337	85.35	45
15.10.2025 22:30	85.354	85.354	85.354	85.354	3
15.10.2025 22:45	85.33	85.33	85.278	85.278	11
15.10.2025 23:00	85.304	85.351	85.254	85.351	19
15.10.2025 23:15	85.363	85.365	85.363	85.365	5
15.10.2025 23:45	85.371	85.371	85.366	85.366	10
16.10.2025 09:00	85.034	85.3	85.004	85.106	121
16.10.2025 09:15	85.07	85.203	85.07	85.157	7
16.10.2025 09:30	85.124	85.315	85.083	85.204	10
16.10.2025 09:45	85.274	85.303	85.245	85.303	8
16.10.2025 10:00	85.407	85.968	85.407	85.768	75
16.10.2025 10:15	85.759	85.953	85.759	85.953	10
16.10.2025 10:30	86.252	86.47	86.078	86.168	60
16.10.2025 10:45	86.001	86.035	85.95	85.95	3
16.10.2025 11:00	85.997	86.081	85.751	85.751	33
16.10.2025 11:15	85.711	85.862	85.711	85.862	17
16.10.2025 11:45	85.788	85.789	85.788	85.789	10
16.10.2025 12:00	85.802	85.802	85.802	85.802	1
16.10.2025 12:15	86.032	86.032	86.032	86.032	2
16.10.2025 12:30	86.27	86.27	86.084	86.084	2
16.10.2025 12:45	86.054	86.054	86.054	86.054	1
16.10.2025 13:00	86.222	86.225	86.207	86.225	3
16.10.2025 13:15	86.2	86.483	86.2	86.483	4
16.10.2025 13:30	86.553	86.731	86.321	86.391	42
16.10.2025 13:45	86.302	86.329	86.24	86.24	9
16.10.2025 14:00	86.403	86.464	86.322	86.464	11
16.10.2025 14:15	86.464	86.542	86.464	86.542	5
16.10.2025 14:30	86.73	86.858	86.73	86.798	5
16.10.2025 14:45	86.911	86.966	86.617	86.617	16
16.10.2025 15:00	86.864	86.872	86.635	86.702	48
16.10.2025 15:15	86.687	87.088	86.687	87.007	10
16.10.2025 15:30	87.006	87.253	87.006	87.221	49
16.10.2025 15:45	87.111	87.28	86.911	87.162	12
16.10.2025 16:00	87.187	87.257	87.13	87.228	16
16.10.2025 16:15	87.3	87.3	87.3	87.3	1
16.10.2025 16:30	87.348	87.437	87.348	87.437	2
16.10.2025 16:45	87.44	87.44	87.423	87.423	2
16.10.2025 17:00	87.494	87.494	87.192	87.242	5
16.10.2025 17:15	87.366	87.366	87.366	87.366	1
16.10.2025 17:30	87.41	87.468	87.273	87.273	6
16.10.2025 17:45	87.204	87.225	86.946	86.946	6
16.10.2025 18:00	87.152	87.177	87.152	87.175	5
16.10.2025 18:15	87.035	87.108	87.035	87.096	4
16.10.2025 18:30	87.206	87.206	87.206	87.206	1
16.10.2025 19:00	87.065	87.065	87.065	87.065	1
16.10.2025 19:30	87.255	87.255	87.173	87.173	2
16.10.2025 19:45	87.255	87.31	87.255	87.31	5
16.10.2025 20:00	87.065	87.065	86.976	86.976	5
16.10.2025 20:15	86.901	86.92	86.6	86.92	35
16.10.2025 20:45	86.935	87.485	86.822	86.822	9
16.10.2025 21:00	86.791	86.816	86.668	86.668	7
16.10.2025 21:45	86.797	86.797	86.797	86.797	1
16.10.2025 22:15	86.885	86.885	86.885	86.885	2
16.10.2025 23:00	86.73	86.73	86.73	86.73	1
16.10.2025 23:15	86.784	86.902	86.784	86.902	3
16.10.2025 23:30	87.006	87.31	86.99	87.105	24
17.10.2025 09:00	86.954	87.52	86.902	87.52	17
17.10.2025 09:15	87.51	87.672	87.401	87.489	32
17.10.2025 09:30	87.443	87.569	87.443	87.539	9
17.10.2025 09:45	87.603	87.603	87.603	87.603	2
17.10.2025 10:00	87.702	88.131	87.604	87.918	32
17.10.2025 10:15	87.772	87.787	87.751	87.787	5
17.10.2025 10:30	87.763	87.763	87.622	87.622	11
17.10.2025 10:45	87.58	87.931	87.55	87.931	8
17.10.2025 11:00	87.732	87.92	87.7	87.92	6
17.10.2025 11:15	87.673	87.675	87.673	87.675	2
17.10.2025 11:30	87.746	87.861	87.727	87.727	4
17.10.2025 12:15	87.77	87.77	87.77	87.77	7
17.10.2025 12:30	87.822	88.038	87.822	88.038	12
17.10.2025 12:45	88.066	88.2	88.066	88.194	18
17.10.2025 13:00	88.096	88.156	88.083	88.156	7
17.10.2025 13:15	88.121	88.226	88.118	88.226	10
17.10.2025 13:30	88.172	88.226	88.172	88.226	3
17.10.2025 13:45	88.241	88.293	88.241	88.287	9
17.10.2025 14:00	88.303	88.42	88.285	88.285	8
17.10.2025 14:15	88.262	88.285	88.262	88.285	5
17.10.2025 14:30	88.32	88.331	88.32	88.331	3
17.10.2025 14:45	88.354	88.59	88.354	88.59	9
17.10.2025 15:00	88.59	88.59	88.589	88.589	11
17.10.2025 15:15	88.5	88.719	88.5	88.615	6
17.10.2025 15:30	88.647	88.828	88.647	88.797	20
17.10.2025 15:45	88.782	88.833	88.782	88.833	6
17.10.2025 16:30	88.805	88.805	88.753	88.753	2
17.10.2025 17:00	88.598	88.598	88.579	88.579	2
17.10.2025 17:15	88.55	88.55	88.253	88.253	2
17.10.2025 17:30	88.382	88.486	88.382	88.417	5
17.10.2025 17:45	88.302	88.351	88.201	88.243	5
17.10.2025 18:00	88.184	88.199	88.184	88.19	3
17.10.2025 18:15	88.121	88.121	88.12	88.121	167
17.10.2025 18:30	88.276	88.276	88.276	88.276	1
17.10.2025 19:15	88.304	88.304	88.303	88.303	2
17.10.2025 19:30	88.277	88.277	88.276	88.276	250
17.10.2025 20:45	88.266	88.266	88.266	88.266	1
17.10.2025 21:15	88.327	88.331	88.327	88.331	12
17.10.2025 21:30	88.397	88.397	88.397	88.397	1
17.10.2025 21:45	88.397	88.397	88.397	88.397	1
17.10.2025 22:00	88.428	88.428	88.382	88.382	2
17.10.2025 23:30	88.356	88.407	88.356	88.407	3
20.10.2025 09:00	88.229	88.229	87.817	88.058	13
20.10.2025 09:15	87.972	88.097	87.97	88.097	4
20.10.2025 09:30	88.179	88.179	88.103	88.141	52
20.10.2025 09:45	87.98	88.009	87.888	88.001	5
20.10.2025 10:00	87.985	88.249	87.985	88.249	2
20.10.2025 10:15	88.22	88.22	88.22	88.22	1
20.10.2025 10:30	88.193	88.193	88.15	88.15	2
20.10.2025 10:45	88.098	88.098	88.098	88.098	2
20.10.2025 11:00	88.009	88.086	88.001	88.086	5
20.10.2025 12:00	88.037	88.037	88.037	88.037	1
20.10.2025 12:15	87.935	87.935	87.935	87.935	1
20.10.2025 12:30	87.866	87.866	87.735	87.735	54
20.10.2025 12:45	87.752	87.752	87.736	87.736	11
20.10.2025 13:15	87.833	87.95	87.833	87.95	6
20.10.2025 13:30	87.988	87.988	87.988	87.988	1
20.10.2025 14:00	87.8	87.8	87.8	87.8	1
20.10.2025 14:30	88.006	88.169	88.005	88.169	8
20.10.2025 14:45	88.151	88.206	88.137	88.147	29
20.10.2025 15:00	88.115	88.158	88.092	88.092	14
20.10.2025 15:15	88.101	88.101	87.862	87.959	28
20.10.2025 15:30	87.997	88.033	87.909	87.909	36
20.10.2025 15:45	87.995	88.048	87.91	87.91	4
20.10.2025 16:00	87.87	87.915	87.838	87.915	8
20.10.2025 16:15	87.921	87.921	87.921	87.921	1
20.10.2025 16:30	87.918	88.044	87.918	88.017	10
20.10.2025 16:45	88.071	88.175	87.982	87.987	22
20.10.2025 17:00	88.023	88.252	88.023	88.226	21
20.10.2025 17:15	88.092	88.156	88.061	88.067	12
20.10.2025 17:30	88.035	88.078	87.893	87.924	51
20.10.2025 17:45	87.905	87.948	87.8	87.834	32
20.10.2025 18:00	87.886	87.886	87.809	87.809	24
20.10.2025 18:15	87.701	87.757	87.612	87.712	35
20.10.2025 18:30	87.709	87.732	87.648	87.725	10
20.10.2025 19:00	87.65	87.65	87.646	87.646	4
20.10.2025 19:15	87.752	87.756	87.752	87.755	5
20.10.2025 19:30	87.808	87.808	87.808	87.808	2
20.10.2025 20:15	87.725	87.725	87.725	87.725	1
20.10.2025 21:15	87.787	87.787	87.787	87.787	1
20.10.2025 21:30	87.865	87.865	87.865	87.865	1
20.10.2025 22:15	87.82	87.82	87.82	87.82	1
20.10.2025 23:00	87.702	87.702	87.702	87.702	1
20.10.2025 23:15	87.691	87.691	87.691	87.691	2
20.10.2025 23:30	87.738	87.738	87.659	87.659	2
21.10.2025 09:00	87.827	88.144	87.827	88.144	9
21.10.2025 09:15	88.208	88.208	88.179	88.195	3
21.10.2025 09:30	88.19	88.192	88.19	88.192	5
21.10.2025 09:45	88.2	88.2	88.2	88.2	1
21.10.2025 10:00	88.154	88.154	87.928	87.947	7
21.10.2025 10:15	87.9	87.9	87.788	87.788	22
21.10.2025 10:30	87.789	87.824	87.784	87.792	18
21.10.2025 10:45	87.843	87.874	87.832	87.871	10
21.10.2025 11:00	87.862	88.115	87.862	88.115	7
21.10.2025 11:15	88.128	88.167	88.014	88.072	132
21.10.2025 11:30	88.206	88.429	88.206	88.429	5
21.10.2025 11:45	88.583	88.588	88.469	88.469	3
21.10.2025 12:00	88.383	88.383	88.35	88.35	29
21.10.2025 12:15	88.407	88.445	88.401	88.401	3
21.10.2025 12:30	88.401	88.469	88.401	88.469	3
21.10.2025 12:45	88.458	88.501	88.458	88.501	2
21.10.2025 13:00	88.524	88.524	88.524	88.524	2
21.10.2025 13:15	88.743	88.743	88.743	88.743	1
21.10.2025 13:30	88.749	88.821	88.742	88.776	106
21.10.2025 13:45	88.864	88.98	88.747	88.808	309
21.10.2025 14:00	88.7	88.7	88.686	88.686	16
21.10.2025 14:15	88.587	88.587	88.463	88.463	25
21.10.2025 14:30	88.338	88.497	88.323	88.385	12
21.10.2025 14:45	88.399	88.547	88.342	88.508	44
21.10.2025 15:00	88.511	88.52	88.422	88.497	40
21.10.2025 15:15	88.409	88.563	88.365	88.468	218
21.10.2025 15:30	88.427	88.685	88.278	88.654	53
21.10.2025 15:45	88.665	88.713	88.524	88.524	39
21.10.2025 16:00	88.801	88.801	88.801	88.801	1
21.10.2025 16:30	88.625	88.733	88.625	88.733	2
21.10.2025 16:45	88.75	88.75	88.742	88.742	2
21.10.2025 17:00	88.787	88.787	88.554	88.554	7
21.10.2025 17:15	88.557	88.557	88.424	88.447	13
21.10.2025 17:30	88.492	88.568	88.449	88.568	21
21.10.2025 17:45	88.543	88.543	88.469	88.469	4
21.10.2025 18:00	88.556	88.628	88.536	88.627	14
21.10.2025 18:15	88.642	88.642	88.6	88.6	2
21.10.2025 18:30	88.81	88.887	88.797	88.887	19
21.10.2025 19:15	88.745	88.749	88.652	88.652	11
21.10.2025 20:00	88.878	88.878	88.878	88.878	1
21.10.2025 20:15	88.775	88.775	88.775	88.775	1
21.10.2025 22:30	88.809	88.809	88.809	88.809	1
21.10.2025 22:45	88.809	88.809	88.809	88.809	1
21.10.2025 23:15	88.694	88.694	88.619	88.619	5
22.10.2025 09:00	88.749	88.75	88.749	88.75	2
22.10.2025 09:45	88.75	88.75	88.75	88.75	1
22.10.2025 10:00	88.722	89.17	88.722	89.021	56
22.10.2025 10:15	89.181	89.25	89.181	89.25	3
22.10.2025 10:30	89.366	89.636	89.263	89.636	13
22.10.2025 10:45	89.532	89.532	89.374	89.374	11
22.10.2025 11:00	89.431	89.431	89.254	89.254	13
22.10.2025 11:15	89.25	89.25	89.17	89.17	98
22.10.2025 11:30	89.191	89.192	89.191	89.192	5
22.10.2025 11:45	89.18	89.18	89.0	89.0	8
22.10.2025 12:30	89.168	89.168	89.168	89.168	1
22.10.2025 13:00	89.0	89.0	89.0	89.0	1
22.10.2025 13:15	89.025	89.025	89.025	89.025	1
22.10.2025 13:30	89.053	89.053	89.053	89.053	1
22.10.2025 13:45	88.9	88.9	88.9	88.9	2
22.10.2025 14:00	88.8	88.842	88.8	88.842	3
22.10.2025 14:15	88.586	88.586	88.415	88.415	2
22.10.2025 14:30	88.541	88.541	88.54	88.54	3
22.10.2025 15:15	88.824	88.841	88.824	88.84	4
22.10.2025 15:30	88.89	88.89	88.89	88.89	1
22.10.2025 16:15	88.54	88.54	88.54	88.54	1
22.10.2025 16:30	88.4	88.4	88.32	88.32	4
22.10.2025 17:00	88.528	88.528	88.528	88.528	1
22.10.2025 17:15	88.45	88.45	88.381	88.381	6
22.10.2025 17:30	88.4	88.4	88.4	88.4	1
22.10.2025 17:45	88.324	88.324	88.222	88.322	14
22.10.2025 18:00	88.439	88.487	88.439	88.487	2
22.10.2025 18:15	88.168	88.231	88.137	88.192	36
22.10.2025 19:00	88.348	88.348	88.348	88.348	2
22.10.2025 20:30	88.18	88.18	88.18	88.18	3
22.10.2025 20:45	88.161	88.347	88.157	88.157	41
22.10.2025 22:15	88.312	88.312	88.312	88.312	1
22.10.2025 22:45	88.485	88.505	88.485	88.505	2
22.10.2025 23:15	88.623	88.623	88.492	88.552	14
23.10.2025 09:00	88.839	88.919	88.755	88.755	7
23.10.2025 09:15	88.612	88.612	88.612	88.612	1
23.10.2025 09:45	88.702	88.702	88.702	88.702	1
23.10.2025 10:00	88.64	88.64	88.505	88.505	3
23.10.2025 10:15	88.209	88.209	87.88	87.88	4
23.10.2025 10:30	88.007	88.007	88.007	88.007	1
23.10.2025 10:45	88.0	88.0	87.995	87.995	20
23.10.2025 11:00	87.901	87.901	87.901	87.901	1
23.10.2025 11:30	88.402	88.402	88.402	88.402	1
23.10.2025 11:45	88.361	88.45	88.361	88.45	6
23.10.2025 12:00	88.266	88.299	88.261	88.261	8
23.10.2025 12:15	88.283	88.283	88.283	88.283	1
23.10.2025 12:45	88.352	88.352	88.352	88.352	1
23.10.2025 13:00	88.302	88.663	88.301	88.47	10
23.10.2025 13:15	88.662	88.806	88.462	88.474	19
23.10.2025 14:00	88.415	88.415	88.387	88.387	2
23.10.2025 14:15	88.369	88.369	88.294	88.294	5
23.10.2025 14:30	88.405	88.405	88.371	88.371	3
23.10.2025 14:45	88.375	88.375	88.239	88.262	5
23.10.2025 15:00	88.394	88.402	88.394	88.402	2
23.10.2025 15:15	88.528	88.606	88.528	88.569	3
23.10.2025 15:30	88.479	88.479	88.479	88.479	1
23.10.2025 15:45	88.442	88.442	88.442	88.442	1
23.10.2025 17:15	88.505	88.505	88.505	88.505	1
23.10.2025 17:45	88.32	88.359	88.32	88.359	2
23.10.2025 18:15	88.454	88.454	88.335	88.335	2
23.10.2025 20:15	88.32	88.32	88.32	88.32	4
23.10.2025 21:45	88.312	88.312	88.311	88.311	3
23.10.2025 22:00	88.31	88.312	88.31	88.312	3
24.10.2025 09:15	88.583	88.583	88.583	88.583	1
24.10.2025 09:30	88.444	88.444	88.444	88.444	1
24.10.2025 09:45	88.482	88.482	88.477	88.477	4
24.10.2025 10:00	88.341	88.441	88.22	88.392	8
24.10.2025 10:15	88.059	88.059	88.059	88.059	1
24.10.2025 10:30	88.123	88.123	88.025	88.025	6
24.10.2025 10:45	88.025	88.204	88.0	88.204	4
24.10.2025 11:00	88.315	88.316	88.315	88.316	3
24.10.2025 11:15	88.316	88.316	88.284	88.284	2
24.10.2025 12:00	88.016	88.016	88.016	88.016	1
24.10.2025 12:15	88.04	88.12	88.04	88.12	2
24.10.2025 12:30	88.142	88.144	88.142	88.144	2
24.10.2025 12:45	88.213	88.357	88.157	88.157	3
24.10.2025 13:00	88.075	88.075	88.0	88.024	9
24.10.2025 13:15	87.989	87.989	87.989	87.989	1
24.10.2025 13:30	88.081	88.148	88.0	88.14	40
24.10.2025 13:45	87.8	87.8	87.392	87.649	18
24.10.2025 14:00	87.258	87.258	87.23	87.23	2
24.10.2025 14:15	87.214	87.215	86.851	86.851	35
24.10.2025 14:30	87.025	87.347	87.025	87.318	11
24.10.2025 14:45	87.363	87.431	87.285	87.308	11
24.10.2025 15:00	87.258	87.258	87.258	87.258	1
24.10.2025 15:15	87.236	87.236	86.894	86.894	8
24.10.2025 15:30	86.888	86.888	86.735	86.868	10
24.10.2025 15:45	86.889	87.061	86.734	86.913	12
24.10.2025 16:00	87.058	87.077	87.041	87.077	5
24.10.2025 16:15	87.065	87.065	86.932	86.956	25
24.10.2025 16:30	86.987	87.066	86.945	86.945	64
24.10.2025 16:45	86.856	86.916	86.666	86.739	30
24.10.2025 17:00	86.544	86.567	86.444	86.566	247
24.10.2025 17:15	86.49	86.594	86.49	86.529	5
24.10.2025 17:30	86.6	86.6	86.6	86.6	1
24.10.2025 17:45	86.318	86.387	86.225	86.387	45
24.10.2025 18:00	86.39	86.457	86.36	86.457	6
24.10.2025 18:15	86.523	86.523	86.437	86.437	7
24.10.2025 18:30	86.386	86.387	86.386	86.387	3
24.10.2025 18:45	86.493	86.493	86.493	86.493	6
24.10.2025 19:00	86.431	86.494	86.431	86.494	73
24.10.2025 19:15	86.481	86.481	86.386	86.386	12
24.10.2025 20:00	86.491	86.492	86.491	86.492	2
24.10.2025 20:45	86.492	86.531	86.492	86.531	3
24.10.2025 21:00	86.45	86.45	86.45	86.45	1
24.10.2025 22:30	86.504	86.504	86.5	86.5	2
24.10.2025 22:45	86.45	86.45	86.45	86.45	1
24.10.2025 23:00	86.4	86.4	86.4	86.4	1
27.10.2025 09:00	86.397	86.397	86.0	86.046	14
27.10.2025 09:15	86.05	86.098	86.0	86.0	7
27.10.2025 09:30	86.0	86.0	85.954	85.954	4
27.10.2025 09:45	85.999	86.075	85.877	85.907	10
27.10.2025 10:00	85.783	85.783	85.478	85.478	28
27.10.2025 10:15	85.5	85.527	85.285	85.5	19
27.10.2025 10:30	85.48	85.678	85.48	85.678	4
27.10.2025 10:45	85.702	85.73	85.681	85.73	3
27.10.2025 11:00	85.73	85.73	85.681	85.681	6
27.10.2025 11:15	85.788	85.802	85.76	85.77	4
27.10.2025 11:30	85.808	85.809	85.68	85.68	13
27.10.2025 11:45	85.778	85.778	85.778	85.778	1
27.10.2025 12:00	85.627	85.627	85.627	85.627	1
27.10.2025 12:30	85.892	85.902	85.892	85.902	2
27.10.2025 12:45	85.897	85.897	85.897	85.897	1
27.10.2025 13:15	85.716	85.717	85.716	85.717	3
27.10.2025 13:30	85.736	85.736	85.701	85.736	9
27.10.2025 13:45	85.701	86.006	85.667	86.006	3
27.10.2025 14:15	85.636	85.636	85.636	85.636	1
27.10.2025 15:00	85.914	85.944	85.809	85.809	7
27.10.2025 15:30	85.989	85.989	85.906	85.977	3
27.10.2025 15:45	86.006	86.006	85.993	85.994	3
27.10.2025 16:00	85.986	86.078	85.986	86.078	15
27.10.2025 16:15	86.066	86.066	86.044	86.044	2
27.10.2025 17:00	85.88	85.901	85.88	85.88	13
27.10.2025 17:15	85.801	85.852	85.801	85.843	8
27.10.2025 17:30	86.059	86.059	85.913	85.917	65
27.10.2025 17:45	85.911	85.911	85.91	85.91	3
27.10.2025 18:00	85.895	85.895	85.895	85.895	1
27.10.2025 18:15	85.835	86.102	85.835	86.077	5
27.10.2025 18:30	86.078	86.601	86.078	86.6	17
27.10.2025 18:45	86.667	86.69	86.667	86.69	2
27.10.2025 19:00	86.65	86.65	86.5	86.5	7
27.10.2025 19:15	86.472	86.611	86.472	86.611	5
27.10.2025 19:45	86.733	86.733	86.733	86.733	1
27.10.2025 20:15	86.702	86.702	86.702	86.702	1
27.10.2025 21:30	86.672	86.672	86.672	86.672	1
27.10.2025 23:15	86.637	86.689	86.434	86.654	26
27.10.2025 23:30	86.667	86.667	86.667	86.667	1
28.10.2025 09:00	86.475	86.475	86.411	86.411	3
28.10.2025 09:45	86.405	86.803	86.405	86.803	5
28.10.2025 10:00	86.902	87.052	86.464	86.464	16
28.10.2025 10:15	86.464	86.602	86.354	86.519	7
28.10.2025 10:30	86.493	86.493	86.493	86.493	2
28.10.2025 10:45	86.705	86.705	86.705	86.705	1
28.10.2025 11:00	86.754	86.803	86.754	86.803	4
28.10.2025 11:15	86.858	86.902	86.858	86.877	4
28.10.2025 11:30	86.849	86.849	86.849	86.849	1
28.10.2025 11:45	86.735	86.842	86.735	86.842	4
28.10.2025 12:15	86.759	86.759	86.759	86.759	1
28.10.2025 12:30	86.715	86.715	86.715	86.715	2
28.10.2025 12:45	86.759	86.759	86.759	86.759	4
28.10.2025 13:00	86.799	86.799	86.799	86.799	2
28.10.2025 13:15	86.608	86.623	86.541	86.558	12
28.10.2025 13:30	86.5	86.552	86.461	86.552	7
28.10.2025 13:45	86.359	86.359	86.359	86.359	1
28.10.2025 14:00	86.306	86.306	86.233	86.233	2
28.10.2025 14:15	86.221	86.283	86.221	86.283	4
28.10.2025 14:30	86.27	86.27	86.27	86.27	2
28.10.2025 14:45	86.206	86.206	86.206	86.206	1
28.10.2025 15:00	86.434	86.445	86.434	86.445	2
28.10.2025 15:15	86.552	86.553	86.457	86.457	35
28.10.2025 15:30	86.39	86.39	86.326	86.326	3
28.10.2025 15:45	86.269	86.269	86.1	86.249	20
28.10.2025 16:15	86.257	86.257	86.245	86.245	3
28.10.2025 16:30	86.187	86.242	86.187	86.242	2
28.10.2025 17:00	86.281	86.281	86.281	86.281	1
28.10.2025 17:15	86.436	86.436	86.334	86.334	2
28.10.2025 17:30	86.372	86.372	86.372	86.372	1
28.10.2025 18:00	86.208	86.208	86.208	86.208	1
28.10.2025 18:15	86.17	86.17	86.101	86.101	2
28.10.2025 18:30	86.001	86.001	86.0	86.0	2
28.10.2025 19:30	86.206	86.206	86.206	86.206	1
28.10.2025 21:15	86.303	86.303	86.303	86.303	1
28.10.2025 21:45	86.25	86.251	86.25	86.251	2
29.10.2025 09:00	86.34	86.34	86.34	86.34	1
29.10.2025 09:30	86.451	86.5	86.451	86.463	8
29.10.2025 10:00	86.498	86.498	86.392	86.396	7
29.10.2025 10:15	86.407	86.407	86.231	86.304	14
29.10.2025 10:30	86.294	86.294	86.101	86.2	174
29.10.2025 10:45	86.162	86.206	86.162	86.206	2
29.10.2025 11:00	86.197	86.197	86.197	86.197	1
29.10.2025 11:15	86.231	86.231	86.132	86.132	2
29.10.2025 11:30	86.136	86.136	86.136	86.136	1
29.10.2025 11:45	86.275	86.303	86.275	86.303	3
29.10.2025 12:00	86.308	86.348	86.246	86.246	4
29.10.2025 12:30	86.407	86.425	86.407	86.425	3
29.10.2025 12:45	86.417	86.503	86.417	86.447	4
29.10.2025 13:00	86.604	86.604	86.448	86.448	3
29.10.2025 13:15	86.702	86.802	86.702	86.789	4
29.10.2025 13:30	86.654	86.842	86.654	86.796	7
29.10.2025 13:45	86.796	86.796	86.749	86.749	21
29.10.2025 14:15	86.691	86.793	86.691	86.793	2
29.10.2025 14:30	86.737	86.737	86.737	86.737	1
29.10.2025 15:15	86.5	86.5	86.5	86.5	1
29.10.2025 15:30	86.519	86.563	86.519	86.563	2
29.10.2025 15:45	86.511	86.568	86.511	86.568	2
29.10.2025 16:15	86.662	86.662	86.6	86.6	3
29.10.2025 17:00	86.6	86.61	86.6	86.61	2
29.10.2025 17:15	86.61	86.61	86.601	86.601	7
29.10.2025 17:30	86.54	86.695	86.471	86.694	5
29.10.2025 17:45	86.508	86.508	86.508	86.508	2
29.10.2025 18:00	86.694	86.7	86.694	86.699	3
29.10.2025 18:15	86.703	86.703	86.6	86.6	25
29.10.2025 18:30	86.568	86.866	86.568	86.604	51
29.10.2025 20:45	86.725	86.725	86.725	86.725	1
29.10.2025 21:00	86.692	86.692	86.692	86.692	1
29.10.2025 21:30	86.781	86.906	86.707	86.707	3
29.10.2025 22:30	86.76	86.76	86.76	86.76	1
29.10.2025 22:45	86.688	86.688	86.688	86.688	1
29.10.2025 23:15	86.688	86.688	86.688	86.688	1
29.10.2025 23:30	86.642	86.642	86.642	86.642	1
30.10.2025 09:00	86.79	86.79	86.79	86.79	1
30.10.2025 09:15	86.823	86.823	86.82	86.82	2
30.10.2025 09:30	87.1	87.102	86.944	87.074	7
30.10.2025 09:45	87.075	87.126	87.034	87.084	11
30.10.2025 10:00	87.149	87.149	87.093	87.093	2
30.10.2025 10:15	87.206	87.303	87.206	87.303	2
30.10.2025 10:30	87.407	87.502	87.407	87.502	2
30.10.2025 10:45	87.298	87.298	87.24	87.297	3
30.10.2025 11:00	87.297	87.502	87.297	87.502	7
30.10.2025 11:15	87.4	87.4	87.4	87.4	1
30.10.2025 11:30	87.4	87.4	87.4	87.4	3
30.10.2025 12:00	87.4	87.4	87.4	87.4	6
30.10.2025 12:30	87.38	87.38	87.38	87.38	1
30.10.2025 12:45	87.514	87.602	87.514	87.602	3
30.10.2025 13:00	87.556	87.63	87.535	87.535	11
30.10.2025 13:15	87.559	87.559	87.559	87.559	1
30.10.2025 13:45	87.571	87.571	87.571	87.571	1
30.10.2025 14:00	87.609	87.609	87.486	87.486	2
30.10.2025 14:15	87.702	87.703	87.702	87.703	2
30.10.2025 14:30	87.7	87.7	87.519	87.519	7
30.10.2025 14:45	87.42	87.435	87.402	87.435	5
30.10.2025 15:30	87.38	87.38	87.284	87.284	2
30.10.2025 16:00	87.28	87.28	87.266	87.266	2
30.10.2025 16:15	87.18	87.18	87.063	87.064	10
30.10.2025 16:45	87.1	87.239	87.1	87.239	5
30.10.2025 17:15	87.109	87.109	87.075	87.075	2
30.10.2025 17:45	87.01	87.01	86.897	87.007	5
30.10.2025 18:00	87.205	87.224	87.205	87.224	4
30.10.2025 18:15	87.152	87.152	87.152	87.152	1
30.10.2025 18:30	87.303	87.303	87.303	87.303	1
30.10.2025 21:30	87.3	87.3	87.3	87.3	1
30.10.2025 22:00	87.386	87.386	87.386	87.386	1
30.10.2025 23:00	87.407	87.407	87.407	87.407	1
31.10.2025 09:00	87.426	87.426	87.426	87.426	1
31.10.2025 09:15	87.505	87.505	87.505	87.505	1
31.10.2025 09:45	87.331	87.331	87.331	87.331	1
31.10.2025 10:00	87.352	87.602	87.119	87.583	68
31.10.2025 10:15	87.702	87.702	87.545	87.595	3
31.10.2025 10:45	87.465	87.465	87.465	87.465	1
31.10.2025 11:15	87.612	87.612	87.612	87.612	1
31.10.2025 11:30	87.637	87.637	87.637	87.637	1
31.10.2025 12:00	87.608	87.623	87.585	87.585	7
31.10.2025 12:15	87.621	87.655	87.606	87.606	6
31.10.2025 13:15	87.495	87.495	87.495	87.495	1
31.10.2025 13:30	87.495	87.495	87.495	87.495	1
31.10.2025 14:15	87.607	87.705	87.607	87.705	5
31.10.2025 14:30	87.7	87.7	87.7	87.7	1
31.10.2025 15:00	87.59	87.59	87.59	87.59	1
31.10.2025 15:15	87.469	87.469	87.469	87.469	1
31.10.2025 15:45	87.38	87.38	87.25	87.25	16
31.10.2025 16:00	87.25	87.25	87.18	87.18	47
31.10.2025 16:15	87.291	87.291	87.291	87.291	2
31.10.2025 16:30	87.29	87.29	87.29	87.29	1
31.10.2025 16:45	87.322	87.323	87.097	87.097	15
31.10.2025 17:15	86.981	86.982	86.95	86.95	3
31.10.2025 17:30	87.02	87.086	86.919	86.919	14
31.10.2025 17:45	86.965	87.204	86.965	86.997	35
31.10.2025 18:00	87.15	87.15	87.0	87.034	46
31.10.2025 18:15	87.045	87.05	86.978	87.05	7
31.10.2025 18:30	87.05	87.074	87.047	87.047	5
31.10.2025 18:45	87.0	87.0	87.0	87.0	23
31.10.2025 19:00	87.002	87.002	87.002	87.002	1
31.10.2025 20:30	87.152	87.167	87.152	87.152	6
31.10.2025 21:30	87.069	87.069	87.068	87.068	7
31.10.2025 21:45	87.036	87.089	87.036	87.089	6
31.10.2025 22:00	87.002	87.007	87.002	87.007	3
31.10.2025 22:45	87.108	87.11	87.093	87.11	6
31.10.2025 23:45	86.968	86.968	86.968	86.968	1
01.11.2025 09:30	86.9	86.9	86.9	86.9	2
01.11.2025 09:45	86.82	86.82	86.713	86.713	3
01.11.2025 10:00	86.667	86.783	86.667	86.763	29
01.11.2025 10:15	86.58	86.62	86.58	86.62	29
01.11.2025 10:45	86.6	86.672	86.6	86.672	2
01.11.2025 11:00	86.631	86.631	86.63	86.63	2
01.11.2025 12:15	86.802	86.845	86.802	86.845	2
01.11.2025 14:30	86.903	86.903	86.903	86.903	1
01.11.2025 14:45	87.176	87.176	87.145	87.145	3
01.11.2025 15:00	87.181	87.181	87.177	87.177	2
01.11.2025 16:15	87.039	87.039	87.039	87.039	1
01.11.2025 16:45	87.007	87.007	87.007	87.007	2
01.11.2025 17:30	87.026	87.026	87.026	87.026	1
01.11.2025 18:00	87.112	87.112	87.112	87.112	1
01.11.2025 18:15	87.153	87.153	87.153	87.153	1
03.11.2025 09:00	87.205	87.257	87.205	87.257	3
03.11.2025 09:30	87.154	87.154	87.154	87.154	1
03.11.2025 10:00	87.037	87.037	86.81	86.81	8
03.11.2025 10:15	86.705	86.705	86.698	86.698	2
03.11.2025 10:30	86.831	86.831	86.802	86.802	2
03.11.2025 11:00	86.812	86.904	86.812	86.904	2
03.11.2025 11:30	86.905	86.913	86.856	86.856	21
03.11.2025 12:00	86.834	86.834	86.823	86.823	2
03.11.2025 12:15	86.894	86.894	86.852	86.854	14
03.11.2025 12:30	86.941	86.942	86.941	86.942	3
03.11.2025 12:45	86.952	86.972	86.952	86.972	7
03.11.2025 13:00	86.972	86.972	86.941	86.941	2
03.11.2025 13:30	86.851	86.851	86.598	86.688	9
03.11.2025 13:45	86.686	86.705	86.553	86.553	30
03.11.2025 14:00	86.534	86.623	86.516	86.516	18
03.11.2025 14:15	86.501	86.501	86.241	86.285	53
03.11.2025 15:00	86.35	86.35	86.35	86.35	1
03.11.2025 15:30	86.452	86.456	86.452	86.456	2
03.11.2025 15:45	86.445	86.445	86.423	86.423	4
03.11.2025 16:00	86.415	86.415	86.37	86.395	8
03.11.2025 16:15	86.409	86.449	86.395	86.449	18
03.11.2025 16:30	86.449	86.449	86.427	86.427	9
03.11.2025 16:45	86.427	86.47	86.427	86.47	24
03.11.2025 17:00	86.42	86.451	86.415	86.445	67
03.11.2025 17:15	86.435	86.438	86.435	86.438	7
03.11.2025 17:30	86.425	86.425	86.425	86.425	2
03.11.2025 17:45	86.389	86.389	86.389	86.389	50
03.11.2025 18:00	86.368	86.534	86.301	86.301	12
03.11.2025 18:15	86.28	86.28	86.162	86.162	18
03.11.2025 19:00	86.209	86.259	86.209	86.243	18
03.11.2025 19:30	86.359	86.361	86.349	86.352	19
03.11.2025 19:45	86.312	86.313	86.312	86.313	4
03.11.2025 20:00	86.309	86.309	86.284	86.284	10
03.11.2025 20:15	86.27	86.27	86.268	86.268	6
03.11.2025 21:15	86.308	86.366	86.308	86.366	5
03.11.2025 21:30	86.34	86.34	86.34	86.34	2
03.11.2025 21:45	86.377	86.45	86.377	86.45	3
03.11.2025 22:00	86.452	86.463	86.452	86.463	3
03.11.2025 23:15	86.502	86.502	86.476	86.476	2
05.11.2025 09:00	86.602	86.628	86.602	86.604	3
05.11.2025 09:30	86.61	86.633	86.61	86.633	2
05.11.2025 09:45	86.702	86.766	86.702	86.766	2
05.11.2025 10:00	86.902	87.206	86.902	87.206	13
05.11.2025 10:15	87.3	87.329	87.204	87.23	9
05.11.2025 10:30	87.189	87.452	87.189	87.411	6
05.11.2025 10:45	87.487	87.538	87.436	87.538	5
05.11.2025 11:00	87.625	87.64	87.53	87.53	4
05.11.2025 11:15	87.431	87.501	87.431	87.501	2
05.11.2025 11:30	87.493	87.493	87.493	87.493	1
05.11.2025 11:45	87.499	87.599	87.499	87.599	41
05.11.2025 12:15	87.602	87.8	87.566	87.566	9
05.11.2025 12:45	87.53	87.53	87.529	87.529	2
05.11.2025 13:00	87.525	87.584	87.525	87.584	2
05.11.2025 13:15	87.76	87.983	87.731	87.983	9
05.11.2025 13:30	88.0	88.113	87.941	87.952	5
05.11.2025 13:45	88.002	88.002	87.949	87.951	3
05.11.2025 14:15	88.001	88.001	87.739	87.739	41
05.11.2025 14:30	87.829	87.861	87.829	87.861	2
05.11.2025 15:00	87.942	87.942	87.942	87.942	1
05.11.2025 15:15	87.945	87.998	87.922	87.922	13
05.11.2025 15:30	87.896	87.898	87.896	87.898	2
05.11.2025 15:45	87.757	87.757	87.757	87.757	7
05.11.2025 16:00	87.753	87.753	87.753	87.753	2
05.11.2025 16:30	87.76	87.76	87.76	87.76	1
05.11.2025 16:45	87.783	87.869	87.783	87.869	5
05.11.2025 17:15	87.876	87.886	87.876	87.884	3
05.11.2025 17:30	87.93	87.93	87.93	87.93	1
05.11.2025 17:45	87.857	87.858	87.823	87.832	36
05.11.2025 18:15	87.835	87.835	87.835	87.835	1
05.11.2025 19:00	88.009	88.098	88.009	88.032	5
05.11.2025 19:15	88.029	88.029	87.992	87.992	2
05.11.2025 20:00	87.992	87.992	87.992	87.992	2
05.11.2025 21:15	87.981	87.981	87.981	87.981	2
05.11.2025 23:00	88.012	88.013	88.012	88.013	2
06.11.2025 09:00	88.068	88.102	87.807	87.807	5
06.11.2025 09:15	87.855	87.872	87.771	87.771	3
06.11.2025 09:30	87.934	87.935	87.934	87.935	5
06.11.2025 09:45	87.943	87.943	87.943	87.943	2
06.11.2025 10:00	87.943	87.943	87.943	87.943	2
06.11.2025 10:15	87.803	87.855	87.802	87.855	5
06.11.2025 10:30	87.724	87.734	87.574	87.574	10
06.11.2025 10:45	87.733	87.733	87.665	87.665	3
06.11.2025 11:00	87.764	87.768	87.764	87.768	2
06.11.2025 11:15	87.887	87.887	87.887	87.887	1
06.11.2025 11:45	87.735	87.735	87.735	87.735	1
06.11.2025 12:00	87.626	87.68	87.625	87.68	6
06.11.2025 12:30	87.652	87.652	87.604	87.644	20
06.11.2025 12:45	87.59	87.59	87.59	87.59	1
06.11.2025 13:00	87.501	87.501	87.408	87.411	48
06.11.2025 13:15	87.442	87.502	87.442	87.502	4
06.11.2025 13:30	87.514	87.514	87.514	87.514	1
06.11.2025 13:45	87.434	87.434	87.35	87.35	5
06.11.2025 14:00	87.34	87.34	87.337	87.337	5
06.11.2025 14:15	87.4	87.436	87.4	87.421	3
06.11.2025 14:30	87.387	87.491	87.387	87.491	5
06.11.2025 15:00	87.574	87.574	87.574	87.574	1
06.11.2025 15:15	87.519	87.553	87.519	87.553	2
06.11.2025 15:30	87.58	87.58	87.559	87.559	8
06.11.2025 15:45	87.663	87.664	87.542	87.542	4
06.11.2025 16:15	87.493	87.493	87.407	87.407	5
06.11.2025 16:30	87.348	87.348	87.348	87.348	1
06.11.2025 16:45	87.387	87.387	87.387	87.387	1
06.11.2025 17:00	87.346	87.347	87.346	87.347	3
06.11.2025 17:15	87.345	87.478	87.292	87.292	5
06.11.2025 18:00	87.379	87.379	87.379	87.379	1
06.11.2025 18:15	87.491	87.491	87.491	87.491	1
06.11.2025 18:30	87.53	87.53	87.53	87.53	1
06.11.2025 18:45	87.559	87.559	87.559	87.559	1
06.11.2025 21:00	87.505	87.505	87.505	87.505	1
06.11.2025 22:00	87.605	87.605	87.587	87.589	8
06.11.2025 23:15	87.634	87.634	87.634	87.634	1
06.11.2025 23:30	87.591	87.591	87.591	87.591	1
07.11.2025 09:00	87.73	87.859	87.649	87.8	20
07.11.2025 09:45	87.673	87.673	87.673	87.673	1
07.11.2025 10:00	87.744	87.744	87.519	87.519	3
07.11.2025 10:30	87.69	87.691	87.69	87.691	2
07.11.2025 11:15	87.407	87.407	87.385	87.385	7
07.11.2025 11:30	87.475	87.537	87.475	87.537	5
07.11.2025 12:45	87.471	87.471	87.471	87.471	3
07.11.2025 13:15	87.555	87.556	87.555	87.556	6
07.11.2025 14:30	87.466	87.466	87.466	87.466	4
07.11.2025 15:00	87.421	87.421	87.421	87.421	6
07.11.2025 16:00	87.3	87.3	87.01	87.018	9
07.11.2025 16:15	87.054	87.1	87.054	87.1	11
07.11.2025 16:30	87.128	87.133	87.128	87.132	3
07.11.2025 16:45	87.08	87.08	87.08	87.08	7
07.11.2025 17:00	87.005	87.042	87.0	87.042	4
07.11.2025 17:30	87.109	87.109	87.109	87.109	1
07.11.2025 18:15	87.198	87.198	87.198	87.198	1
07.11.2025 19:45	87.132	87.132	87.132	87.132	2
07.11.2025 21:00	87.283	87.283	87.283	87.283	1
07.11.2025 21:15	87.319	87.319	87.319	87.319	1
07.11.2025 21:30	87.227	87.227	87.227	87.227	1
07.11.2025 21:45	87.227	87.227	87.227	87.227	10
07.11.2025 23:00	87.267	87.317	87.267	87.317	2
07.11.2025 23:30	87.27	87.27	87.27	87.27	1
10.11.2025 09:00	87.269	87.3	87.206	87.208	15
10.11.2025 09:15	87.187	87.194	87.186	87.19	21
10.11.2025 09:30	87.087	87.093	87.08	87.087	9
10.11.2025 09:45	87.092	87.111	87.08	87.111	11
10.11.2025 10:00	87.331	87.407	87.331	87.36	13
10.11.2025 10:15	87.407	87.448	87.36	87.382	16
10.11.2025 10:30	87.329	87.329	87.21	87.21	39
10.11.2025 10:45	87.22	87.28	87.21	87.28	16
10.11.2025 11:00	87.3	87.336	87.294	87.336	10
10.11.2025 11:15	87.289	87.39	87.289	87.362	12
10.11.2025 11:30	87.368	87.38	87.349	87.38	36
10.11.2025 11:45	87.387	87.387	87.327	87.352	3
10.11.2025 12:00	87.3	87.307	87.3	87.307	7
10.11.2025 12:15	87.332	87.332	87.332	87.332	1
10.11.2025 12:45	87.342	87.342	87.342	87.342	1
10.11.2025 13:15	87.366	87.366	87.335	87.335	2
10.11.2025 13:30	87.403	87.552	87.403	87.515	8
10.11.2025 14:00	87.594	87.594	87.557	87.557	5
10.11.2025 14:30	87.511	87.517	87.367	87.367	39
10.11.2025 14:45	87.427	87.43	87.377	87.427	32
10.11.2025 15:00	87.502	87.54	87.463	87.54	19
10.11.2025 15:15	87.64	87.674	87.596	87.596	25
10.11.2025 15:30	87.645	87.645	87.645	87.645	1
10.11.2025 15:45	87.704	87.751	87.704	87.751	15
10.11.2025 16:00	87.656	87.672	87.645	87.645	3
10.11.2025 16:30	87.66	87.704	87.66	87.66	3
10.11.2025 16:45	87.645	87.645	87.645	87.645	1
10.11.2025 17:00	87.479	87.479	87.479	87.479	1
10.11.2025 17:15	87.539	87.539	87.539	87.539	2
10.11.2025 17:45	87.443	87.443	87.443	87.443	4
10.11.2025 18:00	87.426	87.486	87.426	87.486	2
10.11.2025 18:15	87.484	87.496	87.398	87.496	5
10.11.2025 18:30	87.519	87.519	87.519	87.519	4
10.11.2025 19:00	87.52	87.52	87.52	87.52	1
10.11.2025 19:30	87.473	87.473	87.473	87.473	3
10.11.2025 20:45	87.473	87.473	87.473	87.473	1
10.11.2025 22:15	87.625	87.625	87.625	87.625	1
10.11.2025 23:00	87.512	87.512	87.511	87.511	6
10.11.2025 23:15	87.473	87.473	87.473	87.473	2
10.11.2025 23:30	87.597	87.597	87.454	87.454	2
11.11.2025 09:00	87.455	87.486	87.421	87.421	7
11.11.2025 09:15	87.42	87.487	87.42	87.486	17
11.11.2025 09:30	87.574	87.574	87.49	87.49	22
11.11.2025 09:45	87.674	87.674	87.54	87.547	13
11.11.2025 10:00	87.649	87.939	87.649	87.939	10
11.11.2025 10:15	88.02	88.02	88.02	88.02	1
11.11.2025 10:30	87.902	87.922	87.875	87.875	5
11.11.2025 10:45	87.788	87.788	87.788	87.788	1
11.11.2025 11:30	87.903	87.903	87.895	87.895	17
11.11.2025 11:45	87.874	87.886	87.762	87.852	16
11.11.2025 12:15	87.575	87.618	87.575	87.612	10
11.11.2025 12:30	87.598	87.598	87.597	87.597	2
11.11.2025 13:15	87.598	87.598	87.597	87.597	2
11.11.2025 14:00	87.59	87.591	87.59	87.591	5
11.11.2025 14:15	87.63	87.684	87.454	87.454	14
11.11.2025 14:30	87.468	87.52	87.417	87.52	6
11.11.2025 14:45	87.56	87.56	87.51	87.542	11
11.11.2025 15:00	87.546	87.546	87.546	87.546	2
11.11.2025 15:15	87.546	87.546	87.546	87.546	39
11.11.2025 15:30	87.463	87.463	87.433	87.433	4
11.11.2025 16:00	87.402	87.402	87.188	87.188	7
11.11.2025 16:15	87.188	87.188	87.188	87.188	1
11.11.2025 16:30	87.107	87.126	87.107	87.126	5
11.11.2025 16:45	87.225	87.271	87.225	87.27	21
11.11.2025 17:00	87.069	87.069	86.91	86.965	27
11.11.2025 17:15	86.993	86.993	86.993	86.993	1
11.11.2025 17:30	87.055	87.084	87.049	87.084	13
11.11.2025 17:45	87.053	87.072	87.053	87.072	2
11.11.2025 18:15	87.206	87.206	87.206	87.206	1
11.11.2025 18:30	87.168	87.193	87.168	87.193	6
11.11.2025 18:45	87.156	87.156	87.156	87.156	1
11.11.2025 19:00	87.146	87.146	87.146	87.146	1
11.11.2025 19:15	87.124	87.124	87.124	87.124	1
11.11.2025 19:30	87.126	87.126	87.126	87.126	1
11.11.2025 20:45	87.219	87.219	87.219	87.219	1
11.11.2025 21:45	87.294	87.454	87.179	87.211	5
11.11.2025 22:00	87.185	87.21	87.184	87.186	8
11.11.2025 23:00	87.305	87.305	87.305	87.305	1
11.11.2025 23:30	87.232	87.232	87.201	87.201	2
12.11.2025 09:00	87.303	87.303	87.211	87.218	11
12.11.2025 09:15	87.27	87.272	87.27	87.272	4
12.11.2025 10:00	87.285	87.285	87.118	87.118	2
12.11.2025 10:15	87.439	87.439	87.439	87.439	1
12.11.2025 11:00	87.407	87.407	87.407	87.407	1
12.11.2025 11:15	87.439	87.505	87.439	87.505	3
12.11.2025 11:30	87.49	87.49	87.49	87.49	1
12.11.2025 11:45	87.529	87.56	87.529	87.555	15
12.11.2025 12:00	87.436	87.456	87.436	87.456	2
12.11.2025 12:15	87.444	87.444	87.444	87.444	1
12.11.2025 12:45	87.4	87.404	87.333	87.357	9
12.11.2025 13:00	87.325	87.401	87.325	87.401	6
12.11.2025 13:15	87.522	87.522	87.522	87.522	1
12.11.2025 13:45	87.521	87.521	87.521	87.521	1
12.11.2025 14:15	87.448	87.448	87.448	87.448	1
12.11.2025 14:30	87.45	87.452	87.45	87.45	13
12.11.2025 15:00	87.292	87.292	87.288	87.288	42
12.11.2025 15:30	87.108	87.108	87.108	87.108	1
12.11.2025 15:45	87.1	87.1	87.1	87.1	1
12.11.2025 16:00	87.224	87.224	87.224	87.224	1
12.11.2025 16:30	87.102	87.102	87.05	87.05	4
12.11.2025 16:45	87.002	87.079	87.0	87.079	10
12.11.2025 17:00	87.076	87.076	87.076	87.076	1
12.11.2025 17:15	86.971	86.971	86.971	86.971	10
12.11.2025 18:15	87.052	87.052	87.051	87.051	10
12.11.2025 18:30	87.143	87.157	87.143	87.157	4
12.11.2025 19:15	87.049	87.049	87.032	87.032	10
12.11.2025 20:15	87.175	87.175	87.175	87.175	1
12.11.2025 20:45	87.07	87.07	87.07	87.07	2
13.11.2025 09:00	87.01	87.01	86.98	86.98	3
13.11.2025 09:30	86.932	86.932	86.486	86.753	55
13.11.2025 09:45	86.726	86.77	86.695	86.77	13
13.11.2025 10:00	86.773	86.856	86.664	86.664	18
13.11.2025 10:15	86.655	86.846	86.655	86.846	5
13.11.2025 10:30	86.793	86.807	86.601	86.601	40
13.11.2025 11:00	86.613	86.66	86.613	86.66	2
13.11.2025 11:30	86.728	86.728	86.552	86.567	6
13.11.2025 11:45	86.632	86.632	86.466	86.466	13
13.11.2025 12:00	86.407	86.407	86.301	86.333	7
13.11.2025 12:15	86.362	86.475	86.362	86.475	5
13.11.2025 12:30	86.552	86.579	86.502	86.54	7
13.11.2025 13:00	86.521	86.521	86.521	86.521	1
13.11.2025 13:45	86.407	86.457	86.4	86.457	23
13.11.2025 14:15	86.34	86.365	86.253	86.267	27
13.11.2025 15:00	86.3	86.426	86.3	86.426	47
13.11.2025 15:45	86.544	86.602	86.544	86.602	3
13.11.2025 16:00	86.523	86.523	86.523	86.523	1
13.11.2025 16:15	86.577	86.577	86.577	86.577	1
13.11.2025 16:30	86.602	86.819	86.532	86.819	92
13.11.2025 16:45	86.818	86.828	86.778	86.778	8
13.11.2025 17:00	86.759	86.802	86.601	86.689	18
13.11.2025 17:15	86.665	86.688	86.631	86.631	17
13.11.2025 17:30	86.634	86.674	86.634	86.674	4
13.11.2025 17:45	86.559	86.613	86.555	86.613	8
13.11.2025 18:00	86.556	86.702	86.556	86.702	5
13.11.2025 18:15	86.655	86.757	86.535	86.726	9
13.11.2025 18:30	86.802	86.802	86.802	86.802	1
13.11.2025 19:00	86.762	86.773	86.752	86.753	4
13.11.2025 21:00	86.698	86.698	86.698	86.698	1
13.11.2025 21:30	86.731	86.731	86.731	86.731	1
13.11.2025 22:30	86.755	86.755	86.755	86.755	2
13.11.2025 22:45	86.754	86.755	86.754	86.755	9
13.11.2025 23:00	86.799	86.813	86.799	86.799	6
13.11.2025 23:15	86.814	86.814	86.814	86.814	1
13.11.2025 23:30	86.773	86.773	86.773	86.773	1
14.11.2025 09:15	87.079	87.261	87.079	87.189	10
14.11.2025 09:30	87.222	87.62	87.222	87.257	20
14.11.2025 09:45	87.244	87.244	87.244	87.244	1
14.11.2025 10:00	87.335	87.356	87.169	87.26	14
14.11.2025 10:15	87.365	87.42	87.346	87.346	7
14.11.2025 10:30	87.301	87.407	87.144	87.407	4
14.11.2025 10:45	87.449	87.505	87.449	87.469	10
14.11.2025 11:00	87.463	87.463	87.463	87.463	1
14.11.2025 11:15	87.486	87.486	87.486	87.486	1
14.11.2025 11:30	87.392	87.392	87.301	87.301	3
14.11.2025 11:45	87.407	87.407	87.299	87.325	53
14.11.2025 12:00	87.308	87.368	87.201	87.201	37
14.11.2025 12:15	87.202	87.202	87.032	87.152	6
14.11.2025 12:30	87.152	87.152	87.152	87.152	1
14.11.2025 13:00	87.025	87.025	87.016	87.016	2
14.11.2025 14:00	87.014	87.014	86.98	87.0	7
14.11.2025 14:15	86.896	86.896	86.896	86.896	1
14.11.2025 15:00	86.942	86.942	86.896	86.917	3
14.11.2025 15:15	86.877	86.877	86.877	86.877	1
14.11.2025 15:30	87.0	87.0	87.0	87.0	1
14.11.2025 15:45	86.962	86.962	86.962	86.962	1
14.11.2025 16:00	87.04	87.04	87.04	87.04	1
14.11.2025 16:30	86.916	86.916	86.916	86.916	1
14.11.2025 17:30	87.016	87.016	86.988	86.988	3
14.11.2025 17:45	86.901	86.937	86.9	86.937	3
14.11.2025 18:30	86.958	86.958	86.958	86.958	1
14.11.2025 20:00	86.984	86.984	86.984	86.984	1
14.11.2025 20:30	86.948	86.948	86.948	86.948	1
14.11.2025 22:30	86.968	86.968	86.968	86.968	1
14.11.2025 23:00	86.968	86.968	86.968	86.968	2
14.11.2025 23:15	86.953	87.028	86.953	87.028	3
14.11.2025 23:30	87.068	87.068	87.068	87.068	2
17.11.2025 09:00	87.102	87.173	87.102	87.172	4
17.11.2025 09:15	87.33	87.33	87.33	87.33	1
17.11.2025 09:30	87.202	87.202	87.138	87.138	2
17.11.2025 09:45	87.14	87.14	87.14	87.14	1
17.11.2025 10:00	86.93	87.08	86.868	86.868	42
17.11.2025 10:15	86.868	87.253	86.868	87.253	25
17.11.2025 10:30	87.253	87.316	87.253	87.316	12
17.11.2025 10:45	87.388	87.408	87.383	87.383	12
17.11.2025 11:00	87.465	87.465	87.445	87.445	6
17.11.2025 11:15	87.423	87.423	87.423	87.423	1
17.11.2025 11:30	87.395	87.395	87.395	87.395	2
17.11.2025 11:45	87.427	87.427	87.425	87.425	2
17.11.2025 12:00	87.417	87.417	87.387	87.387	3
17.11.2025 12:15	87.343	87.343	87.343	87.343	4
17.11.2025 12:30	87.246	87.246	87.246	87.246	1
17.11.2025 13:00	87.201	87.201	87.201	87.201	2
17.11.2025 13:15	87.201	87.201	87.2	87.2	2
17.11.2025 13:30	87.104	87.172	87.104	87.169	4
17.11.2025 13:45	87.149	87.149	87.091	87.097	17
17.11.2025 14:00	87.072	87.072	87.072	87.072	1
17.11.2025 14:15	87.015	87.015	87.015	87.015	1
17.11.2025 14:30	87.042	87.042	87.042	87.042	1
17.11.2025 14:45	87.015	87.015	87.001	87.001	3
17.11.2025 15:00	86.894	86.905	86.878	86.89	104
17.11.2025 15:15	86.902	86.907	86.88	86.88	14
17.11.2025 15:30	86.873	86.873	86.845	86.845	57
17.11.2025 15:45	86.915	86.948	86.915	86.94	7
17.11.2025 16:00	86.935	86.936	86.926	86.933	42
17.11.2025 16:15	86.848	86.848	86.84	86.841	9
17.11.2025 16:45	86.81	86.81	86.778	86.78	12
17.11.2025 17:00	86.758	86.758	86.64	86.733	55
17.11.2025 17:15	86.763	86.802	86.755	86.758	67
17.11.2025 17:30	86.69	86.727	86.654	86.727	9
17.11.2025 17:45	86.649	86.65	86.649	86.65	4
17.11.2025 18:00	86.601	86.706	86.601	86.706	20
17.11.2025 18:30	86.71	86.71	86.71	86.71	1
17.11.2025 18:45	86.72	86.72	86.72	86.72	1
17.11.2025 19:15	86.745	86.745	86.745	86.745	1
17.11.2025 20:00	86.803	86.825	86.803	86.825	2
17.11.2025 20:30	86.825	86.825	86.825	86.825	2
17.11.2025 21:30	86.855	86.855	86.855	86.855	1
17.11.2025 22:30	86.902	86.902	86.902	86.902	1
17.11.2025 22:45	86.933	86.933	86.933	86.933	1
17.11.2025 23:15	86.889	86.889	86.889	86.889	1
18.11.2025 09:00	86.93	86.956	86.8	86.8	6
18.11.2025 09:15	86.796	86.796	86.796	86.796	1
18.11.2025 09:45	86.842	86.842	86.842	86.842	1
18.11.2025 10:15	86.717	86.717	86.692	86.706	4
18.11.2025 10:30	86.701	86.718	86.631	86.718	3
18.11.2025 10:45	86.752	86.752	86.733	86.733	2
18.11.2025 11:00	86.906	87.053	86.906	87.053	5
18.11.2025 11:15	86.989	87.151	86.989	87.092	9
18.11.2025 11:30	87.094	87.124	87.077	87.104	8
18.11.2025 11:45	87.161	87.183	87.15	87.155	8
18.11.2025 12:00	87.116	87.163	87.036	87.036	10
18.11.2025 12:15	87.023	87.036	87.023	87.036	2
18.11.2025 12:45	86.987	86.987	86.986	86.987	3
18.11.2025 13:00	87.066	87.066	87.066	87.066	1
18.11.2025 14:00	87.003	87.003	87.003	87.003	3
18.11.2025 14:30	86.912	86.953	86.912	86.953	2
18.11.2025 14:45	86.912	86.921	86.908	86.92	6
18.11.2025 15:00	86.94	86.94	86.94	86.94	1
18.11.2025 15:15	86.91	86.91	86.91	86.91	1
18.11.2025 15:30	86.916	86.928	86.916	86.916	3
18.11.2025 15:45	86.931	86.931	86.931	86.931	1
18.11.2025 16:00	86.93	86.941	86.872	86.924	15
18.11.2025 16:15	86.9	86.927	86.9	86.927	2
18.11.2025 16:30	87.066	87.066	87.066	87.066	1
18.11.2025 16:45	87.017	87.017	87.017	87.017	1
18.11.2025 17:00	86.962	87.011	86.962	87.011	2
18.11.2025 17:15	86.93	86.93	86.93	86.93	1
18.11.2025 17:30	86.969	86.969	86.969	86.969	1
18.11.2025 17:45	87.002	87.002	87.002	87.002	1
18.11.2025 18:00	87.05	87.05	87.05	87.05	5
18.11.2025 18:15	87.025	87.06	87.024	87.06	3
18.11.2025 18:30	87.05	87.05	87.01	87.01	115
18.11.2025 19:15	87.059	87.059	87.059	87.059	3
18.11.2025 19:30	87.059	87.059	87.059	87.059	7
18.11.2025 21:30	86.992	86.992	86.992	86.992	1
18.11.2025 21:45	87.035	87.036	87.035	87.036	10
18.11.2025 23:00	87.017	87.017	87.016	87.016	11
18.11.2025 23:15	87.056	87.056	87.056	87.056	1
18.11.2025 23:30	87.091	87.091	87.091	87.091	1
19.11.2025 09:00	87.092	87.092	87.092	87.092	1
19.11.2025 09:15	87.102	87.115	87.026	87.026	9
19.11.2025 09:30	86.929	86.929	86.929	86.929	1
19.11.2025 09:45	86.929	86.929	86.929	86.929	1
19.11.2025 10:00	86.83	86.83	86.83	86.83	10
19.11.2025 10:15	86.788	86.788	86.788	86.788	1
19.11.2025 10:45	86.822	86.822	86.821	86.821	4
19.11.2025 11:00	86.683	86.741	86.643	86.741	3
19.11.2025 11:15	86.732	86.732	86.641	86.679	6
19.11.2025 11:30	86.765	86.766	86.765	86.766	3
19.11.2025 11:45	86.766	86.779	86.698	86.779	7
19.11.2025 12:00	86.733	86.733	86.733	86.733	1
19.11.2025 12:15	86.76	86.76	86.754	86.754	2
19.11.2025 12:45	86.623	86.623	86.566	86.614	6
19.11.2025 13:00	86.6	86.7	86.6	86.7	6
19.11.2025 13:15	86.636	86.636	86.635	86.635	2
19.11.2025 13:45	86.742	86.776	86.742	86.75	10
19.11.2025 14:00	86.75	86.75	86.75	86.75	6
19.11.2025 14:15	86.744	86.744	86.644	86.644	5
19.11.2025 14:45	86.669	86.669	86.598	86.624	11
19.11.2025 15:00	86.552	86.675	86.552	86.675	8
19.11.2025 15:15	86.6	86.6	86.6	86.6	1
19.11.2025 15:30	86.6	86.6	86.589	86.589	2
19.11.2025 15:45	86.553	86.553	86.486	86.539	14
19.11.2025 16:00	86.484	86.484	86.3	86.399	30
19.11.2025 16:15	86.492	86.61	86.492	86.61	16
19.11.2025 16:30	86.602	86.65	86.578	86.578	10
19.11.2025 16:45	86.54	86.541	86.47	86.47	14
19.11.2025 17:00	86.499	86.51	86.471	86.5	21
19.11.2025 17:15	86.471	86.508	86.44	86.44	12
19.11.2025 17:30	86.45	86.45	86.439	86.439	6
19.11.2025 17:45	86.398	86.398	86.398	86.398	4
19.11.2025 18:00	86.412	86.42	86.321	86.363	13
19.11.2025 18:15	86.394	86.428	86.38	86.38	4
19.11.2025 18:30	86.371	86.374	86.22	86.23	282
19.11.2025 19:00	86.488	86.488	86.488	86.488	1
19.11.2025 19:15	86.512	86.521	86.512	86.521	3
19.11.2025 19:30	86.45	86.45	86.45	86.45	6
19.11.2025 20:00	86.431	86.441	86.431	86.441	7
19.11.2025 21:00	86.5	86.5	86.379	86.379	4
19.11.2025 21:30	86.522	86.522	86.497	86.511	18
19.11.2025 22:30	86.498	86.498	86.498	86.498	1
19.11.2025 22:45	86.558	86.57	86.549	86.549	5
19.11.2025 23:00	86.548	86.548	86.548	86.548	1
19.11.2025 23:15	86.545	86.549	86.54	86.54	4
19.11.2025 23:30	86.606	86.606	86.504	86.504	2
20.11.2025 09:00	86.579	86.58	86.579	86.58	9
20.11.2025 09:15	86.716	86.716	86.666	86.672	5
20.11.2025 10:00	86.567	86.672	86.499	86.588	11
20.11.2025 10:15	86.707	86.771	86.677	86.733	77
20.11.2025 10:30	86.775	86.833	86.773	86.775	112
20.11.2025 10:45	86.775	86.775	86.775	86.775	3
20.11.2025 11:00	86.659	86.659	86.573	86.62	4
20.11.2025 11:15	86.6	86.6	86.598	86.598	3
20.11.2025 11:30	86.566	86.566	86.541	86.541	11
20.11.2025 11:45	86.578	86.578	86.578	86.578	2
20.11.2025 12:00	86.455	86.489	86.455	86.489	4
20.11.2025 12:15	86.398	86.406	86.24	86.24	6
20.11.2025 12:30	86.312	86.331	86.278	86.279	12
20.11.2025 12:45	86.24	86.295	86.24	86.258	5
20.11.2025 13:00	86.328	86.328	86.328	86.328	1
20.11.2025 13:15	86.266	86.299	86.266	86.298	3
20.11.2025 13:30	86.25	86.374	86.17	86.288	32
20.11.2025 13:45	86.246	86.246	86.246	86.246	1
20.11.2025 14:00	86.31	86.31	86.31	86.31	1
20.11.2025 14:15	86.144	86.227	86.11	86.227	17
20.11.2025 14:30	86.257	86.283	86.21	86.21	10
20.11.2025 14:45	86.226	86.226	86.226	86.226	3
20.11.2025 15:00	86.349	86.377	86.349	86.377	2
20.11.2025 15:15	86.349	86.349	86.275	86.3	5
20.11.2025 16:15	86.193	86.193	86.054	86.111	5
20.11.2025 16:30	86.069	86.069	85.999	85.999	24
20.11.2025 16:45	86.05	86.05	85.976	85.985	20
20.11.2025 17:00	85.9	85.901	85.824	85.829	126
20.11.2025 17:15	85.842	85.872	85.842	85.872	2
20.11.2025 17:30	85.878	85.887	85.789	85.789	91
20.11.2025 17:45	85.761	85.851	85.73	85.779	37
20.11.2025 18:00	85.851	85.911	85.851	85.911	18
20.11.2025 18:15	85.774	85.835	85.774	85.798	16
20.11.2025 18:30	85.798	85.798	85.798	85.798	7
20.11.2025 18:45	85.702	85.702	85.604	85.702	33
20.11.2025 20:00	85.84	85.84	85.84	85.84	1
20.11.2025 20:45	85.885	86.313	85.702	85.715	25
20.11.2025 21:00	85.604	85.604	85.5	85.5	6
20.11.2025 21:15	85.633	85.633	85.55	85.55	33
20.11.2025 21:30	85.601	85.638	85.601	85.638	2
20.11.2025 21:45	85.573	85.573	85.496	85.51	53
20.11.2025 22:00	85.549	85.549	85.549	85.549	1
20.11.2025 22:15	85.48	85.48	85.47	85.475	9
20.11.2025 22:30	85.48	85.484	85.449	85.484	3
20.11.2025 23:00	85.614	85.615	85.436	85.436	9
20.11.2025 23:15	85.448	85.449	85.438	85.438	6
20.11.2025 23:30	85.428	85.451	85.426	85.428	16
21.11.2025 09:00	85.429	85.669	85.401	85.477	35
21.11.2025 09:15	85.414	85.485	85.414	85.485	4
21.11.2025 09:30	85.527	85.582	85.44	85.44	21
21.11.2025 09:45	85.44	85.44	85.44	85.44	5
21.11.2025 10:00	85.303	85.312	84.7	84.822	450
21.11.2025 10:15	84.753	84.753	84.434	84.597	206
21.11.2025 10:30	84.487	84.724	84.487	84.693	16
21.11.2025 10:45	84.671	84.671	84.524	84.624	56
21.11.2025 11:00	84.603	84.606	84.542	84.589	19
21.11.2025 11:15	84.514	84.517	84.425	84.511	42
21.11.2025 11:30	84.445	84.445	84.372	84.41	151
21.11.2025 11:45	84.331	84.474	84.331	84.474	8
21.11.2025 12:00	84.602	84.651	84.602	84.651	4
21.11.2025 12:15	84.687	84.753	84.687	84.753	5
21.11.2025 12:30	84.809	84.809	84.662	84.684	36
21.11.2025 12:45	84.65	84.65	84.633	84.634	23
21.11.2025 13:00	84.615	84.615	84.567	84.597	25
21.11.2025 13:15	84.618	84.731	84.618	84.692	19
21.11.2025 13:45	84.613	84.637	84.613	84.637	6
21.11.2025 14:00	84.582	84.582	84.551	84.551	9
21.11.2025 14:15	84.531	84.66	84.474	84.54	10
21.11.2025 14:30	84.502	84.502	84.487	84.498	10
21.11.2025 14:45	84.47	84.5	84.444	84.5	27
21.11.2025 15:00	84.444	84.606	84.444	84.453	72
21.11.2025 15:15	84.454	84.594	84.453	84.455	126
21.11.2025 15:30	84.472	84.598	84.4	84.525	43
21.11.2025 15:45	84.534	84.534	84.5	84.5	2
21.11.2025 16:00	84.586	84.616	84.586	84.616	5
21.11.2025 16:15	84.668	84.668	84.653	84.653	3
21.11.2025 16:30	84.702	84.745	84.702	84.742	3
21.11.2025 16:45	84.802	84.802	84.802	84.802	1
21.11.2025 17:30	84.873	84.888	84.873	84.888	5
21.11.2025 17:45	84.854	84.854	84.854	84.854	1
21.11.2025 18:00	84.922	84.972	84.912	84.972	8
21.11.2025 18:15	84.886	84.938	84.886	84.938	10
21.11.2025 18:30	84.7	84.7	84.645	84.645	4
21.11.2025 19:00	84.865	84.867	84.813	84.833	13
21.11.2025 19:15	84.842	84.842	84.842	84.842	2
21.11.2025 19:45	84.8	84.8	84.8	84.8	1
21.11.2025 20:15	84.77	84.77	84.77	84.77	6
21.11.2025 20:30	84.717	84.749	84.717	84.749	2
21.11.2025 21:00	84.817	84.817	84.724	84.724	2
21.11.2025 21:15	84.707	84.707	84.707	84.707	1
21.11.2025 21:30	84.817	84.817	84.711	84.711	2
21.11.2025 23:00	84.619	84.619	84.469	84.469	49
21.11.2025 23:45	84.745	84.745	84.745	84.745	1
24.11.2025 09:00	84.778	84.778	84.484	84.495	33
24.11.2025 09:15	84.783	84.803	84.783	84.803	9
24.11.2025 09:45	84.624	84.624	84.623	84.623	2
24.11.2025 10:00	84.699	84.934	84.501	84.583	182
24.11.2025 10:15	84.462	84.462	84.153	84.153	128
24.11.2025 10:30	84.493	84.587	84.493	84.587	6
24.11.2025 10:45	84.565	84.704	84.565	84.653	4
24.11.2025 11:00	84.521	84.521	84.42	84.42	9
24.11.2025 11:15	84.5	84.5	84.5	84.5	5
24.11.2025 11:30	84.503	84.558	84.503	84.555	11
24.11.2025 11:45	84.573	84.573	84.573	84.573	1
24.11.2025 12:00	84.535	84.535	84.5	84.5	5
24.11.2025 12:15	84.462	84.462	84.4	84.4	4
24.11.2025 12:30	84.445	84.445	84.445	84.445	1
24.11.2025 12:45	84.432	84.489	84.432	84.489	3
24.11.2025 13:00	84.4	84.4	84.4	84.4	3
24.11.2025 13:15	84.353	84.353	84.289	84.338	31
24.11.2025 13:30	84.3	84.389	84.021	84.231	235
24.11.2025 13:45	84.231	84.231	84.063	84.072	71
24.11.2025 14:00	84.275	84.353	84.198	84.198	6
24.11.2025 14:15	84.145	84.205	84.144	84.205	5
24.11.2025 14:30	84.185	84.303	84.185	84.251	4
24.11.2025 14:45	84.274	84.274	84.232	84.232	6
24.11.2025 15:00	84.197	84.48	84.197	84.424	14
24.11.2025 15:15	84.295	84.379	84.221	84.379	7
24.11.2025 15:30	84.4	84.4	84.4	84.4	4
24.11.2025 15:45	84.325	84.325	84.325	84.325	1
24.11.2025 16:00	84.302	84.302	84.296	84.296	2
24.11.2025 16:15	84.338	84.364	84.338	84.364	4
24.11.2025 16:30	84.244	84.244	84.244	84.244	1
24.11.2025 16:45	84.222	84.223	84.222	84.223	10
24.11.2025 17:15	84.224	84.224	84.223	84.223	2
24.11.2025 17:30	84.136	84.136	84.136	84.136	1
24.11.2025 17:45	84.21	84.25	84.21	84.25	2
24.11.2025 18:00	84.265	84.265	84.265	84.265	1
24.11.2025 18:30	84.224	84.23	84.224	84.23	7
24.11.2025 19:15	84.294	84.294	84.294	84.294	5
24.11.2025 19:30	84.224	84.224	84.224	84.224	1
24.11.2025 19:45	84.167	84.167	84.039	84.039	26
24.11.2025 20:00	84.098	84.098	84.098	84.098	1
24.11.2025 20:15	84.226	84.281	84.226	84.281	3
24.11.2025 21:00	84.205	84.205	84.205	84.205	1
24.11.2025 21:15	84.141	84.175	84.139	84.175	3
24.11.2025 22:45	84.192	84.259	84.19	84.259	5
24.11.2025 23:15	84.29	84.298	84.29	84.298	7
24.11.2025 23:30	84.193	84.329	84.193	84.329	6
25.11.2025 09:00	84.219	84.242	84.219	84.242	2
25.11.2025 09:30	84.102	84.102	84.102	84.102	1
25.11.2025 10:00	84.12	84.3	84.0	84.3	8
25.11.2025 10:15	84.298	84.298	84.25	84.25	36
25.11.2025 10:30	84.406	84.407	84.4	84.407	4
25.11.2025 10:45	84.476	84.505	84.476	84.48	6
25.11.2025 11:00	84.399	84.418	84.399	84.418	2
25.11.2025 11:15	84.457	84.457	84.434	84.434	2
25.11.2025 12:00	84.478	84.478	84.478	84.478	1
25.11.2025 12:15	84.413	84.413	84.38	84.38	2
25.11.2025 12:45	84.345	84.345	84.335	84.335	2
25.11.2025 13:00	84.571	84.588	84.535	84.538	6
25.11.2025 13:15	84.602	84.781	84.602	84.781	5
25.11.2025 13:30	84.872	85.002	84.847	84.847	7
25.11.2025 13:45	84.902	84.905	84.902	84.905	2
25.11.2025 14:00	84.903	84.933	84.903	84.911	30
25.11.2025 14:15	84.87	84.87	84.87	84.87	1
25.11.2025 14:45	84.824	84.86	84.8	84.8	5
25.11.2025 15:00	84.82	84.82	84.751	84.751	12
25.11.2025 15:15	84.8	84.832	84.795	84.832	3
25.11.2025 15:30	84.845	84.865	84.698	84.698	17
25.11.2025 16:15	84.769	84.769	84.721	84.731	14
25.11.2025 16:30	84.646	84.715	84.576	84.576	7
25.11.2025 16:45	84.501	84.501	84.446	84.446	5
25.11.2025 17:00	84.5	84.5	84.495	84.495	3
25.11.2025 17:15	84.381	84.381	84.378	84.378	4
25.11.2025 17:30	84.352	84.47	84.329	84.37	9
25.11.2025 17:45	84.337	84.337	84.304	84.304	6
25.11.2025 18:00	84.35	84.35	84.35	84.35	1
25.11.2025 18:15	84.355	84.363	84.355	84.36	6
25.11.2025 18:30	84.325	84.325	84.281	84.281	6
25.11.2025 19:00	84.265	84.265	84.168	84.169	9
25.11.2025 19:15	84.177	84.227	84.17	84.227	3
25.11.2025 19:30	84.209	84.209	84.209	84.209	1
25.11.2025 20:00	84.354	84.789	84.263	84.291	117
25.11.2025 20:15	84.294	84.748	84.272	84.272	57
25.11.2025 20:30	84.286	84.286	84.286	84.286	1
25.11.2025 20:45	84.303	84.381	84.303	84.31	3
25.11.2025 21:15	84.346	84.417	84.346	84.417	12
25.11.2025 21:30	84.417	84.433	84.412	84.433	6
25.11.2025 22:15	84.43	84.459	84.43	84.459	3
25.11.2025 23:15	84.441	84.441	84.441	84.441	1
25.11.2025 23:30	84.441	84.504	84.428	84.504	6
26.11.2025 09:00	84.471	84.472	84.366	84.377	6
26.11.2025 09:15	84.398	84.398	84.349	84.374	4
26.11.2025 09:30	84.353	84.353	84.346	84.346	3
26.11.2025 10:00	84.35	84.506	84.227	84.227	11
26.11.2025 10:15	84.24	84.27	84.1	84.1	15
26.11.2025 10:30	84.155	84.244	84.109	84.237	10
26.11.2025 10:45	84.271	84.292	84.271	84.292	2
26.11.2025 11:00	84.23	84.263	84.195	84.195	6
26.11.2025 11:15	84.218	84.218	84.199	84.199	4
26.11.2025 11:30	84.306	84.306	84.276	84.29	5
26.11.2025 11:45	84.272	84.295	84.249	84.249	6
26.11.2025 12:00	84.127	84.135	84.127	84.135	2
26.11.2025 12:15	84.134	84.134	84.1	84.117	3
26.11.2025 12:30	84.124	84.124	84.054	84.054	9
26.11.2025 12:45	84.038	84.077	84.038	84.073	3
26.11.2025 13:15	84.079	84.079	84.0	84.0	44
26.11.2025 13:30	84.0	84.013	83.957	84.002	208
26.11.2025 13:45	83.968	84.005	83.968	84.005	8
26.11.2025 14:00	83.999	83.999	83.999	83.999	1
26.11.2025 14:15	84.088	84.1	84.08	84.08	5
26.11.2025 14:30	84.082	84.14	84.082	84.14	2
26.11.2025 14:45	84.185	84.22	84.185	84.22	2
26.11.2025 15:00	84.12	84.12	84.12	84.12	5
26.11.2025 15:15	84.121	84.121	84.108	84.109	3
26.11.2025 15:45	84.239	84.239	84.216	84.216	6
26.11.2025 16:00	84.209	84.247	84.137	84.137	14
26.11.2025 16:15	84.172	84.185	84.172	84.185	3
26.11.2025 16:45	84.175	84.204	84.166	84.173	4
26.11.2025 17:15	84.206	84.233	84.206	84.233	2
26.11.2025 17:30	84.18	84.18	84.18	84.18	1
26.11.2025 18:15	84.16	84.16	84.092	84.092	16
26.11.2025 18:30	84.13	84.13	84.125	84.125	5
26.11.2025 18:45	84.157	84.157	84.157	84.157	1
26.11.2025 19:15	84.05	84.05	84.029	84.029	2
26.11.2025 19:30	84.06	84.064	84.04	84.04	16
26.11.2025 19:45	84.04	84.04	84.0	84.021	26
26.11.2025 20:30	84.144	84.15	84.144	84.15	2
26.11.2025 20:45	84.139	84.149	84.111	84.111	11
26.11.2025 21:15	84.136	84.136	84.136	84.136	2
26.11.2025 21:45	84.136	84.136	84.136	84.136	1
26.11.2025 22:00	84.089	84.089	84.089	84.089	1
26.11.2025 23:00	84.112	84.112	84.112	84.112	2
26.11.2025 23:30	84.149	84.149	84.149	84.149	1
27.11.2025 09:00	84.149	84.149	84.088	84.088	4
27.11.2025 09:15	84.162	84.162	84.16	84.16	5
27.11.2025 09:30	84.152	84.152	84.152	84.152	2
27.11.2025 09:45	84.152	84.152	84.056	84.056	6
27.11.2025 10:00	84.0	84.0	83.9	83.997	32
27.11.2025 10:15	83.903	83.903	83.857	83.857	165
27.11.2025 10:30	83.919	83.986	83.918	83.983	19
27.11.2025 10:45	83.888	83.891	83.87	83.891	5
27.11.2025 11:00	83.87	83.87	83.762	83.8	282
27.11.2025 11:15	83.768	83.783	83.695	83.695	50
27.11.2025 11:30	83.695	83.695	83.695	83.695	2
27.11.2025 11:45	83.69	83.69	83.611	83.625	29
27.11.2025 12:00	83.599	83.599	83.584	83.584	9
27.11.2025 12:15	83.686	83.689	83.686	83.689	11
27.11.2025 12:30	83.685	83.687	83.588	83.606	29
27.11.2025 12:45	83.646	83.757	83.553	83.757	65
27.11.2025 13:00	83.682	83.686	83.682	83.686	3
27.11.2025 13:45	83.786	83.786	83.769	83.769	13
27.11.2025 14:00	83.842	83.927	83.84	83.906	31
27.11.2025 14:15	83.928	83.93	83.928	83.93	5
27.11.2025 14:45	83.957	83.965	83.957	83.965	3
27.11.2025 15:00	83.974	84.021	83.974	84.021	23
27.11.2025 15:15	84.016	84.029	83.988	84.016	32
27.11.2025 15:45	84.005	84.04	84.005	84.04	12
27.11.2025 16:30	84.017	84.017	83.943	83.96	34
27.11.2025 16:45	83.923	83.923	83.84	83.847	17
27.11.2025 17:00	83.897	83.897	83.897	83.897	1
27.11.2025 17:30	84.01	84.048	83.954	83.954	24
27.11.2025 17:45	83.958	83.958	83.94	83.94	3
27.11.2025 18:00	83.995	83.995	83.995	83.995	1
27.11.2025 18:15	83.877	83.877	83.849	83.849	3
27.11.2025 18:30	83.815	83.815	83.76	83.78	34
27.11.2025 19:15	83.82	83.82	83.8	83.8	3
27.11.2025 19:45	83.803	83.803	83.745	83.745	3
27.11.2025 20:00	83.737	83.737	83.698	83.698	5
27.11.2025 20:15	83.754	83.769	83.754	83.769	10
27.11.2025 20:45	83.819	83.819	83.701	83.701	2
27.11.2025 21:15	83.795	83.795	83.794	83.794	2
27.11.2025 21:30	83.836	83.837	83.801	83.801	5
27.11.2025 22:00	83.83	83.83	83.83	83.83	1
27.11.2025 22:45	83.79	83.79	83.79	83.79	1
27.11.2025 23:15	83.755	83.777	83.742	83.771	10
27.11.2025 23:30	83.777	83.869	83.777	83.869	6
27.11.2025 23:45	83.755	83.755	83.755	83.755	1
28.11.2025 09:00	83.808	83.868	83.808	83.868	2
28.11.2025 09:30	83.834	83.834	83.834	83.834	1
28.11.2025 09:45	83.918	84.0	83.9	84.0	15
28.11.2025 10:00	84.0	84.139	84.0	84.054	44
28.11.2025 10:15	83.866	83.866	83.866	83.866	10
28.11.2025 10:30	83.898	83.95	83.84	83.84	40
28.11.2025 10:45	83.775	83.775	83.775	83.775	3
28.11.2025 11:00	83.839	83.876	83.601	83.601	31
28.11.2025 11:30	83.779	83.779	83.779	83.779	1
28.11.2025 11:45	83.778	83.81	83.772	83.81	3
28.11.2025 12:00	83.844	83.86	83.812	83.812	24
28.11.2025 12:15	83.872	83.878	83.714	83.714	11
28.11.2025 12:45	83.832	83.832	83.813	83.813	4
28.11.2025 13:00	83.788	83.788	83.788	83.788	4
28.11.2025 13:15	83.753	83.759	83.753	83.759	2
28.11.2025 13:30	83.786	83.786	83.786	83.786	1
28.11.2025 13:45	83.794	83.881	83.77	83.881	27
28.11.2025 14:15	83.866	83.89	83.866	83.87	14
28.11.2025 14:45	83.854	83.854	83.834	83.834	4
28.11.2025 15:15	83.825	83.825	83.825	83.825	1
28.11.2025 15:45	83.696	83.71	83.696	83.7	3
28.11.2025 16:00	83.682	83.72	83.663	83.663	24
28.11.2025 16:15	83.651	83.651	83.552	83.6	43
28.11.2025 16:30	83.562	83.6	83.463	83.463	19
28.11.2025 16:45	83.47	83.537	83.4	83.493	31
28.11.2025 17:00	83.475	83.475	83.4	83.4	22
28.11.2025 17:15	83.384	83.44	83.24	83.27	356
28.11.2025 17:30	83.29	83.291	83.2	83.2	169
28.11.2025 17:45	83.228	83.228	83.08	83.14	193
28.11.2025 18:00	83.084	83.12	83.006	83.105	28
28.11.2025 18:15	83.18	83.2	83.1	83.1	498
28.11.2025 18:30	83.077	83.077	82.945	82.976	108
28.11.2025 18:45	83.094	83.094	83.094	83.094	1
28.11.2025 19:00	83.056	83.081	83.005	83.081	7
28.11.2025 19:15	83.112	83.388	83.101	83.28	82
28.11.2025 19:30	83.133	83.187	83.133	83.134	8
28.11.2025 19:45	83.137	83.137	83.134	83.134	3
28.11.2025 20:00	83.099	83.099	83.099	83.099	2
28.11.2025 20:15	83.073	83.073	83.058	83.058	15
28.11.2025 20:30	83.082	83.082	83.082	83.082	3
28.11.2025 20:45	83.105	83.13	83.105	83.13	8
28.11.2025 21:00	83.12	83.12	83.12	83.12	1
28.11.2025 21:15	83.07	83.07	83.03	83.03	14
28.11.2025 22:15	83.066	83.068	83.03	83.068	30
28.11.2025 22:30	83.054	83.054	83.054	83.054	1
28.11.2025 22:45	83.043	83.043	82.96	83.03	49
28.11.2025 23:00	82.989	83.03	82.986	82.997	31
28.11.2025 23:30	83.023	83.061	83.023	83.061	2
01.12.2025 09:00	83.163	83.401	83.11	83.206	22
01.12.2025 09:15	83.206	83.206	83.072	83.072	4
01.12.2025 09:30	83.072	83.102	82.986	83.102	9
01.12.2025 09:45	83.247	83.275	83.247	83.274	13
01.12.2025 10:00	83.312	83.423	83.178	83.178	11
01.12.2025 10:15	83.206	83.209	83.206	83.209	2
01.12.2025 10:30	83.263	83.331	83.263	83.331	5
01.12.2025 10:45	83.281	83.281	83.281	83.281	5
01.12.2025 11:00	83.19	83.19	83.19	83.19	1
01.12.2025 11:15	83.209	83.209	83.209	83.209	1
01.12.2025 11:30	83.165	83.22	83.165	83.22	12
01.12.2025 11:45	83.188	83.188	83.15	83.15	6
01.12.2025 12:00	83.137	83.15	83.083	83.15	32
01.12.2025 12:15	83.219	83.29	83.139	83.171	115
01.12.2025 12:30	83.176	83.185	83.0	83.022	117
01.12.2025 12:45	83.006	83.013	82.984	82.99	69
01.12.2025 13:00	82.972	83.005	82.938	82.967	211
01.12.2025 13:15	82.968	83.042	82.968	83.005	19
01.12.2025 13:45	82.949	82.949	82.949	82.949	1
01.12.2025 14:00	83.002	83.002	82.967	82.967	2
01.12.2025 14:15	82.988	83.055	82.978	83.055	7
01.12.2025 14:30	83.047	83.101	83.047	83.098	4
01.12.2025 14:45	83.074	83.075	83.074	83.075	3
01.12.2025 15:15	83.102	83.15	83.102	83.15	200
01.12.2025 15:30	83.139	83.14	83.032	83.032	9
01.12.2025 16:15	83.14	83.14	83.14	83.14	2
01.12.2025 16:30	83.071	83.083	83.032	83.032	3
01.12.2025 16:45	82.96	82.998	82.9	82.978	46
01.12.2025 17:15	82.978	83.01	82.978	83.01	11
01.12.2025 17:30	82.999	82.999	82.978	82.993	4
01.12.2025 17:45	83.035	83.078	83.035	83.078	2
01.12.2025 18:00	83.03	83.032	83.03	83.032	2
01.12.2025 18:15	83.021	83.076	82.978	83.076	25
01.12.2025 18:30	83.045	83.065	83.032	83.065	22
01.12.2025 19:15	82.967	82.967	82.967	82.967	1
01.12.2025 19:30	83.064	83.074	83.064	83.074	3
01.12.2025 21:00	83.204	83.204	83.151	83.151	2
01.12.2025 21:15	82.954	82.975	82.852	82.856	27
01.12.2025 21:30	82.871	82.884	82.823	82.825	8
01.12.2025 21:45	82.824	82.905	82.823	82.905	5
01.12.2025 22:15	82.88	82.885	82.88	82.885	4
01.12.2025 22:30	82.888	82.902	82.888	82.902	2
01.12.2025 22:45	82.993	83.01	82.91	82.91	5
01.12.2025 23:30	83.059	83.09	83.059	83.09	10
02.12.2025 09:00	82.893	82.893	82.851	82.851	2
02.12.2025 09:15	82.952	82.952	82.952	82.952	1
02.12.2025 09:30	82.906	82.906	82.906	82.906	1
02.12.2025 09:45	82.912	82.969	82.912	82.969	2
02.12.2025 10:00	82.885	82.905	82.78	82.825	25
02.12.2025 10:15	82.826	82.826	82.826	82.826	1
02.12.2025 10:30	82.921	82.921	82.921	82.921	1
02.12.2025 10:45	82.963	82.977	82.937	82.977	3
02.12.2025 11:00	83.002	83.002	83.002	83.002	1
02.12.2025 11:15	82.997	82.997	82.9	82.9	4
02.12.2025 11:30	82.903	82.903	82.903	82.903	1
02.12.2025 11:45	82.895	82.955	82.895	82.955	21
02.12.2025 12:00	82.893	82.893	82.875	82.875	2
02.12.2025 12:15	82.885	82.885	82.885	82.885	1
02.12.2025 12:30	82.863	82.863	82.863	82.863	2
02.12.2025 13:00	82.861	82.87	82.861	82.866	4
02.12.2025 13:15	82.868	82.881	82.868	82.881	2
02.12.2025 13:30	82.88	82.888	82.854	82.854	12
02.12.2025 13:45	82.868	82.868	82.847	82.847	6
02.12.2025 14:00	82.82	82.82	82.589	82.642	41
02.12.2025 14:15	82.581	82.6	82.525	82.6	10
02.12.2025 14:30	82.557	82.607	82.555	82.607	17
02.12.2025 14:45	82.576	82.6	82.545	82.555	133
02.12.2025 15:00	82.534	82.559	82.53	82.53	23
02.12.2025 15:15	82.624	82.673	82.624	82.667	30
02.12.2025 15:30	82.623	82.699	82.615	82.615	53
02.12.2025 15:45	82.617	82.617	82.581	82.581	6
02.12.2025 16:00	82.523	82.564	82.5	82.5	30
02.12.2025 16:15	82.54	82.645	82.5	82.567	26
02.12.2025 16:30	82.603	82.655	82.574	82.639	10
02.12.2025 16:45	82.655	82.681	82.631	82.669	6
02.12.2025 17:00	82.68	82.712	82.672	82.699	43
02.12.2025 17:15	82.657	82.657	82.628	82.628	2
02.12.2025 17:45	82.688	82.688	82.688	82.688	2
02.12.2025 18:00	82.688	83.42	82.688	83.347	43
02.12.2025 18:15	83.222	83.296	83.003	83.003	7
02.12.2025 18:30	83.102	83.111	82.925	83.0	76
02.12.2025 18:45	83.0	83.0	83.0	83.0	7
02.12.2025 19:00	83.0	83.126	83.0	83.088	55
02.12.2025 19:15	83.116	83.151	83.116	83.151	25
02.12.2025 19:30	83.154	83.165	83.115	83.115	3
02.12.2025 20:00	83.177	83.177	83.177	83.177	1
02.12.2025 20:15	83.206	83.206	83.206	83.206	1
02.12.2025 20:30	83.078	83.078	83.078	83.078	1
02.12.2025 21:00	83.082	83.082	83.076	83.076	10
02.12.2025 21:15	82.979	83.174	82.979	83.051	6
02.12.2025 21:30	82.995	82.995	82.995	82.995	30
02.12.2025 21:45	82.871	82.871	82.87	82.871	11
02.12.2025 22:00	82.987	82.987	82.987	82.987	1
02.12.2025 22:30	82.861	83.018	82.861	83.018	5
03.12.2025 09:00	83.205	83.274	83.065	83.065	21
03.12.2025 09:15	83.102	83.102	83.102	83.102	1
03.12.2025 09:30	83.172	83.172	83.172	83.172	1
03.12.2025 09:45	83.341	83.45	83.309	83.45	38
03.12.2025 10:00	83.434	83.45	83.187	83.255	37
03.12.2025 10:15	83.387	83.402	83.358	83.402	26
03.12.2025 10:30	83.216	83.216	83.203	83.203	2
03.12.2025 10:45	83.254	83.254	83.254	83.254	2
03.12.2025 11:00	83.273	83.273	83.203	83.203	2
03.12.2025 11:15	83.225	83.255	83.214	83.214	7
03.12.2025 11:30	83.202	83.202	83.0	83.0	7
03.12.2025 11:45	83.041	83.153	83.041	83.153	13
03.12.2025 12:00	83.052	83.052	82.814	82.814	10
03.12.2025 12:15	82.781	82.781	82.639	82.703	33
03.12.2025 12:30	82.739	82.739	82.739	82.739	1
03.12.2025 12:45	82.639	82.77	82.639	82.77	14
03.12.2025 13:00	82.77	82.778	82.77	82.778	13
03.12.2025 13:15	82.665	82.665	82.665	82.665	1
03.12.2025 13:30	82.714	82.764	82.665	82.695	4
03.12.2025 13:45	82.74	82.824	82.726	82.824	22
03.12.2025 14:00	82.823	82.873	82.823	82.85	9
03.12.2025 14:15	82.856	82.873	82.841	82.841	16
03.12.2025 15:15	82.768	82.808	82.768	82.808	3
03.12.2025 15:30	82.709	82.709	82.709	82.709	1
03.12.2025 15:45	82.645	82.718	82.645	82.718	2
03.12.2025 16:00	82.684	82.701	82.644	82.644	27
03.12.2025 16:15	82.632	82.654	82.58	82.654	13
03.12.2025 16:30	82.719	82.719	82.719	82.719	1
03.12.2025 16:45	82.704	82.74	82.704	82.74	4
03.12.2025 17:00	82.688	82.688	82.65	82.65	6
03.12.2025 17:15	82.725	82.725	82.69	82.699	26
03.12.2025 17:30	82.563	82.647	82.5	82.603	25
03.12.2025 17:45	82.602	82.602	82.482	82.5	19
03.12.2025 18:00	82.46	82.475	82.203	82.329	78
03.12.2025 18:15	82.174	82.45	82.004	82.213	70
03.12.2025 18:30	82.088	82.15	82.0	82.085	37
03.12.2025 19:00	82.1	82.183	82.1	82.1	4
03.12.2025 19:15	82.1	82.1	81.991	81.998	102
03.12.2025 19:30	81.898	81.899	81.75	81.75	23
03.12.2025 19:45	81.842	82.029	81.8	82.025	10
03.12.2025 20:00	82.0	82.0	81.978	81.978	7
03.12.2025 20:15	81.964	81.974	81.758	81.758	19
03.12.2025 20:30	81.903	81.903	81.903	81.903	1
03.12.2025 20:45	81.903	81.999	81.903	81.999	5
03.12.2025 21:30	81.931	82.03	81.86	82.001	30
03.12.2025 21:45	82.0	82.046	82.0	82.046	9
03.12.2025 22:00	82.03	82.03	82.024	82.024	8
03.12.2025 22:30	82.064	82.066	82.064	82.066	3
03.12.2025 23:15	82.086	82.086	82.086	82.086	1
04.12.2025 09:00	82.09	82.145	82.019	82.11	9
04.12.2025 09:15	82.086	82.086	82.0	82.027	6
04.12.2025 09:30	81.878	81.878	81.877	81.877	2
04.12.2025 09:45	81.872	81.872	81.86	81.871	5
04.12.2025 10:00	81.848	81.924	81.506	81.905	110
04.12.2025 10:15	81.905	82.09	81.883	82.09	29
04.12.2025 10:30	82.056	82.06	82.0	82.0	17
04.12.2025 10:45	82.0	82.0	81.992	82.0	9
04.12.2025 11:00	82.0	82.0	81.906	81.906	7
04.12.2025 11:15	81.989	82.0	81.958	82.0	52
04.12.2025 11:30	82.0	82.0	81.882	81.902	7
04.12.2025 12:00	82.074	82.206	82.072	82.079	15
04.12.2025 12:15	82.034	82.034	81.939	81.939	3
04.12.2025 12:45	82.006	82.18	82.006	82.18	2
04.12.2025 13:00	82.175	82.175	82.006	82.006	31
04.12.2025 13:15	81.909	81.909	81.909	81.909	1
04.12.2025 13:45	82.047	82.047	82.047	82.047	1
04.12.2025 14:00	82.069	82.069	82.069	82.069	1
04.12.2025 14:30	82.086	82.086	82.068	82.068	2
04.12.2025 15:00	82.265	82.265	82.265	82.265	1
04.12.2025 15:15	82.107	82.107	82.107	82.107	1
04.12.2025 16:00	82.11	82.13	81.901	81.901	10
04.12.2025 16:15	81.896	81.896	81.572	81.715	24
04.12.2025 16:30	81.792	81.827	81.792	81.823	3
04.12.2025 16:45	81.824	81.824	81.558	81.558	6
04.12.2025 17:00	81.585	81.587	81.203	81.203	106
04.12.2025 17:15	81.296	81.379	81.1	81.379	468
04.12.2025 17:30	81.301	81.431	81.296	81.42	15
04.12.2025 17:45	81.435	81.539	81.4	81.4	26
04.12.2025 18:00	81.4	81.464	81.332	81.37	23
04.12.2025 18:15	81.378	81.381	81.378	81.381	3
04.12.2025 18:30	81.284	81.295	81.284	81.29	12
04.12.2025 19:00	81.19	81.206	81.19	81.206	4
04.12.2025 19:15	81.215	81.281	81.14	81.166	33
04.12.2025 19:30	81.101	81.175	81.1	81.1	13
04.12.2025 19:45	81.1	81.12	81.003	81.003	13
04.12.2025 20:00	81.003	81.04	80.735	80.813	86
04.12.2025 20:15	80.735	80.833	80.551	80.833	54
04.12.2025 20:30	80.833	80.833	80.481	80.768	128
04.12.2025 20:45	80.697	80.956	80.695	80.825	41
04.12.2025 21:00	80.831	80.916	80.8	80.867	39
04.12.2025 21:15	80.85	80.956	80.8	80.956	16
04.12.2025 21:30	80.721	80.721	80.549	80.549	15
04.12.2025 21:45	80.582	80.71	80.582	80.7	4
04.12.2025 22:00	80.694	80.694	80.601	80.628	22
04.12.2025 22:30	80.7	80.7	80.64	80.671	4
04.12.2025 22:45	80.659	80.659	80.659	80.659	1
04.12.2025 23:15	80.813	80.818	80.813	80.818	2
04.12.2025 23:30	80.843	80.843	80.843	80.843	1
05.12.2025 09:00	80.789	80.789	80.52	80.749	11
05.12.2025 09:15	80.74	80.74	80.603	80.603	17
05.12.2025 09:30	80.565	80.565	80.201	80.348	99
05.12.2025 09:45	80.231	80.362	80.0	80.262	41
05.12.2025 10:00	80.336	80.671	80.186	80.671	62
05.12.2025 10:15	80.843	80.951	80.802	80.9	11
05.12.2025 10:30	80.775	81.102	80.775	81.102	18
05.12.2025 10:45	81.197	81.197	80.974	81.1	137
05.12.2025 11:00	81.038	81.05	80.95	80.994	13
05.12.2025 11:15	81.0	81.056	80.946	80.967	50
05.12.2025 11:30	81.044	81.109	81.022	81.05	27
05.12.2025 11:45	81.029	81.029	80.994	80.994	5
05.12.2025 12:00	80.977	80.998	80.862	80.862	16
05.12.2025 12:15	80.956	80.957	80.956	80.957	3
05.12.2025 12:30	80.967	81.024	80.933	80.95	32
05.12.2025 12:45	80.95	80.95	80.95	80.95	1
05.12.2025 13:15	81.019	81.019	81.004	81.004	4
05.12.2025 13:30	81.02	81.206	81.02	81.179	10
05.12.2025 13:45	81.313	81.705	81.313	81.65	100
05.12.2025 14:00	81.571	81.859	81.571	81.859	163
05.12.2025 14:15	81.78	81.987	81.719	81.987	21
05.12.2025 14:30	82.122	82.24	81.98	82.093	540
05.12.2025 14:45	82.015	82.118	82.015	82.118	5
05.12.2025 15:00	82.118	82.118	81.998	81.998	3
05.12.2025 15:15	81.916	82.105	81.9	81.952	39
05.12.2025 15:30	82.0	82.0	82.0	82.0	1
05.12.2025 15:45	81.986	82.004	81.986	82.004	2
05.12.2025 16:00	81.924	81.924	81.9	81.9	15
05.12.2025 16:15	81.882	82.093	81.87	81.876	25
05.12.2025 16:30	81.986	81.986	81.85	81.971	20
05.12.2025 16:45	82.023	82.048	82.023	82.048	12
05.12.2025 17:00	82.037	82.037	82.0	82.026	11
05.12.2025 17:15	81.973	82.032	81.962	81.962	14
05.12.2025 17:30	81.821	81.821	81.821	81.821	1
05.12.2025 17:45	81.761	81.832	81.667	81.823	40
05.12.2025 18:00	81.812	81.814	81.812	81.813	7
05.12.2025 18:15	81.758	81.759	81.758	81.759	2
05.12.2025 18:30	81.821	81.821	81.821	81.821	1
05.12.2025 18:45	81.775	81.776	81.775	81.776	3
05.12.2025 19:15	81.796	81.796	81.794	81.794	3
05.12.2025 19:30	81.732	82.01	81.732	82.01	11
05.12.2025 20:00	81.91	82.019	81.91	82.01	71
05.12.2025 20:15	81.847	81.91	81.84	81.91	6
05.12.2025 20:30	81.952	81.952	81.952	81.952	1
05.12.2025 21:00	81.941	81.941	81.919	81.919	3
05.12.2025 21:30	82.0	82.0	81.927	82.0	11
05.12.2025 21:45	81.898	81.898	81.87	81.87	36
05.12.2025 22:00	81.846	81.846	81.846	81.846	3
05.12.2025 22:15	81.935	82.0	81.935	81.943	29
05.12.2025 22:30	81.952	82.03	81.935	82.021	69
05.12.2025 22:45	82.014	82.018	82.014	82.018	2
05.12.2025 23:00	82.018	82.052	81.935	82.025	75
05.12.2025 23:15	82.024	82.084	82.024	82.084	98
05.12.2025 23:30	82.084	82.29	82.084	82.129	58
08.12.2025 09:00	82.15	82.7	82.124	82.5	113
08.12.2025 09:15	82.459	82.477	82.415	82.421	29
08.12.2025 09:30	82.433	82.433	82.25	82.306	52
08.12.2025 09:45	82.306	82.412	82.169	82.36	43
08.12.2025 10:00	82.3	82.32	82.003	82.003	11
08.12.2025 10:15	82.111	82.165	82.032	82.06	62
08.12.2025 10:30	82.06	82.073	81.934	81.935	88
08.12.2025 10:45	81.901	82.041	81.901	82.041	13
08.12.2025 11:00	82.018	82.102	81.94	81.94	43
08.12.2025 11:15	81.9	81.9	81.809	81.812	55
08.12.2025 11:30	82.0	82.0	81.999	82.0	11
08.12.2025 11:45	82.073	82.102	81.973	81.973	5
08.12.2025 12:00	82.035	82.206	81.929	81.929	9
08.12.2025 12:15	81.911	81.911	81.767	81.802	40
08.12.2025 12:30	81.78	81.781	81.78	81.78	103
08.12.2025 12:45	81.78	81.862	81.78	81.862	101
08.12.2025 13:00	81.9	81.9	81.9	81.9	1
08.12.2025 13:15	81.889	81.889	81.77	81.77	109
08.12.2025 13:30	81.804	81.804	81.77	81.78	77
08.12.2025 13:45	81.77	81.77	81.718	81.742	262
08.12.2025 14:00	81.812	81.912	81.812	81.894	23
08.12.2025 14:15	81.875	81.907	81.875	81.907	2
08.12.2025 14:30	81.874	81.874	81.867	81.867	6
08.12.2025 14:45	81.868	81.868	81.861	81.861	9
08.12.2025 15:00	81.76	81.881	81.75	81.881	51
08.12.2025 15:15	81.843	81.843	81.843	81.843	4
08.12.2025 15:30	81.911	81.97	81.765	81.867	62
08.12.2025 15:45	81.751	81.751	81.75	81.75	2
08.12.2025 16:00	81.75	81.762	81.74	81.762	86
08.12.2025 16:15	81.76	81.76	81.76	81.76	1
08.12.2025 16:30	81.701	81.735	81.62	81.62	15
08.12.2025 16:45	81.601	81.601	81.486	81.533	64
08.12.2025 17:00	81.501	81.535	81.423	81.535	13
08.12.2025 17:15	81.455	81.483	81.42	81.421	33
08.12.2025 17:30	81.447	81.505	81.351	81.442	98
08.12.2025 17:45	81.605	81.666	81.554	81.666	19
08.12.2025 18:00	81.735	81.776	81.565	81.565	76
08.12.2025 18:15	81.502	81.552	81.471	81.471	12
08.12.2025 18:30	81.506	81.528	81.506	81.528	2
08.12.2025 19:15	81.703	81.782	81.695	81.702	4
08.12.2025 19:30	81.695	81.695	81.695	81.695	1
08.12.2025 20:15	81.752	81.788	81.752	81.788	2
08.12.2025 20:45	81.75	81.75	81.75	81.75	1
08.12.2025 21:00	81.788	81.94	81.788	81.94	34
08.12.2025 21:15	81.824	81.824	81.824	81.824	1
08.12.2025 21:30	81.909	81.909	81.909	81.909	1
08.12.2025 21:45	81.828	81.923	81.828	81.923	2
08.12.2025 22:00	81.877	81.877	81.859	81.874	21
08.12.2025 22:15	81.806	81.851	81.763	81.781	76
08.12.2025 22:30	81.864	81.87	81.864	81.87	2
08.12.2025 22:45	81.891	81.892	81.891	81.892	15
08.12.2025 23:00	81.882	81.915	81.882	81.915	9
09.12.2025 09:00	82.002	82.002	81.76	81.76	5
09.12.2025 09:15	81.801	81.844	81.801	81.831	9
09.12.2025 09:30	81.813	81.813	81.813	81.813	1
09.12.2025 09:45	81.828	81.842	81.828	81.828	5
09.12.2025 10:00	81.761	81.909	81.761	81.77	6
09.12.2025 10:15	81.804	81.82	81.718	81.718	19
09.12.2025 10:30	81.76	81.76	81.627	81.627	10
09.12.2025 10:45	81.684	81.684	81.543	81.543	7
09.12.2025 11:00	81.544	81.563	81.511	81.563	34
09.12.2025 11:30	81.617	81.668	81.606	81.611	35
09.12.2025 11:45	81.607	81.607	81.607	81.607	1
09.12.2025 12:15	81.66	81.661	81.66	81.66	6
09.12.2025 12:30	81.667	81.701	81.667	81.681	4
09.12.2025 12:45	81.664	81.836	81.664	81.768	22
09.12.2025 13:15	81.801	81.884	81.753	81.753	22
09.12.2025 13:45	81.807	81.873	81.807	81.873	21
09.12.2025 14:00	81.877	81.877	81.877	81.877	1
09.12.2025 14:15	81.887	81.898	81.85	81.898	21
09.12.2025 14:30	81.898	81.929	81.898	81.922	10
09.12.2025 14:45	81.948	82.135	81.948	82.135	41
09.12.2025 15:00	82.35	82.35	82.229	82.24	17
09.12.2025 15:15	82.283	82.283	82.283	82.283	2
09.12.2025 15:30	82.2	82.2	82.196	82.2	4
09.12.2025 15:45	82.243	82.243	82.243	82.243	8
09.12.2025 16:00	82.131	82.131	82.121	82.121	5
09.12.2025 16:15	82.218	82.218	82.195	82.218	3
09.12.2025 16:30	82.071	82.071	82.022	82.022	5
09.12.2025 16:45	82.06	82.121	82.022	82.121	15
09.12.2025 17:00	82.104	82.108	82.104	82.108	2
09.12.2025 17:30	82.152	82.384	82.1	82.341	23
09.12.2025 17:45	82.394	82.54	82.341	82.517	37
09.12.2025 18:00	82.54	82.734	82.492	82.613	68
09.12.2025 18:15	82.629	82.719	82.58	82.6	101
09.12.2025 18:30	82.58	82.638	82.526	82.582	15
09.12.2025 18:45	82.543	82.543	82.543	82.543	1
09.12.2025 19:00	82.621	82.641	82.563	82.57	5
09.12.2025 19:15	82.615	82.705	82.615	82.705	7
09.12.2025 19:30	82.727	82.727	82.71	82.71	7
09.12.2025 19:45	82.699	82.7	82.534	82.534	27
09.12.2025 20:00	82.64	82.64	82.64	82.64	1
09.12.2025 20:15	82.562	82.657	82.562	82.657	2
09.12.2025 20:30	82.666	82.666	82.666	82.666	1
09.12.2025 20:45	82.657	82.662	82.65	82.65	3
09.12.2025 21:00	82.67	82.741	82.67	82.699	7
09.12.2025 21:15	82.7	82.7	82.641	82.641	2
09.12.2025 21:45	82.62	82.687	82.62	82.687	7
09.12.2025 22:00	82.621	82.628	82.479	82.479	12
09.12.2025 22:15	82.458	82.545	82.458	82.545	9
09.12.2025 22:30	82.453	82.485	82.4	82.42	15
09.12.2025 22:45	82.405	82.475	82.405	82.415	9
09.12.2025 23:00	82.392	82.392	82.346	82.365	27
09.12.2025 23:15	82.427	82.477	82.427	82.477	11
09.12.2025 23:30	82.453	82.454	82.453	82.454	2
10.12.2025 09:00	82.344	82.432	82.344	82.432	2
10.12.2025 09:15	82.501	82.662	82.481	82.642	23
10.12.2025 09:30	82.691	82.767	82.691	82.767	27
10.12.2025 09:45	82.65	82.786	82.65	82.786	7
10.12.2025 10:00	82.769	82.769	82.554	82.554	50
10.12.2025 10:15	82.633	82.633	82.554	82.554	8
10.12.2025 10:30	82.561	82.59	82.506	82.59	76
10.12.2025 10:45	82.576	82.576	82.505	82.555	135
10.12.2025 11:00	82.595	82.62	82.595	82.609	3
10.12.2025 11:15	82.595	82.595	82.343	82.402	24
10.12.2025 11:30	82.407	82.474	82.377	82.474	5
10.12.2025 11:45	82.469	82.469	82.464	82.467	5
10.12.2025 12:00	82.505	82.542	82.476	82.476	12
10.12.2025 12:15	82.543	82.544	82.466	82.475	28
10.12.2025 12:30	82.469	82.469	82.434	82.434	33
10.12.2025 12:45	82.434	82.434	82.434	82.434	15
10.12.2025 13:00	82.61	82.61	82.61	82.61	2
10.12.2025 13:15	82.576	82.61	82.576	82.61	5
10.12.2025 13:30	82.75	82.861	82.72	82.774	12
10.12.2025 13:45	82.774	82.824	82.774	82.814	31
10.12.2025 14:00	82.817	82.817	82.813	82.813	2
10.12.2025 14:15	82.86	82.885	82.86	82.885	6
10.12.2025 14:30	82.858	82.9	82.858	82.9	3
10.12.2025 14:45	82.979	83.0	82.959	82.959	24
10.12.2025 15:00	82.997	82.997	82.846	82.906	24
10.12.2025 15:15	82.9	82.9	82.777	82.891	13
10.12.2025 15:30	82.899	83.085	82.875	83.003	46
10.12.2025 15:45	82.994	83.206	82.989	83.206	22
10.12.2025 16:00	83.206	83.303	83.178	83.3	10
10.12.2025 16:15	83.3	83.441	83.3	83.441	33
10.12.2025 16:30	83.429	83.435	83.269	83.269	19
10.12.2025 16:45	83.271	83.271	83.25	83.25	21
10.12.2025 17:00	83.24	83.285	83.23	83.23	23
10.12.2025 17:15	83.23	83.23	83.01	83.01	50
10.12.2025 17:30	83.042	83.042	83.028	83.028	3
10.12.2025 17:45	83.21	83.558	83.21	83.558	84
10.12.2025 18:00	83.504	83.82	83.504	83.654	59
10.12.2025 18:15	83.745	84.0	83.745	84.0	90
10.12.2025 18:30	84.085	84.089	83.898	83.947	70
10.12.2025 18:45	83.914	83.914	83.802	83.802	21
10.12.2025 19:00	83.905	83.956	83.895	83.956	15
10.12.2025 19:15	83.9	83.9	83.8	83.889	7
10.12.2025 19:30	83.893	83.9	83.84	83.9	19
10.12.2025 19:45	83.868	83.868	83.868	83.868	1
10.12.2025 20:00	83.899	83.899	83.866	83.876	4
10.12.2025 20:15	83.875	83.875	83.76	83.815	88
10.12.2025 20:30	83.803	83.834	83.766	83.834	59
10.12.2025 20:45	83.791	83.791	83.791	83.791	1
10.12.2025 21:15	83.81	83.822	83.81	83.822	3
10.12.2025 21:30	83.792	83.792	83.792	83.792	3
10.12.2025 21:45	83.778	83.778	83.775	83.776	7
10.12.2025 22:00	83.74	83.74	83.74	83.74	1
10.12.2025 22:15	83.74	83.74	83.74	83.74	1
10.12.2025 22:30	83.741	83.741	83.74	83.74	4
10.12.2025 23:15	83.74	83.835	83.74	83.801	10
10.12.2025 23:30	83.822	83.826	83.769	83.769	4
11.12.2025 09:00	83.769	83.814	83.769	83.814	5
11.12.2025 09:15	83.8	83.8	83.8	83.8	1
11.12.2025 09:45	83.848	83.868	83.84	83.853	8
11.12.2025 10:00	83.84	83.84	83.417	83.438	90
11.12.2025 10:15	83.41	83.544	83.391	83.544	15
11.12.2025 10:30	83.418	83.432	83.418	83.432	2
11.12.2025 10:45	83.488	83.709	83.457	83.709	5
11.12.2025 11:00	83.889	84.26	83.889	84.26	27
11.12.2025 11:15	84.35	84.485	84.271	84.318	58
11.12.2025 11:30	84.318	84.323	84.18	84.309	12
11.12.2025 11:45	84.312	84.399	84.294	84.374	34
11.12.2025 12:00	84.38	84.384	84.316	84.34	11
11.12.2025 12:15	84.397	84.54	84.397	84.49	37
11.12.2025 12:30	84.502	84.52	84.432	84.474	39
11.12.2025 12:45	84.408	84.411	84.4	84.411	38
11.12.2025 13:00	84.44	84.44	84.285	84.332	25
11.12.2025 13:15	84.363	84.5	84.363	84.5	31
11.12.2025 13:30	84.36	84.5	84.36	84.464	9
11.12.2025 13:45	84.473	84.484	84.386	84.4	52
11.12.2025 14:00	84.5	84.5	84.405	84.452	7
11.12.2025 14:15	84.4	84.418	84.302	84.302	27
11.12.2025 14:30	84.365	84.401	84.365	84.401	16
11.12.2025 14:45	84.451	84.505	84.451	84.491	90
11.12.2025 15:30	84.416	84.416	84.301	84.301	17
11.12.2025 15:45	84.407	84.463	84.377	84.377	3
11.12.2025 16:15	84.417	84.425	84.143	84.239	38
11.12.2025 16:30	84.133	84.283	84.133	84.233	7
11.12.2025 16:45	84.247	84.452	84.247	84.432	9
11.12.2025 17:00	84.491	84.652	84.374	84.626	35
11.12.2025 17:15	84.719	84.782	84.701	84.701	19
11.12.2025 17:30	84.737	84.852	84.666	84.711	104
11.12.2025 17:45	84.666	84.798	84.626	84.798	117
11.12.2025 18:00	84.756	84.756	84.688	84.742	44
11.12.2025 18:15	84.627	84.699	84.627	84.699	4
11.12.2025 18:30	84.699	84.699	84.626	84.689	20
11.12.2025 18:45	84.564	84.564	84.54	84.54	12
11.12.2025 19:00	84.662	86.0	84.267	84.4	138
11.12.2025 19:15	84.477	84.533	84.4	84.533	79
11.12.2025 19:30	84.473	84.478	84.327	84.327	39
11.12.2025 19:45	84.435	84.451	84.429	84.45	6
11.12.2025 20:00	84.434	84.453	84.434	84.453	4
11.12.2025 20:15	84.51	84.53	84.51	84.53	12
11.12.2025 20:30	84.57	84.57	84.477	84.477	2
11.12.2025 20:45	84.486	84.486	84.486	84.486	3
11.12.2025 21:00	84.627	84.627	84.627	84.627	1
11.12.2025 21:15	84.52	84.52	84.518	84.518	2
11.12.2025 21:30	84.52	84.52	84.52	84.52	1
11.12.2025 21:45	84.516	84.516	84.516	84.516	1
11.12.2025 22:15	84.609	84.612	84.508	84.508	5
11.12.2025 22:30	84.521	84.524	84.485	84.524	15
11.12.2025 22:45	84.524	84.524	84.45	84.45	18
11.12.2025 23:00	84.482	84.483	84.47	84.47	5
11.12.2025 23:30	84.503	84.503	84.503	84.503	1
11.12.2025 23:45	84.51	84.51	84.51	84.51	1
12.12.2025 09:00	84.484	84.484	84.153	84.241	38
12.12.2025 09:15	84.257	84.323	84.257	84.265	6
12.12.2025 09:45	84.43	84.469	84.349	84.35	9
12.12.2025 10:00	84.287	84.294	84.155	84.294	24
12.12.2025 10:15	84.646	84.662	84.646	84.65	38
12.12.2025 10:30	84.655	84.695	84.655	84.695	2
12.12.2025 10:45	84.735	84.735	84.735	84.735	1
12.12.2025 11:00	84.746	84.773	84.738	84.773	5
12.12.2025 11:15	84.757	84.829	84.757	84.829	3
12.12.2025 11:30	84.827	84.827	84.732	84.821	42
12.12.2025 11:45	84.796	84.978	84.796	84.841	34
12.12.2025 12:00	84.88	84.88	84.751	84.776	516
12.12.2025 12:15	84.756	84.829	84.756	84.828	10
12.12.2025 12:30	84.851	84.903	84.832	84.9	100
12.12.2025 12:45	84.9	84.9	84.848	84.881	29
12.12.2025 13:00	84.899	84.912	84.815	84.912	92
12.12.2025 13:15	84.888	84.972	84.868	84.908	38
12.12.2025 13:30	84.884	84.902	84.857	84.887	28
12.12.2025 13:45	84.88	84.88	84.88	84.88	1
12.12.2025 14:00	84.818	84.886	84.818	84.862	31
12.12.2025 14:15	84.862	84.862	84.622	84.659	125
12.12.2025 14:30	84.72	84.72	84.653	84.653	59
12.12.2025 14:45	84.664	84.687	84.636	84.636	27
12.12.2025 15:15	84.692	84.692	84.682	84.682	2
12.12.2025 15:30	84.666	84.667	84.666	84.667	5
12.12.2025 15:45	84.714	84.733	84.68	84.733	16
12.12.2025 16:00	84.717	84.742	84.629	84.732	39
12.12.2025 16:15	84.7	84.7	84.7	84.7	10
12.12.2025 16:30	84.612	84.65	84.612	84.65	2
12.12.2025 16:45	84.659	84.675	84.51	84.51	136
12.12.2025 17:00	84.61	84.61	84.45	84.504	53
12.12.2025 17:15	84.504	84.633	84.251	84.4	566
12.12.2025 17:30	84.33	84.33	84.33	84.33	1
12.12.2025 17:45	84.273	84.309	84.273	84.273	4
12.12.2025 18:00	84.22	84.22	84.217	84.217	3
12.12.2025 18:15	84.189	84.305	83.998	84.305	53
12.12.2025 18:30	84.31	84.38	84.147	84.369	23
12.12.2025 18:45	84.369	84.369	84.297	84.297	26
12.12.2025 19:00	84.279	84.333	84.279	84.321	23
12.12.2025 19:15	84.321	84.321	84.321	84.321	1
12.12.2025 19:30	84.361	84.391	84.361	84.391	2
12.12.2025 20:00	84.33	84.33	84.257	84.257	15
12.12.2025 20:15	84.258	84.258	84.219	84.219	3
12.12.2025 20:30	84.29	84.358	84.284	84.284	10
12.12.2025 20:45	84.35	84.35	84.35	84.35	5
12.12.2025 21:00	84.448	84.448	84.325	84.325	4
12.12.2025 21:30	84.357	84.381	84.357	84.381	4
12.12.2025 21:45	84.35	84.371	84.35	84.37	10
12.12.2025 22:15	84.431	84.433	84.431	84.433	5
12.12.2025 22:30	84.429	84.44	84.429	84.44	5
12.12.2025 22:45	84.434	84.436	84.434	84.436	5
12.12.2025 23:15	84.371	84.371	84.371	84.371	4
12.12.2025 23:30	84.371	84.371	84.371	84.371	4
15.12.2025 09:00	84.421	84.544	84.286	84.286	30
15.12.2025 09:15	84.334	84.355	84.201	84.355	22
15.12.2025 09:30	84.337	84.487	84.333	84.487	6
15.12.2025 09:45	84.462	84.505	84.421	84.421	15
15.12.2025 10:00	84.37	84.37	84.075	84.086	15
15.12.2025 10:15	84.056	84.31	84.056	84.222	13
15.12.2025 10:30	84.291	84.3	84.245	84.245	11
15.12.2025 10:45	84.291	84.363	84.243	84.262	22
15.12.2025 11:00	84.261	84.3	84.181	84.2	23
15.12.2025 11:15	84.231	84.328	84.227	84.32	12
15.12.2025 11:30	84.33	84.334	84.06	84.06	43
15.12.2025 11:45	84.06	84.151	84.06	84.116	81
15.12.2025 12:00	84.04	84.078	83.932	83.968	45
15.12.2025 12:15	83.966	84.029	83.934	84.004	41
15.12.2025 12:30	83.974	83.98	83.911	83.929	33
15.12.2025 12:45	84.021	84.021	84.021	84.021	1
15.12.2025 13:00	84.087	84.152	84.001	84.081	40
15.12.2025 13:15	84.067	84.081	84.008	84.008	29
15.12.2025 13:30	84.001	84.001	83.924	83.998	50
15.12.2025 13:45	83.924	83.924	83.869	83.87	213
15.12.2025 14:00	83.841	83.869	83.716	83.774	14
15.12.2025 14:15	83.73	83.748	83.487	83.487	139
15.12.2025 14:30	83.529	83.664	83.515	83.65	51
15.12.2025 14:45	83.701	83.763	83.625	83.759	41
15.12.2025 15:00	83.8	83.8	83.775	83.775	34
15.12.2025 15:15	83.78	83.896	83.78	83.856	580
15.12.2025 15:30	83.902	84.055	83.902	83.951	7
15.12.2025 15:45	84.046	84.284	84.046	84.178	24
15.12.2025 16:00	84.303	84.306	84.123	84.123	124
15.12.2025 16:15	84.237	84.237	84.101	84.11	63
15.12.2025 16:30	84.001	84.066	83.924	83.924	10
15.12.2025 16:45	83.949	83.95	83.915	83.915	6
15.12.2025 17:00	83.928	83.945	83.921	83.927	5
15.12.2025 17:15	83.989	84.213	83.975	84.143	19
15.12.2025 17:30	84.17	84.243	84.144	84.219	73
15.12.2025 17:45	84.118	84.266	84.049	84.1	39
15.12.2025 18:00	84.117	84.162	84.07	84.096	42
15.12.2025 18:30	84.181	84.303	84.181	84.303	14
15.12.2025 19:00	84.456	84.617	84.338	84.367	89
15.12.2025 19:15	84.333	84.367	84.333	84.367	3
15.12.2025 19:45	84.407	84.474	84.407	84.474	4
15.12.2025 20:00	84.473	84.473	84.473	84.473	1
15.12.2025 20:15	84.401	84.401	84.349	84.373	5
15.12.2025 20:30	84.338	84.338	84.338	84.338	2
15.12.2025 20:45	84.392	84.392	84.392	84.392	1
15.12.2025 21:00	84.397	84.397	84.367	84.367	2
15.12.2025 21:30	84.316	84.345	84.316	84.345	4
15.12.2025 22:00	84.4	84.4	84.399	84.4	4
15.12.2025 23:00	84.302	84.302	84.302	84.302	2
15.12.2025 23:15	84.301	84.304	84.301	84.304	2
15.12.2025 23:45	84.274	84.298	84.265	84.298	8
16.12.2025 08:45	84.299	84.3	84.299	84.3	2
16.12.2025 09:00	84.289	84.31	84.221	84.248	18
16.12.2025 09:15	84.285	84.285	84.251	84.251	35
16.12.2025 09:45	84.269	84.35	84.269	84.35	24
16.12.2025 10:00	84.368	84.372	84.201	84.313	15
16.12.2025 10:15	84.296	84.381	84.296	84.381	4
16.12.2025 10:30	84.283	84.283	84.283	84.283	2
16.12.2025 10:45	84.201	84.205	84.148	84.148	7
16.12.2025 11:00	84.148	84.161	84.111	84.127	32
16.12.2025 11:15	84.055	84.055	84.05	84.05	69
16.12.2025 11:30	84.109	84.109	84.054	84.054	25
16.12.2025 11:45	84.046	84.046	84.0	84.023	82
16.12.2025 12:00	84.0	84.047	84.0	84.044	89
16.12.2025 12:15	84.044	84.073	83.959	84.073	389
16.12.2025 12:30	84.109	84.127	84.032	84.127	10
16.12.2025 12:45	84.127	84.203	84.127	84.203	57
16.12.2025 13:00	84.194	84.263	84.194	84.263	42
16.12.2025 13:15	84.249	84.249	84.173	84.173	14
16.12.2025 13:30	84.198	84.217	84.186	84.186	8
16.12.2025 13:45	84.216	84.269	84.076	84.132	27
16.12.2025 14:00	84.17	84.17	84.17	84.17	1
16.12.2025 14:15	84.193	84.193	84.193	84.193	1
16.12.2025 14:30	84.206	84.283	84.206	84.244	6
16.12.2025 14:45	84.263	84.3	84.263	84.3	28
16.12.2025 15:00	84.3	84.337	84.211	84.211	77
16.12.2025 15:15	84.215	84.242	84.214	84.219	8
16.12.2025 15:45	84.225	84.225	84.225	84.225	1
16.12.2025 16:00	84.225	84.245	84.225	84.235	23
16.12.2025 16:15	84.219	84.23	84.201	84.22	58
16.12.2025 16:30	84.179	84.179	84.119	84.133	12
16.12.2025 16:45	84.149	84.166	84.065	84.065	8
16.12.2025 17:00	84.064	84.102	84.03	84.059	20
16.12.2025 17:15	84.1	84.1	84.036	84.1	11
16.12.2025 17:30	84.1	84.119	84.001	84.013	39
16.12.2025 17:45	84.035	84.035	84.006	84.006	5
16.12.2025 18:00	84.02	84.032	83.995	84.032	34
16.12.2025 18:15	84.081	84.149	84.068	84.121	11
16.12.2025 18:30	84.056	84.127	84.046	84.102	15
16.12.2025 19:15	84.139	84.149	84.139	84.149	5
16.12.2025 19:30	84.152	84.152	84.152	84.152	1
16.12.2025 19:45	84.14	84.14	84.14	84.14	1
16.12.2025 20:15	84.17	84.17	84.169	84.17	3
16.12.2025 20:30	84.149	84.174	84.12	84.127	7
16.12.2025 20:45	84.174	84.174	84.174	84.174	1
16.12.2025 21:00	84.154	84.174	84.154	84.174	2
16.12.2025 21:30	84.15	84.15	84.15	84.15	3
16.12.2025 22:00	84.155	84.157	84.155	84.157	2
16.12.2025 22:15	84.157	84.165	84.156	84.156	8
16.12.2025 23:00	84.16	84.169	84.13	84.169	34
16.12.2025 23:30	84.205	84.205	84.195	84.195	11
16.12.2025 23:45	84.157	84.157	84.157	84.157	1
17.12.2025 09:00	84.074	84.329	82.0	84.231	150
17.12.2025 09:15	84.28	84.28	84.28	84.28	4
17.12.2025 09:30	84.275	84.573	84.275	84.445	76
17.12.2025 09:45	84.382	84.48	84.366	84.385	14
17.12.2025 10:00	84.441	84.444	84.328	84.44	39
17.12.2025 10:15	84.451	84.8	84.451	84.65	131
17.12.2025 10:30	84.65	84.668	84.57	84.606	53
17.12.2025 10:45	84.627	84.8	84.617	84.8	20
17.12.2025 11:00	84.863	84.946	84.815	84.862	158
17.12.2025 11:15	84.863	84.893	84.8	84.826	36
17.12.2025 11:30	84.829	84.9	84.761	84.891	63
17.12.2025 11:45	84.9	85.061	84.9	85.061	45
17.12.2025 12:00	85.028	85.051	84.954	85.0	66
17.12.2025 12:15	85.008	85.052	84.982	85.052	11
17.12.2025 12:30	85.097	85.256	85.034	85.192	50
17.12.2025 12:45	85.165	85.243	85.062	85.243	18
17.12.2025 13:00	85.237	85.34	85.18	85.34	42
17.12.2025 13:15	85.345	85.407	85.15	85.15	40
17.12.2025 13:30	85.142	85.142	84.918	84.965	220
17.12.2025 13:45	85.054	85.054	84.98	84.998	9
17.12.2025 14:00	84.998	85.002	84.659	84.856	225
17.12.2025 14:15	84.855	85.102	84.823	85.1	109
17.12.2025 14:30	85.125	85.125	85.045	85.069	121
17.12.2025 14:45	85.09	85.1	84.929	84.929	175
17.12.2025 15:00	84.921	84.921	84.832	84.9	6
17.12.2025 15:15	84.811	84.826	84.804	84.815	9
17.12.2025 15:30	84.86	84.9	84.86	84.897	9
17.12.2025 15:45	84.912	84.942	84.856	84.942	45
17.12.2025 16:00	85.086	85.086	84.928	84.939	88
17.12.2025 16:15	84.85	84.85	84.85	84.85	5
17.12.2025 16:30	84.84	84.842	84.769	84.794	89
17.12.2025 16:45	84.783	84.864	84.736	84.864	45
17.12.2025 17:00	84.859	84.86	84.787	84.787	64
17.12.2025 17:15	84.826	84.852	84.812	84.812	9
17.12.2025 17:30	84.771	84.862	84.771	84.778	5
17.12.2025 17:45	84.851	85.04	84.801	84.97	60
17.12.2025 18:00	84.987	85.306	84.947	85.282	109
17.12.2025 18:15	85.248	85.316	85.19	85.19	8
17.12.2025 18:30	85.143	85.302	85.143	85.301	10
17.12.2025 19:00	85.306	85.32	85.217	85.23	15
17.12.2025 19:15	85.276	85.3	85.24	85.25	64
17.12.2025 19:30	85.253	85.3	85.253	85.3	16
17.12.2025 19:45	85.285	85.322	85.275	85.289	32
17.12.2025 20:00	85.303	85.308	85.301	85.301	19
17.12.2025 20:15	85.3	85.311	85.28	85.293	7
17.12.2025 20:30	85.28	85.28	85.246	85.246	20
17.12.2025 20:45	85.246	85.246	85.215	85.223	38
17.12.2025 21:00	85.236	85.287	85.236	85.264	62
17.12.2025 21:15	85.251	85.32	85.251	85.319	3
17.12.2025 21:30	85.317	85.379	85.317	85.348	7
17.12.2025 21:45	85.359	85.363	85.359	85.363	2
17.12.2025 22:00	85.36	85.36	85.317	85.332	10
17.12.2025 22:15	85.332	85.332	85.316	85.318	60
17.12.2025 22:30	85.246	85.265	85.246	85.265	4
17.12.2025 22:45	85.272	85.272	85.272	85.272	1
17.12.2025 23:15	85.316	85.316	85.316	85.316	1
17.12.2025 23:30	85.316	85.316	85.298	85.298	11
17.12.2025 23:45	85.278	85.278	85.278	85.278	1
18.12.2025 09:00	85.291	85.386	85.276	85.324	47
18.12.2025 09:15	85.308	85.308	85.176	85.176	21
18.12.2025 09:30	85.161	85.168	85.143	85.168	4
18.12.2025 09:45	85.211	85.264	85.211	85.264	25
18.12.2025 10:00	85.325	85.407	85.044	85.068	65
18.12.2025 10:15	85.134	85.255	85.09	85.11	27
18.12.2025 10:30	85.094	85.094	85.022	85.059	17
18.12.2025 10:45	85.081	85.081	84.94	84.968	88
18.12.2025 11:00	85.024	85.091	85.024	85.051	48
18.12.2025 11:15	85.041	85.046	84.94	84.952	31
18.12.2025 11:30	84.9	84.905	84.738	84.738	107
18.12.2025 11:45	84.701	84.769	84.671	84.698	90
18.12.2025 12:00	84.675	84.788	84.6	84.788	738
18.12.2025 12:15	84.69	84.941	84.69	84.941	21
18.12.2025 12:30	84.922	84.922	84.794	84.849	18
18.12.2025 12:45	84.755	84.873	84.755	84.873	60
18.12.2025 13:00	84.845	85.034	84.845	85.006	38
18.12.2025 13:15	85.007	85.084	85.007	85.083	19
18.12.2025 13:30	85.107	85.142	85.1	85.1	65
18.12.2025 13:45	85.0	85.0	84.972	84.972	9
18.12.2025 14:00	84.959	84.986	84.937	84.937	32
18.12.2025 14:15	84.91	84.91	84.865	84.875	18
18.12.2025 14:30	84.8	84.864	84.8	84.825	16
18.12.2025 14:45	84.832	84.906	84.824	84.906	7
18.12.2025 15:00	84.95	84.963	84.95	84.963	8
18.12.2025 15:15	84.946	84.948	84.889	84.925	12
18.12.2025 15:30	84.925	84.925	84.883	84.922	15
18.12.2025 15:45	84.941	84.95	84.93	84.93	33
18.12.2025 16:00	84.859	84.859	84.8	84.817	13
18.12.2025 16:15	84.876	84.876	84.876	84.876	1
18.12.2025 16:30	84.887	84.942	84.885	84.91	16
18.12.2025 16:45	84.919	84.932	84.821	84.881	135
18.12.2025 17:00	84.976	85.006	84.9	84.9	30
18.12.2025 17:15	84.914	85.053	84.912	85.028	209
18.12.2025 17:30	85.028	85.069	84.99	85.019	81
18.12.2025 17:45	85.102	85.443	85.099	85.416	275
18.12.2025 18:00	85.428	85.64	85.428	85.446	452
18.12.2025 18:15	85.467	85.5	85.44	85.5	153
18.12.2025 18:30	85.465	85.547	85.4	85.408	88
18.12.2025 19:00	85.47	85.479	85.394	85.394	19
18.12.2025 19:15	85.399	85.43	85.364	85.378	24
18.12.2025 19:30	85.398	85.442	85.34	85.34	21
18.12.2025 19:45	85.4	85.433	85.39	85.39	11
18.12.2025 20:00	85.415	86.0	85.412	85.873	153
18.12.2025 20:15	85.902	86.048	85.829	85.829	61
18.12.2025 20:30	85.829	85.865	85.729	85.729	92
18.12.2025 20:45	85.713	85.819	85.698	85.76	33
18.12.2025 21:00	85.775	85.81	85.744	85.768	26
18.12.2025 21:15	85.759	85.793	85.734	85.742	22
18.12.2025 21:30	85.742	85.744	85.686	85.686	36
18.12.2025 21:45	85.713	85.723	85.664	85.695	157
18.12.2025 22:00	85.68	85.697	85.661	85.674	42
18.12.2025 22:15	85.678	85.703	85.673	85.693	17
18.12.2025 22:30	85.693	85.748	85.687	85.742	49
18.12.2025 22:45	85.724	85.735	85.714	85.735	10
18.12.2025 23:00	85.719	85.719	85.717	85.717	3
18.12.2025 23:30	85.711	85.711	85.711	85.711	3
18.12.2025 23:45	85.777	85.777	85.763	85.763	3
19.12.2025 08:45	85.777	85.795	85.777	85.792	5
19.12.2025 09:00	85.7	85.762	85.659	85.718	54
19.12.2025 09:15	85.769	85.871	85.769	85.839	30
19.12.2025 09:30	85.885	85.885	85.763	85.763	30
19.12.2025 09:45	85.8	85.873	85.73	85.843	28
19.12.2025 10:00	85.816	86.13	85.7	86.0	1042
19.12.2025 10:15	86.018	86.248	85.994	86.248	295
19.12.2025 10:30	86.298	86.35	86.154	86.229	976
19.12.2025 10:45	86.24	86.255	86.151	86.199	228
19.12.2025 11:00	86.208	86.345	86.197	86.258	243
19.12.2025 11:15	86.257	86.258	86.022	86.07	657
19.12.2025 11:30	86.051	86.076	85.8	85.822	926
19.12.2025 11:45	85.8	85.8	85.67	85.709	532
19.12.2025 12:00	85.724	85.964	85.703	85.774	1194
19.12.2025 12:15	85.769	85.872	85.706	85.745	389
19.12.2025 12:30	85.73	85.739	85.668	85.736	28
19.12.2025 12:45	85.717	85.739	85.47	85.47	148
19.12.2025 13:00	85.45	85.541	85.329	85.405	138
19.12.2025 13:15	85.382	85.666	85.307	85.666	2516
19.12.2025 13:30	85.646	85.65	85.137	85.426	249
19.12.2025 13:45	85.401	85.418	85.27	85.418	38
19.12.2025 14:00	85.626	85.695	85.5	85.522	69
19.12.2025 14:15	85.449	85.542	85.3	85.542	26
19.12.2025 14:30	85.55	85.573	85.421	85.558	107
19.12.2025 14:45	85.55	85.558	85.532	85.55	8
19.12.2025 15:00	85.652	85.652	85.262	85.262	125
19.12.2025 15:15	85.228	85.284	85.053	85.099	141
19.12.2025 15:30	85.082	85.162	85.034	85.055	155
19.12.2025 15:45	85.03	85.245	84.935	85.098	298
19.12.2025 16:00	84.981	85.023	84.935	84.997	101
19.12.2025 16:15	84.934	84.999	84.9	84.974	214
19.12.2025 16:30	84.956	85.003	84.912	84.912	56
19.12.2025 16:45	84.902	84.969	84.834	84.844	298
19.12.2025 17:00	84.813	84.883	84.722	84.731	97
19.12.2025 17:15	84.851	84.856	84.618	84.699	159
19.12.2025 17:30	84.657	84.726	84.506	84.506	107
19.12.2025 17:45	84.523	84.633	84.435	84.556	378
19.12.2025 18:00	84.527	84.57	84.49	84.528	37
19.12.2025 18:15	84.574	84.7	84.574	84.58	22
19.12.2025 18:30	84.518	84.63	84.49	84.612	14
19.12.2025 18:45	84.657	84.657	84.634	84.649	7
19.12.2025 19:00	84.707	84.707	84.641	84.678	8
19.12.2025 19:15	84.752	84.752	84.727	84.735	12
19.12.2025 19:30	84.733	84.733	84.644	84.657	62
19.12.2025 19:45	84.69	84.69	84.647	84.647	9
19.12.2025 20:00	84.644	84.644	84.644	84.644	1
19.12.2025 20:15	84.643	84.653	84.601	84.604	11
19.12.2025 20:30	84.664	84.692	84.663	84.692	4
19.12.2025 20:45	84.667	84.67	84.651	84.651	5
19.12.2025 21:00	84.649	84.662	84.605	84.605	13
19.12.2025 21:15	84.614	84.636	84.614	84.623	5
19.12.2025 21:30	84.641	84.645	84.635	84.638	9
19.12.2025 21:45	84.649	84.65	84.636	84.65	5
19.12.2025 22:00	84.635	84.635	84.594	84.595	11
19.12.2025 22:15	84.601	84.615	84.594	84.594	17
19.12.2025 22:45	84.589	84.616	84.572	84.581	34
19.12.2025 23:00	84.576	84.592	84.568	84.592	14
19.12.2025 23:15	84.58	84.612	84.58	84.612	9
19.12.2025 23:30	84.643	84.643	84.643	84.643	6
19.12.2025 23:45	84.654	84.655	84.654	84.655	4
22.12.2025 09:00	84.631	84.631	84.2	84.292	267
22.12.2025 09:15	84.285	84.333	84.234	84.3	90
22.12.2025 09:30	84.298	84.298	84.136	84.173	45
22.12.2025 09:45	84.177	84.183	84.148	84.163	34
22.12.2025 10:00	84.185	84.291	84.051	84.19	85
22.12.2025 10:15	84.255	84.286	84.207	84.207	16
22.12.2025 10:30	84.249	84.275	84.191	84.218	23
22.12.2025 10:45	84.299	84.436	84.287	84.336	127
22.12.2025 11:00	84.351	84.351	84.298	84.298	17
22.12.2025 11:15	84.239	84.247	84.158	84.158	230
22.12.2025 11:30	84.155	84.155	83.876	83.882	366
22.12.2025 11:45	83.86	83.86	83.51	83.52	393
22.12.2025 12:00	83.539	83.539	83.408	83.477	317
22.12.2025 12:15	83.503	83.54	83.444	83.473	60
22.12.2025 12:30	83.472	83.518	83.446	83.451	131
22.12.2025 12:45	83.431	83.605	83.431	83.605	64
22.12.2025 13:00	83.603	83.603	83.469	83.482	38
22.12.2025 13:15	83.49	83.495	83.48	83.486	37
22.12.2025 13:30	83.465	83.49	83.271	83.284	123
22.12.2025 13:45	83.295	83.295	82.9	82.916	323
22.12.2025 14:00	82.916	82.978	82.8	82.978	72
22.12.2025 14:15	82.999	83.22	82.999	83.198	168
22.12.2025 14:30	83.186	83.309	83.185	83.26	93
22.12.2025 14:45	83.218	83.293	83.189	83.253	84
22.12.2025 15:00	83.249	83.259	83.086	83.182	263
22.12.2025 15:15	83.173	83.424	83.173	83.4	298
22.12.2025 15:30	83.452	83.455	83.277	83.289	178
22.12.2025 15:45	83.327	83.327	83.229	83.279	116
22.12.2025 16:00	83.295	83.43	83.295	83.323	66
22.12.2025 16:15	83.319	83.331	83.3	83.3	12
22.12.2025 16:30	83.307	83.336	83.22	83.334	20
22.12.2025 16:45	83.311	83.398	83.214	83.243	15
22.12.2025 17:00	83.243	83.275	83.223	83.223	311
22.12.2025 17:15	83.212	83.212	82.823	82.838	308
22.12.2025 17:30	82.811	83.057	82.799	82.821	220
22.12.2025 17:45	82.872	82.872	82.697	82.753	370
22.12.2025 18:00	82.696	82.949	82.653	82.901	344
22.12.2025 18:15	82.832	83.054	82.832	82.888	287
22.12.2025 18:30	82.928	83.019	82.765	82.832	58
22.12.2025 18:45	82.845	82.87	82.824	82.847	21
22.12.2025 19:00	82.75	82.799	82.69	82.79	16
22.12.2025 19:15	82.761	82.941	82.761	82.941	26
22.12.2025 19:30	82.917	82.927	82.888	82.888	13
22.12.2025 19:45	82.909	82.937	82.87	82.87	13
22.12.2025 20:00	82.861	82.932	82.841	82.932	28
22.12.2025 20:15	82.92	82.92	82.9	82.9	7
22.12.2025 20:30	82.896	82.896	82.857	82.857	9
22.12.2025 20:45	82.825	82.825	82.777	82.777	20
22.12.2025 21:00	82.772	82.808	82.769	82.808	9
22.12.2025 21:15	82.822	82.822	82.82	82.82	15
22.12.2025 21:30	82.882	82.882	82.882	82.882	1
22.12.2025 21:45	82.859	82.859	82.859	82.859	5
22.12.2025 22:00	82.868	82.872	82.868	82.872	4
22.12.2025 22:15	82.872	82.883	82.849	82.849	8
22.12.2025 22:30	82.832	82.851	82.82	82.851	70
22.12.2025 22:45	82.82	82.821	82.8	82.821	12
22.12.2025 23:00	82.823	82.832	82.811	82.832	8
22.12.2025 23:15	82.811	82.828	82.811	82.828	9
22.12.2025 23:30	82.817	82.817	82.817	82.817	1
22.12.2025 23:45	82.826	82.892	82.819	82.892	9
23.12.2025 08:45	82.79	82.79	82.79	82.79	2
23.12.2025 09:00	82.69	82.793	82.537	82.73	183
23.12.2025 09:15	82.735	82.739	82.711	82.739	74
23.12.2025 09:30	82.748	82.952	82.748	82.876	86
23.12.2025 09:45	82.825	82.825	82.723	82.748	125
23.12.2025 10:00	82.78	82.844	82.727	82.786	73
23.12.2025 10:15	82.839	83.113	82.838	83.029	172
23.12.2025 10:30	82.982	82.982	82.737	82.856	88
23.12.2025 10:45	82.848	82.848	82.732	82.749	76
23.12.2025 11:00	82.75	82.855	82.617	82.617	91
23.12.2025 11:15	82.632	82.658	82.43	82.43	612
23.12.2025 11:30	82.438	82.707	82.42	82.665	259
23.12.2025 11:45	82.664	82.764	82.53	82.53	706
23.12.2025 12:00	82.533	82.533	82.311	82.327	1458
23.12.2025 12:15	82.35	82.405	82.27	82.365	1529
23.12.2025 12:30	82.407	82.578	82.407	82.524	576
23.12.2025 12:45	82.567	82.567	82.427	82.501	318
23.12.2025 13:00	82.571	82.575	82.469	82.529	396
23.12.2025 13:15	82.54	82.604	82.491	82.589	1258
23.12.2025 13:30	82.589	82.625	82.529	82.559	312
23.12.2025 13:45	82.569	82.577	82.476	82.497	118
23.12.2025 14:00	82.491	82.565	82.458	82.56	150
23.12.2025 14:15	82.49	82.507	82.147	82.317	393
23.12.2025 14:30	82.354	82.416	82.298	82.32	203
23.12.2025 14:45	82.298	82.348	82.253	82.279	96
23.12.2025 15:00	82.292	82.353	82.207	82.35	125
23.12.2025 15:15	82.339	82.342	82.288	82.29	87
23.12.2025 15:30	82.277	82.277	82.01	82.011	642
23.12.2025 15:45	82.016	82.108	81.977	82.08	651
23.12.2025 16:00	82.085	82.248	82.084	82.233	173
23.12.2025 16:15	82.206	82.241	82.128	82.195	246
23.12.2025 16:30	82.168	82.168	82.1	82.11	83
23.12.2025 16:45	82.11	82.171	81.94	81.978	155
23.12.2025 17:00	81.982	82.082	81.903	82.078	485
23.12.2025 17:15	82.029	82.029	81.863	81.915	239
23.12.2025 17:30	81.947	82.026	81.85	81.995	169
23.12.2025 17:45	81.967	82.184	81.963	82.121	345
23.12.2025 18:00	82.126	82.162	82.063	82.082	61
23.12.2025 18:15	82.073	82.264	82.069	82.23	47
23.12.2025 18:30	82.23	82.243	82.196	82.196	49
23.12.2025 18:45	82.204	82.204	82.199	82.2	17
23.12.2025 19:00	82.195	82.288	82.195	82.277	53
23.12.2025 19:15	82.269	82.351	82.25	82.341	62
23.12.2025 19:30	82.288	82.289	82.267	82.267	7
23.12.2025 19:45	82.3	82.3	82.271	82.29	93
23.12.2025 20:00	82.29	82.295	82.248	82.249	111
23.12.2025 20:15	82.218	82.218	82.218	82.218	1
23.12.2025 20:30	82.221	82.25	82.22	82.224	7
23.12.2025 20:45	82.237	82.265	82.231	82.265	21
23.12.2025 21:00	82.265	82.265	82.222	82.222	8
23.12.2025 21:15	82.218	82.248	82.194	82.194	14
23.12.2025 21:45	82.205	82.219	82.199	82.208	65
23.12.2025 22:00	82.202	82.202	82.177	82.177	26
23.12.2025 22:15	82.167	82.167	82.079	82.089	12
23.12.2025 22:30	82.1	82.17	82.1	82.165	10
23.12.2025 23:00	82.181	82.181	82.181	82.181	1
23.12.2025 23:15	82.167	82.223	82.167	82.223	15
23.12.2025 23:30	82.241	82.25	82.241	82.25	6
23.12.2025 23:45	82.303	82.315	82.3	82.3	4
24.12.2025 09:00	82.251	82.412	82.16	82.287	89
24.12.2025 09:15	82.315	82.315	82.315	82.315	3
24.12.2025 09:30	82.251	82.257	82.16	82.256	43
24.12.2025 09:45	82.278	82.3	82.21	82.283	45
24.12.2025 10:00	82.278	82.278	82.045	82.214	67
24.12.2025 10:15	82.223	82.388	82.223	82.326	740
24.12.2025 10:30	82.357	82.374	82.239	82.239	245
24.12.2025 10:45	82.262	82.262	82.109	82.123	1180
24.12.2025 11:00	82.134	82.245	82.134	82.225	854
24.12.2025 11:15	82.236	82.448	82.2	82.363	282
24.12.2025 11:30	82.341	82.341	82.106	82.177	406
24.12.2025 11:45	82.184	82.184	82.106	82.106	12
24.12.2025 12:00	82.118	82.156	82.11	82.156	24
24.12.2025 12:15	82.13	82.31	82.13	82.276	320
24.12.2025 12:30	82.316	82.7	82.316	82.679	608
24.12.2025 12:45	82.7	82.755	82.515	82.58	232
24.12.2025 13:00	82.62	82.623	82.573	82.573	42
24.12.2025 13:15	82.608	82.996	82.574	82.996	431
24.12.2025 13:30	82.998	83.056	82.79	82.925	294
24.12.2025 13:45	82.928	82.967	82.87	82.92	46
24.12.2025 14:00	82.898	82.966	82.824	82.824	21
24.12.2025 14:15	82.879	82.948	82.829	82.93	304
24.12.2025 14:30	82.93	83.042	82.93	83.007	243
24.12.2025 14:45	83.011	83.157	83.005	83.157	221
24.12.2025 15:00	83.129	83.342	83.119	83.185	463
24.12.2025 15:15	83.2	83.259	83.109	83.112	510
24.12.2025 15:30	83.112	83.214	83.09	83.153	664
24.12.2025 15:45	83.165	83.217	83.092	83.092	423
24.12.2025 16:00	83.115	83.181	82.92	82.95	468
24.12.2025 16:15	82.957	83.011	82.824	82.898	874
24.12.2025 16:30	82.876	82.971	82.72	82.764	130
24.12.2025 16:45	82.775	82.778	82.656	82.755	83
24.12.2025 17:00	82.736	82.736	82.408	82.704	4685
24.12.2025 17:15	82.676	82.771	82.563	82.665	1290
24.12.2025 17:30	82.664	82.694	82.618	82.666	182
24.12.2025 17:45	82.551	82.6	82.501	82.553	137
24.12.2025 18:00	82.527	82.633	82.482	82.544	198
24.12.2025 18:15	82.543	82.59	82.522	82.59	20
24.12.2025 18:30	82.607	82.74	82.607	82.733	55
24.12.2025 18:45	82.675	82.68	82.669	82.68	3
24.12.2025 19:00	82.749	82.78	82.706	82.706	24
24.12.2025 19:15	82.713	82.717	82.68	82.68	15
24.12.2025 19:30	82.7	82.7	82.699	82.699	14
24.12.2025 19:45	82.671	82.676	82.606	82.639	27
24.12.2025 20:00	82.621	82.621	82.57	82.57	15
24.12.2025 20:15	82.589	82.589	82.589	82.589	1
24.12.2025 20:30	82.668	82.668	82.645	82.645	2
24.12.2025 20:45	82.61	82.61	82.544	82.544	87
24.12.2025 21:00	82.539	82.579	82.539	82.569	31
24.12.2025 21:15	82.595	82.606	82.595	82.606	4
24.12.2025 21:30	82.6	82.6	82.581	82.581	5
24.12.2025 22:00	82.581	82.584	82.57	82.584	6
24.12.2025 22:30	82.601	82.603	82.555	82.562	6
24.12.2025 23:00	82.565	82.566	82.561	82.563	5
24.12.2025 23:15	82.554	82.563	82.553	82.563	10
24.12.2025 23:30	82.565	82.566	82.552	82.566	6
24.12.2025 23:45	82.552	82.552	82.552	82.552	1
25.12.2025 09:00	82.548	82.56	82.485	82.538	51
25.12.2025 09:15	82.572	82.59	82.531	82.59	11
25.12.2025 09:30	82.565	82.565	82.432	82.432	17
25.12.2025 09:45	82.389	82.422	82.372	82.397	110
25.12.2025 10:00	82.439	82.471	82.156	82.157	141
25.12.2025 10:15	82.151	82.151	82.013	82.037	212
25.12.2025 10:30	82.023	82.351	81.95	82.35	5917
25.12.2025 10:45	82.35	82.444	82.3	82.38	3146
25.12.2025 11:00	82.325	82.413	82.185	82.27	73
25.12.2025 11:15	82.3	82.308	82.2	82.273	28
25.12.2025 11:30	82.267	82.361	82.267	82.331	35
25.12.2025 11:45	82.368	82.399	82.333	82.337	70
25.12.2025 12:00	82.357	82.357	82.213	82.214	30
25.12.2025 12:15	82.237	82.255	82.18	82.195	1248
25.12.2025 12:30	82.185	82.23	82.174	82.219	125
25.12.2025 12:45	82.208	82.208	81.956	82.085	609
25.12.2025 13:00	82.056	82.16	81.992	82.16	27
25.12.2025 13:15	82.164	82.2	82.097	82.124	103
25.12.2025 13:30	82.104	82.229	82.104	82.182	39
25.12.2025 13:45	82.049	82.129	82.049	82.05	119
25.12.2025 14:00	82.034	82.115	81.905	82.108	218
25.12.2025 14:15	82.141	82.202	82.125	82.201	145
25.12.2025 14:30	82.19	82.33	82.19	82.3	131
25.12.2025 14:45	82.295	82.31	82.22	82.22	24
25.12.2025 15:00	82.212	82.22	82.031	82.183	80
25.12.2025 15:15	82.101	82.101	81.983	82.042	204
25.12.2025 15:30	82.05	82.112	82.001	82.012	58
25.12.2025 15:45	82.0	82.112	81.802	81.803	444
25.12.2025 16:00	81.8	81.873	81.772	81.844	154
25.12.2025 16:15	81.831	81.933	81.824	81.908	210
25.12.2025 16:30	81.896	81.897	81.634	81.634	163
25.12.2025 16:45	81.635	81.82	81.581	81.738	939
25.12.2025 17:00	81.744	81.778	81.7	81.77	164
25.12.2025 17:15	81.792	81.855	81.76	81.79	126
25.12.2025 17:30	81.81	81.859	81.751	81.766	444
25.12.2025 17:45	81.769	81.828	81.705	81.828	283
25.12.2025 18:00	81.808	81.88	81.783	81.83	171
25.12.2025 18:15	81.805	81.84	81.72	81.77	184
25.12.2025 18:30	81.727	81.854	81.727	81.831	111
25.12.2025 18:45	81.845	81.845	81.794	81.794	123
25.12.2025 19:00	81.735	81.814	81.735	81.81	3
25.12.2025 19:15	81.8	81.8	81.74	81.74	13
25.12.2025 19:30	81.723	81.736	81.673	81.678	161
25.12.2025 19:45	81.7	81.7	81.616	81.659	153
25.12.2025 20:00	81.708	81.76	81.708	81.736	19
25.12.2025 20:15	81.747	81.75	81.737	81.747	7
25.12.2025 20:30	81.735	81.76	81.735	81.735	233
25.12.2025 20:45	81.745	81.745	81.656	81.691	55
25.12.2025 21:00	81.667	81.667	81.662	81.662	4
25.12.2025 21:15	81.68	81.681	81.669	81.669	12
25.12.2025 21:45	81.693	81.693	81.693	81.693	1
25.12.2025 22:00	81.687	81.687	81.686	81.686	4
25.12.2025 22:30	81.696	81.696	81.696	81.696	2
25.12.2025 22:45	81.742	81.785	81.73	81.756	19
25.12.2025 23:00	81.75	81.759	81.706	81.706	15
25.12.2025 23:15	81.729	81.729	81.729	81.729	1
25.12.2025 23:30	81.734	81.734	81.724	81.724	3
25.12.2025 23:45	81.727	81.729	81.727	81.729	5
26.12.2025 09:00	81.785	81.855	81.723	81.724	48
26.12.2025 09:15	81.669	81.734	81.493	81.722	289
26.12.2025 09:30	81.658	81.74	81.58	81.74	95
26.12.2025 09:45	81.698	81.707	81.495	81.531	118
26.12.2025 10:00	81.54	81.653	81.366	81.653	926
26.12.2025 10:15	81.652	81.739	81.624	81.65	262
26.12.2025 10:30	81.679	81.998	81.679	81.997	315
26.12.2025 10:45	82.098	82.216	82.045	82.108	898
26.12.2025 11:00	82.117	82.235	82.067	82.129	223
26.12.2025 11:15	82.156	82.466	82.156	82.424	411
26.12.2025 11:30	82.431	82.5	82.262	82.305	73
26.12.2025 11:45	82.349	82.355	82.162	82.162	47
26.12.2025 12:00	82.144	82.144	81.839	81.9	72
26.12.2025 12:15	81.914	81.927	81.813	81.907	142
26.12.2025 12:30	81.915	81.927	81.745	81.745	334
26.12.2025 12:45	81.721	81.734	81.58	81.58	133
26.12.2025 13:00	81.701	82.21	81.676	81.804	352
26.12.2025 13:15	81.776	81.896	81.734	81.896	45
26.12.2025 13:30	81.873	81.91	81.796	81.851	79
26.12.2025 13:45	81.78	81.981	81.722	81.965	4031
26.12.2025 14:00	81.994	82.003	81.95	81.95	451
26.12.2025 14:15	81.95	81.951	81.874	81.939	220
26.12.2025 14:30	81.93	81.975	81.881	81.944	228
26.12.2025 14:45	81.908	81.917	81.867	81.896	230
26.12.2025 15:00	81.895	81.895	81.75	81.818	110
26.12.2025 15:15	81.811	81.945	81.768	81.856	218
26.12.2025 15:30	81.852	82.061	81.812	81.874	447
26.12.2025 15:45	81.85	81.85	81.709	81.74	166
26.12.2025 16:00	81.742	81.742	81.58	81.645	109
26.12.2025 16:15	81.558	81.655	81.517	81.574	222
26.12.2025 16:30	81.545	81.56	81.414	81.432	1112
26.12.2025 16:45	81.4	81.414	81.298	81.386	156
26.12.2025 17:00	81.47	81.715	81.426	81.564	718
26.12.2025 17:15	81.56	81.64	81.446	81.515	195
26.12.2025 17:30	81.517	81.55	81.509	81.538	21
26.12.2025 17:45	81.588	81.66	81.526	81.577	55
26.12.2025 18:00	81.547	81.71	81.546	81.651	1366
26.12.2025 18:15	81.699	81.7	81.589	81.648	42
26.12.2025 18:30	81.589	81.628	81.564	81.613	127
26.12.2025 19:00	81.636	81.646	81.564	81.564	9
26.12.2025 19:15	81.537	81.593	81.499	81.55	35
26.12.2025 19:30	81.55	81.55	81.527	81.53	53
26.12.2025 19:45	81.526	81.535	81.526	81.528	6
26.12.2025 20:00	81.538	81.56	81.538	81.56	3
26.12.2025 20:15	81.558	81.583	81.558	81.583	2
26.12.2025 20:45	81.558	81.558	81.547	81.549	4
26.12.2025 21:00	81.528	81.553	81.528	81.553	4
26.12.2025 21:15	81.57	81.588	81.57	81.588	9
26.12.2025 21:30	81.567	81.567	81.528	81.528	21
26.12.2025 21:45	81.528	81.528	81.528	81.528	4
26.12.2025 22:00	81.541	81.553	81.535	81.535	38
26.12.2025 22:15	81.604	81.61	81.532	81.56	34
26.12.2025 22:30	81.549	81.552	81.548	81.548	14
26.12.2025 23:00	81.599	81.599	81.599	81.599	1
26.12.2025 23:15	81.595	81.633	81.568	81.633	17
26.12.2025 23:30	81.583	81.583	81.583	81.583	2
26.12.2025 23:45	81.603	81.603	81.592	81.592	6
29.12.2025 08:45	81.538	81.538	81.538	81.538	3
29.12.2025 09:00	81.592	81.798	81.592	81.779	154
29.12.2025 09:15	81.802	81.854	81.775	81.775	101
29.12.2025 09:30	81.78	81.78	81.646	81.67	130
29.12.2025 09:45	81.659	81.728	81.525	81.661	220
29.12.2025 10:00	81.677	82.033	81.658	81.67	158
29.12.2025 10:15	81.558	81.81	81.527	81.81	162
29.12.2025 10:30	81.805	81.891	81.805	81.876	21
29.12.2025 10:45	81.841	81.952	81.8	81.851	265
29.12.2025 11:00	81.81	81.815	81.693	81.719	104
29.12.2025 11:15	81.703	81.759	81.602	81.64	184
29.12.2025 11:30	81.601	81.603	81.491	81.544	78
29.12.2025 11:45	81.489	81.533	81.485	81.499	212
29.12.2025 12:00	81.56	81.605	81.433	81.433	287
29.12.2025 12:15	81.401	81.677	81.374	81.677	532
29.12.2025 12:30	81.66	81.763	81.656	81.74	182
29.12.2025 12:45	81.77	81.797	81.743	81.776	36
29.12.2025 13:00	81.743	81.812	81.72	81.81	235
29.12.2025 13:15	81.81	81.882	81.749	81.882	48
29.12.2025 13:30	81.881	81.881	81.807	81.809	33
29.12.2025 13:45	81.733	81.761	81.669	81.669	55
29.12.2025 14:00	81.721	81.755	81.719	81.755	4
29.12.2025 14:15	81.786	81.814	81.786	81.814	11
29.12.2025 14:30	81.81	81.913	81.791	81.88	30
29.12.2025 14:45	81.869	81.96	81.869	81.957	18
29.12.2025 15:00	81.982	82.228	81.982	82.228	145
29.12.2025 15:15	82.159	82.171	82.001	82.08	73
29.12.2025 15:30	82.139	82.147	82.098	82.146	78
29.12.2025 15:45	82.15	82.351	82.15	82.287	90
29.12.2025 16:00	82.325	82.35	82.24	82.28	646
29.12.2025 16:15	82.28	82.293	82.154	82.154	86
29.12.2025 16:30	82.151	82.244	82.04	82.065	179
29.12.2025 16:45	82.043	82.109	81.974	82.0	187
29.12.2025 17:00	81.997	82.094	81.986	82.074	95
29.12.2025 17:15	82.071	82.146	82.032	82.032	175
29.12.2025 17:30	82.031	82.143	82.02	82.02	246
29.12.2025 17:45	82.017	82.031	81.888	81.928	217
29.12.2025 18:00	81.89	82.017	81.871	81.905	163
29.12.2025 18:15	81.968	82.103	81.968	82.065	102
29.12.2025 18:30	82.023	82.3	82.015	82.273	87
29.12.2025 18:45	82.326	82.333	82.263	82.263	19
29.12.2025 19:00	82.34	82.372	82.2	82.27	45
29.12.2025 19:15	82.309	82.31	82.183	82.235	11
29.12.2025 19:30	82.235	82.235	82.184	82.184	34
29.12.2025 19:45	82.182	82.182	82.145	82.146	14
29.12.2025 20:00	82.214	82.245	82.189	82.191	50
29.12.2025 20:15	82.186	82.186	82.186	82.186	1
29.12.2025 20:30	82.184	82.215	82.184	82.215	15
29.12.2025 20:45	82.252	82.284	82.252	82.272	7
29.12.2025 21:00	82.265	82.3	82.228	82.229	19
29.12.2025 21:15	82.244	82.254	82.243	82.254	7
29.12.2025 21:30	82.205	82.236	82.193	82.196	32
29.12.2025 21:45	82.206	82.241	82.206	82.241	20
29.12.2025 22:00	82.252	82.269	82.215	82.215	17
29.12.2025 22:15	82.196	82.196	82.196	82.196	1
29.12.2025 22:30	82.217	82.217	82.217	82.217	1
29.12.2025 22:45	82.216	82.216	82.216	82.216	2
29.12.2025 23:00	82.221	82.23	82.212	82.23	9
29.12.2025 23:15	82.3	82.311	82.251	82.251	17
29.12.2025 23:30	82.222	82.222	82.215	82.215	4
29.12.2025 23:45	82.2	82.2	82.126	82.129	156
30.12.2025 09:00	82.149	82.149	82.052	82.11	40
30.12.2025 09:15	82.107	82.123	82.1	82.101	10
30.12.2025 09:30	82.139	82.139	82.101	82.114	6
30.12.2025 09:45	82.1	82.186	82.045	82.145	53
30.12.2025 10:00	82.137	82.282	81.918	82.038	149
30.12.2025 10:15	82.08	82.504	82.078	82.5	2307
30.12.2025 10:30	82.5	82.954	82.5	82.764	14143
30.12.2025 10:45	82.769	82.846	82.596	82.682	766
30.12.2025 11:00	82.699	82.718	82.5	82.515	280
30.12.2025 11:15	82.494	82.574	82.29	82.331	184
30.12.2025 11:30	82.331	82.351	82.159	82.244	364
30.12.2025 11:45	82.221	82.382	82.188	82.258	278
30.12.2025 12:00	82.245	82.291	82.035	82.065	231
30.12.2025 12:15	82.114	82.226	82.1	82.1	171
30.12.2025 12:30	82.092	82.12	81.93	81.958	704
30.12.2025 12:45	81.9	81.914	81.765	81.789	163
30.12.2025 13:00	81.788	81.974	81.788	81.95	357
30.12.2025 13:15	81.917	82.116	81.916	82.085	26
30.12.2025 13:30	82.091	82.125	81.976	81.976	21
30.12.2025 13:45	81.995	82.065	81.995	82.04	95
30.12.2025 14:00	82.073	82.101	82.022	82.098	50
30.12.2025 14:15	82.102	82.111	81.92	81.955	33
30.12.2025 14:30	81.983	82.359	81.983	82.332	123
30.12.2025 14:45	82.331	82.62	82.331	82.587	293
30.12.2025 15:00	82.609	82.69	82.58	82.64	3179
30.12.2025 15:15	82.579	82.838	82.575	82.814	236
30.12.2025 15:30	82.805	82.866	82.745	82.831	163
30.12.2025 15:45	82.868	82.87	82.78	82.851	82
30.12.2025 16:00	82.857	82.998	82.842	82.959	76
30.12.2025 16:15	82.96	83.098	82.952	82.958	699
30.12.2025 16:30	82.961	83.02	82.9	82.9	108
30.12.2025 16:45	82.921	83.053	82.921	83.045	119
30.12.2025 17:00	83.091	83.215	83.06	83.102	1131
30.12.2025 17:15	83.098	83.103	82.915	83.017	279
30.12.2025 17:30	83.037	83.037	82.75	82.82	144
30.12.2025 17:45	82.819	82.849	82.745	82.746	84
30.12.2025 18:00	82.791	82.815	82.739	82.745	30
30.12.2025 18:15	82.745	82.928	82.728	82.871	64
30.12.2025 18:30	82.869	82.892	82.82	82.882	39
30.12.2025 18:45	82.882	82.896	82.879	82.89	43
30.12.2025 19:00	82.878	82.973	82.859	82.933	183
30.12.2025 19:15	82.942	82.949	82.807	82.828	173
30.12.2025 19:30	82.828	82.881	82.8	82.82	153
30.12.2025 19:45	82.799	82.799	82.761	82.786	9
30.12.2025 20:00	82.795	82.816	82.783	82.783	38
30.12.2025 20:15	82.813	82.819	82.813	82.817	5
30.12.2025 21:00	82.82	82.82	82.812	82.812	6
30.12.2025 21:15	82.818	82.818	82.806	82.806	23
30.12.2025 21:30	82.822	82.828	82.792	82.828	42
30.12.2025 21:45	82.848	82.878	82.848	82.85	7
30.12.2025 22:00	82.836	82.836	82.821	82.821	4
30.12.2025 22:15	82.847	82.847	82.847	82.847	1
30.12.2025 22:30	82.847	82.848	82.837	82.848	4
30.12.2025 22:45	82.888	82.905	82.875	82.905	22
30.12.2025 23:00	82.904	82.918	82.9	82.918	3
30.12.2025 23:15	82.932	82.932	82.906	82.906	6
30.12.2025 23:30	82.917	82.922	82.893	82.893	7
05.01.2026 09:00	82.98	83.149	82.98	83.052	184
05.01.2026 09:15	83.064	83.087	82.97	83.015	106
05.01.2026 09:30	83.024	83.152	83.015	83.149	58
05.01.2026 09:45	83.149	83.263	83.0	83.075	70
05.01.2026 10:00	83.104	83.33	83.037	83.298	308
05.01.2026 10:15	83.314	83.638	83.274	83.535	436
05.01.2026 10:30	83.53	83.78	83.528	83.726	222
05.01.2026 10:45	83.775	84.275	83.775	84.275	187
05.01.2026 11:00	84.297	84.298	83.989	84.078	144
05.01.2026 11:15	84.01	84.13	83.993	84.045	192
05.01.2026 11:30	84.086	84.106	84.024	84.024	46
05.01.2026 11:45	84.042	84.084	84.024	84.062	74
05.01.2026 12:00	84.066	84.133	84.033	84.104	209
05.01.2026 12:15	84.142	84.221	84.125	84.125	32
05.01.2026 12:30	84.143	84.144	84.102	84.105	28
05.01.2026 12:45	84.156	84.157	83.804	83.804	380
05.01.2026 13:00	83.865	83.937	83.79	83.885	124
05.01.2026 13:15	83.934	84.039	83.934	84.013	61
05.01.2026 13:30	84.045	84.054	83.982	83.996	18
05.01.2026 13:45	84.0	84.022	83.978	83.996	27
05.01.2026 14:00	84.011	84.058	83.943	83.943	15
05.01.2026 14:15	83.976	84.039	83.79	84.01	57
05.01.2026 14:30	84.049	84.049	83.954	83.954	252
05.01.2026 14:45	83.95	83.95	83.865	83.916	190
05.01.2026 15:00	83.886	83.931	83.868	83.868	34
05.01.2026 15:15	83.931	83.956	83.93	83.941	6
05.01.2026 15:30	84.0	84.038	84.0	84.038	16
05.01.2026 15:45	84.04	84.04	84.039	84.04	16
05.01.2026 16:00	84.002	84.072	83.991	84.072	27
05.01.2026 16:15	84.072	84.096	84.072	84.078	14
05.01.2026 16:30	84.079	84.082	84.058	84.082	19
05.01.2026 16:45	84.086	84.106	84.054	84.054	39
05.01.2026 17:00	84.012	84.042	84.0	84.0	27
05.01.2026 17:15	84.012	84.048	84.0	84.048	34
05.01.2026 17:30	84.068	84.12	84.046	84.046	218
05.01.2026 17:45	84.146	84.146	84.04	84.041	8
05.01.2026 18:00	84.071	84.071	83.961	83.961	33
05.01.2026 18:15	84.008	84.018	84.008	84.018	5
05.01.2026 18:30	84.062	84.065	84.036	84.062	34
05.01.2026 18:45	84.082	84.082	84.08	84.08	2
05.01.2026 19:00	84.098	84.2	84.098	84.159	40
05.01.2026 19:15	84.125	84.165	84.125	84.155	10
05.01.2026 19:30	84.139	84.212	84.139	84.186	21
05.01.2026 19:45	84.162	84.183	84.139	84.139	31
05.01.2026 20:00	84.16	84.16	84.158	84.158	4
05.01.2026 20:15	84.123	84.13	84.11	84.13	7
05.01.2026 20:45	84.137	84.137	84.111	84.111	11
05.01.2026 21:30	84.154	84.158	84.151	84.154	8
05.01.2026 21:45	84.171	84.189	84.171	84.189	9
05.01.2026 22:00	84.204	84.4	84.204	84.4	98
05.01.2026 22:15	84.261	84.27	84.205	84.27	102
05.01.2026 22:30	84.28	84.28	84.28	84.28	1
05.01.2026 22:45	84.236	84.236	84.236	84.236	1
05.01.2026 23:15	84.235	84.242	84.232	84.232	10
05.01.2026 23:30	84.21	84.253	84.208	84.244	10
05.01.2026 23:45	84.262	84.262	84.262	84.262	1
06.01.2026 08:45	84.126	84.126	84.126	84.126	1
06.01.2026 09:00	84.259	84.282	84.084	84.089	76
06.01.2026 09:15	84.077	84.095	84.077	84.09	7
06.01.2026 09:30	84.114	84.165	84.114	84.136	19
06.01.2026 09:45	84.184	84.354	84.181	84.322	87
06.01.2026 10:00	84.386	84.41	83.8	83.852	277
06.01.2026 10:15	83.801	83.801	83.572	83.592	371
06.01.2026 10:30	83.573	83.702	83.57	83.573	121
06.01.2026 10:45	83.57	83.855	83.57	83.826	39
06.01.2026 11:00	83.782	83.903	83.776	83.866	113
06.01.2026 11:15	83.836	83.902	83.777	83.865	40
06.01.2026 11:30	83.86	83.933	83.85	83.881	295
06.01.2026 11:45	83.855	83.908	83.812	83.817	60
06.01.2026 12:00	83.799	83.855	83.7	83.844	227
06.01.2026 12:15	83.86	83.864	83.792	83.792	13
06.01.2026 12:30	83.801	83.83	83.8	83.82	25
06.01.2026 12:45	83.828	83.829	83.785	83.785	32
06.01.2026 13:00	83.828	83.89	83.828	83.841	22
06.01.2026 13:15	83.835	84.169	83.835	84.103	273
06.01.2026 13:30	84.117	84.122	84.078	84.122	16
06.01.2026 13:45	84.13	84.165	84.093	84.093	16
06.01.2026 14:00	84.03	84.03	83.93	83.939	23
06.01.2026 14:15	83.902	83.949	83.902	83.949	6
06.01.2026 14:30	83.925	83.976	83.902	83.976	48
06.01.2026 14:45	84.006	84.006	83.929	83.932	9
06.01.2026 15:00	83.858	83.858	83.8	83.82	9
06.01.2026 15:15	83.789	83.821	83.695	83.734	28
06.01.2026 15:30	83.758	83.758	83.666	83.715	14
06.01.2026 15:45	83.75	83.838	83.742	83.838	19
06.01.2026 16:00	83.783	83.805	83.783	83.805	4
06.01.2026 16:15	83.804	83.804	83.737	83.737	12
06.01.2026 16:45	83.716	83.72	83.688	83.713	180
06.01.2026 17:00	83.701	83.723	83.701	83.723	12
06.01.2026 17:15	83.725	83.761	83.719	83.761	45
06.01.2026 17:30	83.747	83.75	83.457	83.607	158
06.01.2026 17:45	83.49	83.583	83.358	83.358	110
06.01.2026 18:00	83.339	83.44	83.289	83.44	48
06.01.2026 18:15	83.452	83.452	83.4	83.416	19
06.01.2026 18:30	83.43	83.43	83.393	83.4	603
06.01.2026 18:45	83.393	83.393	83.36	83.363	5
06.01.2026 19:00	83.365	83.389	83.347	83.378	27
06.01.2026 19:15	83.385	83.385	83.334	83.334	82
06.01.2026 19:30	83.343	83.381	83.343	83.381	37
06.01.2026 19:45	83.46	83.476	83.46	83.476	12
06.01.2026 20:00	83.386	83.39	83.386	83.386	12
06.01.2026 20:15	83.386	83.386	83.386	83.386	93
06.01.2026 20:30	83.391	83.401	83.39	83.39	5
06.01.2026 20:45	83.388	83.388	83.376	83.376	24
06.01.2026 21:00	83.385	83.385	83.376	83.376	4
06.01.2026 21:30	83.367	83.375	83.361	83.375	10
06.01.2026 21:45	83.375	83.378	83.337	83.342	187
06.01.2026 22:00	83.342	83.342	83.33	83.33	136
06.01.2026 22:15	83.33	83.33	83.33	83.33	10
06.01.2026 22:30	83.355	83.357	83.354	83.354	7
06.01.2026 22:45	83.37	83.376	83.369	83.376	11
06.01.2026 23:00	83.38	83.39	83.375	83.39	18
06.01.2026 23:15	83.383	83.39	83.383	83.39	9
06.01.2026 23:30	83.377	83.378	83.355	83.355	18
08.01.2026 08:45	83.43	83.43	83.43	83.43	2
08.01.2026 09:00	83.535	84.248	83.53	83.623	322
08.01.2026 09:15	83.636	83.702	83.549	83.702	141
08.01.2026 09:30	83.709	83.711	83.6	83.657	93
08.01.2026 09:45	83.664	83.671	83.5	83.513	54
08.01.2026 10:00	83.531	83.778	83.2	83.333	195
08.01.2026 10:15	83.377	83.703	83.208	83.379	347
08.01.2026 10:30	83.368	83.714	83.356	83.672	116
08.01.2026 10:45	83.7	84.0	83.7	83.896	72
08.01.2026 11:00	83.91	84.052	83.91	83.967	155
08.01.2026 11:15	83.93	83.935	83.856	83.925	156
08.01.2026 11:30	83.94	83.959	83.87	83.959	71
08.01.2026 11:45	83.941	83.941	83.922	83.931	42
08.01.2026 12:00	83.955	83.955	83.724	83.798	99
08.01.2026 12:15	83.89	83.89	83.75	83.874	6
08.01.2026 12:30	83.88	83.931	83.88	83.89	51
08.01.2026 12:45	83.864	83.955	83.864	83.955	9
08.01.2026 13:00	83.988	83.989	83.877	83.877	19
08.01.2026 13:15	83.92	83.92	83.844	83.844	22
08.01.2026 13:30	83.832	83.832	83.747	83.781	96
08.01.2026 13:45	83.756	83.761	83.667	83.667	24
08.01.2026 14:00	83.653	83.737	83.653	83.737	11
08.01.2026 14:15	83.64	83.688	83.572	83.688	21
08.01.2026 14:30	83.588	83.698	83.514	83.698	24
08.01.2026 14:45	83.686	83.74	83.686	83.739	197
08.01.2026 15:00	83.755	83.842	83.572	83.613	939
08.01.2026 15:15	83.63	83.735	83.63	83.685	79
08.01.2026 15:30	83.682	83.688	83.678	83.678	7
08.01.2026 15:45	83.695	83.712	83.67	83.67	33
08.01.2026 16:00	83.645	83.688	83.588	83.618	21
08.01.2026 16:15	83.588	83.588	83.437	83.467	28
08.01.2026 16:30	83.42	83.42	83.301	83.356	88
08.01.2026 16:45	83.332	83.467	83.289	83.311	30
08.01.2026 17:00	83.301	83.346	83.186	83.238	171
08.01.2026 17:15	83.238	83.3	83.188	83.3	213
08.01.2026 17:30	83.29	83.29	83.271	83.275	19
08.01.2026 17:45	83.303	83.355	83.303	83.355	9
08.01.2026 18:00	83.286	83.287	83.229	83.287	12
08.01.2026 18:15	83.272	83.339	83.272	83.339	10
08.01.2026 18:30	83.29	83.29	83.272	83.272	6
08.01.2026 18:45	83.271	83.271	83.271	83.271	1
08.01.2026 19:00	83.346	83.37	83.346	83.354	9
08.01.2026 19:15	83.35	83.359	83.35	83.357	18
08.01.2026 19:30	83.359	83.375	83.359	83.375	9
08.01.2026 19:45	83.375	83.442	83.375	83.425	25
08.01.2026 20:15	83.446	83.454	83.439	83.439	7
08.01.2026 20:30	83.431	83.438	83.431	83.438	2
08.01.2026 20:45	83.403	83.403	83.388	83.389	7
08.01.2026 21:00	83.372	83.374	83.359	83.374	10
08.01.2026 21:15	83.391	83.391	83.391	83.391	1
08.01.2026 21:30	83.389	83.393	83.388	83.388	5
08.01.2026 21:45	83.388	83.404	83.387	83.404	4
08.01.2026 22:00	83.406	83.406	83.405	83.405	2
08.01.2026 22:15	83.406	83.406	83.403	83.403	2
08.01.2026 22:45	83.395	83.402	83.392	83.402	5
08.01.2026 23:00	83.407	83.429	83.407	83.427	22
08.01.2026 23:45	83.408	83.408	83.408	83.408	22
09.01.2026 09:00	83.408	83.468	83.327	83.327	21
09.01.2026 09:15	83.332	83.332	83.273	83.285	32
09.01.2026 09:30	83.269	83.43	83.263	83.43	36
09.01.2026 09:45	83.434	83.498	83.292	83.298	56
09.01.2026 10:00	83.335	83.373	83.008	83.061	159
09.01.2026 10:15	83.001	83.011	82.84	82.993	260
09.01.2026 10:30	82.969	83.134	82.884	83.084	180
09.01.2026 10:45	83.067	83.146	83.067	83.117	41
09.01.2026 11:00	83.058	83.071	82.957	82.976	204
09.01.2026 11:15	82.957	83.0	82.83	82.868	213
09.01.2026 11:30	82.808	82.882	82.802	82.881	48
09.01.2026 11:45	82.866	82.87	82.768	82.82	149
09.01.2026 12:00	82.752	82.764	82.555	82.715	331
09.01.2026 12:15	82.689	82.72	82.6	82.683	119
09.01.2026 12:30	82.716	82.716	82.655	82.658	89
09.01.2026 12:45	82.661	82.776	82.656	82.776	54
09.01.2026 13:00	82.733	82.762	82.733	82.76	48
09.01.2026 13:15	82.744	82.854	82.744	82.802	23
09.01.2026 13:30	82.777	82.777	82.775	82.775	51
09.01.2026 13:45	82.797	82.797	82.744	82.749	12
09.01.2026 14:00	82.713	82.752	82.697	82.738	145
09.01.2026 14:15	82.7	82.757	82.696	82.757	6
09.01.2026 14:30	82.771	82.84	82.756	82.756	150
09.01.2026 14:45	82.759	82.79	82.75	82.756	44
09.01.2026 15:00	82.758	82.759	82.725	82.737	43
09.01.2026 15:15	82.71	82.722	82.71	82.721	7
09.01.2026 15:30	82.715	82.749	82.702	82.739	64
09.01.2026 15:45	82.726	82.809	82.556	82.754	72
09.01.2026 16:00	82.751	82.751	82.62	82.633	37
09.01.2026 16:15	82.648	82.681	82.647	82.681	9
09.01.2026 16:30	82.694	82.717	82.61	82.61	88
09.01.2026 16:45	82.6	82.649	82.583	82.648	20
09.01.2026 17:00	82.628	82.628	82.507	82.612	35
09.01.2026 17:15	82.568	82.58	82.568	82.58	13
09.01.2026 17:30	82.575	82.582	82.552	82.565	20
09.01.2026 17:45	82.58	82.589	82.565	82.565	10
09.01.2026 18:00	82.551	82.551	82.498	82.55	72
09.01.2026 18:15	82.538	82.599	82.538	82.574	38
09.01.2026 18:30	82.584	82.584	82.497	82.515	15
09.01.2026 18:45	82.54	82.54	82.54	82.54	2
09.01.2026 19:00	82.568	82.601	82.568	82.601	2
09.01.2026 19:15	82.577	82.577	82.55	82.559	21
09.01.2026 19:30	82.556	82.563	82.552	82.56	9
09.01.2026 19:45	82.595	82.613	82.583	82.583	18
09.01.2026 20:30	82.64	82.707	82.64	82.707	28
09.01.2026 21:30	82.683	82.683	82.677	82.677	4
09.01.2026 22:00	82.677	82.684	82.676	82.684	44
09.01.2026 22:15	82.667	82.678	82.652	82.652	38
09.01.2026 22:30	82.666	82.666	82.666	82.666	1
09.01.2026 22:45	82.63	82.632	82.61	82.63	13
09.01.2026 23:00	82.647	82.647	82.617	82.622	3
09.01.2026 23:15	82.58	82.591	82.564	82.578	11
09.01.2026 23:30	82.555	82.564	82.55	82.563	20
09.01.2026 23:45	82.565	82.578	82.548	82.548	37
12.01.2026 09:00	82.6	82.719	82.5	82.628	104
12.01.2026 09:15	82.628	82.628	82.3	82.355	135
12.01.2026 09:30	82.352	82.489	82.274	82.46	64
12.01.2026 09:45	82.506	82.571	82.501	82.548	78
12.01.2026 10:00	82.526	82.957	82.508	82.9	234
12.01.2026 10:15	82.94	83.271	82.879	83.271	361
12.01.2026 10:30	83.278	83.368	83.09	83.14	275
12.01.2026 10:45	83.14	83.206	83.033	83.2	220
12.01.2026 11:00	83.215	83.254	83.174	83.197	74
12.01.2026 11:15	83.204	83.268	83.08	83.08	25
12.01.2026 11:30	83.158	83.158	83.05	83.08	54
12.01.2026 11:45	83.05	83.084	83.036	83.036	266
12.01.2026 12:00	83.045	83.045	82.86	82.873	605
12.01.2026 12:15	82.862	82.896	82.74	82.753	242
12.01.2026 12:30	82.735	82.878	82.735	82.778	1353
12.01.2026 12:45	82.771	82.953	82.771	82.948	365
12.01.2026 13:00	82.969	82.978	82.891	82.945	48
12.01.2026 13:15	82.9	83.048	82.9	83.022	74
12.01.2026 13:30	83.034	83.036	82.87	82.87	44
12.01.2026 13:45	82.856	82.856	82.736	82.736	84
12.01.2026 14:00	82.72	82.72	82.674	82.697	81
12.01.2026 14:15	82.71	82.751	82.706	82.707	21
12.01.2026 14:30	82.72	82.761	82.695	82.749	25
12.01.2026 14:45	82.701	82.825	82.688	82.8	23
12.01.2026 15:00	82.825	82.825	82.745	82.745	34
12.01.2026 15:15	82.695	82.704	82.686	82.704	14
12.01.2026 15:30	82.782	82.782	82.665	82.669	287
12.01.2026 15:45	82.682	82.929	82.682	82.822	125
12.01.2026 16:00	82.855	82.873	82.805	82.834	35
12.01.2026 16:15	82.871	82.871	82.699	82.845	39
12.01.2026 16:30	82.878	82.923	82.765	82.878	125
12.01.2026 16:45	82.925	82.978	82.867	82.878	21
12.01.2026 17:00	82.947	82.948	82.878	82.908	39
12.01.2026 17:15	82.887	82.91	82.886	82.91	127
12.01.2026 17:30	82.895	82.895	82.793	82.8	257
12.01.2026 17:45	82.793	82.878	82.778	82.87	49
12.01.2026 18:00	82.804	82.898	82.803	82.855	14
12.01.2026 18:15	82.887	82.889	82.804	82.81	114
12.01.2026 18:30	82.814	82.814	82.798	82.798	18
12.01.2026 18:45	82.805	82.805	82.79	82.79	4
12.01.2026 19:00	82.773	82.773	82.75	82.75	6
12.01.2026 19:15	82.749	82.847	82.749	82.847	11
12.01.2026 19:30	82.825	82.857	82.825	82.856	36
12.01.2026 20:00	82.847	82.847	82.823	82.823	15
12.01.2026 20:15	82.83	82.869	82.83	82.869	6
12.01.2026 20:30	82.864	82.895	82.862	82.895	19
12.01.2026 20:45	82.889	82.892	82.887	82.892	8
12.01.2026 21:00	82.872	82.889	82.872	82.889	3
12.01.2026 21:30	82.834	82.834	82.834	82.834	2
12.01.2026 21:45	82.84	82.856	82.84	82.856	7
12.01.2026 22:00	82.873	82.873	82.872	82.872	3
12.01.2026 22:15	82.894	82.952	82.894	82.924	17
12.01.2026 22:30	82.913	82.913	82.91	82.91	5
12.01.2026 23:15	82.92	82.937	82.92	82.934	7
12.01.2026 23:30	82.931	82.951	82.93	82.951	17
12.01.2026 23:45	82.957	82.957	82.949	82.957	5
13.01.2026 09:00	82.99	83.011	82.91	83.004	100
13.01.2026 09:15	83.004	83.111	82.968	82.968	225
13.01.2026 09:30	83.009	83.009	82.898	82.952	50
13.01.2026 09:45	82.906	83.073	82.88	83.0	69
13.01.2026 10:00	82.93	83.14	82.811	82.888	799
13.01.2026 10:15	82.935	83.003	82.898	83.0	211
13.01.2026 10:30	82.993	82.993	82.8	82.929	186
13.01.2026 10:45	82.89	82.905	82.773	82.773	90
13.01.2026 11:00	82.753	82.807	82.644	82.67	458
13.01.2026 11:15	82.666	82.826	82.635	82.784	378
13.01.2026 11:30	82.791	82.823	82.727	82.761	433
13.01.2026 11:45	82.782	82.839	82.735	82.825	98
13.01.2026 12:00	82.846	83.031	82.844	82.977	334
13.01.2026 12:15	83.0	83.135	82.973	83.073	308
13.01.2026 12:30	83.073	83.073	82.965	82.972	273
13.01.2026 12:45	83.021	83.022	82.91	83.012	180
13.01.2026 13:00	82.993	83.025	82.904	83.02	206
13.01.2026 13:15	83.0	83.073	83.0	83.056	238
13.01.2026 13:30	83.063	83.115	83.053	83.075	175
13.01.2026 13:45	83.075	83.075	82.98	82.996	108
13.01.2026 14:00	83.016	83.035	82.92	82.92	14
13.01.2026 14:15	82.925	82.997	82.908	82.985	67
13.01.2026 14:30	83.037	83.038	82.89	82.89	178
13.01.2026 14:45	82.88	82.941	82.873	82.938	22
13.01.2026 15:00	82.923	82.926	82.879	82.9	38
13.01.2026 15:15	82.886	82.902	82.868	82.88	19
13.01.2026 15:30	82.817	82.837	82.75	82.785	32
13.01.2026 15:45	82.776	82.859	82.775	82.859	27
13.01.2026 16:00	82.851	82.852	82.746	82.763	132
13.01.2026 16:15	82.751	82.751	82.573	82.637	119
13.01.2026 16:30	82.648	82.671	82.624	82.649	77
13.01.2026 16:45	82.633	82.692	82.633	82.67	34
13.01.2026 17:00	82.663	82.663	82.663	82.663	1
13.01.2026 17:15	82.705	82.775	82.705	82.706	529
13.01.2026 17:30	82.734	82.759	82.703	82.703	270
13.01.2026 17:45	82.68	82.763	82.652	82.759	21
13.01.2026 18:00	82.79	82.82	82.69	82.75	46
13.01.2026 18:15	82.79	82.929	82.79	82.88	148
13.01.2026 18:30	82.9	82.928	82.882	82.882	50
13.01.2026 18:45	82.858	82.858	82.79	82.813	6
13.01.2026 19:00	82.828	82.842	82.828	82.842	30
13.01.2026 19:15	82.811	82.902	82.783	82.896	16
13.01.2026 19:30	82.884	82.91	82.883	82.91	4
13.01.2026 19:45	82.869	82.875	82.835	82.85	12
13.01.2026 20:00	82.801	82.801	82.773	82.773	8
13.01.2026 20:15	82.785	82.785	82.785	82.785	1
13.01.2026 20:30	82.757	82.758	82.757	82.758	5
13.01.2026 20:45	82.803	82.803	82.765	82.765	3
13.01.2026 21:00	82.782	82.834	82.782	82.834	8
13.01.2026 21:30	82.783	82.791	82.783	82.791	2
13.01.2026 21:45	82.819	82.82	82.819	82.82	4
13.01.2026 22:00	82.853	82.853	82.853	82.853	1
13.01.2026 22:15	82.858	82.863	82.858	82.863	2
13.01.2026 22:30	82.834	82.839	82.834	82.839	3
13.01.2026 22:45	82.88	82.883	82.855	82.855	61
13.01.2026 23:00	82.827	82.827	82.826	82.826	3
13.01.2026 23:15	82.826	82.826	82.806	82.806	2
13.01.2026 23:30	82.8	82.83	82.8	82.803	3
13.01.2026 23:45	82.806	82.9	82.806	82.9	5
14.01.2026 09:00	82.909	82.922	82.754	82.761	30
14.01.2026 09:15	82.748	82.859	82.715	82.829	26
14.01.2026 09:30	82.753	82.906	82.753	82.797	14
14.01.2026 09:45	82.836	82.879	82.803	82.864	18
14.01.2026 10:00	82.849	83.1	82.802	82.802	156
14.01.2026 10:15	82.8	82.833	82.618	82.689	116
14.01.2026 10:30	82.74	82.777	82.7	82.726	18
14.01.2026 10:45	82.727	82.765	82.711	82.711	28
14.01.2026 11:00	82.766	82.766	82.691	82.727	35
14.01.2026 11:15	82.698	82.698	82.634	82.675	1107
14.01.2026 11:30	82.666	82.693	82.352	82.524	247
14.01.2026 11:45	82.519	82.539	82.471	82.51	44
14.01.2026 12:00	82.504	82.583	82.468	82.583	16
14.01.2026 12:15	82.578	82.578	82.539	82.562	7
14.01.2026 12:30	82.561	82.562	82.554	82.554	15
14.01.2026 12:45	82.598	82.688	82.598	82.688	22
14.01.2026 13:00	82.7	82.706	82.63	82.656	35
14.01.2026 13:15	82.68	82.702	82.578	82.58	57
14.01.2026 13:30	82.589	82.609	82.532	82.552	42
14.01.2026 13:45	82.546	82.546	82.346	82.443	150
14.01.2026 14:00	82.42	82.42	82.203	82.262	372
14.01.2026 14:15	82.263	82.383	82.262	82.35	199
14.01.2026 14:30	82.401	82.436	82.38	82.425	78
14.01.2026 14:45	82.43	82.509	82.402	82.474	628
14.01.2026 15:00	82.471	82.487	82.38	82.397	445
14.01.2026 15:15	82.433	82.45	82.392	82.446	163
14.01.2026 15:30	82.456	82.5	82.427	82.47	49
14.01.2026 15:45	82.451	82.467	82.412	82.416	34
14.01.2026 16:00	82.408	82.42	82.367	82.411	183
14.01.2026 16:15	82.4	82.412	82.255	82.296	338
14.01.2026 16:30	82.29	82.305	82.226	82.226	197
14.01.2026 16:45	82.223	82.333	82.1	82.288	281
14.01.2026 17:00	82.252	82.29	82.209	82.277	152
14.01.2026 17:15	82.272	82.272	82.148	82.225	114
14.01.2026 17:30	82.201	82.338	82.194	82.323	116
14.01.2026 17:45	82.33	82.383	82.329	82.346	61
14.01.2026 18:00	82.353	82.444	82.337	82.376	346
14.01.2026 18:15	82.348	82.366	82.298	82.35	167
14.01.2026 18:30	82.336	82.336	82.194	82.201	321
14.01.2026 18:45	82.219	82.221	82.188	82.214	50
14.01.2026 19:00	82.17	82.22	82.17	82.174	10
14.01.2026 19:15	82.25	82.256	82.19	82.19	67
14.01.2026 19:30	82.215	82.217	82.215	82.217	6
14.01.2026 19:45	82.224	82.26	82.223	82.252	47
14.01.2026 20:00	82.276	82.278	82.276	82.278	8
14.01.2026 20:15	82.252	82.275	82.217	82.275	6
14.01.2026 20:30	82.268	82.284	82.222	82.284	9
14.01.2026 20:45	82.305	82.31	82.305	82.307	8
14.01.2026 21:00	82.3	82.314	82.3	82.313	19
14.01.2026 21:15	82.247	82.251	82.185	82.2	46
14.01.2026 21:30	82.214	82.214	82.212	82.213	4
14.01.2026 21:45	82.225	82.225	82.22	82.22	10
14.01.2026 22:00	82.243	82.246	82.198	82.198	61
14.01.2026 22:15	82.148	82.148	82.046	82.121	115
14.01.2026 22:30	82.124	82.124	82.124	82.124	1
14.01.2026 22:45	82.152	82.152	82.137	82.137	5
14.01.2026 23:00	82.131	82.156	82.127	82.156	39
14.01.2026 23:15	82.181	82.181	82.15	82.161	16
14.01.2026 23:30	82.194	82.194	82.17	82.17	2
14.01.2026 23:45	82.15	82.158	82.15	82.15	8
15.01.2026 09:00	82.205	82.491	82.205	82.4	148
15.01.2026 09:15	82.424	82.462	82.36	82.386	31
15.01.2026 09:30	82.375	82.416	82.298	82.368	42
15.01.2026 09:45	82.368	82.5	82.349	82.365	96
15.01.2026 10:00	82.386	82.5	82.198	82.305	175
15.01.2026 10:15	82.332	82.36	82.232	82.277	106
15.01.2026 10:30	82.273	82.335	82.198	82.218	52
15.01.2026 10:45	82.204	82.326	82.195	82.326	63
15.01.2026 11:00	82.326	82.36	82.29	82.318	100
15.01.2026 11:15	82.36	82.47	82.34	82.423	36
15.01.2026 11:30	82.38	82.411	82.343	82.402	27
15.01.2026 11:45	82.432	82.554	82.393	82.554	214
15.01.2026 12:00	82.498	82.679	82.461	82.667	332
15.01.2026 12:15	82.667	82.693	82.593	82.642	358
15.01.2026 12:30	82.639	82.642	82.569	82.632	17
15.01.2026 12:45	82.627	82.627	82.551	82.551	13
15.01.2026 13:00	82.594	82.611	82.538	82.546	66
15.01.2026 13:15	82.573	82.612	82.573	82.607	81
15.01.2026 13:30	82.594	82.744	82.593	82.665	197
15.01.2026 13:45	82.717	82.75	82.703	82.721	226
15.01.2026 14:00	82.749	82.791	82.705	82.759	348
15.01.2026 14:15	82.747	82.803	82.743	82.774	203
15.01.2026 14:30	82.774	82.802	82.749	82.758	1006
15.01.2026 14:45	82.757	82.82	82.717	82.812	205
15.01.2026 15:00	82.8	82.841	82.708	82.738	288
15.01.2026 15:15	82.733	82.736	82.63	82.661	345
15.01.2026 15:30	82.662	82.7	82.52	82.551	1114
15.01.2026 15:45	82.569	82.612	82.48	82.587	1079
15.01.2026 16:00	82.581	82.585	82.45	82.542	565
15.01.2026 16:15	82.541	82.55	82.5	82.5	428
15.01.2026 16:30	82.5	82.531	82.495	82.531	129
15.01.2026 16:45	82.517	82.517	82.38	82.428	171
15.01.2026 17:00	82.428	82.428	81.794	81.84	679
15.01.2026 17:15	81.8	81.951	81.685	81.831	298
15.01.2026 17:30	81.773	82.054	81.772	81.982	134
15.01.2026 17:45	82.019	82.041	81.944	81.989	73
15.01.2026 18:00	81.96	82.069	81.96	82.04	121
15.01.2026 18:15	82.029	82.049	81.898	81.9	138
15.01.2026 18:30	81.871	81.908	81.85	81.908	46
15.01.2026 18:45	81.905	81.93	81.895	81.895	15
15.01.2026 19:00	81.96	81.965	81.93	81.932	68
15.01.2026 19:15	81.878	81.935	81.86	81.86	25
15.01.2026 19:30	81.903	81.907	81.896	81.907	5
15.01.2026 19:45	81.911	81.911	81.91	81.91	2
15.01.2026 20:00	81.883	81.883	81.864	81.867	15
15.01.2026 20:15	81.86	81.901	81.855	81.885	61
15.01.2026 20:30	81.913	81.913	81.913	81.913	1
15.01.2026 20:45	81.919	81.919	81.866	81.866	22
15.01.2026 21:00	81.855	81.855	81.848	81.849	8
15.01.2026 21:15	81.849	81.853	81.849	81.853	3
15.01.2026 21:45	81.853	81.879	81.853	81.879	27
15.01.2026 22:00	81.86	81.86	81.86	81.86	3
15.01.2026 22:15	81.86	81.86	81.856	81.856	6
15.01.2026 22:30	81.905	81.905	81.905	81.905	1
15.01.2026 22:45	81.916	81.916	81.858	81.858	34
15.01.2026 23:00	81.872	81.907	81.872	81.907	3
15.01.2026 23:15	81.927	81.934	81.927	81.929	7
15.01.2026 23:30	81.93	81.93	81.891	81.918	27
16.01.2026 09:00	81.936	81.938	81.769	81.811	89
16.01.2026 09:15	81.78	81.788	81.65	81.65	94
16.01.2026 09:30	81.662	81.774	81.579	81.774	92
16.01.2026 09:45	81.75	81.788	81.64	81.64	259
16.01.2026 10:00	81.665	81.72	81.48	81.631	719
16.01.2026 10:15	81.647	81.954	81.634	81.948	277
16.01.2026 10:30	81.954	82.044	81.933	81.941	451
16.01.2026 10:45	81.918	81.928	81.82	81.82	31
16.01.2026 11:00	81.795	81.833	81.771	81.802	155
16.01.2026 11:15	81.796	81.796	81.67	81.685	153
16.01.2026 11:30	81.687	81.8	81.687	81.8	34
16.01.2026 11:45	81.753	81.789	81.724	81.731	68
16.01.2026 12:00	81.728	81.91	81.68	81.857	123
16.01.2026 12:15	81.85	81.867	81.784	81.796	84
16.01.2026 12:30	81.8	81.8	81.737	81.774	119
16.01.2026 12:45	81.78	81.8	81.722	81.734	81
16.01.2026 13:00	81.745	81.748	81.678	81.719	255
16.01.2026 13:15	81.714	81.714	81.592	81.659	182
16.01.2026 13:30	81.635	81.706	81.635	81.706	99
16.01.2026 13:45	81.682	81.769	81.66	81.66	90
16.01.2026 14:00	81.711	81.734	81.682	81.734	72
16.01.2026 14:15	81.726	81.785	81.726	81.774	29
16.01.2026 14:30	81.774	81.821	81.664	81.69	240
16.01.2026 14:45	81.689	81.745	81.689	81.733	79
16.01.2026 15:00	81.81	81.81	81.746	81.746	25
16.01.2026 15:15	81.859	81.9	81.85	81.85	38
16.01.2026 15:30	81.824	81.92	81.824	81.913	115
16.01.2026 15:45	81.883	81.89	81.851	81.89	119
16.01.2026 16:00	81.828	81.833	81.745	81.745	132
16.01.2026 16:15	81.785	81.852	81.785	81.85	84
16.01.2026 16:30	81.85	81.935	81.818	81.871	113
16.01.2026 16:45	81.867	81.9	81.792	81.872	128
16.01.2026 17:00	81.871	81.887	81.821	81.828	38
16.01.2026 17:15	81.82	81.855	81.813	81.813	23
16.01.2026 17:30	81.83	82.198	81.83	82.002	175
16.01.2026 17:45	82.0	82.071	81.998	82.051	248
16.01.2026 18:00	82.057	82.121	81.98	82.007	257
16.01.2026 18:15	82.013	82.076	82.011	82.057	169
16.01.2026 18:30	82.11	82.135	82.064	82.13	132
16.01.2026 18:45	82.154	82.161	82.154	82.159	28
16.01.2026 19:00	82.08	82.08	82.006	82.02	14
16.01.2026 19:15	81.99	82.047	81.982	82.047	15
16.01.2026 19:30	82.026	82.026	82.026	82.026	1
16.01.2026 19:45	82.032	82.043	82.027	82.027	9
16.01.2026 20:00	81.995	81.995	81.995	81.995	1
16.01.2026 20:15	82.014	82.035	82.014	82.016	9
16.01.2026 20:30	81.995	81.995	81.995	81.995	1
16.01.2026 20:45	82.025	82.025	82.012	82.012	2
16.01.2026 21:00	81.991	82.005	81.991	82.001	14
16.01.2026 21:15	82.019	82.019	81.92	81.92	28
16.01.2026 21:30	81.919	81.921	81.898	81.898	21
16.01.2026 21:45	81.898	81.904	81.881	81.881	31
16.01.2026 22:15	81.962	81.962	81.962	81.962	1
16.01.2026 22:30	81.939	81.939	81.932	81.932	2
16.01.2026 23:00	81.955	81.955	81.955	81.955	5
16.01.2026 23:15	81.975	81.975	81.975	81.975	1
16.01.2026 23:30	81.938	81.938	81.938	81.938	2
19.01.2026 08:45	81.848	81.848	81.848	81.848	6
19.01.2026 09:00	81.938	81.963	81.765	81.958	117
19.01.2026 09:15	81.987	82.027	81.987	81.998	77
19.01.2026 09:30	82.006	82.009	81.978	81.996	31
19.01.2026 09:45	81.997	82.094	81.98	82.094	116
19.01.2026 10:00	82.12	82.131	81.89	81.941	130
19.01.2026 10:15	81.956	82.209	81.931	82.066	187
19.01.2026 10:30	82.053	82.115	81.96	81.96	68
19.01.2026 10:45	81.951	81.959	81.882	81.896	74
19.01.2026 11:00	81.944	81.953	81.808	81.808	200
19.01.2026 11:15	81.867	82.079	81.831	82.048	44
19.01.2026 11:30	82.079	82.111	82.011	82.025	168
19.01.2026 11:45	82.058	82.11	82.046	82.05	272
19.01.2026 12:00	82.064	82.082	81.996	81.996	118
19.01.2026 12:15	82.042	82.084	81.999	82.067	571
19.01.2026 12:30	82.083	82.1	81.975	81.975	21
19.01.2026 12:45	81.95	82.015	81.902	81.902	38
19.01.2026 13:00	81.901	81.938	81.812	81.871	150
19.01.2026 13:15	81.879	81.879	81.62	81.65	260
19.01.2026 13:30	81.65	81.69	81.639	81.654	181
19.01.2026 13:45	81.641	81.682	81.634	81.635	43
19.01.2026 14:00	81.683	81.683	81.559	81.655	178
19.01.2026 14:15	81.638	81.653	81.615	81.621	452
19.01.2026 14:30	81.646	81.669	81.618	81.669	62
19.01.2026 14:45	81.659	81.659	81.618	81.631	326
19.01.2026 15:00	81.669	81.75	81.667	81.702	109
19.01.2026 15:15	81.704	81.704	81.633	81.633	34
19.01.2026 15:30	81.655	81.703	81.647	81.7	94
19.01.2026 15:45	81.7	81.786	81.657	81.683	176
19.01.2026 16:00	81.677	81.721	81.677	81.721	29
19.01.2026 16:15	81.745	81.836	81.656	81.689	588
19.01.2026 16:30	81.684	81.69	81.615	81.679	457
19.01.2026 16:45	81.63	81.682	81.604	81.682	643
19.01.2026 17:00	81.666	81.696	81.642	81.648	118
19.01.2026 17:15	81.645	81.662	81.641	81.647	28
19.01.2026 17:30	81.636	81.636	81.61	81.622	101
19.01.2026 17:45	81.618	81.693	81.602	81.693	652
19.01.2026 18:00	81.637	81.714	81.627	81.667	310
19.01.2026 18:15	81.667	81.695	81.66	81.687	488
19.01.2026 18:30	81.702	81.745	81.655	81.67	312
19.01.2026 18:45	81.683	81.7	81.683	81.7	59
19.01.2026 19:00	81.75	81.77	81.652	81.667	26
19.01.2026 19:15	81.645	81.645	81.622	81.622	6
19.01.2026 19:30	81.618	81.671	81.618	81.658	4
19.01.2026 19:45	81.657	81.669	81.657	81.669	3
19.01.2026 20:15	81.658	81.658	81.658	81.658	1
19.01.2026 20:30	81.661	81.663	81.644	81.657	28
19.01.2026 20:45	81.665	81.668	81.665	81.668	6
19.01.2026 21:00	81.679	81.682	81.677	81.677	11
19.01.2026 21:15	81.669	81.669	81.655	81.655	15
19.01.2026 21:30	81.668	81.668	81.668	81.668	1
19.01.2026 21:45	81.683	81.686	81.683	81.686	11
19.01.2026 22:00	81.688	81.707	81.688	81.707	33
19.01.2026 22:15	81.707	81.707	81.689	81.689	23
19.01.2026 22:30	81.687	81.687	81.64	81.644	15
19.01.2026 23:00	81.644	81.644	81.644	81.644	1
19.01.2026 23:30	81.668	81.673	81.66	81.66	10
19.01.2026 23:45	81.666	81.756	81.666	81.688	6
20.01.2026 09:00	81.634	81.707	81.6	81.676	243
20.01.2026 09:15	81.64	81.669	81.548	81.548	75
20.01.2026 09:30	81.52	81.582	81.444	81.582	137
20.01.2026 09:45	81.507	81.566	81.507	81.562	28
20.01.2026 10:00	81.563	81.697	81.508	81.515	67
20.01.2026 10:15	81.531	81.666	81.497	81.645	127
20.01.2026 10:30	81.68	81.855	81.643	81.855	383
20.01.2026 10:45	81.864	82.003	81.824	81.924	684
20.01.2026 11:00	81.948	81.95	81.863	81.879	295
20.01.2026 11:15	81.905	82.005	81.888	81.994	197
20.01.2026 11:30	81.972	81.987	81.897	81.918	389
20.01.2026 11:45	81.918	81.97	81.869	81.869	530
20.01.2026 12:00	81.918	81.93	81.848	81.864	383
20.01.2026 12:15	81.833	81.896	81.829	81.882	73
20.01.2026 12:30	81.85	82.007	81.778	82.006	201
20.01.2026 12:45	82.02	82.043	81.968	82.006	282
20.01.2026 13:00	82.02	82.103	82.008	82.038	496
20.01.2026 13:15	82.07	82.088	82.053	82.084	92
20.01.2026 13:30	82.053	82.159	82.053	82.08	411
20.01.2026 13:45	82.091	82.096	82.0	82.031	299
20.01.2026 14:00	82.003	82.057	81.964	81.964	56
20.01.2026 14:15	81.983	81.996	81.95	81.969	120
20.01.2026 14:30	81.966	81.98	81.894	81.896	33
20.01.2026 14:45	81.86	81.88	81.82	81.858	616
20.01.2026 15:00	81.823	81.823	81.626	81.661	376
20.01.2026 15:15	81.657	81.713	81.633	81.678	195
20.01.2026 15:30	81.698	81.842	81.691	81.789	647
20.01.2026 15:45	81.789	81.81	81.777	81.779	237
20.01.2026 16:00	81.785	81.843	81.767	81.807	250
20.01.2026 16:15	81.809	81.82	81.786	81.81	120
20.01.2026 16:30	81.81	81.839	81.778	81.793	227
20.01.2026 16:45	81.771	81.82	81.746	81.768	232
20.01.2026 17:00	81.757	81.76	81.72	81.743	552
20.01.2026 17:15	81.736	81.736	81.625	81.668	760
20.01.2026 17:30	81.654	81.745	81.645	81.745	370
20.01.2026 17:45	81.725	81.765	81.709	81.742	78
20.01.2026 18:00	81.742	81.789	81.723	81.723	112
20.01.2026 18:15	81.723	81.738	81.723	81.738	9
20.01.2026 18:30	81.738	81.738	81.701	81.709	20
20.01.2026 18:45	81.709	81.712	81.701	81.701	9
20.01.2026 19:00	81.7	81.759	81.7	81.735	28
20.01.2026 19:15	81.709	81.728	81.692	81.692	19
20.01.2026 19:30	81.691	81.691	81.691	81.691	1
20.01.2026 19:45	81.687	81.687	81.687	81.687	1
20.01.2026 20:00	81.69	81.69	81.656	81.656	14
20.01.2026 20:15	81.663	81.663	81.65	81.65	32
20.01.2026 20:30	81.698	81.698	81.692	81.692	7
20.01.2026 20:45	81.709	81.712	81.671	81.671	52
20.01.2026 21:15	81.663	81.673	81.656	81.673	14
20.01.2026 21:30	81.664	81.686	81.654	81.686	21
20.01.2026 21:45	81.687	81.693	81.687	81.693	2
20.01.2026 22:00	81.715	81.728	81.712	81.712	12
20.01.2026 22:15	81.699	81.699	81.685	81.685	46
20.01.2026 22:30	81.678	81.68	81.677	81.68	10
20.01.2026 22:45	81.703	81.703	81.703	81.703	1
20.01.2026 23:00	81.688	81.688	81.688	81.688	3
20.01.2026 23:15	81.712	81.712	81.71	81.71	5
20.01.2026 23:30	81.722	81.734	81.722	81.734	11
20.01.2026 23:45	81.737	81.737	81.736	81.736	2
21.01.2026 09:00	81.694	81.831	81.692	81.743	41
21.01.2026 09:15	81.723	81.839	81.705	81.829	124
21.01.2026 09:30	81.811	81.827	81.763	81.827	12
21.01.2026 09:45	81.826	81.918	81.809	81.865	420
21.01.2026 10:00	81.865	81.91	81.48	81.485	1268
21.01.2026 10:15	81.461	81.58	81.43	81.54	476
21.01.2026 10:30	81.54	81.54	81.417	81.423	330
21.01.2026 10:45	81.436	81.46	81.34	81.372	497
21.01.2026 11:00	81.337	81.521	81.337	81.511	1483
21.01.2026 11:15	81.527	81.587	81.42	81.499	604
21.01.2026 11:30	81.48	81.508	81.45	81.489	394
21.01.2026 11:45	81.498	81.498	81.425	81.447	126
21.01.2026 12:00	81.427	81.507	81.427	81.501	425
21.01.2026 12:15	81.489	81.639	81.451	81.451	221
21.01.2026 12:30	81.431	81.495	81.314	81.495	885
21.01.2026 12:45	81.482	81.562	81.482	81.534	127
21.01.2026 13:00	81.536	81.536	81.46	81.507	189
21.01.2026 13:15	81.518	81.528	81.419	81.445	409
21.01.2026 13:30	81.435	81.452	81.353	81.356	469
21.01.2026 13:45	81.355	81.421	81.33	81.379	811
21.01.2026 14:00	81.357	81.374	81.311	81.339	592
21.01.2026 14:15	81.339	81.35	81.22	81.24	854
21.01.2026 14:30	81.24	81.324	81.133	81.206	1518
21.01.2026 14:45	81.231	81.231	81.061	81.096	654
21.01.2026 15:00	81.091	81.162	81.052	81.159	182
21.01.2026 15:15	81.143	81.214	81.124	81.164	122
21.01.2026 15:30	81.164	81.174	81.082	81.095	199
21.01.2026 15:45	81.068	81.117	81.02	81.073	88
21.01.2026 16:00	81.109	81.15	81.051	81.093	178
21.01.2026 16:15	81.087	81.092	80.98	81.025	368
21.01.2026 16:30	81.005	81.045	80.966	80.993	262
21.01.2026 16:45	80.981	80.981	80.82	80.83	954
21.01.2026 17:00	80.891	80.985	80.75	80.892	558
21.01.2026 17:15	80.892	81.007	80.88	80.891	166
21.01.2026 17:30	80.871	80.904	80.78	80.78	207
21.01.2026 17:45	80.785	80.871	80.769	80.807	161
21.01.2026 18:00	80.8	80.804	80.634	80.666	632
21.01.2026 18:15	80.66	80.662	80.535	80.655	697
21.01.2026 18:30	80.647	80.703	80.498	80.498	396
21.01.2026 18:45	80.496	80.575	80.496	80.539	34
21.01.2026 19:00	80.556	80.58	80.3	80.431	435
21.01.2026 19:15	80.493	80.596	80.45	80.489	70
21.01.2026 19:30	80.486	80.492	80.346	80.346	253
21.01.2026 19:45	80.346	80.409	80.32	80.409	262
21.01.2026 20:00	80.409	80.47	80.409	80.456	127
21.01.2026 20:15	80.466	80.466	80.412	80.444	46
21.01.2026 20:30	80.451	80.483	80.41	80.41	47
21.01.2026 20:45	80.405	80.56	80.395	80.423	74
21.01.2026 21:00	80.449	80.487	80.43	80.43	376
21.01.2026 21:15	80.433	80.492	80.43	80.492	99
21.01.2026 21:30	80.489	80.52	80.464	80.52	81
21.01.2026 21:45	80.55	80.554	80.503	80.515	105
21.01.2026 22:00	80.529	80.558	80.525	80.551	13
21.01.2026 22:15	80.557	80.566	80.553	80.554	17
21.01.2026 22:30	80.542	80.58	80.542	80.568	11
21.01.2026 22:45	80.544	80.582	80.541	80.55	72
21.01.2026 23:00	80.573	80.573	80.507	80.507	20
21.01.2026 23:15	80.507	80.507	80.474	80.474	12
21.01.2026 23:30	80.474	80.519	80.408	80.463	57
21.01.2026 23:45	80.501	80.548	80.419	80.469	8
22.01.2026 08:45	80.493	80.493	80.493	80.493	1
22.01.2026 09:00	80.535	80.562	80.35	80.388	143
22.01.2026 09:15	80.422	80.422	80.344	80.379	36
22.01.2026 09:30	80.422	80.44	80.363	80.404	56
22.01.2026 09:45	80.364	80.378	80.268	80.298	153
22.01.2026 10:00	80.314	80.458	79.75	79.753	1807
22.01.2026 10:15	79.775	79.921	79.709	79.818	461
22.01.2026 10:30	79.823	80.0	79.799	79.9	1200
22.01.2026 10:45	79.902	79.925	79.735	79.735	308
22.01.2026 11:00	79.776	79.821	79.66	79.674	1196
22.01.2026 11:15	79.686	79.696	79.55	79.602	1521
22.01.2026 11:30	79.606	79.637	79.5	79.637	1683
22.01.2026 11:45	79.632	79.632	79.402	79.465	2614
22.01.2026 12:00	79.465	79.525	79.35	79.501	2032
22.01.2026 12:15	79.512	79.658	79.454	79.473	1093
22.01.2026 12:30	79.506	79.75	79.506	79.65	335
22.01.2026 12:45	79.628	79.688	79.577	79.594	1585
22.01.2026 13:00	79.62	79.621	79.49	79.495	562
22.01.2026 13:15	79.495	79.495	79.3	79.487	763
22.01.2026 13:30	79.459	79.543	79.401	79.444	1685
22.01.2026 13:45	79.433	79.532	79.418	79.532	223
22.01.2026 14:00	79.468	79.468	79.397	79.459	233
22.01.2026 14:15	79.447	79.55	79.36	79.546	532
22.01.2026 14:30	79.551	79.654	79.508	79.589	1088
22.01.2026 14:45	79.575	79.778	79.575	79.725	2081
22.01.2026 15:00	79.683	79.877	79.66	79.816	1727
22.01.2026 15:15	79.827	79.884	79.76	79.875	890
22.01.2026 15:30	79.859	79.863	79.732	79.839	253
22.01.2026 15:45	79.839	79.848	79.736	79.767	172
22.01.2026 16:00	79.77	79.841	79.65	79.75	802
22.01.2026 16:15	79.734	79.809	79.678	79.808	220
22.01.2026 16:30	79.804	79.85	79.748	79.749	174
22.01.2026 16:45	79.719	79.762	79.67	79.713	249
22.01.2026 17:00	79.731	79.814	79.691	79.798	413
22.01.2026 17:15	79.825	79.885	79.787	79.817	210
22.01.2026 17:30	79.799	79.8	79.545	79.597	748
22.01.2026 17:45	79.583	79.614	79.51	79.595	1600
22.01.2026 18:00	79.622	79.634	79.571	79.571	75
22.01.2026 18:15	79.56	79.587	79.405	79.48	271
22.01.2026 18:30	79.458	79.589	79.407	79.42	52
22.01.2026 18:45	79.421	79.456	79.392	79.394	60
22.01.2026 19:00	79.405	79.537	79.405	79.525	154
22.01.2026 19:15	79.463	79.481	79.331	79.377	89
22.01.2026 19:30	79.373	79.489	79.373	79.489	64
22.01.2026 19:45	79.4	79.482	79.4	79.482	58
22.01.2026 20:00	79.45	79.473	79.417	79.448	18
22.01.2026 20:15	79.466	79.49	79.466	79.47	7
22.01.2026 20:30	79.456	79.473	79.456	79.47	7
22.01.2026 20:45	79.47	80.15	79.455	79.47	95
22.01.2026 21:00	79.455	79.455	79.427	79.429	22
22.01.2026 21:15	79.422	79.443	79.42	79.428	28
22.01.2026 21:30	79.445	79.445	79.426	79.431	53
22.01.2026 21:45	79.426	79.455	79.414	79.414	209
22.01.2026 22:00	79.414	79.449	79.414	79.449	5
22.01.2026 22:15	79.444	79.45	79.4	79.4	108
22.01.2026 22:30	79.428	79.439	79.426	79.426	6
22.01.2026 22:45	79.442	79.442	79.433	79.435	4
22.01.2026 23:00	79.439	79.439	79.437	79.437	2
22.01.2026 23:15	79.4	79.418	79.35	79.35	88
22.01.2026 23:30	79.34	79.376	79.318	79.376	20
22.01.2026 23:45	79.332	79.349	79.332	79.349	2
23.01.2026 08:45	79.369	79.369	79.369	79.369	1
23.01.2026 09:00	79.353	79.37	79.066	79.264	1013
23.01.2026 09:15	79.331	79.331	79.23	79.268	53
23.01.2026 09:30	79.329	79.404	79.329	79.387	185
23.01.2026 09:45	79.389	79.4	79.303	79.368	59
23.01.2026 10:00	79.4	79.515	79.324	79.401	152
23.01.2026 10:15	79.466	79.584	79.466	79.573	382
23.01.2026 10:30	79.573	79.704	79.573	79.675	345
23.01.2026 10:45	79.686	79.694	79.62	79.676	104
23.01.2026 11:00	79.676	79.823	79.676	79.823	274
23.01.2026 11:15	79.8	79.893	79.763	79.848	212
23.01.2026 11:30	79.842	79.842	79.7	79.724	183
23.01.2026 11:45	79.721	79.751	79.705	79.714	102
23.01.2026 12:00	79.714	79.776	79.628	79.769	2177
23.01.2026 12:15	79.769	79.844	79.726	79.789	4064
23.01.2026 12:30	79.795	79.866	79.698	79.705	1359
23.01.2026 12:45	79.701	79.701	79.598	79.651	81
23.01.2026 13:00	79.74	79.834	79.656	79.656	185
23.01.2026 13:15	79.655	79.68	79.624	79.662	194
23.01.2026 13:30	79.662	79.671	79.64	79.66	370
23.01.2026 13:45	79.66	79.725	79.638	79.725	1326
23.01.2026 14:00	79.727	79.816	79.715	79.771	6385
23.01.2026 14:15	79.771	79.808	79.679	79.679	3210
23.01.2026 14:30	79.66	79.683	79.527	79.557	368
23.01.2026 14:45	79.553	79.612	79.505	79.519	935
23.01.2026 15:00	79.519	79.521	79.447	79.502	1181
23.01.2026 15:15	79.493	79.508	79.47	79.508	1023
23.01.2026 15:30	79.548	79.599	79.513	79.515	2291
23.01.2026 15:45	79.515	79.558	79.474	79.537	668
23.01.2026 16:00	79.537	79.62	79.512	79.617	221
23.01.2026 16:15	79.622	79.622	79.545	79.606	82
23.01.2026 16:30	79.582	79.708	79.535	79.684	1021
23.01.2026 16:45	79.684	79.695	79.6	79.695	1241
23.01.2026 17:00	79.709	79.738	79.654	79.66	115
23.01.2026 17:15	79.726	79.726	79.596	79.667	649
23.01.2026 17:30	79.671	79.683	79.624	79.632	386
23.01.2026 17:45	79.608	79.617	79.557	79.557	257
23.01.2026 18:00	79.565	79.596	79.516	79.569	498
23.01.2026 18:15	79.557	79.598	79.55	79.581	605
23.01.2026 18:30	79.578	79.695	79.493	79.501	245
23.01.2026 18:45	79.492	79.5	79.468	79.491	25
23.01.2026 19:00	79.513	79.516	79.283	79.315	223
23.01.2026 19:15	79.3	79.31	79.2	79.25	159
23.01.2026 19:30	79.25	79.337	79.188	79.304	176
23.01.2026 19:45	79.256	79.324	79.255	79.324	28
23.01.2026 20:00	79.383	79.384	79.338	79.36	32
23.01.2026 20:15	79.336	79.353	79.293	79.293	21
23.01.2026 20:30	79.27	79.313	79.206	79.219	44
23.01.2026 20:45	79.209	79.218	79.15	79.191	182
23.01.2026 21:00	79.179	79.241	79.153	79.23	77
23.01.2026 21:15	79.253	79.257	79.174	79.192	23
23.01.2026 21:30	79.192	79.224	79.176	79.224	112
23.01.2026 21:45	79.217	79.217	79.173	79.173	39
23.01.2026 22:00	79.205	79.205	79.192	79.204	18
23.01.2026 22:15	79.185	79.231	79.1	79.158	133
23.01.2026 22:30	79.164	79.177	79.161	79.161	38
23.01.2026 22:45	79.161	79.25	79.155	79.16	66
23.01.2026 23:00	79.132	79.16	79.128	79.155	28
23.01.2026 23:15	79.148	79.148	79.121	79.13	79
23.01.2026 23:30	79.138	79.138	79.097	79.1	75
23.01.2026 23:45	79.104	79.132	79.095	79.132	48
26.01.2026 08:45	79.087	79.087	79.087	79.087	2
26.01.2026 09:00	79.094	79.306	79.031	79.095	391
26.01.2026 09:15	79.095	79.5	79.073	79.399	848
26.01.2026 09:30	79.391	79.391	79.308	79.333	98
26.01.2026 09:45	79.345	79.35	79.194	79.3	501
26.01.2026 10:00	79.272	79.507	79.049	79.108	2507
26.01.2026 10:15	79.157	79.169	79.072	79.103	98
26.01.2026 10:30	79.101	79.205	79.09	79.169	57
26.01.2026 10:45	79.188	79.211	79.1	79.187	45
26.01.2026 11:00	79.1	79.331	79.1	79.277	378
26.01.2026 11:15	79.271	79.544	79.269	79.544	451
26.01.2026 11:30	79.555	79.729	79.554	79.717	379
26.01.2026 11:45	79.723	79.81	79.704	79.709	1499
26.01.2026 12:00	79.725	79.875	79.685	79.77	2384
26.01.2026 12:15	79.77	79.896	79.76	79.783	1780
26.01.2026 12:30	79.88	80.06	79.853	80.06	1902
26.01.2026 12:45	80.08	80.092	79.984	80.029	1577
26.01.2026 13:00	80.05	80.06	79.999	80.024	915
26.01.2026 13:15	80.049	80.1	79.933	80.008	3028
26.01.2026 13:30	80.029	80.166	80.029	80.069	1015
26.01.2026 13:45	80.066	80.089	79.916	80.012	676
26.01.2026 14:00	80.013	80.097	79.955	80.097	485
26.01.2026 14:15	80.089	80.111	80.039	80.059	183
26.01.2026 14:30	80.09	80.09	79.988	79.997	346
26.01.2026 14:45	79.998	80.008	79.9	79.928	236
26.01.2026 15:00	79.93	79.944	79.85	79.9	998
26.01.2026 15:15	79.9	79.958	79.84	79.958	582
26.01.2026 15:30	79.978	80.003	79.947	79.964	372
26.01.2026 15:45	79.969	80.077	79.969	80.04	457
26.01.2026 16:00	80.05	80.155	80.005	80.035	1960
26.01.2026 16:15	80.04	80.049	79.94	80.008	519
26.01.2026 16:30	80.016	80.062	80.011	80.05	293
26.01.2026 16:45	80.032	80.079	80.032	80.07	407
26.01.2026 17:00	80.099	80.2	79.9	79.995	2535
26.01.2026 17:15	79.979	80.026	79.92	80.002	675
26.01.2026 17:30	79.996	80.127	79.996	80.033	36
26.01.2026 17:45	80.085	80.15	80.022	80.03	369
26.01.2026 18:00	80.089	80.333	80.089	80.276	852
26.01.2026 18:15	80.298	80.464	80.292	80.44	933
26.01.2026 18:30	80.44	80.466	80.269	80.292	1169
26.01.2026 18:45	80.27	80.3	80.27	80.3	98
26.01.2026 19:00	80.307	80.379	80.304	80.313	139
26.01.2026 19:15	80.325	80.325	80.272	80.272	24
26.01.2026 19:30	80.325	80.402	80.312	80.401	142
26.01.2026 19:45	80.396	80.418	80.381	80.4	208
26.01.2026 20:00	80.399	80.4	80.284	80.307	330
26.01.2026 20:15	80.333	80.333	80.28	80.289	39
26.01.2026 20:30	80.284	80.291	80.24	80.24	100
26.01.2026 20:45	80.23	80.25	80.205	80.243	101
26.01.2026 21:00	80.24	80.267	80.21	80.267	56
26.01.2026 21:15	80.274	80.3	80.248	80.249	84
26.01.2026 21:30	80.271	80.287	80.261	80.287	10
26.01.2026 21:45	80.294	80.3	80.283	80.283	8
26.01.2026 22:00	80.284	80.284	80.26	80.267	7
26.01.2026 22:15	80.293	80.293	80.29	80.29	2
26.01.2026 22:30	80.31	80.369	80.31	80.329	29
26.01.2026 22:45	80.32	80.352	80.3	80.3	134
26.01.2026 23:00	80.28	80.312	80.28	80.312	7
26.01.2026 23:15	80.372	80.389	80.363	80.363	15
26.01.2026 23:30	80.358	80.382	80.35	80.35	14
26.01.2026 23:45	80.35	80.37	80.336	80.337	21
27.01.2026 09:00	80.34	80.435	80.245	80.271	212
27.01.2026 09:15	80.303	80.355	80.288	80.35	80
27.01.2026 09:30	80.358	80.465	80.354	80.445	46
27.01.2026 09:45	80.43	80.433	80.376	80.412	29
27.01.2026 10:00	80.479	80.609	80.118	80.246	1189
27.01.2026 10:15	80.196	80.196	79.99	80.011	331
27.01.2026 10:30	80.035	80.171	80.035	80.14	1108
27.01.2026 10:45	80.154	80.236	80.05	80.05	88
27.01.2026 11:00	80.032	80.186	80.028	80.094	55
27.01.2026 11:15	80.051	80.091	79.897	79.924	342
27.01.2026 11:30	79.9	79.993	79.862	79.92	472
27.01.2026 11:45	79.93	80.009	79.93	79.975	104
27.01.2026 12:00	79.953	80.004	79.945	80.002	1092
27.01.2026 12:15	80.028	80.175	80.028	80.162	45
27.01.2026 12:30	80.171	80.186	79.987	80.032	74
27.01.2026 12:45	80.027	80.027	79.88	79.955	632
27.01.2026 13:00	79.937	79.937	79.716	79.764	450
27.01.2026 13:15	79.766	79.811	79.714	79.769	223
27.01.2026 13:30	79.769	79.961	79.769	79.882	468
27.01.2026 13:45	79.828	79.975	79.826	79.973	310
27.01.2026 14:00	79.899	79.955	79.846	79.944	215
27.01.2026 14:15	79.942	80.014	79.901	79.901	187
27.01.2026 14:30	79.901	79.907	79.796	79.884	118
27.01.2026 14:45	79.856	80.0	79.814	79.935	241
27.01.2026 15:00	79.986	80.004	79.889	79.899	1895
27.01.2026 15:15	79.912	80.046	79.912	80.0	360
27.01.2026 15:30	80.011	80.081	79.98	80.05	180
27.01.2026 15:45	79.993	80.022	79.9	79.94	115
27.01.2026 16:00	79.917	80.021	79.868	79.974	165
27.01.2026 16:15	79.97	79.97	79.81	79.87	287
27.01.2026 16:30	79.825	79.866	79.8	79.811	309
27.01.2026 16:45	79.811	79.83	79.7	79.751	1339
27.01.2026 17:00	79.751	79.751	79.629	79.685	807
27.01.2026 17:15	79.688	79.785	79.644	79.745	797
27.01.2026 17:30	79.735	79.735	79.683	79.73	115
27.01.2026 17:45	79.675	79.761	79.664	79.751	614
27.01.2026 18:00	79.686	79.738	79.64	79.699	486
27.01.2026 18:15	79.699	79.699	79.6	79.6	228
27.01.2026 18:30	79.603	79.711	79.579	79.677	118
27.01.2026 18:45	79.656	79.656	79.62	79.62	21
27.01.2026 19:00	79.639	79.666	79.579	79.6	86
27.01.2026 19:15	79.592	79.641	79.409	79.641	341
27.01.2026 19:30	79.62	79.62	79.607	79.618	52
27.01.2026 19:45	79.675	79.676	79.663	79.663	12
27.01.2026 20:00	79.638	79.638	79.62	79.62	5
27.01.2026 20:15	79.625	79.635	79.625	79.635	6
27.01.2026 20:30	79.644	79.715	79.644	79.694	60
27.01.2026 20:45	79.706	79.715	79.706	79.713	14
27.01.2026 21:00	79.69	79.75	79.66	79.75	50
27.01.2026 21:15	79.66	79.668	79.66	79.668	7
27.01.2026 21:30	79.652	79.75	79.65	79.65	14
27.01.2026 21:45	79.669	79.669	79.65	79.65	18
27.01.2026 22:00	79.65	79.65	79.644	79.65	9
27.01.2026 22:15	79.658	79.661	79.658	79.661	2
27.01.2026 22:30	79.668	79.678	79.65	79.678	71
27.01.2026 22:45	79.67	79.67	79.64	79.64	71
27.01.2026 23:00	79.65	79.661	79.596	79.596	91
27.01.2026 23:15	79.601	79.601	79.529	79.529	57
27.01.2026 23:30	79.561	79.643	79.561	79.643	3
27.01.2026 23:45	79.612	79.62	79.574	79.62	46
28.01.2026 08:45	79.62	79.62	79.62	79.62	1
28.01.2026 09:00	79.525	79.684	79.501	79.532	218
28.01.2026 09:15	79.588	79.596	79.45	79.465	122
28.01.2026 09:30	79.522	79.75	79.457	79.52	76
28.01.2026 09:45	79.529	79.604	79.52	79.52	141
28.01.2026 10:00	79.5	79.569	79.2	79.3	1182
28.01.2026 10:15	79.317	79.414	79.184	79.414	705
28.01.2026 10:30	79.427	79.711	79.426	79.65	640
28.01.2026 10:45	79.649	79.757	79.625	79.743	855
28.01.2026 11:00	79.728	79.746	79.663	79.69	302
28.01.2026 11:15	79.702	79.78	79.537	79.569	282
28.01.2026 11:30	79.59	79.7	79.571	79.7	95
28.01.2026 11:45	79.7	79.737	79.638	79.65	138
28.01.2026 12:00	79.674	79.674	79.579	79.62	217
28.01.2026 12:15	79.62	79.704	79.562	79.63	360
28.01.2026 12:30	79.63	79.68	79.566	79.663	345
28.01.2026 12:45	79.625	79.697	79.625	79.63	604
28.01.2026 13:00	79.65	79.673	79.495	79.53	428
28.01.2026 13:15	79.56	79.672	79.56	79.66	181
28.01.2026 13:30	79.64	79.698	79.598	79.66	546
28.01.2026 13:45	79.652	79.7	79.61	79.686	30
28.01.2026 14:00	79.705	79.706	79.64	79.66	83
28.01.2026 14:15	79.66	79.765	79.649	79.765	628
28.01.2026 14:30	79.769	79.857	79.65	79.843	3434
28.01.2026 14:45	79.85	79.99	79.839	79.979	1295
28.01.2026 15:00	79.955	80.08	79.861	79.868	1329
28.01.2026 15:15	79.873	79.976	79.833	79.917	873
28.01.2026 15:30	79.917	80.0	79.904	79.955	90
28.01.2026 15:45	79.958	80.021	79.958	79.988	397
28.01.2026 16:00	80.008	80.04	79.861	79.89	562
28.01.2026 16:15	79.888	80.02	79.887	79.987	882
28.01.2026 16:30	79.971	79.994	79.91	79.994	97
28.01.2026 16:45	80.0	80.021	79.902	79.902	167
28.01.2026 17:00	79.902	79.943	79.892	79.943	64
28.01.2026 17:15	79.94	79.965	79.9	79.935	284
28.01.2026 17:30	79.936	79.982	79.88	79.88	300
28.01.2026 17:45	79.885	79.893	79.754	79.889	496
28.01.2026 18:00	79.892	80.043	79.831	80.028	394
28.01.2026 18:15	80.03	80.05	79.982	80.028	753
28.01.2026 18:30	80.021	80.059	79.995	80.005	658
28.01.2026 18:45	79.987	80.008	79.962	80.008	274
28.01.2026 19:00	79.981	80.035	79.94	79.955	277
28.01.2026 19:15	79.955	79.955	79.885	79.914	62
28.01.2026 19:30	79.909	79.941	79.909	79.922	30
28.01.2026 19:45	79.91	79.91	79.894	79.894	65
28.01.2026 20:00	79.894	79.905	79.891	79.905	8
28.01.2026 20:15	79.913	79.913	79.88	79.88	38
28.01.2026 20:30	79.877	79.918	79.877	79.918	16
28.01.2026 20:45	79.9	79.9	79.86	79.864	22
28.01.2026 21:00	79.864	79.865	79.851	79.858	35
28.01.2026 21:15	79.85	79.885	79.824	79.885	43
28.01.2026 21:30	79.885	79.951	79.885	79.951	45
28.01.2026 21:45	79.956	79.956	79.956	79.956	12
28.01.2026 22:00	79.982	80.002	79.98	80.0	18
28.01.2026 22:15	79.964	79.964	79.964	79.964	19
28.01.2026 22:30	79.976	79.976	79.95	79.95	20
28.01.2026 22:45	79.9	79.9	79.87	79.9	30
28.01.2026 23:00	79.88	79.894	79.88	79.882	4
28.01.2026 23:15	79.855	79.869	79.854	79.86	32
28.01.2026 23:30	79.85	79.901	79.844	79.901	22
28.01.2026 23:45	79.893	79.893	79.893	79.893	1
29.01.2026 08:45	79.81	79.81	79.81	79.81	1
29.01.2026 09:00	79.807	79.963	79.8	79.894	187
29.01.2026 09:15	79.905	79.941	79.863	79.863	35
29.01.2026 09:30	79.861	79.881	79.678	79.725	396
29.01.2026 09:45	79.725	79.774	79.68	79.74	128
29.01.2026 10:00	79.7	79.836	79.588	79.645	942
29.01.2026 10:15	79.614	79.662	79.578	79.632	296
29.01.2026 10:30	79.632	79.632	79.461	79.586	504
29.01.2026 10:45	79.607	79.7	79.556	79.7	423
29.01.2026 11:00	79.691	79.75	79.6	79.67	167
29.01.2026 11:15	79.65	79.729	79.65	79.707	326
29.01.2026 11:30	79.716	79.849	79.716	79.817	272
29.01.2026 11:45	79.819	79.863	79.759	79.801	131
29.01.2026 12:00	79.792	79.805	79.761	79.782	134
29.01.2026 12:15	79.778	79.778	79.585	79.585	434
29.01.2026 12:30	79.598	79.61	79.51	79.51	254
29.01.2026 12:45	79.514	79.587	79.5	79.528	203
29.01.2026 13:00	79.53	79.533	79.41	79.452	829
29.01.2026 13:15	79.447	79.51	79.277	79.336	1888
29.01.2026 13:30	79.325	79.379	79.233	79.322	495
29.01.2026 13:45	79.32	79.41	79.263	79.308	424
29.01.2026 14:00	79.296	79.296	79.205	79.244	395
29.01.2026 14:15	79.239	79.295	79.18	79.181	1626
29.01.2026 14:30	79.169	79.337	79.126	79.325	1331
29.01.2026 14:45	79.292	79.359	79.256	79.279	593
29.01.2026 15:00	79.29	79.304	79.168	79.18	563
29.01.2026 15:15	79.178	79.203	79.07	79.076	565
29.01.2026 15:30	79.07	79.179	79.05	79.166	920
29.01.2026 15:45	79.145	79.15	79.076	79.077	494
29.01.2026 16:00	79.14	79.19	79.02	79.073	230
29.01.2026 16:15	79.02	79.17	78.987	79.106	925
29.01.2026 16:30	79.104	79.15	79.037	79.07	997
29.01.2026 16:45	79.041	79.06	78.882	79.001	764
29.01.2026 17:00	78.961	79.025	78.8	78.863	883
29.01.2026 17:15	78.863	78.872	78.529	78.549	1317
29.01.2026 17:30	78.534	78.886	78.481	78.801	1177
29.01.2026 17:45	78.775	78.775	78.565	78.604	501
29.01.2026 18:00	78.605	78.714	78.5	78.605	920
29.01.2026 18:15	78.601	78.779	78.58	78.715	337
29.01.2026 18:30	78.689	78.797	78.629	78.707	511
29.01.2026 18:45	78.684	78.695	78.618	78.695	118
29.01.2026 19:00	78.701	78.811	78.676	78.702	276
29.01.2026 19:15	78.764	78.783	78.745	78.745	70
29.01.2026 19:30	78.755	78.765	78.676	78.746	465
29.01.2026 19:45	78.751	78.79	78.705	78.705	42
29.01.2026 20:00	78.7	78.7	78.67	78.686	66
29.01.2026 20:15	78.685	78.765	78.672	78.765	110
29.01.2026 20:30	78.765	78.796	78.735	78.757	74
29.01.2026 20:45	78.75	78.767	78.705	78.714	74
29.01.2026 21:00	78.705	78.77	78.69	78.77	91
29.01.2026 21:15	78.781	78.781	78.739	78.752	37
29.01.2026 21:30	78.756	78.756	78.69	78.69	89
29.01.2026 21:45	78.691	78.729	78.691	78.711	6
29.01.2026 22:00	78.725	78.764	78.725	78.756	48
29.01.2026 22:15	78.74	78.761	78.74	78.761	7
29.01.2026 22:30	78.776	78.787	78.749	78.751	69
29.01.2026 22:45	78.762	78.762	78.757	78.757	3
29.01.2026 23:00	78.752	78.752	78.672	78.701	20
29.01.2026 23:15	78.713	78.713	78.672	78.672	8
29.01.2026 23:30	78.682	78.713	78.681	78.713	20
29.01.2026 23:45	78.713	78.713	78.713	78.713	4
30.01.2026 09:00	78.715	78.817	78.646	78.706	82
30.01.2026 09:15	78.774	78.968	78.63	78.968	80
30.01.2026 09:30	78.998	79.124	78.827	78.948	572
30.01.2026 09:45	78.924	78.942	78.723	78.865	467
30.01.2026 10:00	78.91	79.039	78.81	79.037	395
30.01.2026 10:15	79.05	79.243	78.9	79.182	476
30.01.2026 10:30	79.163	79.163	79.011	79.066	265
30.01.2026 10:45	79.084	79.207	79.0	79.187	1384
30.01.2026 11:00	79.188	79.289	79.188	79.257	980
30.01.2026 11:15	79.256	79.319	79.136	79.139	746
30.01.2026 11:30	79.128	79.19	79.047	79.094	367
30.01.2026 11:45	79.169	79.17	79.08	79.087	168
30.01.2026 12:00	79.101	79.105	78.99	79.036	89
30.01.2026 12:15	78.962	79.05	78.956	78.994	418
30.01.2026 12:30	78.994	79.076	78.985	79.059	305
30.01.2026 12:45	79.08	79.146	78.999	79.027	716
30.01.2026 13:00	79.063	79.162	79.051	79.152	2106
30.01.2026 13:15	79.167	79.21	79.07	79.094	184
30.01.2026 13:30	79.112	79.425	79.112	79.355	2675
30.01.2026 13:45	79.32	79.58	79.32	79.53	749
30.01.2026 14:00	79.53	79.59	79.493	79.493	1103
30.01.2026 14:15	79.531	79.61	79.531	79.549	445
30.01.2026 14:30	79.565	79.636	79.543	79.577	582
30.01.2026 14:45	79.577	79.752	79.577	79.745	3209
30.01.2026 15:00	79.762	79.798	79.591	79.645	478
30.01.2026 15:15	79.65	79.673	79.599	79.666	1317
30.01.2026 15:30	79.668	79.668	79.546	79.546	264
30.01.2026 15:45	79.546	79.546	79.453	79.494	1660
30.01.2026 16:00	79.494	79.494	79.436	79.479	359
30.01.2026 16:15	79.5	79.643	79.5	79.643	242
30.01.2026 16:30	79.679	79.748	79.551	79.552	601
30.01.2026 16:45	79.608	79.675	79.551	79.675	49
30.01.2026 17:00	79.646	79.696	79.643	79.643	22
30.01.2026 17:15	79.629	79.684	79.599	79.684	472
30.01.2026 17:30	79.684	79.7	79.621	79.621	220
30.01.2026 17:45	79.628	79.628	79.55	79.624	63
30.01.2026 18:00	79.64	79.669	79.555	79.555	34
30.01.2026 18:15	79.544	79.571	79.527	79.531	156
30.01.2026 18:30	79.504	79.549	79.496	79.547	63
30.01.2026 18:45	79.544	79.577	79.544	79.566	19
30.01.2026 19:00	79.577	79.631	79.577	79.629	11
30.01.2026 19:15	79.63	79.644	79.619	79.62	20
30.01.2026 19:30	79.604	79.604	79.59	79.59	14
30.01.2026 19:45	79.6	79.6	79.579	79.581	31
30.01.2026 20:00	79.575	79.577	79.548	79.564	54
30.01.2026 20:15	79.544	79.548	79.407	79.407	458
30.01.2026 20:30	79.423	79.452	79.406	79.406	83
30.01.2026 20:45	79.405	79.513	79.405	79.484	55
30.01.2026 21:00	79.485	79.51	79.468	79.489	30
30.01.2026 21:15	79.442	79.555	79.43	79.457	72
30.01.2026 21:30	79.457	79.561	79.457	79.508	83
30.01.2026 21:45	79.538	79.563	79.477	79.483	104
30.01.2026 22:00	79.53	79.67	79.53	79.627	166
30.01.2026 22:15	79.618	79.68	79.618	79.633	16
30.01.2026 22:30	79.638	79.66	79.594	79.611	65
30.01.2026 22:45	79.589	79.589	79.535	79.535	66
30.01.2026 23:00	79.538	79.654	79.527	79.631	37
30.01.2026 23:15	79.583	79.585	79.535	79.55	318
30.01.2026 23:30	79.507	79.54	79.495	79.528	109
02.02.2026 08:45	79.536	79.536	79.536	79.536	1
02.02.2026 09:00	79.52	80.355	79.52	80.157	626
02.02.2026 09:15	80.165	80.245	79.955	80.131	259
02.02.2026 09:30	80.157	80.157	80.02	80.111	113
02.02.2026 09:45	80.133	80.141	80.056	80.056	840
02.02.2026 10:00	80.107	80.2	79.877	80.199	1279
02.02.2026 10:15	80.202	80.518	80.136	80.32	981
02.02.2026 10:30	80.3	80.749	80.211	80.736	1492
02.02.2026 10:45	80.746	80.945	80.714	80.945	1731
02.02.2026 11:00	80.917	80.938	80.683	80.687	373
02.02.2026 11:15	80.688	80.727	80.551	80.551	236
02.02.2026 11:30	80.55	80.692	80.519	80.67	277
02.02.2026 11:45	80.66	80.675	80.45	80.481	341
02.02.2026 12:00	80.475	80.475	80.379	80.419	122
02.02.2026 12:15	80.4	80.472	80.321	80.441	280
02.02.2026 12:30	80.46	80.46	80.288	80.334	158
02.02.2026 12:45	80.322	80.416	80.225	80.311	97
02.02.2026 13:00	80.29	80.364	80.285	80.314	229
02.02.2026 13:15	80.337	80.337	80.112	80.124	161
02.02.2026 13:30	80.123	80.375	80.066	80.375	713
02.02.2026 13:45	80.346	80.35	80.186	80.186	995
02.02.2026 14:00	80.176	80.181	80.065	80.093	665
02.02.2026 14:15	80.067	80.345	80.065	80.309	142
02.02.2026 14:30	80.323	80.347	80.262	80.262	122
02.02.2026 14:45	80.3	80.365	80.3	80.331	43
02.02.2026 15:00	80.374	80.408	80.32	80.381	114
02.02.2026 15:15	80.375	80.397	80.309	80.309	61
02.02.2026 15:30	80.304	80.312	80.245	80.245	303
02.02.2026 15:45	80.241	80.254	80.18	80.219	565
02.02.2026 16:00	80.218	80.276	80.145	80.227	109
02.02.2026 16:15	80.254	80.254	80.142	80.169	81
02.02.2026 16:30	80.17	80.185	80.082	80.125	210
02.02.2026 16:45	80.115	80.115	80.023	80.03	456
02.02.2026 17:00	80.008	80.014	79.892	79.993	251
02.02.2026 17:15	80.005	80.02	79.929	79.929	434
02.02.2026 17:30	79.924	79.974	79.765	79.875	609
02.02.2026 17:45	79.852	80.0	79.835	79.937	241
02.02.2026 18:00	79.967	80.01	79.925	79.972	132
02.02.2026 18:15	79.966	79.972	79.851	79.913	119
02.02.2026 18:30	79.945	79.995	79.936	79.99	194
02.02.2026 18:45	79.99	79.992	79.935	79.935	29
02.02.2026 19:00	79.95	79.99	79.941	79.964	54
02.02.2026 19:15	79.992	80.066	79.986	80.025	88
02.02.2026 19:30	80.066	80.08	80.016	80.016	20
02.02.2026 19:45	80.016	80.082	80.013	80.048	21
02.02.2026 20:00	80.084	80.084	80.064	80.081	18
02.02.2026 20:15	80.071	80.074	80.071	80.074	4
02.02.2026 20:30	80.087	80.087	80.081	80.081	11
02.02.2026 20:45	80.091	80.098	80.05	80.05	49
02.02.2026 21:00	80.051	80.1	80.051	80.1	14
02.02.2026 21:15	80.116	80.149	80.116	80.122	27
02.02.2026 21:30	80.12	80.135	80.12	80.13	14
02.02.2026 21:45	80.137	80.137	80.096	80.096	21
02.02.2026 22:00	80.153	80.153	80.117	80.117	12
02.02.2026 22:15	80.086	80.128	80.086	80.123	37
02.02.2026 22:30	80.121	80.137	80.108	80.137	3
02.02.2026 22:45	80.113	80.113	80.1	80.1	10
02.02.2026 23:00	80.08	80.08	80.029	80.05	184
02.02.2026 23:30	80.1	80.129	80.088	80.129	9
02.02.2026 23:45	80.114	80.114	80.092	80.092	23
03.02.2026 08:45	80.087	80.087	80.087	80.087	1
03.02.2026 09:00	80.088	80.088	79.93	79.95	413
03.02.2026 09:15	79.933	79.935	79.873	79.9	82
03.02.2026 09:30	79.9	80.02	79.9	79.992	293
03.02.2026 09:45	80.004	80.022	79.983	80.014	52
03.02.2026 10:00	80.024	80.355	79.996	80.276	487
03.02.2026 10:15	80.277	80.283	80.078	80.143	182
03.02.2026 10:30	80.16	80.187	80.134	80.173	102
03.02.2026 10:45	80.168	80.27	80.162	80.191	328
03.02.2026 11:00	80.191	80.246	80.067	80.085	1281
03.02.2026 11:15	80.07	80.07	79.984	79.999	308
03.02.2026 11:30	79.998	80.056	79.976	80.0	927
03.02.2026 11:45	80.022	80.211	79.993	80.201	423
03.02.2026 12:00	80.19	80.215	80.106	80.158	144
03.02.2026 12:15	80.158	80.25	80.073	80.2	557
03.02.2026 12:30	80.21	80.249	80.147	80.147	166
03.02.2026 12:45	80.15	80.162	80.051	80.12	120
03.02.2026 13:00	80.126	80.162	80.099	80.14	1791
03.02.2026 13:15	80.133	80.16	80.078	80.113	931
03.02.2026 13:30	80.12	80.12	80.073	80.111	207
03.02.2026 13:45	80.09	80.12	80.063	80.091	360
03.02.2026 14:00	80.078	80.078	79.943	79.946	181
03.02.2026 14:15	79.939	80.123	79.908	80.123	429
03.02.2026 14:30	80.075	80.131	80.017	80.116	264
03.02.2026 14:45	80.088	80.169	80.055	80.065	477
03.02.2026 15:00	80.064	80.192	80.059	80.16	97
03.02.2026 15:15	80.126	80.19	80.116	80.14	1600
03.02.2026 15:30	80.14	80.168	80.048	80.1	405
03.02.2026 15:45	80.1	80.17	80.08	80.136	344
03.02.2026 16:00	80.17	80.32	80.17	80.273	1546
03.02.2026 16:15	80.3	80.42	80.252	80.416	685
03.02.2026 16:30	80.407	80.428	80.349	80.36	218
03.02.2026 16:45	80.366	80.371	80.285	80.33	134
03.02.2026 17:00	80.361	80.385	80.3	80.3	137
03.02.2026 17:15	80.3	80.375	80.3	80.375	198
03.02.2026 17:30	80.375	80.429	80.35	80.377	183
03.02.2026 17:45	80.337	80.365	80.265	80.361	122
03.02.2026 18:00	80.344	80.4	80.344	80.396	31
03.02.2026 18:15	80.38	80.4	80.379	80.396	138
03.02.2026 18:30	80.368	80.386	80.361	80.386	44
03.02.2026 18:45	80.354	80.354	80.335	80.339	43
03.02.2026 19:00	80.354	80.378	80.341	80.378	9
03.02.2026 19:15	80.4	80.44	80.4	80.42	163
03.02.2026 19:30	80.44	80.607	80.44	80.537	199
03.02.2026 19:45	80.541	80.541	80.483	80.519	101
03.02.2026 20:00	80.514	80.519	80.483	80.493	20
03.02.2026 20:15	80.48	80.5	80.466	80.482	32
03.02.2026 20:30	80.481	80.481	80.476	80.476	13
03.02.2026 20:45	80.476	80.493	80.476	80.479	19
03.02.2026 21:00	80.478	80.482	80.412	80.416	46
03.02.2026 21:15	80.411	80.427	80.41	80.417	25
03.02.2026 21:30	80.435	80.492	80.435	80.487	25
03.02.2026 21:45	80.426	80.449	80.408	80.408	23
03.02.2026 22:00	80.4	80.409	80.374	80.382	27
03.02.2026 22:15	80.466	80.52	80.466	80.498	18
03.02.2026 22:30	80.482	80.491	80.482	80.491	3
03.02.2026 22:45	80.465	80.489	80.465	80.489	11
03.02.2026 23:00	80.438	80.447	80.422	80.447	8
03.02.2026 23:15	80.432	80.5	80.432	80.5	23
03.02.2026 23:30	80.453	80.453	80.417	80.417	2
03.02.2026 23:45	80.428	80.441	80.428	80.441	3
04.02.2026 08:45	80.35	80.35	80.35	80.35	4
04.02.2026 09:00	80.442	80.52	80.286	80.341	547
04.02.2026 09:15	80.371	80.622	80.352	80.613	251
04.02.2026 09:30	80.614	80.636	80.543	80.572	213
04.02.2026 09:45	80.579	80.583	80.541	80.583	323
04.02.2026 10:00	80.524	80.602	80.45	80.489	241
04.02.2026 10:15	80.485	80.625	80.42	80.42	285
04.02.2026 10:30	80.417	80.506	80.402	80.5	257
04.02.2026 10:45	80.455	80.457	80.39	80.403	152
04.02.2026 11:00	80.4	80.4	80.094	80.15	459
04.02.2026 11:15	80.159	80.17	80.045	80.148	261
04.02.2026 11:30	80.155	80.206	80.07	80.15	805
04.02.2026 11:45	80.149	80.212	80.102	80.212	3318
04.02.2026 12:00	80.14	80.26	80.14	80.21	1129
04.02.2026 12:15	80.21	80.221	80.126	80.139	783
04.02.2026 12:30	80.132	80.132	79.986	80.047	322
04.02.2026 12:45	80.053	80.053	79.991	79.991	71
04.02.2026 13:00	79.995	80.007	79.802	79.962	697
04.02.2026 13:15	79.947	80.003	79.823	79.832	471
04.02.2026 13:30	79.85	79.85	79.673	79.78	406
04.02.2026 13:45	79.764	79.78	79.675	79.693	180
04.02.2026 14:00	79.661	79.738	79.588	79.696	194
04.02.2026 14:15	79.66	79.717	79.615	79.716	2422
04.02.2026 14:30	79.707	79.777	79.666	79.777	4495
04.02.2026 14:45	79.78	79.92	79.738	79.883	1344
04.02.2026 15:00	79.92	79.93	79.848	79.86	1352
04.02.2026 15:15	79.912	79.912	79.824	79.904	1515
04.02.2026 15:30	79.901	79.907	79.8	79.82	2101
04.02.2026 15:45	79.82	79.841	79.782	79.79	1785
04.02.2026 16:00	79.79	79.833	79.72	79.8	1498
04.02.2026 16:15	79.85	79.862	79.7	79.7	1063
04.02.2026 16:30	79.672	79.676	79.479	79.498	732
04.02.2026 16:45	79.463	79.54	79.45	79.49	2142
04.02.2026 17:00	79.49	79.74	79.455	79.7	879
04.02.2026 17:15	79.692	79.692	79.535	79.6	495
04.02.2026 17:30	79.65	79.75	79.601	79.7	183
04.02.2026 17:45	79.701	79.723	79.694	79.694	120
04.02.2026 18:00	79.708	79.721	79.6	79.683	251
04.02.2026 18:15	79.659	79.682	79.6	79.629	53
04.02.2026 18:30	79.668	79.688	79.568	79.568	123
04.02.2026 18:45	79.6	79.6	79.586	79.59	6
04.02.2026 19:00	79.669	79.669	79.649	79.657	27
04.02.2026 19:15	79.657	79.748	79.657	79.724	37
04.02.2026 19:30	79.741	79.756	79.7	79.7	33
04.02.2026 19:45	79.7	79.7	79.651	79.676	14
04.02.2026 20:00	79.658	79.732	79.658	79.732	52
04.02.2026 20:15	79.717	79.717	79.717	79.717	6
04.02.2026 20:30	79.716	79.716	79.643	79.673	113
04.02.2026 20:45	79.714	79.745	79.714	79.729	20
04.02.2026 21:00	79.677	79.679	79.673	79.679	5
04.02.2026 21:15	79.672	79.684	79.661	79.684	40
04.02.2026 21:30	79.683	79.683	79.68	79.68	10
04.02.2026 21:45	79.697	79.722	79.693	79.722	10
04.02.2026 22:00	79.719	79.719	79.693	79.693	3
04.02.2026 22:15	79.709	79.709	79.709	79.709	1
04.02.2026 22:30	79.71	79.735	79.709	79.709	13
04.02.2026 22:45	79.704	79.721	79.7	79.721	19
04.02.2026 23:15	79.65	79.65	79.496	79.598	170
04.02.2026 23:30	79.624	79.629	79.619	79.629	42
04.02.2026 23:45	79.658	79.7	79.651	79.7	35
05.02.2026 09:00	79.75	79.858	79.725	79.745	140
05.02.2026 09:15	79.746	79.773	79.74	79.773	52
05.02.2026 09:30	79.777	79.777	79.73	79.732	30
05.02.2026 09:45	79.742	79.786	79.67	79.768	80
05.02.2026 10:00	79.768	79.89	79.276	79.286	1383
05.02.2026 10:15	79.286	79.515	79.286	79.402	837
05.02.2026 10:30	79.367	79.488	79.367	79.488	136
05.02.2026 10:45	79.499	79.587	79.262	79.344	434
05.02.2026 11:00	79.344	79.351	79.129	79.129	2839
05.02.2026 11:15	79.12	79.206	79.09	79.16	822
05.02.2026 11:30	79.192	79.37	79.189	79.336	258
05.02.2026 11:45	79.321	79.364	79.294	79.32	643
05.02.2026 12:00	79.377	79.494	79.377	79.468	294
05.02.2026 12:15	79.467	79.678	79.425	79.59	365
05.02.2026 12:30	79.616	79.799	79.615	79.799	191
05.02.2026 12:45	79.808	79.891	79.78	79.884	211
05.02.2026 13:00	79.884	80.031	79.864	79.943	734
05.02.2026 13:15	79.949	80.017	79.836	79.92	204
05.02.2026 13:30	79.873	79.934	79.85	79.882	239
05.02.2026 13:45	79.837	79.922	79.817	79.848	170
05.02.2026 14:00	79.84	79.84	79.713	79.752	378
05.02.2026 14:15	79.751	79.778	79.683	79.717	280
05.02.2026 14:30	79.763	79.777	79.71	79.72	35
05.02.2026 14:45	79.743	79.8	79.592	79.605	414
05.02.2026 15:00	79.617	79.765	79.53	79.764	493
05.02.2026 15:15	79.782	79.885	79.69	79.711	423
05.02.2026 15:30	79.62	79.709	79.62	79.709	49
05.02.2026 15:45	79.703	79.734	79.663	79.73	273
05.02.2026 16:00	79.733	79.85	79.713	79.752	1682
05.02.2026 16:15	79.74	79.771	79.73	79.758	1717
05.02.2026 16:30	79.76	79.76	79.69	79.72	1200
05.02.2026 16:45	79.712	79.78	79.707	79.74	571
05.02.2026 17:00	79.742	79.781	79.616	79.647	339
05.02.2026 17:15	79.643	79.678	79.588	79.594	1170
05.02.2026 17:30	79.594	79.787	79.594	79.763	701
05.02.2026 17:45	79.723	79.837	79.7	79.834	73
05.02.2026 18:00	79.846	79.89	79.8	79.857	278
05.02.2026 18:15	79.876	79.905	79.849	79.867	85
05.02.2026 18:30	79.861	79.895	79.83	79.88	147
05.02.2026 18:45	79.862	79.9	79.862	79.885	100
05.02.2026 19:00	79.886	79.9	79.866	79.898	51
05.02.2026 19:15	79.921	79.977	79.921	79.977	27
05.02.2026 19:30	79.968	79.968	79.9	79.908	10
05.02.2026 19:45	79.92	79.943	79.92	79.924	21
05.02.2026 20:00	79.887	79.919	79.885	79.919	13
05.02.2026 20:15	79.881	79.881	79.877	79.877	6
05.02.2026 20:30	79.905	79.94	79.905	79.94	10
05.02.2026 20:45	79.938	79.938	79.902	79.909	49
05.02.2026 21:00	79.904	79.907	79.862	79.862	71
05.02.2026 21:15	79.863	79.879	79.863	79.869	10
05.02.2026 21:30	79.869	79.869	79.86	79.86	8
05.02.2026 21:45	79.893	79.897	79.881	79.881	12
05.02.2026 22:00	79.877	79.884	79.877	79.884	15
05.02.2026 22:15	79.886	79.889	79.871	79.871	19
05.02.2026 22:30	79.884	79.898	79.86	79.86	61
05.02.2026 22:45	79.839	79.839	79.819	79.819	220
05.02.2026 23:00	79.814	79.814	79.807	79.807	6
05.02.2026 23:15	79.8	79.819	79.8	79.805	13
05.02.2026 23:30	79.829	79.837	79.776	79.837	223
05.02.2026 23:45	79.837	79.84	79.837	79.84	4
06.02.2026 08:45	80.083	80.083	80.083	80.083	20
06.02.2026 09:00	79.914	79.923	79.85	79.866	17
06.02.2026 09:15	79.865	80.067	79.865	80.065	160
06.02.2026 09:30	80.06	80.066	79.986	80.001	39
06.02.2026 09:45	79.999	80.029	79.998	80.029	16
06.02.2026 10:00	79.973	79.997	79.7	79.705	741
06.02.2026 10:15	79.7	80.5	79.7	80.312	5217
06.02.2026 10:30	80.279	80.365	79.975	80.045	943
06.02.2026 10:45	80.054	80.089	79.85	79.876	2168
06.02.2026 11:00	79.873	80.009	79.873	79.922	1325
06.02.2026 11:15	79.911	79.967	79.871	79.896	3590
06.02.2026 11:30	79.87	79.889	79.817	79.817	1002
06.02.2026 11:45	79.818	79.848	79.73	79.77	861
06.02.2026 12:00	79.73	79.73	79.622	79.688	367
06.02.2026 12:15	79.662	79.76	79.62	79.676	130
06.02.2026 12:30	79.653	79.654	79.501	79.501	1242
06.02.2026 12:45	79.501	79.538	79.42	79.448	841
06.02.2026 13:00	79.447	79.567	79.359	79.5	193
06.02.2026 13:15	79.589	79.61	79.55	79.581	84
06.02.2026 13:30	79.59	79.82	79.59	79.758	563
06.02.2026 13:45	79.774	79.95	79.747	79.927	1991
06.02.2026 14:00	79.95	79.998	79.881	79.97	1906
06.02.2026 14:15	79.974	79.988	79.823	79.831	1833
06.02.2026 14:30	79.831	79.88	79.799	79.832	953
06.02.2026 14:45	79.796	79.796	79.718	79.74	632
06.02.2026 15:00	79.763	79.859	79.712	79.822	83
06.02.2026 15:15	79.839	79.839	79.692	79.713	347
06.02.2026 15:30	79.759	79.83	79.59	79.816	285
06.02.2026 15:45	79.816	79.95	79.809	79.922	769
06.02.2026 16:00	79.94	79.956	79.88	79.941	1118
06.02.2026 16:15	79.942	79.96	79.866	79.885	189
06.02.2026 16:30	79.92	80.151	79.913	80.15	822
06.02.2026 16:45	80.15	80.166	79.985	80.076	271
06.02.2026 17:00	80.066	80.088	80.019	80.06	163
06.02.2026 17:15	80.09	80.111	80.06	80.064	905
06.02.2026 17:30	80.07	80.08	79.897	79.973	174
06.02.2026 17:45	79.958	79.958	79.8	79.844	134
06.02.2026 18:00	79.878	79.916	79.82	79.861	21
06.02.2026 18:15	79.82	79.951	79.82	79.931	153
06.02.2026 18:30	79.908	79.913	79.882	79.9	37
06.02.2026 18:45	79.9	79.903	79.871	79.871	79
06.02.2026 19:00	79.914	79.979	79.901	79.94	38
06.02.2026 19:15	79.93	79.93	79.872	79.888	28
06.02.2026 19:30	79.917	79.917	79.917	79.917	1
06.02.2026 19:45	79.929	79.945	79.914	79.914	33
06.02.2026 20:00	79.92	79.92	79.897	79.897	21
06.02.2026 20:15	79.897	79.898	79.895	79.897	11
06.02.2026 20:30	79.887	79.887	79.88	79.88	25
06.02.2026 20:45	79.882	79.886	79.882	79.886	4
06.02.2026 21:00	79.878	79.915	79.878	79.915	34
06.02.2026 21:15	79.91	79.925	79.878	79.878	57
06.02.2026 21:30	79.879	79.925	79.873	79.924	81
06.02.2026 21:45	79.924	79.925	79.887	79.887	63
06.02.2026 22:00	79.894	79.895	79.891	79.891	6
06.02.2026 22:45	79.884	79.884	79.884	79.884	1
06.02.2026 23:15	79.883	79.883	79.883	79.883	28
06.02.2026 23:30	79.883	79.887	79.873	79.882	23
06.02.2026 23:45	79.949	79.949	79.93	79.93	6
09.02.2026 08:45	79.83	79.907	79.83	79.907	6
09.02.2026 09:00	79.93	80.221	79.891	80.173	491
09.02.2026 09:15	80.111	80.182	80.036	80.18	127
09.02.2026 09:30	80.185	80.187	80.103	80.158	114
09.02.2026 09:45	80.17	80.25	80.107	80.11	212
09.02.2026 10:00	80.18	80.25	79.906	79.972	349
09.02.2026 10:15	79.982	80.116	79.982	80.0	1660
09.02.2026 10:30	80.0	80.0	79.918	79.933	1769
09.02.2026 10:45	79.9	79.9	79.622	79.878	426
09.02.2026 11:00	79.882	79.952	79.862	79.901	439
09.02.2026 11:15	79.957	80.0	79.943	79.992	2331
09.02.2026 11:30	79.987	80.0	79.928	79.98	1496
09.02.2026 11:45	79.98	80.136	79.975	80.021	3990
09.02.2026 12:00	80.002	80.002	79.85	79.947	430
09.02.2026 12:15	79.949	79.972	79.869	79.959	184
09.02.2026 12:30	79.976	80.034	79.916	79.983	360
09.02.2026 12:45	79.985	80.161	79.978	80.053	1213
09.02.2026 13:00	80.047	80.222	79.959	80.154	833
09.02.2026 13:15	80.175	80.407	80.162	80.329	1131
09.02.2026 13:30	80.319	80.428	80.308	80.386	439
09.02.2026 13:45	80.425	80.445	80.324	80.338	524
09.02.2026 14:00	80.354	80.439	80.289	80.303	208
09.02.2026 14:15	80.294	80.328	80.203	80.24	148
09.02.2026 14:30	80.299	80.427	80.236	80.342	550
09.02.2026 14:45	80.324	80.324	80.242	80.288	470
09.02.2026 15:00	80.27	80.332	80.25	80.324	729
09.02.2026 15:15	80.331	80.402	80.3	80.4	393
09.02.2026 15:30	80.4	80.491	80.4	80.415	1222
09.02.2026 15:45	80.415	80.419	80.291	80.315	1600
09.02.2026 16:00	80.315	80.316	80.182	80.242	1423
09.02.2026 16:15	80.246	80.262	80.2	80.226	498
09.02.2026 16:30	80.23	80.263	80.193	80.223	129
09.02.2026 16:45	80.23	80.23	80.056	80.057	1696
09.02.2026 17:00	80.054	80.1	80.02	80.033	784
09.02.2026 17:15	80.032	80.081	80.0	80.074	201
09.02.2026 17:30	80.086	80.127	80.039	80.039	86
09.02.2026 17:45	80.055	80.094	80.044	80.044	61
09.02.2026 18:00	80.048	80.106	80.048	80.105	157
09.02.2026 18:15	80.106	80.119	80.085	80.093	112
09.02.2026 18:30	80.053	80.053	79.999	80.0	326
09.02.2026 18:45	79.995	80.085	79.995	80.049	135
09.02.2026 19:00	80.036	80.046	79.977	79.977	59
09.02.2026 19:15	80.001	80.069	79.912	79.968	861
09.02.2026 19:30	79.954	79.993	79.95	79.986	79
09.02.2026 19:45	80.0	80.035	80.0	80.035	37
09.02.2026 20:00	80.025	80.064	80.019	80.057	113
09.02.2026 20:15	80.063	80.093	80.0	80.033	107
09.02.2026 20:30	80.054	80.056	80.035	80.035	10
09.02.2026 20:45	80.072	80.093	80.053	80.089	106
09.02.2026 21:00	80.065	80.072	80.001	80.001	18
09.02.2026 21:15	80.01	80.124	80.0	80.037	121
09.02.2026 21:30	80.036	80.036	80.036	80.036	8
09.02.2026 21:45	80.116	80.116	80.04	80.044	15
09.02.2026 22:00	80.044	80.124	80.043	80.124	12
09.02.2026 22:15	80.056	80.057	80.056	80.057	2
09.02.2026 22:30	80.051	80.051	80.043	80.046	6
09.02.2026 22:45	80.014	80.02	80.006	80.016	116
09.02.2026 23:00	80.017	80.05	80.016	80.05	186
09.02.2026 23:15	80.05	80.064	80.02	80.053	107
09.02.2026 23:30	80.04	80.04	80.038	80.038	2
09.02.2026 23:45	80.052	80.095	80.052	80.095	4
10.02.2026 09:00	80.041	80.095	79.991	80.068	135
10.02.2026 09:15	80.047	80.064	79.923	79.967	97
10.02.2026 09:30	79.952	79.959	79.9	79.917	477
10.02.2026 09:45	79.92	80.016	79.919	80.014	430
10.02.2026 10:00	80.031	80.031	79.767	79.954	1051
10.02.2026 10:15	79.961	80.094	79.854	80.007	733
10.02.2026 10:30	80.08	80.132	79.964	79.978	206
10.02.2026 10:45	80.008	80.098	79.979	80.093	1050
10.02.2026 11:00	80.093	80.1	80.034	80.081	2123
10.02.2026 11:15	80.079	80.136	80.054	80.115	2195
10.02.2026 11:30	80.116	80.134	80.012	80.041	519
10.02.2026 11:45	80.0	80.0	79.821	79.834	713
10.02.2026 12:00	79.833	79.856	79.812	79.844	130
10.02.2026 12:15	79.877	79.882	79.776	79.843	164
10.02.2026 12:30	79.843	79.892	79.75	79.751	588
10.02.2026 12:45	79.766	79.79	79.741	79.775	240
10.02.2026 13:00	79.758	79.79	79.75	79.781	915
10.02.2026 13:15	79.781	79.883	79.665	79.802	241
10.02.2026 13:30	79.8	79.842	79.78	79.835	82
10.02.2026 13:45	79.835	79.86	79.65	79.675	372
10.02.2026 14:00	79.73	79.825	79.715	79.798	168
10.02.2026 14:15	79.822	80.02	79.822	79.945	145
10.02.2026 14:30	79.942	79.95	79.88	79.88	37
10.02.2026 14:45	79.877	80.066	79.877	80.059	547
10.02.2026 15:00	80.06	80.065	79.961	80.021	319
10.02.2026 15:15	80.022	80.046	79.986	80.03	497
10.02.2026 15:30	79.992	80.021	79.964	80.014	59
10.02.2026 15:45	80.011	80.067	79.887	80.06	183
10.02.2026 16:00	80.053	80.054	80.025	80.031	11
10.02.2026 16:15	80.0	80.022	79.944	79.956	65
10.02.2026 16:30	79.955	80.029	79.944	80.018	108
10.02.2026 16:45	80.031	80.046	79.999	80.028	17
10.02.2026 17:00	80.008	80.008	79.98	79.98	75
10.02.2026 17:15	79.981	79.987	79.927	79.927	70
10.02.2026 17:30	79.916	79.916	79.831	79.843	130
10.02.2026 17:45	79.817	79.936	79.808	79.9	148
10.02.2026 18:00	79.897	79.908	79.868	79.888	77
10.02.2026 18:15	79.897	79.897	79.821	79.862	53
10.02.2026 18:30	79.87	79.915	79.863	79.91	136
10.02.2026 18:45	79.913	79.913	79.898	79.9	12
10.02.2026 19:00	79.967	79.967	79.957	79.957	10
10.02.2026 19:15	79.945	79.956	79.945	79.956	8
10.02.2026 19:30	79.95	79.95	79.946	79.947	6
10.02.2026 19:45	79.956	79.956	79.956	79.956	5
10.02.2026 20:00	79.966	79.977	79.946	79.958	40
10.02.2026 20:15	79.961	79.961	79.961	79.961	3
10.02.2026 20:30	79.963	79.963	79.954	79.956	20
10.02.2026 20:45	79.951	79.951	79.931	79.931	31
10.02.2026 21:00	79.958	79.958	79.958	79.958	1
10.02.2026 21:15	79.957	79.967	79.957	79.967	10
10.02.2026 21:30	79.972	79.984	79.964	79.964	13
10.02.2026 21:45	79.965	79.976	79.948	79.976	34
10.02.2026 22:00	79.965	79.965	79.958	79.958	10
10.02.2026 22:15	79.971	79.971	79.971	79.971	1
10.02.2026 22:30	79.97	79.974	79.97	79.974	2
10.02.2026 23:00	79.998	80.003	79.998	80.003	21
10.02.2026 23:15	80.041	80.05	80.039	80.045	29
10.02.2026 23:30	80.051	80.07	80.049	80.062	25
10.02.2026 23:45	80.069	80.07	80.057	80.057	5
11.02.2026 09:00	80.085	80.099	79.953	79.957	154
11.02.2026 09:15	79.948	80.011	79.9	79.965	61
11.02.2026 09:30	79.959	79.965	79.935	79.949	45
11.02.2026 09:45	79.965	80.01	79.965	79.977	50
11.02.2026 10:00	79.951	80.126	79.891	80.112	356
11.02.2026 10:15	80.137	80.234	80.125	80.15	808
11.02.2026 10:30	80.167	80.19	80.05	80.075	690
11.02.2026 10:45	80.059	80.087	79.956	79.989	68
11.02.2026 11:00	79.971	80.033	79.95	80.033	68
11.02.2026 11:15	80.021	80.07	80.016	80.056	36
11.02.2026 11:30	80.033	80.037	79.965	79.987	369
11.02.2026 11:45	79.983	79.99	79.887	79.915	406
11.02.2026 12:00	79.917	79.989	79.917	79.963	193
11.02.2026 12:15	79.985	79.985	79.917	79.917	106
11.02.2026 12:30	79.904	79.912	79.78	79.844	1064
11.02.2026 12:45	79.842	79.846	79.658	79.661	2353
11.02.2026 13:00	79.658	79.68	79.48	79.545	1446
11.02.2026 13:15	79.545	79.58	79.425	79.528	1641
11.02.2026 13:30	79.524	79.555	79.442	79.491	1178
11.02.2026 13:45	79.491	79.492	79.369	79.422	1405
11.02.2026 14:00	79.397	79.555	79.387	79.55	744
11.02.2026 14:15	79.548	79.552	79.478	79.495	1196
11.02.2026 14:30	79.495	79.579	79.493	79.558	1233
11.02.2026 14:45	79.563	79.596	79.509	79.52	1096
11.02.2026 15:00	79.52	79.559	79.495	79.515	1046
11.02.2026 15:15	79.515	79.542	79.5	79.51	1069
11.02.2026 15:30	79.51	79.75	79.505	79.744	1182
11.02.2026 15:45	79.748	79.757	79.626	79.678	1305
11.02.2026 16:00	79.68	79.725	79.606	79.644	1070
11.02.2026 16:15	79.644	79.691	79.631	79.66	960
11.02.2026 16:30	79.661	79.812	79.65	79.656	1928
11.02.2026 16:45	79.656	79.697	79.555	79.618	1017
11.02.2026 17:00	79.625	79.657	79.501	79.518	1205
11.02.2026 17:15	79.519	79.541	79.458	79.522	982
11.02.2026 17:30	79.521	79.536	79.437	79.516	1044
11.02.2026 17:45	79.516	79.522	79.44	79.441	1297
11.02.2026 18:00	79.443	79.515	79.403	79.501	1871
11.02.2026 18:15	79.5	79.584	79.488	79.58	562
11.02.2026 18:30	79.58	79.58	79.537	79.569	300
11.02.2026 18:45	79.53	79.53	79.527	79.53	24
11.02.2026 19:00	79.577	79.773	79.577	79.7	199
11.02.2026 19:15	79.703	79.8	79.665	79.665	236
11.02.2026 19:30	79.707	79.707	79.641	79.686	63
11.02.2026 19:45	79.669	79.696	79.669	79.696	84
11.02.2026 20:00	79.7	79.7	79.664	79.664	35
11.02.2026 20:15	79.639	79.639	79.639	79.639	1
11.02.2026 20:30	79.657	79.657	79.646	79.646	71
11.02.2026 20:45	79.628	79.628	79.625	79.628	152
11.02.2026 21:00	79.628	79.641	79.625	79.626	79
11.02.2026 21:15	79.646	79.649	79.637	79.649	5
11.02.2026 21:30	79.642	79.65	79.642	79.65	4
11.02.2026 21:45	79.644	79.649	79.644	79.646	26
11.02.2026 22:00	79.659	79.66	79.654	79.654	49
11.02.2026 22:15	79.654	79.665	79.654	79.654	11
11.02.2026 22:30	79.662	79.662	79.629	79.629	3
11.02.2026 22:45	79.626	79.627	79.626	79.626	31
11.02.2026 23:00	79.635	79.641	79.635	79.64	28
11.02.2026 23:15	79.65	79.654	79.634	79.64	28
11.02.2026 23:30	79.633	79.639	79.626	79.626	43
11.02.2026 23:45	79.641	79.686	79.641	79.675	37
12.02.2026 08:45	79.779	79.779	79.779	79.779	1
12.02.2026 09:00	79.671	79.671	79.63	79.632	652
12.02.2026 09:15	79.632	79.671	79.63	79.67	135
12.02.2026 09:30	79.674	79.68	79.634	79.68	94
12.02.2026 09:45	79.704	79.742	79.658	79.659	557
12.02.2026 10:00	79.64	79.678	79.597	79.62	1817
12.02.2026 10:15	79.65	79.65	79.593	79.639	314
12.02.2026 10:30	79.677	79.677	79.567	79.567	35
12.02.2026 10:45	79.55	79.713	79.54	79.688	268
12.02.2026 11:00	79.683	79.849	79.663	79.782	122
12.02.2026 11:15	79.777	79.857	79.761	79.763	180
12.02.2026 11:30	79.765	79.782	79.66	79.66	354
12.02.2026 11:45	79.656	79.668	79.58	79.596	1088
12.02.2026 12:00	79.591	79.609	79.418	79.45	1457
12.02.2026 12:15	79.45	79.45	79.37	79.382	1193
12.02.2026 12:30	79.381	79.487	79.376	79.451	2010
12.02.2026 12:45	79.45	79.595	79.441	79.57	2047
12.02.2026 13:00	79.583	79.699	79.583	79.589	1295
12.02.2026 13:15	79.589	79.69	79.575	79.672	921
12.02.2026 13:30	79.678	79.703	79.653	79.694	200
12.02.2026 13:45	79.697	79.73	79.684	79.712	204
12.02.2026 14:00	79.737	79.85	79.708	79.723	323
12.02.2026 14:15	79.722	79.809	79.72	79.752	161
12.02.2026 14:30	79.736	79.746	79.695	79.698	102
12.02.2026 14:45	79.72	79.741	79.708	79.74	31
12.02.2026 15:00	79.718	79.718	79.56	79.572	1364
12.02.2026 15:15	79.59	79.65	79.55	79.65	426
12.02.2026 15:30	79.65	79.65	79.64	79.649	911
12.02.2026 15:45	79.649	79.65	79.57	79.57	1303
12.02.2026 16:00	79.571	79.573	79.5	79.513	5219
12.02.2026 16:15	79.495	79.55	79.432	79.45	3459
12.02.2026 16:30	79.45	79.593	79.44	79.593	282
12.02.2026 16:45	79.602	79.641	79.567	79.587	156
12.02.2026 17:00	79.587	79.591	79.558	79.571	59
12.02.2026 17:15	79.561	79.61	79.557	79.576	130
12.02.2026 17:30	79.569	79.598	79.529	79.553	576
12.02.2026 17:45	79.54	79.562	79.485	79.535	1083
12.02.2026 18:00	79.535	79.636	79.535	79.569	2663
12.02.2026 18:15	79.548	79.571	79.5	79.57	1809
12.02.2026 18:30	79.57	79.57	79.479	79.5	919
12.02.2026 18:45	79.537	79.537	79.52	79.526	27
12.02.2026 19:00	79.585	79.585	79.479	79.51	127
12.02.2026 19:15	79.51	79.548	79.51	79.519	94
12.02.2026 19:30	79.553	79.553	79.43	79.448	153
12.02.2026 19:45	79.442	79.494	79.439	79.482	254
12.02.2026 20:00	79.468	79.498	79.467	79.49	77
12.02.2026 20:15	79.507	79.527	79.506	79.527	22
12.02.2026 20:30	79.522	79.527	79.5	79.527	14
12.02.2026 20:45	79.538	79.547	79.485	79.485	18
12.02.2026 21:00	79.534	79.553	79.51	79.517	127
12.02.2026 21:15	79.517	79.543	79.517	79.543	13
12.02.2026 21:30	79.552	79.564	79.486	79.563	29
12.02.2026 21:45	79.546	79.555	79.53	79.53	55
12.02.2026 22:00	79.521	79.539	79.518	79.539	25
12.02.2026 22:15	79.551	79.568	79.551	79.557	22
12.02.2026 22:30	79.547	79.547	79.525	79.525	11
12.02.2026 22:45	79.521	79.537	79.519	79.537	4
12.02.2026 23:00	79.52	79.521	79.51	79.515	10
12.02.2026 23:15	79.505	79.514	79.5	79.5	18
12.02.2026 23:30	79.51	79.536	79.51	79.517	25
12.02.2026 23:45	79.52	79.52	79.49	79.49	2
13.02.2026 09:00	79.557	79.572	79.538	79.572	156
13.02.2026 09:15	79.563	79.59	79.55	79.55	17
13.02.2026 09:30	79.521	79.567	79.455	79.567	44
13.02.2026 09:45	79.551	79.553	79.5	79.533	93
13.02.2026 10:00	79.512	79.615	79.25	79.391	2339
13.02.2026 10:15	79.361	79.43	79.321	79.363	1460
13.02.2026 10:30	79.354	79.358	79.221	79.3	1042
13.02.2026 10:45	79.296	79.3	79.18	79.247	1275
13.02.2026 11:00	79.235	79.235	79.15	79.172	1225
13.02.2026 11:15	79.17	79.257	79.121	79.244	3796
13.02.2026 11:30	79.244	79.37	79.24	79.35	3275
13.02.2026 11:45	79.35	79.394	79.319	79.394	3793
13.02.2026 12:00	79.394	79.438	79.313	79.351	3429
13.02.2026 12:15	79.347	79.363	79.193	79.208	2313
13.02.2026 12:30	79.208	79.32	79.185	79.25	1105
13.02.2026 12:45	79.251	79.266	79.161	79.184	2852
13.02.2026 13:00	79.184	79.252	79.165	79.19	2014
13.02.2026 13:15	79.19	79.19	79.101	79.107	1382
13.02.2026 13:30	79.101	79.23	79.01	79.064	2134
13.02.2026 13:45	79.064	79.08	78.934	79.051	4227
13.02.2026 14:00	79.051	79.192	79.05	79.19	2683
13.02.2026 14:15	79.19	79.222	79.101	79.127	2786
13.02.2026 14:30	79.126	79.174	79.111	79.152	1138
13.02.2026 14:45	79.153	79.172	79.072	79.084	1440
13.02.2026 15:00	79.084	79.102	79.015	79.066	1313
13.02.2026 15:15	79.066	79.088	79.001	79.07	1673
13.02.2026 15:30	79.07	79.126	79.042	79.057	2237
13.02.2026 15:45	79.056	79.149	79.002	79.12	1898
13.02.2026 16:00	79.12	79.12	79.024	79.061	1434
13.02.2026 16:15	79.061	79.107	78.965	78.975	1448
13.02.2026 16:30	78.974	78.978	78.65	78.768	2140
13.02.2026 16:45	78.77	78.8	78.67	78.71	1365
13.02.2026 17:00	78.711	78.711	78.613	78.672	1339
13.02.2026 17:15	78.672	78.688	78.62	78.652	1193
13.02.2026 17:30	78.651	78.67	78.591	78.602	1464
13.02.2026 17:45	78.592	78.622	78.586	78.595	1285
13.02.2026 18:00	78.595	78.626	78.582	78.603	1106
13.02.2026 18:15	78.601	78.657	78.6	78.641	913
13.02.2026 18:30	78.64	78.652	78.599	78.608	332
13.02.2026 18:45	78.605	78.61	78.605	78.607	64
13.02.2026 19:00	78.6	78.695	78.5	78.695	332
13.02.2026 19:15	78.692	78.7	78.647	78.673	133
13.02.2026 19:30	78.665	78.678	78.559	78.6	165
13.02.2026 19:45	78.587	78.587	78.433	78.49	1066
13.02.2026 20:00	78.496	78.564	78.496	78.525	62
13.02.2026 20:15	78.534	78.57	78.525	78.55	81
13.02.2026 20:30	78.55	78.554	78.525	78.526	32
13.02.2026 20:45	78.532	78.59	78.532	78.572	110
13.02.2026 21:00	78.585	78.609	78.585	78.604	74
13.02.2026 21:15	78.606	78.636	78.606	78.625	43
13.02.2026 21:30	78.624	78.664	78.624	78.661	56
13.02.2026 21:45	78.654	78.671	78.639	78.64	132
13.02.2026 22:00	78.64	78.642	78.64	78.641	13
13.02.2026 22:15	78.638	78.649	78.638	78.649	11
13.02.2026 22:30	78.637	78.666	78.636	78.666	44
13.02.2026 22:45	78.671	78.671	78.671	78.671	1
13.02.2026 23:00	78.67	78.676	78.665	78.665	7
13.02.2026 23:15	78.657	78.658	78.65	78.65	19
13.02.2026 23:30	78.643	78.658	78.623	78.634	63
13.02.2026 23:45	78.654	78.684	78.618	78.652	19
16.02.2026 09:00	78.595	78.608	78.45	78.568	226
16.02.2026 09:15	78.566	78.592	78.54	78.581	242
16.02.2026 09:30	78.592	78.622	78.578	78.61	289
16.02.2026 09:45	78.61	78.622	78.589	78.621	146
16.02.2026 10:00	78.622	78.747	78.413	78.414	522
16.02.2026 10:15	78.4	78.497	78.3	78.422	724
16.02.2026 10:30	78.468	78.47	78.376	78.443	384
16.02.2026 10:45	78.443	78.492	78.443	78.459	734
16.02.2026 11:00	78.462	78.462	78.35	78.384	280
16.02.2026 11:15	78.409	78.631	78.393	78.556	401
16.02.2026 11:30	78.573	78.58	78.437	78.44	496
16.02.2026 11:45	78.443	78.485	78.437	78.448	390
16.02.2026 12:00	78.46	78.6	78.42	78.544	415
16.02.2026 12:15	78.543	78.689	78.543	78.624	463
16.02.2026 12:30	78.624	78.634	78.523	78.595	206
16.02.2026 12:45	78.583	78.629	78.569	78.619	71
16.02.2026 13:00	78.683	78.861	78.683	78.828	588
16.02.2026 13:15	78.812	78.826	78.706	78.793	185
16.02.2026 13:30	78.801	78.801	78.587	78.6	632
16.02.2026 13:45	78.599	78.602	78.511	78.599	259
16.02.2026 14:00	78.589	78.594	78.477	78.547	841
16.02.2026 14:15	78.517	78.564	78.481	78.481	1660
16.02.2026 14:30	78.495	78.527	78.47	78.49	336
16.02.2026 14:45	78.507	78.525	78.492	78.525	56
16.02.2026 15:00	78.525	78.525	78.311	78.413	1735
16.02.2026 15:15	78.421	78.56	78.421	78.529	353
16.02.2026 15:30	78.512	78.618	78.497	78.512	171
16.02.2026 15:45	78.517	78.566	78.517	78.566	215
16.02.2026 16:00	78.542	78.542	78.458	78.48	342
16.02.2026 16:15	78.479	78.505	78.447	78.488	1385
16.02.2026 16:30	78.486	78.672	78.444	78.66	756
16.02.2026 16:45	78.662	78.694	78.662	78.677	116
16.02.2026 17:00	78.686	78.863	78.681	78.776	837
16.02.2026 17:15	78.733	78.802	78.68	78.801	690
16.02.2026 17:30	78.831	78.927	78.813	78.89	952
16.02.2026 17:45	78.89	78.89	78.841	78.854	769
16.02.2026 18:00	78.86	78.883	78.774	78.828	1084
16.02.2026 18:15	78.828	78.85	78.811	78.836	786
16.02.2026 18:30	78.847	78.9	78.841	78.874	76
16.02.2026 18:45	78.851	78.864	78.851	78.851	27
16.02.2026 19:15	78.855	78.855	78.763	78.763	40
16.02.2026 19:30	78.791	78.794	78.791	78.794	46
16.02.2026 19:45	78.777	78.819	78.777	78.816	25
16.02.2026 20:00	78.822	78.822	78.784	78.795	15
16.02.2026 20:15	78.799	78.802	78.783	78.799	48
16.02.2026 20:30	78.812	78.815	78.799	78.799	16
16.02.2026 20:45	78.799	78.799	78.799	78.799	15
16.02.2026 21:00	78.783	78.783	78.75	78.75	31
16.02.2026 21:15	78.767	78.791	78.764	78.765	12
16.02.2026 21:30	78.766	78.77	78.735	78.75	81
16.02.2026 21:45	78.775	78.804	78.75	78.804	16
16.02.2026 22:00	78.812	78.812	78.808	78.808	6
16.02.2026 22:15	78.787	78.787	78.784	78.784	12
16.02.2026 22:30	78.779	78.786	78.757	78.757	14
16.02.2026 23:00	78.732	78.75	78.732	78.75	4
16.02.2026 23:15	78.761	78.761	78.75	78.75	3
16.02.2026 23:30	78.752	78.765	78.75	78.75	13
17.02.2026 09:00	78.796	78.799	78.735	78.756	287
17.02.2026 09:15	78.75	78.8	78.75	78.8	225
17.02.2026 09:30	78.812	78.83	78.786	78.807	77
17.02.2026 09:45	78.813	78.831	78.813	78.817	140
17.02.2026 10:00	78.81	78.929	78.677	78.794	261
17.02.2026 10:15	78.774	78.842	78.743	78.77	175
17.02.2026 10:30	78.797	78.85	78.767	78.767	156
17.02.2026 10:45	78.764	78.786	78.669	78.72	1112
17.02.2026 11:00	78.696	78.708	78.616	78.671	1368
17.02.2026 11:15	78.658	78.688	78.637	78.673	470
17.02.2026 11:30	78.679	78.679	78.578	78.578	622
17.02.2026 11:45	78.593	78.626	78.531	78.563	913
17.02.2026 12:00	78.54	78.552	78.442	78.54	2814
17.02.2026 12:15	78.547	78.59	78.501	78.507	3271
17.02.2026 12:30	78.507	78.54	78.45	78.536	1502
17.02.2026 12:45	78.536	78.639	78.518	78.553	400
17.02.2026 13:00	78.553	78.622	78.543	78.622	1163
17.02.2026 13:15	78.634	78.634	78.534	78.559	1177
17.02.2026 13:30	78.558	78.574	78.525	78.548	442
17.02.2026 13:45	78.55	78.561	78.509	78.526	710
17.02.2026 14:00	78.521	78.591	78.521	78.576	375
17.02.2026 14:15	78.591	78.65	78.581	78.584	742
17.02.2026 14:30	78.585	78.595	78.544	78.556	1112
17.02.2026 14:45	78.555	78.625	78.555	78.622	2717
17.02.2026 15:00	78.622	78.626	78.557	78.56	1545
17.02.2026 15:15	78.57	78.595	78.554	78.554	955
17.02.2026 15:30	78.569	78.58	78.51	78.564	402
17.02.2026 15:45	78.505	78.525	78.441	78.482	1184
17.02.2026 16:00	78.463	78.535	78.459	78.527	1534
17.02.2026 16:15	78.533	78.538	78.447	78.45	533
17.02.2026 16:30	78.45	78.45	78.243	78.274	5053
17.02.2026 16:45	78.274	78.316	78.161	78.19	4250
17.02.2026 17:00	78.19	78.238	78.103	78.175	3414
17.02.2026 17:15	78.175	78.27	78.086	78.104	992
17.02.2026 17:30	78.169	78.279	78.149	78.254	353
17.02.2026 17:45	78.24	78.287	78.225	78.282	315
17.02.2026 18:00	78.272	78.274	78.211	78.223	929
17.02.2026 18:15	78.22	78.232	78.161	78.161	663
17.02.2026 18:30	78.171	78.178	78.122	78.153	142
17.02.2026 18:45	78.142	78.142	78.122	78.125	249
17.02.2026 19:00	78.13	78.156	78.101	78.115	652
17.02.2026 19:15	78.115	78.119	78.053	78.065	789
17.02.2026 19:30	78.08	78.08	78.037	78.045	175
17.02.2026 19:45	78.06	78.07	78.05	78.05	94
17.02.2026 20:00	78.05	78.054	78.031	78.031	139
17.02.2026 20:15	78.03	78.086	78.013	78.055	105
17.02.2026 20:30	78.056	78.077	78.052	78.071	71
17.02.2026 20:45	78.071	78.118	78.04	78.046	223
17.02.2026 21:00	78.043	78.045	78.036	78.036	20
17.02.2026 21:15	78.077	78.077	78.016	78.03	113
17.02.2026 21:30	78.03	78.03	78.012	78.012	53
17.02.2026 21:45	78.012	78.02	77.98	78.013	271
17.02.2026 22:00	78.006	78.017	78.006	78.006	40
17.02.2026 22:15	77.997	77.998	77.95	77.987	94
17.02.2026 22:30	77.994	78.01	77.98	77.989	54
17.02.2026 22:45	77.998	78.021	77.997	78.012	24
17.02.2026 23:00	78.025	78.055	78.025	78.055	35
17.02.2026 23:15	78.055	78.098	78.055	78.098	17
17.02.2026 23:30	78.095	78.1	78.071	78.094	54
17.02.2026 23:45	78.097	78.097	78.097	78.097	5
18.02.2026 09:00	78.085	78.154	78.082	78.112	221
18.02.2026 09:15	78.115	78.161	78.115	78.161	16
18.02.2026 09:30	78.209	78.21	78.152	78.152	185
18.02.2026 09:45	78.166	78.179	78.13	78.143	95
18.02.2026 10:00	78.133	78.22	78.044	78.07	3259
18.02.2026 10:15	78.061	78.097	78.027	78.042	1870
18.02.2026 10:30	78.042	78.181	78.03	78.127	1304
18.02.2026 10:45	78.119	78.125	77.87	77.911	2305
18.02.2026 11:00	77.912	77.919	77.83	77.886	1895
18.02.2026 11:15	77.886	78.003	77.886	77.912	467
18.02.2026 11:30	77.919	77.931	77.831	77.884	687
18.02.2026 11:45	77.89	77.928	77.884	77.888	599
18.02.2026 12:00	77.901	77.916	77.775	77.807	957
18.02.2026 12:15	77.812	77.83	77.761	77.804	548
18.02.2026 12:30	77.818	77.888	77.8	77.802	211
18.02.2026 12:45	77.772	77.812	77.715	77.725	3022
18.02.2026 13:00	77.729	77.731	77.609	77.649	6099
18.02.2026 13:15	77.65	77.809	77.616	77.79	5828
18.02.2026 13:30	77.834	78.233	77.825	78.182	7517
18.02.2026 13:45	78.182	78.29	78.072	78.29	8678
18.02.2026 14:00	78.296	78.355	78.25	78.31	534
18.02.2026 14:15	78.323	78.33	78.239	78.317	897
18.02.2026 14:30	78.3	78.32	78.249	78.263	1127
18.02.2026 14:45	78.269	78.445	78.269	78.414	850
18.02.2026 15:00	78.431	78.525	78.384	78.405	1692
18.02.2026 15:15	78.41	78.479	78.41	78.441	417
18.02.2026 15:30	78.45	78.594	78.446	78.588	1257
18.02.2026 15:45	78.599	78.723	78.599	78.66	290
18.02.2026 16:00	78.681	78.766	78.676	78.692	310
18.02.2026 16:15	78.699	78.851	78.68	78.69	464
18.02.2026 16:30	78.727	78.758	78.682	78.745	307
18.02.2026 16:45	78.745	78.78	78.745	78.764	53
18.02.2026 17:00	78.782	78.83	78.743	78.792	915
18.02.2026 17:15	78.802	78.827	78.726	78.741	455
18.02.2026 17:30	78.739	78.823	78.55	78.55	1683
18.02.2026 17:45	78.551	78.636	78.535	78.567	2322
18.02.2026 18:00	78.567	78.6	78.455	78.6	1431
18.02.2026 18:15	78.6	78.634	78.58	78.609	274
18.02.2026 18:30	78.606	78.7	78.601	78.607	329
18.02.2026 18:45	78.624	78.629	78.576	78.577	78
18.02.2026 19:00	78.535	78.61	78.531	78.61	26
18.02.2026 19:15	78.61	78.61	78.574	78.588	29
18.02.2026 19:30	78.625	78.64	78.596	78.637	80
18.02.2026 19:45	78.61	78.62	78.61	78.618	41
18.02.2026 20:00	78.613	78.627	78.586	78.615	162
18.02.2026 20:15	78.626	78.626	78.557	78.586	36
18.02.2026 20:30	78.583	78.602	78.569	78.589	65
18.02.2026 20:45	78.621	78.621	78.584	78.6	26
18.02.2026 21:00	78.625	78.633	78.601	78.601	14
18.02.2026 21:15	78.601	78.647	78.601	78.633	8
18.02.2026 21:30	78.65	78.656	78.639	78.656	70
18.02.2026 21:45	78.656	78.695	78.656	78.695	25
18.02.2026 22:00	78.671	78.702	78.671	78.702	26
18.02.2026 22:15	78.7	78.701	78.7	78.701	257
18.02.2026 22:30	78.701	78.704	78.698	78.7	212
18.02.2026 22:45	78.695	78.695	78.694	78.694	2
18.02.2026 23:00	78.675	78.675	78.643	78.643	45
18.02.2026 23:15	78.698	78.698	78.69	78.69	14
18.02.2026 23:30	78.69	78.698	78.668	78.675	54
18.02.2026 23:45	78.651	78.675	78.638	78.675	18
19.02.2026 09:00	78.698	78.758	78.677	78.734	96
19.02.2026 09:15	78.715	78.755	78.707	78.724	120
19.02.2026 09:30	78.691	78.756	78.691	78.745	52
19.02.2026 09:45	78.754	78.809	78.754	78.788	187
19.02.2026 10:00	78.737	78.74	78.434	78.441	503
19.02.2026 10:15	78.43	78.529	78.4	78.41	440
19.02.2026 10:30	78.426	78.551	78.388	78.55	1447
19.02.2026 10:45	78.519	78.592	78.281	78.338	565
19.02.2026 11:00	78.301	78.36	78.148	78.295	606
19.02.2026 11:15	78.306	78.382	78.251	78.283	1950
19.02.2026 11:30	78.279	78.323	78.2	78.202	3214
19.02.2026 11:45	78.202	78.203	78.13	78.143	2556
19.02.2026 12:00	78.143	78.23	78.053	78.131	3251
19.02.2026 12:15	78.131	78.27	78.091	78.253	5037
19.02.2026 12:30	78.251	78.304	78.199	78.225	5976
19.02.2026 12:45	78.211	78.252	78.173	78.226	3576
19.02.2026 13:00	78.226	78.386	78.225	78.354	2364
19.02.2026 13:15	78.349	78.379	78.186	78.191	2296
19.02.2026 13:30	78.19	78.264	78.014	78.063	2597
19.02.2026 13:45	78.063	78.172	78.037	78.075	2356
19.02.2026 14:00	78.107	78.344	78.107	78.311	1794
19.02.2026 14:15	78.314	78.368	78.272	78.347	2136
19.02.2026 14:30	78.346	78.42	78.324	78.403	2163
19.02.2026 14:45	78.403	78.415	78.337	78.357	2122
19.02.2026 15:00	78.357	78.4	78.331	78.357	2447
19.02.2026 15:15	78.357	78.387	78.256	78.314	3093
19.02.2026 15:30	78.313	78.413	78.269	78.362	3386
19.02.2026 15:45	78.362	78.383	78.277	78.279	2950
19.02.2026 16:00	78.279	78.3	78.158	78.245	3449
19.02.2026 16:15	78.245	78.25	78.085	78.103	2595
19.02.2026 16:30	78.112	78.12	78.05	78.08	3710
19.02.2026 16:45	78.086	78.119	77.935	77.937	4663
19.02.2026 17:00	77.95	77.999	77.9	77.99	2897
19.02.2026 17:15	77.99	77.991	77.907	77.925	2814
19.02.2026 17:30	77.927	77.956	77.78	77.78	5294
19.02.2026 17:45	77.781	77.894	77.774	77.813	3302
19.02.2026 18:00	77.807	77.813	77.749	77.772	2712
19.02.2026 18:15	77.772	77.822	77.729	77.758	3560
19.02.2026 18:30	77.763	77.823	77.756	77.8	968
19.02.2026 18:45	77.81	77.815	77.795	77.797	122
19.02.2026 19:00	77.802	77.85	77.8	77.823	504
19.02.2026 19:15	77.823	77.858	77.777	77.84	324
19.02.2026 19:30	77.826	77.859	77.825	77.859	123
19.02.2026 19:45	77.864	77.873	77.849	77.872	48
19.02.2026 20:00	77.871	77.886	77.861	77.886	103
19.02.2026 20:15	77.886	77.886	77.861	77.861	85
19.02.2026 20:30	77.868	77.874	77.833	77.835	152
19.02.2026 20:45	77.832	77.845	77.827	77.845	14
19.02.2026 21:00	77.844	77.869	77.844	77.856	54
19.02.2026 21:15	77.85	77.88	77.85	77.85	94
19.02.2026 21:30	77.878	77.879	77.86	77.865	60
19.02.2026 21:45	77.869	77.88	77.867	77.88	17
19.02.2026 22:00	77.88	77.898	77.878	77.882	71
19.02.2026 22:15	77.891	77.91	77.891	77.896	134
19.02.2026 22:30	77.898	77.904	77.886	77.894	60
19.02.2026 22:45	77.894	77.895	77.863	77.87	51
19.02.2026 23:00	77.866	77.876	77.853	77.854	30
19.02.2026 23:15	77.846	77.846	77.825	77.825	31
19.02.2026 23:30	77.84	77.859	77.823	77.843	75
19.02.2026 23:45	77.864	77.864	77.862	77.862	5
20.02.2026 09:00	77.91	77.95	77.858	77.937	231
20.02.2026 09:15	77.928	77.954	77.805	77.883	289
20.02.2026 09:30	77.879	77.896	77.8	77.82	171
20.02.2026 09:45	77.79	77.965	77.77	77.86	184
20.02.2026 10:00	77.881	77.96	77.79	77.955	1614
20.02.2026 10:15	77.958	78.015	77.91	77.96	5744
20.02.2026 10:30	77.97	77.99	77.899	77.963	2894
20.02.2026 10:45	77.946	77.977	77.892	77.898	5064
20.02.2026 11:00	77.899	77.989	77.894	77.94	4400
20.02.2026 11:15	77.94	77.954	77.8	77.83	3771
20.02.2026 11:30	77.832	77.918	77.757	77.9	4897
20.02.2026 11:45	77.902	78.204	77.901	78.029	4079
20.02.2026 12:00	78.028	78.149	78.028	78.12	2254
20.02.2026 12:15	78.12	78.161	78.063	78.063	3515
20.02.2026 12:30	78.062	78.165	78.054	78.092	2538
20.02.2026 12:45	78.093	78.103	77.97	78.044	2278
20.02.2026 13:00	78.048	78.12	78.048	78.057	3459
20.02.2026 13:15	78.057	78.065	77.987	78.02	2869
20.02.2026 13:30	78.02	78.172	77.972	78.112	3270
20.02.2026 13:45	78.112	78.38	78.112	78.298	3316
20.02.2026 14:00	78.298	78.31	78.216	78.229	3068
20.02.2026 14:15	78.228	78.243	78.136	78.177	2917
20.02.2026 14:30	78.179	78.273	78.177	78.243	3207
20.02.2026 14:45	78.248	78.309	78.118	78.137	2748
20.02.2026 15:00	78.137	78.178	78.034	78.171	2650
20.02.2026 15:15	78.174	78.183	78.079	78.128	1926
20.02.2026 15:30	78.128	78.174	78.081	78.085	2140
20.02.2026 15:45	78.086	78.212	78.08	78.169	3824
20.02.2026 16:00	78.169	78.25	78.14	78.189	2023
20.02.2026 16:15	78.191	78.236	78.097	78.102	2143
20.02.2026 16:30	78.103	78.158	78.061	78.141	3031
20.02.2026 16:45	78.141	78.346	78.127	78.314	8055
20.02.2026 17:00	78.312	78.315	78.171	78.203	4523
20.02.2026 17:15	78.204	78.208	78.112	78.122	2281
20.02.2026 17:30	78.124	78.194	78.09	78.157	2219
20.02.2026 17:45	78.158	78.228	78.156	78.228	1986
20.02.2026 18:00	78.226	78.24	78.103	78.115	2313
20.02.2026 18:15	78.115	78.135	78.101	78.112	2544
20.02.2026 18:30	78.11	78.178	78.101	78.101	2273
20.02.2026 18:45	78.101	78.109	78.09	78.09	829
20.02.2026 19:00	78.082	78.123	78.074	78.075	100
20.02.2026 19:15	78.064	78.132	78.064	78.128	95
20.02.2026 19:30	78.141	78.182	78.127	78.134	140
20.02.2026 19:45	78.147	78.175	78.147	78.161	121
20.02.2026 20:00	78.155	78.155	78.132	78.139	74
20.02.2026 20:15	78.154	78.157	78.131	78.132	27
20.02.2026 20:30	78.15	78.153	78.15	78.153	15
20.02.2026 20:45	78.146	78.146	78.14	78.14	6
20.02.2026 21:00	78.135	78.135	78.117	78.123	72
20.02.2026 21:15	78.11	78.124	78.085	78.109	76
20.02.2026 21:30	78.092	78.111	78.09	78.09	5
20.02.2026 21:45	78.092	78.098	78.085	78.085	39
20.02.2026 22:00	78.091	78.107	78.09	78.092	125
20.02.2026 22:15	78.103	78.129	78.1	78.122	21
20.02.2026 22:30	78.13	78.138	78.098	78.138	34
20.02.2026 22:45	78.13	78.14	78.127	78.132	38
20.02.2026 23:00	78.14	78.157	78.14	78.157	58
20.02.2026 23:15	78.16	78.165	78.14	78.14	131
20.02.2026 23:30	78.139	78.14	78.133	78.139	110
20.02.2026 23:45	78.167	78.167	78.167	78.167	2
24.02.2026 08:45	78.087	78.087	78.05	78.05	21
24.02.2026 09:00	78.013	78.262	77.999	78.141	1143
24.02.2026 09:15	78.117	78.137	78.06	78.081	222
24.02.2026 09:30	78.082	78.17	78.077	78.08	563
24.02.2026 09:45	78.072	78.072	78.001	78.001	454
24.02.2026 10:00	78.003	78.2	77.995	78.037	2042
24.02.2026 10:15	78.037	78.25	77.892	77.946	9567
24.02.2026 10:30	77.948	78.034	77.883	77.901	4366
24.02.2026 10:45	77.901	77.976	77.873	77.931	3594
24.02.2026 11:00	77.931	77.972	77.904	77.927	2375
24.02.2026 11:15	77.927	77.971	77.818	77.841	6835
24.02.2026 11:30	77.838	77.867	77.773	77.824	11014
24.02.2026 11:45	77.823	77.88	77.772	77.787	9766
24.02.2026 12:00	77.785	77.88	77.732	77.813	6668
24.02.2026 12:15	77.813	77.857	77.767	77.818	4010
24.02.2026 12:30	77.815	77.857	77.752	77.787	7398
24.02.2026 12:45	77.793	77.794	77.582	77.647	7628
24.02.2026 13:00	77.647	77.651	77.59	77.626	4279
24.02.2026 13:15	77.625	77.628	77.585	77.61	14770
24.02.2026 13:30	77.602	77.656	77.59	77.625	14603
24.02.2026 13:45	77.625	77.629	77.555	77.576	5327
24.02.2026 14:00	77.571	77.581	77.537	77.557	5071
24.02.2026 14:15	77.558	77.581	77.549	77.574	5304
24.02.2026 14:30	77.574	77.585	77.561	77.584	9762
24.02.2026 14:45	77.585	77.627	77.571	77.622	5293
24.02.2026 15:00	77.625	77.678	77.622	77.663	5114
24.02.2026 15:15	77.659	77.73	77.617	77.631	6361
24.02.2026 15:30	77.631	77.632	77.58	77.602	7591
24.02.2026 15:45	77.602	77.608	77.582	77.606	4278
24.02.2026 16:00	77.608	77.608	77.479	77.509	3103
24.02.2026 16:15	77.51	77.528	77.41	77.433	11687
24.02.2026 16:30	77.426	77.516	77.418	77.501	5703
24.02.2026 16:45	77.502	77.591	77.467	77.47	6949
24.02.2026 17:00	77.472	77.489	77.312	77.381	5488
24.02.2026 17:15	77.381	77.47	77.38	77.437	1271
24.02.2026 17:30	77.437	77.463	77.386	77.447	604
24.02.2026 17:45	77.456	77.515	77.456	77.465	205
24.02.2026 18:00	77.465	77.465	77.435	77.442	247
24.02.2026 18:15	77.455	77.455	77.4	77.413	920
24.02.2026 18:30	77.413	77.425	77.374	77.424	615
24.02.2026 18:45	77.424	77.424	77.407	77.407	69
24.02.2026 19:00	77.403	77.421	77.351	77.4	60
24.02.2026 19:15	77.4	77.439	77.4	77.417	101
24.02.2026 19:30	77.419	77.435	77.412	77.429	122
24.02.2026 19:45	77.412	77.437	77.412	77.437	8
24.02.2026 20:00	77.437	77.445	77.437	77.445	9
24.02.2026 20:15	77.45	77.511	77.45	77.486	83
24.02.2026 20:30	77.496	77.497	77.469	77.47	73
24.02.2026 20:45	77.465	77.474	77.44	77.44	100
24.02.2026 21:00	77.44	77.44	77.418	77.423	114
24.02.2026 21:15	77.423	77.469	77.423	77.464	82
24.02.2026 21:30	77.463	77.477	77.449	77.472	73
24.02.2026 21:45	77.455	77.478	77.455	77.478	2
24.02.2026 22:00	77.499	77.52	77.499	77.506	94
24.02.2026 22:15	77.491	77.491	77.468	77.468	86
24.02.2026 22:30	77.471	77.471	77.471	77.471	4
24.02.2026 22:45	77.472	77.472	77.421	77.436	208
24.02.2026 23:00	77.436	77.453	77.436	77.45	89
24.02.2026 23:15	77.439	77.447	77.435	77.435	19
24.02.2026 23:30	77.447	77.472	77.447	77.47	23
24.02.2026 23:45	77.464	77.464	77.446	77.458	4
25.02.2026 08:45	77.501	77.501	77.41	77.41	13
25.02.2026 09:00	77.408	77.419	77.338	77.375	359
25.02.2026 09:15	77.359	77.4	77.318	77.366	328
25.02.2026 09:30	77.387	77.4	77.36	77.384	78
25.02.2026 09:45	77.375	77.392	77.371	77.379	73
25.02.2026 10:00	77.373	77.42	77.207	77.299	2357
25.02.2026 10:15	77.301	77.376	77.301	77.334	5732
25.02.2026 10:30	77.333	77.445	77.321	77.366	4093
25.02.2026 10:45	77.367	77.378	77.265	77.288	3289
25.02.2026 11:00	77.285	77.365	77.259	77.313	5056
25.02.2026 11:15	77.315	77.403	77.279	77.377	2084
25.02.2026 11:30	77.377	77.439	77.351	77.407	1414
25.02.2026 11:45	77.407	77.413	77.356	77.384	1135
25.02.2026 12:00	77.384	77.514	77.384	77.459	2446
25.02.2026 12:15	77.46	77.586	77.458	77.514	5286
25.02.2026 12:30	77.516	77.641	77.496	77.532	17350
25.02.2026 12:45	77.536	77.574	77.33	77.479	63506
25.02.2026 13:00	77.488	77.619	77.433	77.594	2911
25.02.2026 13:15	77.594	77.664	77.58	77.638	1330
25.02.2026 13:30	77.638	77.7	77.608	77.63	2022
25.02.2026 13:45	77.631	77.641	77.569	77.597	1613
25.02.2026 14:00	77.604	77.656	77.596	77.609	1390
25.02.2026 14:15	77.609	77.654	77.596	77.619	2559
25.02.2026 14:30	77.619	77.71	77.565	77.694	1708
25.02.2026 14:45	77.675	77.755	77.661	77.729	1595
25.02.2026 15:00	77.74	77.754	77.668	77.679	1350
25.02.2026 15:15	77.672	77.735	77.634	77.714	716
25.02.2026 15:30	77.697	77.762	77.677	77.713	705
25.02.2026 15:45	77.707	77.763	77.595	77.69	3912
25.02.2026 16:00	77.7	78.018	77.698	77.995	1719
25.02.2026 16:15	78.0	78.15	77.916	78.087	2410
25.02.2026 16:30	78.096	78.14	78.04	78.101	2028
25.02.2026 16:45	78.093	78.183	78.07	78.121	3122
25.02.2026 17:00	78.132	78.157	77.935	77.935	3369
25.02.2026 17:15	77.939	78.06	77.905	78.042	2199
25.02.2026 17:30	78.034	78.14	78.003	78.114	3852
25.02.2026 17:45	78.114	78.49	78.114	78.406	4180
25.02.2026 18:00	78.418	78.741	78.395	78.741	3125
25.02.2026 18:15	78.741	79.275	78.735	79.25	5881
25.02.2026 18:30	79.25	79.381	78.927	78.93	5983
25.02.2026 18:45	78.93	78.999	78.928	78.989	1266
25.02.2026 19:00	79.03	79.205	78.988	79.142	2197
25.02.2026 19:15	79.14	79.288	79.136	79.267	1701
25.02.2026 19:30	79.263	79.263	79.124	79.124	1378
25.02.2026 19:45	79.124	79.21	79.115	79.21	685
25.02.2026 20:00	79.21	79.26	79.196	79.251	865
25.02.2026 20:15	79.255	79.3	79.24	79.265	370
25.02.2026 20:30	79.26	79.3	79.242	79.273	496
25.02.2026 20:45	79.286	79.296	79.227	79.263	1179
25.02.2026 21:00	79.248	79.25	79.211	79.248	258
25.02.2026 21:15	79.248	79.262	79.23	79.23	365
25.02.2026 21:30	79.229	79.234	79.186	79.205	327
25.02.2026 21:45	79.204	79.225	79.2	79.2	144
25.02.2026 22:00	79.195	79.238	79.183	79.238	524
25.02.2026 22:15	79.238	79.249	79.21	79.21	109
25.02.2026 22:30	79.215	79.229	79.184	79.184	487
25.02.2026 22:45	79.186	79.227	79.182	79.227	213
25.02.2026 23:00	79.225	79.228	79.205	79.206	93
25.02.2026 23:15	79.207	79.25	79.207	79.226	222
25.02.2026 23:30	79.226	79.3	79.222	79.236	401
25.02.2026 23:45	79.248	79.275	79.233	79.268	34
26.02.2026 09:00	79.205	79.303	79.083	79.198	1094
26.02.2026 09:15	79.198	79.352	79.188	79.188	1122
26.02.2026 09:30	79.212	79.233	79.07	79.156	760
26.02.2026 09:45	79.142	79.18	79.076	79.13	428
26.02.2026 10:00	79.122	79.18	78.69	78.715	2507
26.02.2026 10:15	78.704	78.77	78.53	78.567	4113
26.02.2026 10:30	78.557	78.612	78.46	78.538	7484
26.02.2026 10:45	78.538	78.634	78.509	78.575	3389
26.02.2026 11:00	78.575	78.631	78.494	78.6	3988
26.02.2026 11:15	78.576	78.576	78.333	78.404	3363
26.02.2026 11:30	78.402	78.477	78.351	78.454	4726
26.02.2026 11:45	78.454	78.555	78.423	78.507	1639
26.02.2026 12:00	78.507	78.507	78.426	78.458	1854
26.02.2026 12:15	78.451	78.484	78.408	78.424	1439
26.02.2026 12:30	78.422	78.422	78.287	78.388	3269
26.02.2026 12:45	78.388	78.414	78.326	78.395	3920
26.02.2026 13:00	78.395	78.412	78.223	78.266	6409
26.02.2026 13:15	78.265	78.373	78.256	78.269	1855
26.02.2026 13:30	78.256	78.376	78.25	78.345	1509
26.02.2026 13:45	78.345	78.397	78.296	78.306	1719
26.02.2026 14:00	78.32	78.357	78.264	78.264	1354
26.02.2026 14:15	78.269	78.382	78.251	78.358	2475
26.02.2026 14:30	78.367	78.463	78.35	78.413	6191
26.02.2026 14:45	78.412	78.447	78.368	78.396	3398
26.02.2026 15:00	78.391	78.429	78.271	78.313	3197
26.02.2026 15:15	78.316	78.334	78.241	78.326	2922
26.02.2026 15:30	78.325	78.516	78.325	78.48	6573
26.02.2026 15:45	78.48	78.485	78.351	78.391	2259
26.02.2026 16:00	78.392	78.413	78.31	78.395	2509
26.02.2026 16:15	78.395	78.473	78.386	78.455	7851
26.02.2026 16:30	78.457	78.471	78.371	78.421	2662
26.02.2026 16:45	78.428	78.43	78.34	78.37	1127
26.02.2026 17:00	78.362	78.422	78.335	78.422	558
26.02.2026 17:15	78.422	78.46	78.261	78.27	2132
26.02.2026 17:30	78.265	78.334	78.265	78.293	1727
26.02.2026 17:45	78.295	78.326	78.281	78.281	659
26.02.2026 18:00	78.281	78.302	78.26	78.276	2548
26.02.2026 18:15	78.28	78.337	78.269	78.3	4201
26.02.2026 18:30	78.285	78.3	78.262	78.263	845
26.02.2026 18:45	78.261	78.267	78.218	78.244	552
26.02.2026 19:00	78.275	78.275	78.109	78.165	702
26.02.2026 19:15	78.15	78.233	78.14	78.21	155
26.02.2026 19:30	78.189	78.24	78.187	78.24	135
26.02.2026 19:45	78.252	78.276	78.252	78.256	62
26.02.2026 20:00	78.263	78.277	78.238	78.277	129
26.02.2026 20:15	78.268	78.291	78.243	78.276	468
26.02.2026 20:30	78.289	78.289	78.23	78.24	325
26.02.2026 20:45	78.248	78.279	78.235	78.275	145
26.02.2026 21:00	78.259	78.289	78.253	78.289	142
26.02.2026 21:15	78.277	78.32	78.261	78.32	88
26.02.2026 21:30	78.312	78.339	78.293	78.312	76
26.02.2026 21:45	78.313	78.34	78.313	78.325	146
26.02.2026 22:00	78.325	78.343	78.314	78.314	62
26.02.2026 22:15	78.314	78.405	78.314	78.355	135
26.02.2026 22:30	78.355	78.361	78.286	78.306	188
26.02.2026 22:45	78.315	78.332	78.309	78.332	29
26.02.2026 23:00	78.335	78.338	78.335	78.338	8
26.02.2026 23:15	78.338	78.345	78.333	78.333	25
26.02.2026 23:30	78.341	78.344	78.333	78.337	66
26.02.2026 23:45	78.332	78.342	78.332	78.342	24
27.02.2026 08:45	78.367	78.367	78.361	78.367	26
27.02.2026 09:00	78.367	78.464	78.367	78.463	456
27.02.2026 09:15	78.458	78.473	78.43	78.461	325
27.02.2026 09:30	78.457	78.457	78.381	78.414	264
27.02.2026 09:45	78.421	78.451	78.351	78.446	473
27.02.2026 10:00	78.422	78.592	78.364	78.53	4953
27.02.2026 10:15	78.54	78.55	78.456	78.538	9816
27.02.2026 10:30	78.544	78.58	78.501	78.55	8835
27.02.2026 10:45	78.55	78.587	78.387	78.421	8187
27.02.2026 11:00	78.421	78.443	78.3	78.339	8120
27.02.2026 11:15	78.342	78.408	78.304	78.341	7571
27.02.2026 11:30	78.341	78.434	78.3	78.415	8359
27.02.2026 11:45	78.417	78.505	78.417	78.465	9331
27.02.2026 12:00	78.468	78.636	78.457	78.636	15509
27.02.2026 12:15	78.636	78.694	78.631	78.648	22609
27.02.2026 12:30	78.65	78.703	78.493	78.64	61902
27.02.2026 12:45	78.641	78.669	78.593	78.629	12267
27.02.2026 13:00	78.628	78.769	78.616	78.763	14038
27.02.2026 13:15	78.763	78.792	78.58	78.688	5961
27.02.2026 13:30	78.688	78.704	78.501	78.53	5776
27.02.2026 13:45	78.531	78.572	78.5	78.541	3408
27.02.2026 14:00	78.528	78.65	78.512	78.635	4597
27.02.2026 14:15	78.635	78.641	78.441	78.48	4276
27.02.2026 14:30	78.48	78.532	78.406	78.406	3781
27.02.2026 14:45	78.406	78.534	78.395	78.475	4682
27.02.2026 15:00	78.475	78.566	78.418	78.553	4598
27.02.2026 15:15	78.556	78.682	78.534	78.621	8507
27.02.2026 15:30	78.621	78.629	78.545	78.552	4787
27.02.2026 15:45	78.552	78.586	78.514	78.544	4850
27.02.2026 16:00	78.549	78.573	78.499	78.524	3883
27.02.2026 16:15	78.524	78.635	78.476	78.557	3926
27.02.2026 16:30	78.557	78.626	78.532	78.591	2096
27.02.2026 16:45	78.587	78.599	78.45	78.476	1677
27.02.2026 17:00	78.476	78.476	78.206	78.264	2686
27.02.2026 17:15	78.25	78.378	78.189	78.341	5207
27.02.2026 17:30	78.342	78.364	78.21	78.334	5264
27.02.2026 17:45	78.318	78.329	78.208	78.292	3938
27.02.2026 18:00	78.299	78.299	78.155	78.165	3223
27.02.2026 18:15	78.171	78.253	78.15	78.223	869
27.02.2026 18:30	78.221	78.235	78.149	78.157	2726
27.02.2026 18:45	78.153	78.164	78.125	78.15	1093
27.02.2026 19:00	78.125	78.203	78.116	78.203	197
27.02.2026 19:15	78.189	78.275	78.185	78.268	362
27.02.2026 19:30	78.264	78.279	78.234	78.256	152
27.02.2026 19:45	78.264	78.265	78.226	78.226	319
27.02.2026 20:00	78.244	78.268	78.2	78.268	76
27.02.2026 20:15	78.269	78.296	78.262	78.281	282
27.02.2026 20:30	78.295	78.297	78.276	78.281	184
27.02.2026 20:45	78.278	78.32	78.269	78.314	220
27.02.2026 21:00	78.313	78.315	78.272	78.294	265
27.02.2026 21:15	78.293	78.295	78.274	78.288	151
27.02.2026 21:30	78.294	78.295	78.282	78.288	56
27.02.2026 21:45	78.281	78.285	78.271	78.275	45
27.02.2026 22:00	78.272	78.276	78.25	78.25	111
27.02.2026 22:15	78.265	78.27	78.252	78.252	53
27.02.2026 22:30	78.271	78.285	78.269	78.274	84
27.02.2026 22:45	78.274	78.289	78.255	78.264	172
27.02.2026 23:00	78.274	78.285	78.265	78.278	76
27.02.2026 23:15	78.281	78.295	78.281	78.284	243
27.02.2026 23:30	78.282	78.297	78.28	78.297	55
27.02.2026 23:45	78.289	78.316	78.276	78.316	52
02.03.2026 08:45	78.152	78.29	78.152	78.25	536
02.03.2026 09:00	78.3	78.35	77.932	78.065	3240
02.03.2026 09:15	78.063	78.067	77.058	77.658	26058
02.03.2026 09:30	77.651	77.84	77.59	77.835	3300
02.03.2026 09:45	77.818	77.9	77.794	77.886	2624
02.03.2026 10:00	77.895	78.055	77.7	77.761	5413
02.03.2026 10:15	77.744	78.129	77.701	78.109	9427
02.03.2026 10:30	78.128	78.444	78.127	78.43	7859
02.03.2026 10:45	78.43	78.499	78.35	78.431	7495
02.03.2026 11:00	78.435	78.786	78.401	78.761	5350
02.03.2026 11:15	78.761	78.966	78.744	78.883	17187
02.03.2026 11:30	78.885	78.95	78.849	78.886	6972
02.03.2026 11:45	78.886	78.892	78.673	78.72	11152
02.03.2026 12:00	78.722	78.756	78.61	78.695	7071
02.03.2026 12:15	78.695	78.708	78.625	78.68	5413
02.03.2026 12:30	78.675	78.69	78.61	78.653	4741
02.03.2026 12:45	78.653	78.653	78.579	78.604	4532
02.03.2026 13:00	78.614	78.721	78.57	78.571	9736
02.03.2026 13:15	78.571	78.834	78.51	78.531	9318
02.03.2026 13:30	78.534	78.704	78.53	78.694	9826
02.03.2026 13:45	78.694	78.742	78.636	78.64	6880
02.03.2026 14:00	78.64	78.704	78.53	78.539	5378
02.03.2026 14:15	78.531	78.642	78.5	78.58	9354
02.03.2026 14:30	78.581	78.616	78.414	78.457	44905
02.03.2026 14:45	78.458	78.548	78.439	78.54	54573
02.03.2026 15:00	78.541	78.6	78.494	78.562	10324
02.03.2026 15:15	78.555	78.612	78.511	78.583	3513
02.03.2026 15:30	78.574	78.678	78.555	78.631	1329
02.03.2026 15:45	78.657	78.707	78.616	78.675	1270
02.03.2026 16:00	78.685	78.759	78.648	78.736	3726
02.03.2026 16:15	78.73	78.795	78.637	78.656	1589
02.03.2026 16:30	78.658	78.827	78.623	78.807	6184
02.03.2026 16:45	78.806	78.825	78.773	78.781	1696
02.03.2026 17:00	78.78	78.85	78.732	78.737	942
02.03.2026 17:15	78.744	78.993	78.744	78.979	2513
02.03.2026 17:30	78.987	79.0	78.771	78.783	1762
02.03.2026 17:45	78.791	78.819	78.734	78.795	380
02.03.2026 18:00	78.799	78.93	78.773	78.906	2911
02.03.2026 18:15	78.911	78.919	78.794	78.827	1208
02.03.2026 18:30	78.823	78.91	78.793	78.91	624
02.03.2026 18:45	78.91	78.93	78.886	78.92	145
02.03.2026 19:00	78.885	79.0	78.885	78.996	405
02.03.2026 19:15	78.985	78.989	78.848	78.87	564
02.03.2026 19:30	78.856	78.891	78.841	78.855	471
02.03.2026 19:45	78.855	78.855	78.742	78.816	394
02.03.2026 20:00	78.791	78.809	78.773	78.781	131
02.03.2026 20:15	78.762	78.785	78.736	78.77	106
02.03.2026 20:30	78.762	78.789	78.75	78.762	83
02.03.2026 20:45	78.771	78.798	78.768	78.795	121
02.03.2026 21:00	78.787	78.833	78.785	78.833	52
02.03.2026 21:15	78.829	78.846	78.808	78.818	82
02.03.2026 21:30	78.815	78.845	78.812	78.839	101
02.03.2026 21:45	78.802	78.832	78.788	78.79	74
02.03.2026 22:00	78.794	78.794	78.686	78.7	392
02.03.2026 22:15	78.707	78.76	78.701	78.76	107
02.03.2026 22:30	78.729	78.74	78.719	78.725	42
02.03.2026 22:45	78.716	78.743	78.716	78.725	88
02.03.2026 23:00	78.709	78.709	78.641	78.703	313
02.03.2026 23:15	78.713	78.72	78.622	78.643	263
02.03.2026 23:30	78.644	78.735	78.628	78.705	110
02.03.2026 23:45	78.689	78.705	78.689	78.69	6
03.03.2026 09:00	78.701	78.833	78.6	78.801	1162
03.03.2026 09:15	78.8	78.869	78.8	78.85	550
03.03.2026 09:30	78.85	78.854	78.767	78.767	457
03.03.2026 09:45	78.763	78.784	78.728	78.762	335
03.03.2026 10:00	78.769	78.891	78.745	78.834	768
03.03.2026 10:15	78.817	78.817	78.632	78.732	4147
03.03.2026 10:30	78.732	78.987	78.704	78.939	15288
03.03.2026 10:45	78.931	78.995	78.906	78.95	6410
03.03.2026 11:00	78.957	78.969	78.868	78.887	12447
03.03.2026 11:15	78.896	78.9	78.808	78.848	5453
03.03.2026 11:30	78.847	78.85	78.821	78.849	8532
03.03.2026 11:45	78.849	78.895	78.768	78.783	14662
03.03.2026 12:00	78.783	78.8	78.675	78.68	6566
03.03.2026 12:15	78.679	78.797	78.661	78.774	5068
03.03.2026 12:30	78.776	78.8	78.706	78.769	4513
03.03.2026 12:45	78.765	78.793	78.7	78.727	8569
03.03.2026 13:00	78.727	78.731	78.635	78.688	4486
03.03.2026 13:15	78.689	78.8	78.656	78.788	6098
03.03.2026 13:30	78.789	78.919	78.789	78.842	10972
03.03.2026 13:45	78.841	78.867	78.729	78.785	7428
03.03.2026 14:00	78.786	78.818	78.688	78.737	6357
03.03.2026 14:15	78.742	78.846	78.734	78.827	6326
03.03.2026 14:30	78.827	78.873	78.756	78.834	4746
03.03.2026 14:45	78.841	78.844	78.776	78.801	4291
03.03.2026 15:00	78.8	78.845	78.734	78.737	9058
03.03.2026 15:15	78.738	78.839	78.737	78.781	8020
03.03.2026 15:30	78.804	78.829	78.735	78.767	10172
03.03.2026 15:45	78.77	78.834	78.711	78.733	9813
03.03.2026 16:00	78.733	78.8	78.726	78.774	5492
03.03.2026 16:15	78.774	78.809	78.539	78.61	8812
03.03.2026 16:30	78.61	78.675	78.558	78.566	5319
03.03.2026 16:45	78.567	78.655	78.54	78.546	6572
03.03.2026 17:00	78.546	78.635	78.503	78.509	8909
03.03.2026 17:15	78.509	78.569	78.489	78.511	12080
03.03.2026 17:30	78.514	78.64	78.495	78.614	6676
03.03.2026 17:45	78.614	78.66	78.562	78.645	6570
03.03.2026 18:00	78.648	78.788	78.644	78.781	5810
03.03.2026 18:15	78.782	78.9	78.78	78.787	3495
03.03.2026 18:30	78.793	78.829	78.738	78.778	798
03.03.2026 18:45	78.778	78.78	78.758	78.78	41
03.03.2026 19:00	78.774	78.841	78.705	78.75	474
03.03.2026 19:15	78.751	78.753	78.68	78.7	188
03.03.2026 19:30	78.7	78.717	78.693	78.697	76
03.03.2026 19:45	78.697	78.72	78.692	78.7	369
03.03.2026 20:00	78.7	78.711	78.674	78.676	350
03.03.2026 20:15	78.675	78.697	78.662	78.685	135
03.03.2026 20:30	78.687	78.72	78.678	78.706	143
03.03.2026 20:45	78.712	78.72	78.712	78.719	54
03.03.2026 21:00	78.712	78.72	78.69	78.7	57
03.03.2026 21:15	78.7	78.7	78.673	78.694	75
03.03.2026 21:30	78.685	78.7	78.621	78.64	356
03.03.2026 21:45	78.643	78.702	78.643	78.694	208
03.03.2026 22:00	78.695	78.714	78.694	78.705	41
03.03.2026 22:15	78.701	78.721	78.692	78.721	41
03.03.2026 22:30	78.724	78.765	78.699	78.765	119
03.03.2026 22:45	78.77	78.799	78.742	78.798	110
03.03.2026 23:00	78.798	78.892	78.794	78.822	1157
03.03.2026 23:15	78.816	78.845	78.815	78.822	123
03.03.2026 23:30	78.83	78.831	78.789	78.831	68
03.03.2026 23:45	78.831	78.831	78.827	78.827	18
04.03.2026 08:45	78.834	78.834	78.834	78.834	3
04.03.2026 09:00	78.832	78.864	78.771	78.84	249
04.03.2026 09:15	78.839	78.842	78.771	78.771	361
04.03.2026 09:30	78.776	78.776	78.73	78.74	613
04.03.2026 09:45	78.736	78.76	78.707	78.726	583
04.03.2026 10:00	78.732	78.795	78.5	78.611	3696
04.03.2026 10:15	78.61	78.765	78.557	78.63	4988
04.03.2026 10:30	78.627	78.694	78.58	78.618	5652
04.03.2026 10:45	78.613	78.66	78.567	78.649	5221
04.03.2026 11:00	78.648	78.746	78.614	78.717	4601
04.03.2026 11:15	78.717	78.756	78.665	78.677	6770
04.03.2026 11:30	78.681	78.752	78.662	78.701	6709
04.03.2026 11:45	78.704	79.136	78.653	79.136	8120
04.03.2026 12:00	79.13	79.891	79.13	79.532	20822
04.03.2026 12:15	79.531	79.586	79.281	79.281	13935
04.03.2026 12:30	79.281	79.33	79.153	79.168	10591
04.03.2026 12:45	79.168	79.181	78.936	79.153	12627
04.03.2026 13:00	79.16	79.302	79.069	79.211	10174
04.03.2026 13:15	79.211	79.466	79.165	79.428	6837
04.03.2026 13:30	79.443	79.449	79.239	79.281	9154
04.03.2026 13:45	79.282	79.315	79.175	79.249	9831
04.03.2026 14:00	79.249	79.41	79.249	79.341	6203
04.03.2026 14:15	79.347	79.42	79.287	79.317	10709
04.03.2026 14:30	79.318	79.45	79.294	79.352	9119
04.03.2026 14:45	79.353	79.362	79.29	79.291	6262
04.03.2026 15:00	79.291	79.358	79.241	79.268	5838
04.03.2026 15:15	79.268	79.327	79.168	79.171	5908
04.03.2026 15:30	79.173	79.224	79.119	79.136	8374
04.03.2026 15:45	79.136	79.206	79.05	79.118	9077
04.03.2026 16:00	79.119	79.164	79.058	79.142	7707
04.03.2026 16:15	79.142	79.265	79.047	79.078	8285
04.03.2026 16:30	79.087	79.125	79.02	79.056	6108
04.03.2026 16:45	79.057	79.176	79.056	79.172	6143
04.03.2026 17:00	79.173	79.224	79.138	79.213	7278
04.03.2026 17:15	79.199	79.3	79.199	79.273	5880
04.03.2026 17:30	79.275	79.285	79.197	79.202	2267
04.03.2026 17:45	79.203	79.271	79.189	79.263	983
04.03.2026 18:00	79.26	79.3	79.243	79.298	1457
04.03.2026 18:15	79.298	79.336	79.221	79.266	2222
04.03.2026 18:30	79.266	79.267	79.204	79.25	1152
04.03.2026 18:45	79.247	79.27	79.228	79.253	898
04.03.2026 19:00	79.291	79.297	79.24	79.257	414
04.03.2026 19:15	79.253	79.272	79.2	79.22	1861
04.03.2026 19:30	79.206	79.26	79.206	79.255	1910
04.03.2026 19:45	79.246	79.277	79.238	79.277	760
04.03.2026 20:00	79.28	79.343	79.28	79.33	944
04.03.2026 20:15	79.331	79.357	79.328	79.34	479
04.03.2026 20:30	79.34	79.381	79.332	79.381	167
04.03.2026 20:45	79.375	79.4	79.37	79.4	1044
04.03.2026 21:00	79.391	79.43	79.39	79.392	736
04.03.2026 21:15	79.411	79.416	79.358	79.358	587
04.03.2026 21:30	79.358	79.389	79.358	79.386	608
04.03.2026 21:45	79.379	79.396	79.362	79.374	117
04.03.2026 22:00	79.363	79.379	79.35	79.365	124
04.03.2026 22:15	79.368	79.375	79.348	79.348	666
04.03.2026 22:30	79.35	79.37	79.347	79.347	198
04.03.2026 22:45	79.359	79.37	79.34	79.34	310
04.03.2026 23:00	79.34	79.352	79.331	79.347	430
04.03.2026 23:15	79.347	79.348	79.34	79.348	177
04.03.2026 23:30	79.34	79.369	79.336	79.369	261
04.03.2026 23:45	79.371	79.371	79.333	79.339	78
05.03.2026 08:45	79.331	79.331	79.331	79.331	9
05.03.2026 09:00	79.331	79.469	79.28	79.46	1413
05.03.2026 09:15	79.461	79.526	79.393	79.457	1526
05.03.2026 09:30	79.435	79.496	79.417	79.442	585
05.03.2026 09:45	79.442	79.484	79.401	79.445	703
05.03.2026 10:00	79.459	79.475	79.22	79.27	6862
05.03.2026 10:15	79.257	79.417	79.248	79.293	2817
05.03.2026 10:30	79.29	79.398	79.248	79.319	2019
05.03.2026 10:45	79.313	79.407	79.294	79.352	5062
05.03.2026 11:00	79.347	79.537	79.324	79.527	5797
05.03.2026 11:15	79.525	79.727	79.525	79.693	11384
05.03.2026 11:30	79.698	79.843	79.651	79.762	10301
05.03.2026 11:45	79.764	79.992	79.75	79.911	13226
05.03.2026 12:00	79.916	80.042	79.771	79.884	9611
05.03.2026 12:15	79.882	79.926	79.814	79.838	5261
05.03.2026 12:30	79.838	79.9	79.808	79.852	6206
05.03.2026 12:45	79.853	79.876	79.823	79.852	7168
05.03.2026 13:00	79.856	79.906	79.737	79.737	8369
05.03.2026 13:15	79.737	79.873	79.733	79.805	8711
05.03.2026 13:30	79.805	79.94	79.763	79.865	11928
05.03.2026 13:45	79.865	79.94	79.856	79.912	7311
05.03.2026 14:00	79.92	80.011	79.879	79.945	9191
05.03.2026 14:15	79.946	80.134	79.931	80.079	13121
05.03.2026 14:30	80.08	80.214	79.911	80.038	17272
05.03.2026 14:45	80.048	80.181	80.036	80.115	15126
05.03.2026 15:00	80.114	80.149	79.981	80.111	7772
05.03.2026 15:15	80.111	80.178	80.036	80.07	8449
05.03.2026 15:30	80.063	80.096	79.991	80.033	7732
05.03.2026 15:45	80.029	80.189	80.012	80.189	6440
05.03.2026 16:00	80.186	80.223	80.093	80.102	7944
05.03.2026 16:15	80.102	80.189	80.061	80.088	9253
05.03.2026 16:30	80.087	80.135	80.06	80.104	6889
05.03.2026 16:45	80.105	80.206	80.07	80.179	6089
05.03.2026 17:00	80.179	80.192	80.001	80.137	7508
05.03.2026 17:15	80.131	80.196	80.1	80.1	5175
05.03.2026 17:30	80.1	80.136	80.056	80.056	5427
05.03.2026 17:45	80.055	80.106	80.04	80.097	6968
05.03.2026 18:00	80.097	80.31	80.061	80.2	10804
05.03.2026 18:15	80.199	80.42	80.199	80.384	4336
05.03.2026 18:30	80.384	80.453	80.328	80.436	3089
05.03.2026 18:45	80.436	80.437	80.406	80.409	604
05.03.2026 19:00	80.408	80.433	80.291	80.398	1953
05.03.2026 19:15	80.396	80.402	80.313	80.336	2164
05.03.2026 19:30	80.33	80.344	80.32	80.335	4450
05.03.2026 19:45	80.323	80.337	80.28	80.33	3094
05.03.2026 20:00	80.327	80.35	80.326	80.35	1304
05.03.2026 20:15	80.35	80.398	80.35	80.394	687
05.03.2026 20:30	80.394	80.416	80.381	80.398	998
05.03.2026 20:45	80.384	80.398	80.364	80.385	412
05.03.2026 21:00	80.385	80.417	80.383	80.408	743
05.03.2026 21:15	80.41	80.439	80.398	80.399	384
05.03.2026 21:30	80.398	80.431	80.37	80.39	389
05.03.2026 21:45	80.389	80.397	80.338	80.357	475
05.03.2026 22:00	80.359	80.395	80.359	80.37	402
05.03.2026 22:15	80.37	80.43	80.37	80.411	352
05.03.2026 22:30	80.419	80.435	80.409	80.431	499
05.03.2026 22:45	80.435	80.435	80.415	80.419	135
05.03.2026 23:00	80.42	80.43	80.41	80.415	187
05.03.2026 23:15	80.412	80.441	80.404	80.441	452
05.03.2026 23:30	80.443	80.498	80.43	80.498	1141
05.03.2026 23:45	80.478	80.491	80.438	80.467	712
06.03.2026 08:45	80.416	80.485	80.416	80.483	133
06.03.2026 09:00	80.453	80.474	80.286	80.31	2689
06.03.2026 09:15	80.302	80.392	80.295	80.389	1594
06.03.2026 09:30	80.39	80.427	80.373	80.416	1312
06.03.2026 09:45	80.416	80.5	80.402	80.465	2053
06.03.2026 10:00	80.461	80.55	80.32	80.55	4092
06.03.2026 10:15	80.551	80.611	80.453	80.508	7888
06.03.2026 10:30	80.508	80.67	80.48	80.619	8470
06.03.2026 10:45	80.618	80.633	80.389	80.461	8031
06.03.2026 11:00	80.469	80.518	80.38	80.41	11432
06.03.2026 11:15	80.407	80.521	80.32	80.468	17198
06.03.2026 11:30	80.465	80.467	80.148	80.2	17262
06.03.2026 11:45	80.2	80.319	80.142	80.188	10121
06.03.2026 12:00	80.183	80.242	80.077	80.161	9099
06.03.2026 12:15	80.162	80.337	80.155	80.225	7576
06.03.2026 12:30	80.225	80.246	80.037	80.185	12189
06.03.2026 12:45	80.185	80.247	80.166	80.225	8145
06.03.2026 13:00	80.227	80.32	80.12	80.226	9131
06.03.2026 13:15	80.227	80.343	80.223	80.284	10244
06.03.2026 13:30	80.286	80.325	80.2	80.288	12212
06.03.2026 13:45	80.282	80.3	80.137	80.197	11936
06.03.2026 14:00	80.19	80.231	80.131	80.156	7397
06.03.2026 14:15	80.158	80.168	80.003	80.104	5738
06.03.2026 14:30	80.104	80.112	80.05	80.092	6908
06.03.2026 14:45	80.08	80.189	80.055	80.135	7150
06.03.2026 15:00	80.131	80.174	80.02	80.157	4659
06.03.2026 15:15	80.159	80.247	80.129	80.224	9580
06.03.2026 15:30	80.223	80.263	80.159	80.179	19340
06.03.2026 15:45	80.179	80.199	80.085	80.127	11225
06.03.2026 16:00	80.127	80.224	80.046	80.058	18555
06.03.2026 16:15	80.058	80.061	79.95	79.97	46586
06.03.2026 16:30	79.982	80.062	79.827	80.036	54067
06.03.2026 16:45	80.035	80.176	79.97	80.041	22117
06.03.2026 17:00	80.041	80.084	79.947	79.959	31585
06.03.2026 17:15	79.958	79.986	79.913	79.971	21867
06.03.2026 17:30	79.972	80.05	79.971	79.987	12286
06.03.2026 17:45	79.988	80.031	79.85	79.9	8038
06.03.2026 18:00	79.9	79.909	79.83	79.832	7747
06.03.2026 18:15	79.832	79.871	79.637	79.641	10771
06.03.2026 18:30	79.648	79.709	79.516	79.69	9442
06.03.2026 18:45	79.69	79.695	79.553	79.56	2096
06.03.2026 19:00	79.577	79.668	79.555	79.613	1305
06.03.2026 19:15	79.607	79.65	79.541	79.563	1718
06.03.2026 19:30	79.554	79.683	79.537	79.661	1773
06.03.2026 19:45	79.658	79.671	79.629	79.653	612
06.03.2026 20:00	79.654	79.682	79.639	79.657	712
06.03.2026 20:15	79.658	79.692	79.651	79.667	775
06.03.2026 20:30	79.677	79.707	79.639	79.646	1864
06.03.2026 20:45	79.643	79.666	79.624	79.634	423
06.03.2026 21:00	79.633	79.65	79.588	79.601	1001
06.03.2026 21:15	79.607	79.624	79.58	79.617	1095
06.03.2026 21:30	79.595	79.617	79.567	79.592	637
06.03.2026 21:45	79.592	79.625	79.585	79.625	532
06.03.2026 22:00	79.625	79.65	79.625	79.632	560
06.03.2026 22:15	79.639	79.698	79.638	79.677	398
06.03.2026 22:30	79.678	79.727	79.678	79.714	616
06.03.2026 22:45	79.721	79.75	79.711	79.724	349
06.03.2026 23:00	79.713	79.768	79.678	79.678	657
06.03.2026 23:15	79.693	79.8	79.693	79.8	417
06.03.2026 23:30	79.8	79.85	79.78	79.84	1775
06.03.2026 23:45	79.83	79.84	79.801	79.804	261
09.03.2026 08:45	79.502	79.682	79.502	79.601	429
09.03.2026 09:00	79.558	79.794	79.05	79.284	11647
09.03.2026 09:15	79.283	79.283	79.08	79.156	3640
09.03.2026 09:30	79.152	79.302	79.15	79.302	1587
09.03.2026 09:45	79.301	79.328	79.138	79.209	1825
09.03.2026 10:00	79.219	79.552	79.124	79.379	4851
09.03.2026 10:15	79.377	79.411	79.154	79.34	2000
09.03.2026 10:30	79.34	79.496	79.308	79.464	1208
09.03.2026 10:45	79.464	79.555	79.399	79.435	1860
09.03.2026 11:00	79.451	79.465	79.369	79.436	960
09.03.2026 11:15	79.419	79.419	79.3	79.333	907
09.03.2026 11:30	79.323	79.324	79.05	79.072	3054
09.03.2026 11:45	79.065	79.065	78.756	78.884	9499
09.03.2026 12:00	78.871	78.959	78.686	78.878	6568
09.03.2026 12:15	78.876	78.96	78.799	78.8	3708
09.03.2026 12:30	78.808	78.986	78.8	78.929	3983
09.03.2026 12:45	78.924	79.027	78.921	78.993	2300
09.03.2026 13:00	78.971	79.025	78.906	78.938	1302
09.03.2026 13:15	78.924	78.979	78.802	78.821	2764
09.03.2026 13:30	78.81	78.839	78.8	78.824	2661
09.03.2026 13:45	78.813	78.89	78.603	78.85	3759
09.03.2026 14:00	78.835	78.996	78.787	78.962	1475
09.03.2026 14:15	78.948	79.027	78.937	79.025	1276
09.03.2026 14:30	79.025	79.134	79.025	79.078	2075
09.03.2026 14:45	79.079	79.081	78.975	79.008	887
09.03.2026 15:00	79.003	79.053	78.922	79.03	791
09.03.2026 15:15	79.03	79.115	79.019	79.08	1938
09.03.2026 15:30	79.07	79.082	78.956	78.992	909
09.03.2026 15:45	78.993	78.996	78.919	78.942	1214
09.03.2026 16:00	78.942	79.014	78.843	78.91	1786
09.03.2026 16:15	78.901	78.923	78.842	78.898	755
09.03.2026 16:30	78.892	78.97	78.866	78.95	927
09.03.2026 16:45	78.969	79.011	78.929	78.944	503
09.03.2026 17:00	78.945	79.05	78.928	79.017	1324
09.03.2026 17:15	79.008	79.028	78.95	78.993	661
09.03.2026 17:30	78.986	78.986	78.88	78.881	689
09.03.2026 17:45	78.875	78.959	78.849	78.93	971
09.03.2026 18:00	78.93	78.949	78.863	78.88	1142
09.03.2026 18:15	78.88	78.986	78.847	78.986	1249
09.03.2026 18:30	78.95	78.962	78.899	78.941	638
09.03.2026 18:45	78.941	78.954	78.922	78.922	404
09.03.2026 19:00	78.941	78.996	78.92	78.978	1017
09.03.2026 19:15	78.978	78.995	78.892	78.97	366
09.03.2026 19:30	78.956	78.956	78.866	78.89	221
09.03.2026 19:45	78.896	78.95	78.85	78.931	425
09.03.2026 20:00	78.924	78.985	78.912	78.981	258
09.03.2026 20:15	78.98	79.02	78.98	79.02	316
09.03.2026 20:30	79.02	79.045	79.013	79.015	226
09.03.2026 20:45	79.02	79.084	79.001	79.002	1093
09.03.2026 21:00	79.035	79.104	79.032	79.1	266
09.03.2026 21:15	79.081	79.107	79.06	79.089	293
09.03.2026 21:30	79.089	79.089	79.02	79.02	254
09.03.2026 21:45	79.02	79.029	78.975	78.989	372
09.03.2026 22:00	78.993	79.026	78.979	79.026	113
09.03.2026 22:15	79.03	79.036	78.951	78.951	1517
09.03.2026 22:30	78.961	79.235	78.951	79.174	2924
09.03.2026 22:45	79.185	79.248	79.167	79.226	1651
09.03.2026 23:00	79.226	79.233	79.16	79.233	660
09.03.2026 23:15	79.233	79.256	79.2	79.23	477
09.03.2026 23:30	79.245	79.384	79.232	79.276	1418
09.03.2026 23:45	79.3	79.376	79.256	79.32	204
10.03.2026 08:45	79.319	79.319	79.285	79.285	4
10.03.2026 09:00	79.259	79.29	79.112	79.164	1571
10.03.2026 09:15	79.176	79.515	79.176	79.5	2135
10.03.2026 09:30	79.5	79.523	79.456	79.495	2041
10.03.2026 09:45	79.489	79.553	79.461	79.488	1778
10.03.2026 10:00	79.49	79.677	79.38	79.54	9791
10.03.2026 10:15	79.558	79.737	79.442	79.717	12610
10.03.2026 10:30	79.713	79.802	79.278	79.647	22306
10.03.2026 10:45	79.648	79.715	79.614	79.631	28278
10.03.2026 11:00	79.635	79.665	79.534	79.561	20929
10.03.2026 11:15	79.561	79.629	79.478	79.478	16612
10.03.2026 11:30	79.49	79.546	79.421	79.424	57016
10.03.2026 11:45	79.429	79.754	79.413	79.738	65414
10.03.2026 12:00	79.739	79.778	79.645	79.672	18565
10.03.2026 12:15	79.673	79.75	79.664	79.669	21188
10.03.2026 12:30	79.669	79.699	79.468	79.489	41596
10.03.2026 12:45	79.49	79.508	79.412	79.427	78543
10.03.2026 13:00	79.426	79.627	79.393	79.59	20153
10.03.2026 13:15	79.59	79.6	79.526	79.55	14777
10.03.2026 13:30	79.55	79.705	79.549	79.632	17085
10.03.2026 13:45	79.636	79.64	79.569	79.579	7852
10.03.2026 14:00	79.596	79.6	79.555	79.587	2356
10.03.2026 14:15	79.589	79.652	79.576	79.583	8439
10.03.2026 14:30	79.585	79.704	79.572	79.7	7647
10.03.2026 14:45	79.7	79.715	79.592	79.598	15270
10.03.2026 15:00	79.596	79.675	79.545	79.56	26438
10.03.2026 15:15	79.56	79.696	79.402	79.683	66732
10.03.2026 15:30	79.686	79.8	79.58	79.79	24163
10.03.2026 15:45	79.794	79.794	79.627	79.63	55453
10.03.2026 16:00	79.63	79.72	79.572	79.665	33001
10.03.2026 16:15	79.665	79.701	79.604	79.61	14778
10.03.2026 16:30	79.611	79.702	79.528	79.538	43259
10.03.2026 16:45	79.539	79.67	79.48	79.67	62790
10.03.2026 17:00	79.67	79.715	79.541	79.541	17386
10.03.2026 17:15	79.541	79.565	79.337	79.376	33382
10.03.2026 17:30	79.365	79.526	79.363	79.486	12766
10.03.2026 17:45	79.486	79.587	79.476	79.572	10810
10.03.2026 18:00	79.563	79.624	79.4	79.4	21401
10.03.2026 18:15	79.4	79.449	79.21	79.33	32588
10.03.2026 18:30	79.328	79.536	79.31	79.536	12562
10.03.2026 18:45	79.533	79.54	79.422	79.422	2793
10.03.2026 19:00	79.49	79.572	79.47	79.502	2555
10.03.2026 19:15	79.503	79.554	79.469	79.552	1124
10.03.2026 19:30	79.552	79.586	79.527	79.54	997
10.03.2026 19:45	79.541	79.599	79.525	79.557	884
10.03.2026 20:00	79.559	79.599	79.527	79.55	995
10.03.2026 20:15	79.559	79.6	79.44	79.477	1524
10.03.2026 20:30	79.478	79.523	79.46	79.479	1318
10.03.2026 20:45	79.488	79.508	79.478	79.504	973
10.03.2026 21:00	79.495	79.547	79.478	79.514	1096
10.03.2026 21:15	79.514	79.516	79.42	79.502	1876
10.03.2026 21:30	79.503	79.534	79.47	79.494	598
10.03.2026 21:45	79.47	79.532	79.422	79.522	411
10.03.2026 22:00	79.52	79.546	79.482	79.497	310
10.03.2026 22:15	79.497	79.497	79.421	79.43	1325
10.03.2026 22:30	79.43	79.478	79.423	79.455	403
10.03.2026 22:45	79.457	79.524	79.438	79.495	331
10.03.2026 23:00	79.494	79.51	79.471	79.51	221
10.03.2026 23:15	79.495	79.502	79.47	79.47	109
10.03.2026 23:30	79.476	79.51	79.47	79.493	285
10.03.2026 23:45	79.49	79.499	79.485	79.491	156
11.03.2026 08:45	79.48	79.48	79.48	79.48	5
11.03.2026 09:00	79.47	79.734	79.461	79.729	3146
11.03.2026 09:15	79.728	79.744	79.657	79.712	2833
11.03.2026 09:30	79.707	79.756	79.666	79.754	2873
11.03.2026 09:45	79.756	79.857	79.717	79.764	4478
11.03.2026 10:00	79.768	79.813	79.305	79.391	22236
11.03.2026 10:15	79.385	79.437	79.237	79.383	15800
11.03.2026 10:30	79.383	79.495	79.351	79.427	12989
11.03.2026 10:45	79.423	79.469	79.393	79.424	13996
11.03.2026 11:00	79.429	79.508	79.4	79.508	15749
11.03.2026 11:15	79.514	79.669	79.475	79.585	12889
11.03.2026 11:30	79.604	79.699	79.594	79.659	17259
11.03.2026 11:45	79.668	79.685	79.5	79.529	15164
11.03.2026 12:00	79.535	79.564	79.388	79.517	14504
11.03.2026 12:15	79.521	79.575	79.49	79.541	10861
11.03.2026 12:30	79.545	79.615	79.49	79.597	12919
11.03.2026 12:45	79.603	79.644	79.583	79.603	14220
11.03.2026 13:00	79.605	79.622	79.537	79.54	13571
11.03.2026 13:15	79.55	79.563	79.491	79.532	12673
11.03.2026 13:30	79.532	79.699	79.5	79.533	25055
11.03.2026 13:45	79.551	79.563	79.492	79.539	15626
11.03.2026 14:00	79.546	79.619	79.53	79.604	15256
11.03.2026 14:15	79.604	79.635	79.583	79.599	15850
11.03.2026 14:30	79.597	79.633	79.575	79.625	9978
11.03.2026 14:45	79.628	79.677	79.605	79.62	12444
11.03.2026 15:00	79.62	79.64	79.578	79.579	12996
11.03.2026 15:15	79.584	79.585	79.469	79.487	12237
11.03.2026 15:30	79.486	79.511	79.426	79.444	12903
11.03.2026 15:45	79.45	79.457	79.42	79.44	19159
11.03.2026 16:00	79.444	79.457	79.29	79.302	16599
11.03.2026 16:15	79.299	79.349	79.2	79.263	20028
11.03.2026 16:30	79.266	79.364	79.251	79.324	7748
11.03.2026 16:45	79.32	79.497	79.312	79.426	8586
11.03.2026 17:00	79.425	79.464	79.37	79.45	7923
11.03.2026 17:15	79.45	79.468	79.377	79.43	8029
11.03.2026 17:30	79.431	79.456	79.373	79.408	4954
11.03.2026 17:45	79.408	79.54	79.407	79.533	6213
11.03.2026 18:00	79.533	79.582	79.461	79.516	6164
11.03.2026 18:15	79.513	79.668	79.505	79.62	10057
11.03.2026 18:30	79.62	79.733	79.565	79.691	7604
11.03.2026 18:45	79.692	79.699	79.656	79.656	1239
11.03.2026 19:00	79.68	79.714	79.61	79.637	1044
11.03.2026 19:15	79.639	79.65	79.615	79.627	1108
11.03.2026 19:30	79.63	79.65	79.61	79.628	663
11.03.2026 19:45	79.629	79.641	79.616	79.641	498
11.03.2026 20:00	79.632	79.67	79.61	79.67	1544
11.03.2026 20:15	79.671	79.683	79.649	79.661	858
11.03.2026 20:30	79.66	79.66	79.608	79.618	447
11.03.2026 20:45	79.628	79.628	79.55	79.57	1939
11.03.2026 21:00	79.573	79.625	79.558	79.58	1482
11.03.2026 21:15	79.582	79.602	79.561	79.591	1359
11.03.2026 21:30	79.591	79.61	79.584	79.603	325
11.03.2026 21:45	79.592	79.603	79.567	79.581	81
11.03.2026 22:00	79.581	79.586	79.551	79.567	606
11.03.2026 22:15	79.561	79.57	79.55	79.551	479
11.03.2026 22:30	79.556	79.604	79.547	79.589	141
11.03.2026 22:45	79.59	79.602	79.581	79.593	314
11.03.2026 23:00	79.603	79.659	79.589	79.595	544
11.03.2026 23:15	79.592	79.602	79.583	79.586	416
11.03.2026 23:30	79.586	79.627	79.58	79.58	342
11.03.2026 23:45	79.607	79.615	79.556	79.556	95
12.03.2026 08:45	79.583	79.583	79.525	79.525	66
12.03.2026 09:00	79.525	79.525	79.371	79.454	3966
12.03.2026 09:15	79.436	79.585	79.427	79.53	2364
12.03.2026 09:30	79.521	79.58	79.506	79.52	988
12.03.2026 09:45	79.521	79.547	79.501	79.537	1564
12.03.2026 10:00	79.527	79.544	79.289	79.292	19959
12.03.2026 10:15	79.306	79.533	79.286	79.48	16267
12.03.2026 10:30	79.478	79.517	79.321	79.415	17674
12.03.2026 10:45	79.413	79.467	79.386	79.409	15483
12.03.2026 11:00	79.406	79.406	79.28	79.297	17186
12.03.2026 11:15	79.296	79.416	79.268	79.411	19803
12.03.2026 11:30	79.409	79.438	79.211	79.237	33447
12.03.2026 11:45	79.24	79.301	79.233	79.265	17213
12.03.2026 12:00	79.273	79.301	79.234	79.3	17497
12.03.2026 12:15	79.3	79.334	79.281	79.303	20436
12.03.2026 12:30	79.305	79.305	79.222	79.222	16878
12.03.2026 12:45	79.224	79.268	79.14	79.171	14633
12.03.2026 13:00	79.172	79.19	79.096	79.187	15989
12.03.2026 13:15	79.188	79.259	79.171	79.217	9807
12.03.2026 13:30	79.218	79.3	79.207	79.285	15089
12.03.2026 13:45	79.288	79.355	79.274	79.296	16826
12.03.2026 14:00	79.323	79.368	79.296	79.34	10003
12.03.2026 14:15	79.343	79.36	79.264	79.279	13614
12.03.2026 14:30	79.276	79.301	79.25	79.261	13385
12.03.2026 14:45	79.265	79.553	79.256	79.463	26481
12.03.2026 15:00	79.463	79.467	79.361	79.418	21017
12.03.2026 15:15	79.418	79.508	79.383	79.5	24426
12.03.2026 15:30	79.5	79.624	79.467	79.612	16491
12.03.2026 15:45	79.614	79.69	79.59	79.639	16174
12.03.2026 16:00	79.639	79.7	79.56	79.694	12364
12.03.2026 16:15	79.693	79.849	79.671	79.77	19596
12.03.2026 16:30	79.771	79.897	79.765	79.828	15190
12.03.2026 16:45	79.828	79.891	79.77	79.853	21220
12.03.2026 17:00	79.857	80.032	79.834	79.983	21846
12.03.2026 17:15	79.989	80.09	79.967	80.065	6213
12.03.2026 17:30	80.066	80.153	80.056	80.11	6631
12.03.2026 17:45	80.109	80.199	80.051	80.125	11422
12.03.2026 18:00	80.125	80.215	79.979	80.055	8100
12.03.2026 18:15	80.056	80.138	80.031	80.082	3230
12.03.2026 18:30	80.079	80.081	80.003	80.066	4838
12.03.2026 18:45	80.063	80.068	80.006	80.05	1291
12.03.2026 19:00	80.001	80.125	80.0	80.065	1920
12.03.2026 19:15	80.065	80.065	80.009	80.039	1029
12.03.2026 19:30	80.04	80.08	80.021	80.03	961
12.03.2026 19:45	80.031	80.061	80.0	80.052	1519
12.03.2026 20:00	80.053	80.245	80.037	80.13	8169
12.03.2026 20:15	80.13	80.156	80.098	80.111	1340
12.03.2026 20:30	80.108	80.123	80.079	80.096	1317
12.03.2026 20:45	80.096	80.156	80.093	80.151	651
12.03.2026 21:00	80.153	80.177	80.116	80.148	638
12.03.2026 21:15	80.145	80.149	80.12	80.139	499
12.03.2026 21:30	80.142	80.148	80.095	80.116	448
12.03.2026 21:45	80.116	80.159	80.11	80.153	776
12.03.2026 22:00	80.152	80.227	80.121	80.138	1848
12.03.2026 22:15	80.137	80.137	80.115	80.129	504
12.03.2026 22:30	80.128	80.135	80.117	80.132	166
12.03.2026 22:45	80.133	80.135	80.107	80.11	622
12.03.2026 23:00	80.11	80.114	80.075	80.077	816
12.03.2026 23:15	80.083	80.134	80.083	80.127	196
12.03.2026 23:30	80.118	80.126	80.05	80.055	564
12.03.2026 23:45	80.069	80.087	80.031	80.077	443
13.03.2026 08:45	80.077	80.077	80.058	80.058	89
13.03.2026 09:00	80.105	80.229	80.014	80.159	6224
13.03.2026 09:15	80.159	80.273	80.159	80.219	4592
13.03.2026 09:30	80.211	80.309	80.203	80.257	3199
13.03.2026 09:45	80.258	80.354	80.166	80.315	7326
13.03.2026 10:00	80.313	80.424	80.16	80.215	21629
13.03.2026 10:15	80.22	80.413	80.119	80.142	38229
13.03.2026 10:30	80.138	80.167	80.12	80.14	17628
13.03.2026 10:45	80.142	80.296	80.121	80.24	24488
13.03.2026 11:00	80.24	80.363	80.24	80.343	25468
13.03.2026 11:15	80.349	80.436	80.276	80.424	13544
13.03.2026 11:30	80.427	80.52	80.405	80.5	19141
13.03.2026 11:45	80.501	80.52	80.376	80.432	21618
13.03.2026 12:00	80.432	80.437	80.326	80.425	27593
13.03.2026 12:15	80.427	80.45	80.382	80.395	18377
13.03.2026 12:30	80.395	80.46	80.209	80.38	29698
13.03.2026 12:45	80.38	80.477	80.375	80.471	17602
13.03.2026 13:00	80.47	80.48	80.361	80.413	13314
13.03.2026 13:15	80.414	80.55	80.41	80.472	20339
13.03.2026 13:30	80.471	80.575	80.469	80.55	30303
13.03.2026 13:45	80.55	80.584	80.525	80.525	16620
13.03.2026 14:00	80.533	80.644	80.511	80.642	15414
13.03.2026 14:15	80.645	80.651	80.537	80.55	16567
13.03.2026 14:30	80.55	80.574	80.533	80.534	10223
13.03.2026 14:45	80.533	80.593	80.442	80.57	14242
13.03.2026 15:00	80.57	80.61	80.514	80.551	12849
13.03.2026 15:15	80.552	80.709	80.547	80.556	19145
13.03.2026 15:30	80.561	80.63	80.5	80.62	18754
13.03.2026 15:45	80.62	80.783	80.609	80.75	22286
13.03.2026 16:00	80.75	80.765	80.57	80.571	16629
13.03.2026 16:15	80.572	80.586	80.484	80.544	26319
13.03.2026 16:30	80.544	80.602	80.47	80.54	23436
13.03.2026 16:45	80.541	80.652	80.515	80.596	20469
13.03.2026 17:00	80.596	80.67	80.465	80.479	12281
13.03.2026 17:15	80.479	80.649	80.4	80.567	16774
13.03.2026 17:30	80.567	80.567	80.308	80.332	11438
13.03.2026 17:45	80.325	80.421	80.293	80.415	5100
13.03.2026 18:00	80.415	80.495	80.375	80.445	3353
13.03.2026 18:15	80.442	80.553	80.436	80.516	3373
13.03.2026 18:30	80.525	80.629	80.487	80.618	3632
13.03.2026 18:45	80.613	80.628	80.595	80.595	786
13.03.2026 19:00	80.62	80.7	80.562	80.608	2073
13.03.2026 19:15	80.608	80.655	80.569	80.653	1114
13.03.2026 19:30	80.652	80.686	80.632	80.632	2230
13.03.2026 19:45	80.632	80.633	80.615	80.619	954
13.03.2026 20:00	80.62	80.738	80.61	80.722	1388
13.03.2026 20:15	80.722	80.734	80.698	80.712	1508
13.03.2026 20:30	80.712	80.715	80.621	80.648	1564
13.03.2026 20:45	80.634	80.64	80.617	80.633	491
13.03.2026 21:00	80.628	80.7	80.624	80.682	711
13.03.2026 21:15	80.682	80.731	80.682	80.727	632
13.03.2026 21:30	80.725	80.73	80.685	80.712	657
13.03.2026 21:45	80.712	80.735	80.712	80.721	535
13.03.2026 22:00	80.721	80.743	80.712	80.719	449
13.03.2026 22:15	80.719	80.728	80.706	80.712	515
13.03.2026 22:30	80.71	80.727	80.689	80.72	924
13.03.2026 22:45	80.72	80.744	80.717	80.744	1082
13.03.2026 23:00	80.744	80.748	80.72	80.731	779
13.03.2026 23:15	80.733	80.733	80.716	80.73	485
13.03.2026 23:30	80.73	80.748	80.711	80.729	753
13.03.2026 23:45	80.74	80.797	80.709	80.741	1573
16.03.2026 08:45	80.8	80.8	80.729	80.748	234
16.03.2026 09:00	80.764	80.903	80.7	80.849	7989
16.03.2026 09:15	80.85	80.86	80.8	80.816	2494
16.03.2026 09:30	80.814	80.9	80.808	80.841	5018
16.03.2026 09:45	80.84	80.841	80.652	80.653	9786
16.03.2026 10:00	80.658	80.711	80.315	80.33	25810
16.03.2026 10:15	80.33	80.835	80.32	80.801	27563
16.03.2026 10:30	80.803	80.985	80.751	80.902	24302
16.03.2026 10:45	80.903	80.988	80.901	80.912	26196
16.03.2026 11:00	80.913	80.915	80.851	80.901	22487
16.03.2026 11:15	80.902	80.915	80.79	80.884	21873
16.03.2026 11:30	80.884	80.938	80.851	80.863	25676
16.03.2026 11:45	80.863	80.872	80.782	80.851	18987
16.03.2026 12:00	80.852	80.908	80.826	80.899	25094
16.03.2026 12:15	80.9	80.958	80.893	80.938	21255
16.03.2026 12:30	80.94	81.121	80.925	81.12	25646
16.03.2026 12:45	81.121	81.14	81.01	81.061	24304
16.03.2026 13:00	81.062	81.079	80.948	81.05	20766
16.03.2026 13:15	81.055	81.093	81.034	81.06	19108
16.03.2026 13:30	81.06	81.1	81.05	81.075	21044
16.03.2026 13:45	81.076	81.134	81.066	81.124	25314
16.03.2026 14:00	81.128	81.192	81.078	81.156	18062
16.03.2026 14:15	81.159	81.168	81.02	81.032	40973
16.03.2026 14:30	81.035	81.199	81.0	81.149	19484
16.03.2026 14:45	81.152	81.303	81.152	81.28	18638
16.03.2026 15:00	81.282	81.444	81.232	81.401	26916
16.03.2026 15:15	81.401	81.45	81.3	81.371	20036
16.03.2026 15:30	81.374	81.573	81.328	81.564	20472
16.03.2026 15:45	81.566	81.631	81.522	81.549	23188
16.03.2026 16:00	81.55	81.57	81.38	81.47	22581
16.03.2026 16:15	81.473	81.531	81.414	81.432	17567
16.03.2026 16:30	81.43	81.496	81.328	81.328	17307
16.03.2026 16:45	81.328	81.374	81.2	81.289	24854
16.03.2026 17:00	81.295	81.303	81.21	81.236	26263
16.03.2026 17:15	81.233	81.353	81.158	81.172	25370
16.03.2026 17:30	81.176	81.276	81.158	81.275	24535
16.03.2026 17:45	81.275	81.336	81.268	81.336	23470
16.03.2026 18:00	81.336	81.459	81.303	81.459	19671
16.03.2026 18:15	81.459	81.536	81.443	81.513	11016
16.03.2026 18:30	81.506	81.594	81.465	81.566	11735
16.03.2026 18:45	81.566	81.587	81.539	81.568	2301
16.03.2026 19:00	81.558	81.774	81.541	81.732	13254
16.03.2026 19:15	81.732	81.817	81.668	81.809	8599
16.03.2026 19:30	81.816	81.847	81.8	81.829	7460
16.03.2026 19:45	81.829	81.899	81.828	81.859	8533
16.03.2026 20:00	81.859	81.87	81.797	81.835	8033
16.03.2026 20:15	81.834	81.968	81.798	81.961	11168
16.03.2026 20:30	81.96	81.991	81.806	81.842	6755
16.03.2026 20:45	81.834	81.872	81.765	81.8	3739
16.03.2026 21:00	81.815	81.934	81.812	81.86	4294
16.03.2026 21:15	81.86	81.862	81.802	81.823	1640
16.03.2026 21:30	81.823	81.888	81.75	81.76	2192
16.03.2026 21:45	81.761	81.784	81.671	81.747	3029
16.03.2026 22:00	81.747	81.777	81.672	81.742	1633
16.03.2026 22:15	81.734	81.788	81.712	81.777	1308
16.03.2026 22:30	81.765	81.784	81.736	81.75	683
16.03.2026 22:45	81.75	81.788	81.729	81.775	977
16.03.2026 23:00	81.779	81.818	81.763	81.818	1184
16.03.2026 23:15	81.818	81.86	81.74	81.741	2406
16.03.2026 23:30	81.741	81.758	81.711	81.732	1795
16.03.2026 23:45	81.733	81.766	81.702	81.764	476
17.03.2026 08:45	81.765	81.765	81.765	81.765	221
17.03.2026 09:00	81.765	81.838	81.7	81.797	5300
17.03.2026 09:15	81.804	81.827	81.708	81.711	3530
17.03.2026 09:30	81.708	81.719	81.561	81.625	8258
17.03.2026 09:45	81.63	81.669	81.565	81.613	4382
17.03.2026 10:00	81.604	81.885	81.555	81.659	33706
17.03.2026 10:15	81.659	81.72	81.354	81.474	44666
17.03.2026 10:30	81.474	81.531	81.44	81.527	26684
17.03.2026 10:45	81.527	81.831	81.524	81.826	34630
17.03.2026 11:00	81.83	81.844	81.68	81.801	49013
17.03.2026 11:15	81.798	81.848	81.749	81.784	56620
17.03.2026 11:30	81.788	81.998	81.769	81.977	64719
17.03.2026 11:45	81.978	82.073	81.912	81.991	51106
17.03.2026 12:00	81.998	82.156	81.981	82.12	44928
17.03.2026 12:15	82.126	82.165	82.02	82.046	42014
17.03.2026 12:30	82.048	82.071	82.005	82.045	23743
17.03.2026 12:45	82.042	82.07	81.96	82.058	55112
17.03.2026 13:00	82.06	82.129	82.024	82.087	24744
17.03.2026 13:15	82.083	82.161	82.067	82.143	23347
17.03.2026 13:30	82.143	82.161	82.075	82.1	21013
17.03.2026 13:45	82.1	82.149	82.1	82.121	14729
17.03.2026 14:00	82.121	82.203	82.119	82.197	12071
17.03.2026 14:15	82.203	82.207	82.076	82.083	22085
17.03.2026 14:30	82.076	82.133	82.017	82.023	26284
17.03.2026 14:45	82.018	82.09	81.937	82.069	24075
17.03.2026 15:00	82.065	82.097	82.05	82.058	18014
17.03.2026 15:15	82.056	82.29	82.03	82.285	24486
17.03.2026 15:30	82.29	82.381	82.267	82.367	23056
17.03.2026 15:45	82.37	82.424	82.317	82.365	22733
17.03.2026 16:00	82.365	82.44	82.27	82.397	35755
17.03.2026 16:15	82.395	82.397	82.224	82.297	42484
17.03.2026 16:30	82.298	82.464	82.291	82.421	40520
17.03.2026 16:45	82.421	82.424	82.308	82.39	28438
17.03.2026 17:00	82.39	82.451	82.366	82.45	18635
17.03.2026 17:15	82.451	82.473	82.392	82.461	20588
17.03.2026 17:30	82.461	82.537	82.434	82.456	26901
17.03.2026 17:45	82.456	82.554	82.421	82.443	26464
17.03.2026 18:00	82.443	82.575	82.358	82.57	20520
17.03.2026 18:15	82.572	82.733	82.565	82.686	25120
17.03.2026 18:30	82.686	82.71	82.567	82.695	15211
17.03.2026 18:45	82.694	82.732	82.651	82.719	4811
17.03.2026 19:00	82.725	82.754	82.654	82.698	4975
17.03.2026 19:15	82.699	82.724	82.575	82.599	5417
17.03.2026 19:30	82.599	82.72	82.595	82.613	4781
17.03.2026 19:45	82.612	82.625	82.586	82.604	3072
17.03.2026 20:00	82.603	82.644	82.594	82.622	1870
17.03.2026 20:15	82.623	82.631	82.594	82.607	1105
17.03.2026 20:30	82.6	82.625	82.557	82.617	2191
17.03.2026 20:45	82.611	82.611	82.534	82.546	2264
17.03.2026 21:00	82.547	82.566	82.506	82.527	2306
17.03.2026 21:15	82.528	82.607	82.517	82.607	1189
17.03.2026 21:30	82.605	82.621	82.598	82.621	2365
17.03.2026 21:45	82.621	82.629	82.58	82.584	1305
17.03.2026 22:00	82.58	82.587	82.55	82.569	1157
17.03.2026 22:15	82.569	82.574	82.55	82.56	1140
17.03.2026 22:30	82.57	82.577	82.552	82.564	624
17.03.2026 22:45	82.564	82.602	82.563	82.594	692
17.03.2026 23:00	82.592	82.621	82.569	82.614	1768
17.03.2026 23:15	82.614	82.623	82.611	82.611	794
17.03.2026 23:30	82.612	82.612	82.565	82.588	1731
17.03.2026 23:45	82.589	82.608	82.565	82.58	533
18.03.2026 08:45	82.698	82.698	82.659	82.666	765
18.03.2026 09:00	82.616	82.85	82.585	82.84	16603
18.03.2026 09:15	82.84	82.851	82.619	82.644	13821
18.03.2026 09:30	82.639	82.722	82.635	82.683	6230
18.03.2026 09:45	82.686	82.785	82.681	82.744	5354
18.03.2026 10:00	82.74	83.109	82.668	83.0	50274
18.03.2026 10:15	83.004	83.23	82.977	83.046	69278
18.03.2026 10:30	83.038	83.178	83.003	83.027	70900
18.03.2026 10:45	83.027	83.141	83.0	83.09	62792
18.03.2026 11:00	83.095	83.141	82.8	82.911	63008
18.03.2026 11:15	82.91	83.155	82.9	83.133	44035
18.03.2026 11:30	83.134	83.169	82.816	82.851	58375
18.03.2026 11:45	82.851	83.044	82.808	83.028	42333
18.03.2026 12:00	83.028	83.043	82.855	82.883	41022
18.03.2026 12:15	82.885	83.0	82.841	82.959	50293
18.03.2026 12:30	82.96	82.969	82.865	82.916	46574
18.03.2026 12:45	82.914	82.941	82.701	82.855	47605
18.03.2026 13:00	82.856	82.893	82.517	82.625	68572
18.03.2026 13:15	82.628	82.66	82.517	82.533	40049
18.03.2026 13:30	82.531	82.543	82.159	82.536	81234
18.03.2026 13:45	82.536	82.72	82.502	82.72	53641
18.03.2026 14:00	82.72	82.795	82.51	82.58	41849
18.03.2026 14:15	82.58	82.751	82.573	82.675	39713
18.03.2026 14:30	82.669	82.886	82.616	82.864	36225
18.03.2026 14:45	82.867	82.942	82.811	82.94	36032
18.03.2026 15:00	82.942	83.085	82.92	82.981	50655
18.03.2026 15:15	82.986	83.2	82.97	82.983	44757
18.03.2026 15:30	82.983	83.135	82.915	82.933	38771
18.03.2026 15:45	82.93	83.109	82.923	83.081	53925
18.03.2026 16:00	83.089	83.1	83.03	83.081	35847
18.03.2026 16:15	83.081	83.315	83.067	83.183	54837
18.03.2026 16:30	83.184	83.226	83.063	83.163	37094
18.03.2026 16:45	83.165	83.223	83.025	83.044	46997
18.03.2026 17:00	83.046	83.046	82.925	83.007	34650
18.03.2026 17:15	83.007	83.215	82.953	83.189	33477
18.03.2026 17:30	83.19	83.252	83.147	83.25	25624
18.03.2026 17:45	83.249	83.314	83.144	83.161	28715
18.03.2026 18:00	83.161	83.189	82.998	83.076	14645
18.03.2026 18:15	83.075	83.15	83.063	83.14	8716
18.03.2026 18:30	83.143	83.184	83.108	83.124	8690
18.03.2026 18:45	83.126	83.147	83.111	83.146	2339
18.03.2026 19:00	83.11	83.201	83.11	83.201	3192
18.03.2026 19:15	83.201	83.239	83.167	83.19	4981
18.03.2026 19:30	83.185	83.227	83.149	83.167	6145
18.03.2026 19:45	83.164	83.178	83.115	83.139	4459
18.03.2026 20:00	83.14	83.19	83.121	83.186	3278
18.03.2026 20:15	83.185	83.195	83.159	83.195	3329
18.03.2026 20:30	83.195	83.195	83.171	83.184	2880
18.03.2026 20:45	83.183	83.196	83.142	83.142	1863
18.03.2026 21:00	83.141	83.159	83.11	83.135	2427
18.03.2026 21:15	83.134	83.215	83.133	83.215	3370
18.03.2026 21:30	83.207	83.238	83.19	83.221	3095
18.03.2026 21:45	83.217	83.264	83.21	83.252	3221
18.03.2026 22:00	83.252	83.314	83.225	83.307	6081
18.03.2026 22:15	83.307	83.346	83.251	83.305	4717
18.03.2026 22:30	83.305	83.351	83.263	83.33	4925
18.03.2026 22:45	83.338	83.355	83.328	83.331	2064
18.03.2026 23:00	83.335	83.385	83.303	83.384	2996
18.03.2026 23:15	83.384	83.4	83.352	83.393	4069
18.03.2026 23:30	83.374	83.395	83.341	83.342	2832
18.03.2026 23:45	83.343	83.385	83.331	83.331	1098
19.03.2026 08:45	83.35	83.35	83.35	83.35	68
19.03.2026 09:00	83.354	83.675	83.325	83.535	27420
19.03.2026 09:15	83.534	83.697	83.49	83.589	18040
19.03.2026 09:30	83.59	83.595	83.46	83.521	12593
19.03.2026 09:45	83.534	83.556	83.358	83.371	17471
19.03.2026 10:00	83.371	83.811	83.371	83.676	67206
19.03.2026 10:15	83.677	83.693	83.21	83.439	75019
19.03.2026 10:30	83.44	83.74	83.37	83.738	53630
19.03.2026 10:45	83.738	83.989	83.659	83.945	72847
19.03.2026 11:00	83.946	84.024	83.91	83.954	65501
19.03.2026 11:15	83.954	84.09	83.94	84.046	63139
19.03.2026 11:30	84.043	84.165	83.98	84.111	59256
19.03.2026 11:45	84.114	84.48	84.089	84.235	98713
19.03.2026 12:00	84.24	84.525	84.064	84.123	127842
19.03.2026 12:15	84.126	84.195	83.71	84.024	144242
19.03.2026 12:30	84.024	84.209	83.934	84.167	68054
19.03.2026 12:45	84.168	84.199	83.856	83.881	87854
19.03.2026 13:00	83.877	83.93	83.442	83.59	118275
19.03.2026 13:15	83.59	83.789	83.542	83.689	44314
19.03.2026 13:30	83.688	83.872	83.545	83.844	41252
19.03.2026 13:45	83.843	84.362	83.818	84.037	79486
19.03.2026 14:00	84.044	84.115	83.85	83.955	25803
19.03.2026 14:15	83.953	84.006	83.72	83.899	42876
19.03.2026 14:30	83.9	83.916	83.777	83.849	26922
19.03.2026 14:45	83.848	83.89	83.702	83.817	37467
19.03.2026 15:00	83.816	83.99	83.76	83.841	44454
19.03.2026 15:15	83.843	83.875	83.308	83.354	94038
19.03.2026 15:30	83.355	83.49	83.057	83.414	111614
19.03.2026 15:45	83.418	83.498	83.253	83.402	47242
19.03.2026 16:00	83.403	83.71	83.321	83.71	36662
19.03.2026 16:15	83.71	83.818	83.554	83.818	31157
19.03.2026 16:30	83.818	83.837	83.682	83.727	31079
19.03.2026 16:45	83.732	83.766	83.504	83.734	33239
19.03.2026 17:00	83.737	83.834	83.532	83.81	24493
19.03.2026 17:15	83.808	83.818	83.653	83.72	15723
19.03.2026 17:30	83.719	83.78	83.559	83.58	18127
19.03.2026 17:45	83.58	83.669	83.451	83.561	17691
19.03.2026 18:00	83.569	83.62	83.402	83.451	23896
19.03.2026 18:15	83.453	83.458	83.224	83.404	35540
19.03.2026 18:30	83.401	83.5	83.346	83.493	20760
19.03.2026 18:45	83.493	83.524	83.449	83.494	6433
19.03.2026 19:00	83.472	83.523	83.318	83.411	15342
19.03.2026 19:15	83.406	83.504	83.4	83.46	10586
19.03.2026 19:30	83.463	83.54	83.451	83.487	5408
19.03.2026 19:45	83.486	83.538	83.46	83.47	9345
19.03.2026 20:00	83.471	83.471	83.15	83.154	18792
19.03.2026 20:15	83.155	83.296	83.102	83.201	10475
19.03.2026 20:30	83.205	83.205	82.82	82.942	31098
19.03.2026 20:45	82.942	82.953	82.75	82.797	16689
19.03.2026 21:00	82.795	83.044	82.73	83.008	17055
19.03.2026 21:15	83.009	83.023	82.901	83.02	4716
19.03.2026 21:30	83.02	83.033	82.933	82.989	4260
19.03.2026 21:45	82.99	83.001	82.814	82.832	4456
19.03.2026 22:00	82.84	82.888	82.761	82.84	6384
19.03.2026 22:15	82.842	82.94	82.8	82.927	3568
19.03.2026 22:30	82.927	82.984	82.927	82.982	1587
19.03.2026 22:45	82.982	82.988	82.865	82.887	2092
19.03.2026 23:00	82.882	82.946	82.875	82.94	1917
19.03.2026 23:15	82.946	82.998	82.926	82.96	1843
19.03.2026 23:30	82.957	83.044	82.941	83.03	3137
19.03.2026 23:45	83.03	83.097	83.0	83.067	1749
20.03.2026 08:45	83.301	83.301	83.157	83.261	1203
20.03.2026 09:00	83.301	83.388	83.054	83.249	29090
20.03.2026 09:15	83.243	83.36	83.148	83.246	12204
20.03.2026 09:30	83.244	83.32	83.15	83.2	8512
20.03.2026 09:45	83.202	83.299	83.179	83.265	7136
20.03.2026 10:00	83.264	83.333	82.447	82.489	110456
20.03.2026 10:15	82.491	82.84	82.177	82.683	119292
20.03.2026 10:30	82.688	83.249	82.628	83.149	84816
20.03.2026 10:45	83.149	83.489	83.143	83.326	104825
20.03.2026 11:00	83.331	83.48	83.149	83.422	74427
20.03.2026 11:15	83.423	83.539	83.214	83.372	93805
20.03.2026 11:30	83.372	83.402	83.17	83.232	73447
20.03.2026 11:45	83.232	83.422	83.212	83.376	51791
20.03.2026 12:00	83.376	83.398	83.136	83.269	39374
20.03.2026 12:15	83.269	83.386	83.25	83.36	36162
20.03.2026 12:30	83.362	83.428	83.06	83.184	47905
20.03.2026 12:45	83.187	83.192	82.9	83.082	70603
20.03.2026 13:00	83.088	83.147	82.89	82.905	38393
20.03.2026 13:15	82.908	83.22	82.8	83.218	46095
20.03.2026 13:30	83.218	83.349	82.959	83.217	62469
20.03.2026 13:45	83.217	83.49	83.17	83.422	62138
20.03.2026 14:00	83.421	83.44	83.3	83.389	25679
20.03.2026 14:15	83.386	83.74	83.322	83.452	92909
20.03.2026 14:30	83.452	83.629	83.26	83.571	50830
20.03.2026 14:45	83.573	83.79	83.563	83.787	65115
20.03.2026 15:00	83.785	83.9	83.63	83.89	61871
20.03.2026 15:15	83.889	83.97	83.727	83.862	71406
20.03.2026 15:30	83.862	84.0	83.86	83.902	37754
20.03.2026 15:45	83.902	83.932	83.65	83.725	48790
20.03.2026 16:00	83.724	83.744	83.524	83.58	54941
20.03.2026 16:15	83.585	83.59	83.316	83.406	59571
20.03.2026 16:30	83.405	83.456	83.15	83.15	45003
20.03.2026 16:45	83.15	83.166	82.843	82.935	70049
20.03.2026 17:00	82.942	83.092	82.739	83.024	62260
20.03.2026 17:15	83.024	83.12	82.759	82.779	53479
20.03.2026 17:30	82.779	82.879	82.604	82.688	47661
20.03.2026 17:45	82.683	82.938	82.617	82.938	42679
20.03.2026 18:00	82.938	82.979	82.815	82.928	37145
20.03.2026 18:15	82.928	83.05	82.833	82.964	27311
20.03.2026 18:30	82.955	82.991	82.865	82.906	28621
23.03.2026 08:45	83.001	83.001	83.001	83.001	187
23.03.2026 09:00	83.002	83.048	82.336	82.645	40177
23.03.2026 09:15	82.645	82.779	82.585	82.735	17991
23.03.2026 09:30	82.731	82.819	82.632	82.806	16318
23.03.2026 09:45	82.81	83.007	82.78	82.939	18838
23.03.2026 10:00	82.94	83.443	82.762	83.326	90058
23.03.2026 10:15	83.329	83.483	83.218	83.35	66404
23.03.2026 10:30	83.349	83.391	83.022	83.117	73411
23.03.2026 10:45	83.117	83.139	82.7	82.711	75126
23.03.2026 11:00	82.711	82.714	82.234	82.255	94079
23.03.2026 11:15	82.257	82.345	82.062	82.27	95164
23.03.2026 11:30	82.263	82.38	82.168	82.305	59425
23.03.2026 11:45	82.304	82.38	82.13	82.294	87110
23.03.2026 12:00	82.289	82.3	82.207	82.274	44960
23.03.2026 12:15	82.274	82.3	82.233	82.28	69861
23.03.2026 12:30	82.277	82.3	82.158	82.298	67661
23.03.2026 12:45	82.298	82.3	82.257	82.285	55680
23.03.2026 13:00	82.283	82.424	82.26	82.369	54855
23.03.2026 13:15	82.371	82.412	82.184	82.319	50207
23.03.2026 13:30	82.321	82.487	82.205	82.421	42802
23.03.2026 13:45	82.422	82.493	82.365	82.374	35991
23.03.2026 14:00	82.374	82.584	82.164	82.576	64479
23.03.2026 14:15	82.576	82.658	82.469	82.508	62462
23.03.2026 14:30	82.508	82.527	82.327	82.527	37235
23.03.2026 14:45	82.523	82.609	82.485	82.561	31691
23.03.2026 15:00	82.56	82.599	82.456	82.535	36236
23.03.2026 15:15	82.535	82.568	82.372	82.482	34046
23.03.2026 15:30	82.478	82.698	82.436	82.687	38386
23.03.2026 15:45	82.686	82.758	82.469	82.67	41248
23.03.2026 16:00	82.673	82.689	82.44	82.465	29844
23.03.2026 16:15	82.465	82.56	82.427	82.537	17106
23.03.2026 16:30	82.537	82.575	82.4	82.44	21503
23.03.2026 16:45	82.441	82.495	82.422	82.491	46216
23.03.2026 17:00	82.489	82.496	82.315	82.362	68523
23.03.2026 17:15	82.364	82.368	82.165	82.184	63609
23.03.2026 17:30	82.183	82.329	82.102	82.229	64060
23.03.2026 17:45	82.232	82.344	82.2	82.305	37068
23.03.2026 18:00	82.305	82.346	82.168	82.332	24420
23.03.2026 18:15	82.33	82.468	82.312	82.46	13010
23.03.2026 18:30	82.461	82.57	82.322	82.33	22318
23.03.2026 18:45	82.33	82.432	82.299	82.4	6872
23.03.2026 19:00	82.397	82.486	82.376	82.424	5427
23.03.2026 19:15	82.424	82.467	82.391	82.4	2067
23.03.2026 19:30	82.403	82.406	82.336	82.388	3171
23.03.2026 19:45	82.388	82.388	82.257	82.27	4552
23.03.2026 20:00	82.269	82.297	82.237	82.253	4389
23.03.2026 20:15	82.25	82.328	82.238	82.32	3287
23.03.2026 20:30	82.317	82.319	82.186	82.195	4054
23.03.2026 20:45	82.195	82.2	82.077	82.116	8454
23.03.2026 21:00	82.117	82.205	82.116	82.195	3457
23.03.2026 21:15	82.195	82.196	81.706	81.712	46695
23.03.2026 21:30	81.712	81.925	81.624	81.668	27336
23.03.2026 21:45	81.67	81.772	81.666	81.733	12777
23.03.2026 22:00	81.734	81.734	81.433	81.446	24426
23.03.2026 22:15	81.447	81.5	81.389	81.486	13809
23.03.2026 22:30	81.481	81.484	81.371	81.385	8609
23.03.2026 22:45	81.385	81.392	81.321	81.376	8771
23.03.2026 23:00	81.378	81.497	81.377	81.475	7180
23.03.2026 23:15	81.475	81.49	81.437	81.47	3691
23.03.2026 23:30	81.469	81.489	81.401	81.45	3726
23.03.2026 23:45	81.451	81.453	81.4	81.4	1535
24.03.2026 08:45	81.4	81.4	81.4	81.4	93
24.03.2026 09:00	81.45	81.6	81.232	81.423	31117
24.03.2026 09:15	81.414	81.442	81.221	81.311	19883
24.03.2026 09:30	81.313	81.398	81.018	81.064	30618
24.03.2026 09:45	81.064	81.127	80.899	81.109	48672
24.03.2026 10:00	81.11	81.246	80.826	81.17	84496
24.03.2026 10:15	81.17	81.377	81.17	81.311	53744
24.03.2026 10:30	81.31	81.474	81.15	81.416	46968
24.03.2026 10:45	81.418	81.499	81.385	81.486	29648
24.03.2026 11:00	81.482	81.492	81.322	81.34	33931
24.03.2026 11:15	81.344	81.399	81.258	81.278	27883
24.03.2026 11:30	81.28	81.35	81.22	81.341	50701
24.03.2026 11:45	81.343	81.344	81.128	81.225	15566
24.03.2026 12:00	81.227	81.239	80.642	80.649	99643
24.03.2026 12:15	80.647	80.739	80.584	80.684	75104
24.03.2026 12:30	80.684	80.716	80.625	80.7	35582
24.03.2026 12:45	80.7	80.725	80.27	80.335	73666
24.03.2026 13:00	80.334	80.338	80.156	80.234	62283
24.03.2026 13:15	80.234	80.451	80.162	80.445	55508
24.03.2026 13:30	80.444	80.563	80.424	80.46	43610
24.03.2026 13:45	80.46	80.505	80.354	80.356	40370
24.03.2026 14:00	80.363	80.543	80.337	80.495	21220
24.03.2026 14:15	80.497	80.712	80.495	80.646	34285
24.03.2026 14:30	80.645	80.698	80.561	80.651	21796
24.03.2026 14:45	80.655	80.779	80.605	80.74	21426
24.03.2026 15:00	80.741	80.744	80.591	80.607	13184
24.03.2026 15:15	80.605	80.673	80.512	80.528	24326
24.03.2026 15:30	80.528	80.538	80.41	80.498	19485
24.03.2026 15:45	80.496	80.505	80.313	80.448	19969
24.03.2026 16:00	80.447	80.622	80.432	80.435	28520
24.03.2026 16:15	80.442	80.662	80.43	80.619	13504
24.03.2026 16:30	80.615	80.744	80.423	80.643	39942
24.03.2026 16:45	80.644	80.686	80.473	80.521	13254
24.03.2026 17:00	80.522	80.568	80.43	80.521	11131
24.03.2026 17:15	80.522	80.527	80.442	80.493	31864
24.03.2026 17:30	80.493	80.518	80.127	80.13	33228
24.03.2026 17:45	80.132	80.244	80.125	80.163	21876
24.03.2026 18:00	80.162	80.224	80.13	80.183	14491
24.03.2026 18:15	80.183	80.288	80.153	80.264	14181
24.03.2026 18:30	80.261	80.276	80.15	80.165	6605
24.03.2026 18:45	80.165	80.198	80.088	80.146	8386
24.03.2026 19:00	80.146	80.385	80.145	80.338	7925
24.03.2026 19:15	80.343	80.348	80.218	80.235	4298
24.03.2026 19:30	80.235	80.263	80.21	80.225	1510
24.03.2026 19:45	80.224	80.252	80.22	80.221	995
24.03.2026 20:00	80.221	80.319	80.179	80.271	3613
24.03.2026 20:15	80.271	80.286	80.226	80.279	1196
24.03.2026 20:30	80.279	80.332	80.234	80.308	2201
24.03.2026 20:45	80.306	80.309	80.196	80.28	2680
24.03.2026 21:00	80.28	80.291	80.206	80.215	1261
24.03.2026 21:15	80.215	80.235	80.2	80.212	847
24.03.2026 21:30	80.212	80.25	80.163	80.239	1685
24.03.2026 21:45	80.245	80.268	80.233	80.26	1309
24.03.2026 22:00	80.267	80.314	80.267	80.309	1358
24.03.2026 22:15	80.309	80.367	80.309	80.367	1744
24.03.2026 22:30	80.367	80.385	80.317	80.341	3331
24.03.2026 22:45	80.34	80.404	80.329	80.402	2005
24.03.2026 23:00	80.402	80.404	80.344	80.349	1021
24.03.2026 23:15	80.348	80.35	80.233	80.348	5027
24.03.2026 23:30	80.348	80.369	80.255	80.335	4296
24.03.2026 23:45	80.328	80.4	80.328	80.361	860
25.03.2026 08:45	80.385	80.385	80.385	80.385	34
25.03.2026 09:00	80.385	80.5	80.244	80.37	16901
25.03.2026 09:15	80.37	80.49	80.311	80.437	11131
25.03.2026 09:30	80.433	80.519	80.374	80.419	9075
25.03.2026 09:45	80.42	80.514	80.328	80.466	13265
25.03.2026 10:00	80.473	80.759	80.217	80.729	69359
25.03.2026 10:15	80.731	80.885	80.575	80.62	52222
25.03.2026 10:30	80.626	80.816	80.622	80.71	23825
25.03.2026 10:45	80.709	80.818	80.483	80.817	36245
25.03.2026 11:00	80.814	80.853	80.645	80.711	32735
25.03.2026 11:15	80.711	80.724	80.666	80.724	18738
25.03.2026 11:30	80.724	80.75	80.51	80.587	33108
25.03.2026 11:45	80.589	80.668	80.512	80.63	19504
25.03.2026 12:00	80.63	80.7	80.4	80.613	24794
25.03.2026 12:15	80.615	80.796	80.575	80.762	23540
25.03.2026 12:30	80.768	80.87	80.622	80.678	32620
25.03.2026 12:45	80.679	80.8	80.673	80.758	18880
25.03.2026 13:00	80.753	80.837	80.69	80.729	22642
25.03.2026 13:15	80.73	80.761	80.642	80.715	16739
25.03.2026 13:30	80.715	80.83	80.678	80.789	25979
25.03.2026 13:45	80.788	80.831	80.71	80.751	19402
25.03.2026 14:00	80.752	80.754	80.636	80.706	15446
25.03.2026 14:15	80.706	80.733	80.606	80.606	15216
25.03.2026 14:30	80.607	80.618	80.527	80.601	18003
25.03.2026 14:45	80.599	80.642	80.574	80.587	12353
25.03.2026 15:00	80.582	80.682	80.572	80.668	15018
25.03.2026 15:15	80.668	80.758	80.651	80.683	17514
25.03.2026 15:30	80.683	80.796	80.663	80.768	15415
25.03.2026 15:45	80.766	80.96	80.747	80.892	33331
25.03.2026 16:00	80.893	80.996	80.825	80.982	32900
25.03.2026 16:15	80.982	81.049	80.93	80.976	21281
25.03.2026 16:30	80.976	80.995	80.864	80.899	19491
25.03.2026 16:45	80.9	80.958	80.821	80.945	14533
25.03.2026 17:00	80.945	81.014	80.892	81.005	14440
25.03.2026 17:15	81.004	81.07	80.92	81.005	21265
25.03.2026 17:30	81.005	81.16	81.005	81.13	27196
25.03.2026 17:45	81.13	81.159	81.05	81.14	20485
25.03.2026 18:00	81.139	81.362	81.115	81.357	35680
25.03.2026 18:15	81.354	81.432	81.229	81.273	32944
25.03.2026 18:30	81.272	81.389	81.195	81.352	12567
25.03.2026 18:45	81.354	81.457	81.301	81.428	18923
25.03.2026 19:00	81.427	81.57	81.355	81.477	21248
25.03.2026 19:15	81.478	81.559	81.412	81.525	6760
25.03.2026 19:30	81.523	81.689	81.484	81.599	15694
25.03.2026 19:45	81.599	81.622	81.428	81.437	9876
25.03.2026 20:00	81.437	81.599	81.433	81.517	7997
25.03.2026 20:15	81.517	81.576	81.462	81.524	4046
25.03.2026 20:30	81.527	81.53	81.466	81.469	1738
25.03.2026 20:45	81.468	81.489	81.353	81.434	5951
25.03.2026 21:00	81.438	81.54	81.423	81.5	4077
25.03.2026 21:15	81.5	81.576	81.454	81.475	3954
25.03.2026 21:30	81.476	81.528	81.46	81.473	1207
25.03.2026 21:45	81.473	81.475	81.353	81.364	5950
25.03.2026 22:00	81.359	81.476	81.307	81.377	6861
25.03.2026 22:15	81.382	81.465	81.371	81.408	2348
25.03.2026 22:30	81.401	81.422	81.371	81.386	913
25.03.2026 22:45	81.393	81.453	81.368	81.376	2025
25.03.2026 23:00	81.376	81.404	81.351	81.368	1761
25.03.2026 23:15	81.368	81.48	81.368	81.416	2511
25.03.2026 23:30	81.411	81.439	81.372	81.403	2449
25.03.2026 23:45	81.399	81.419	81.352	81.373	1310
26.03.2026 08:45	81.415	81.48	81.415	81.48	32
26.03.2026 09:00	81.48	81.674	81.415	81.493	25371
26.03.2026 09:15	81.494	81.573	81.479	81.572	5358
26.03.2026 09:30	81.567	81.61	81.507	81.594	3304
26.03.2026 09:45	81.586	81.719	81.566	81.598	11223
26.03.2026 10:00	81.6	82.361	81.6	82.167	111741
26.03.2026 10:15	82.168	82.378	82.075	82.108	61457
26.03.2026 10:30	82.109	82.178	81.82	81.88	69483
26.03.2026 10:45	81.879	82.119	81.824	82.029	40163
26.03.2026 11:00	82.022	82.171	81.971	82.025	28020
26.03.2026 11:15	82.027	82.092	81.751	81.78	46786
26.03.2026 11:30	81.783	81.929	81.659	81.898	73647
26.03.2026 11:45	81.897	82.054	81.868	81.973	27012
26.03.2026 12:00	81.975	82.05	81.911	81.988	22857
26.03.2026 12:15	81.981	82.004	81.801	81.826	31084
26.03.2026 12:30	81.825	81.872	81.672	81.746	42445
26.03.2026 12:45	81.746	81.747	81.406	81.45	79020
26.03.2026 13:00	81.449	81.594	81.336	81.561	94350
26.03.2026 13:15	81.563	81.811	81.551	81.754	35142
26.03.2026 13:30	81.754	81.845	81.655	81.81	28875
26.03.2026 13:45	81.81	81.899	81.757	81.826	26187
26.03.2026 14:00	81.824	81.827	81.678	81.783	46571
26.03.2026 14:15	81.78	81.843	81.616	81.719	59695
26.03.2026 14:30	81.719	81.869	81.672	81.83	93861
26.03.2026 14:45	81.826	82.177	81.762	82.128	93598
26.03.2026 15:00	82.128	82.244	82.084	82.201	48135
26.03.2026 15:15	82.202	82.323	82.157	82.164	42184
26.03.2026 15:30	82.165	82.184	82.086	82.143	25323
26.03.2026 15:45	82.143	82.17	81.733	81.832	90232
26.03.2026 16:00	81.832	81.84	81.53	81.575	114011
26.03.2026 16:15	81.575	81.818	81.534	81.696	73873
26.03.2026 16:30	81.698	81.741	81.22	81.394	80687
26.03.2026 16:45	81.394	81.46	81.1	81.144	68199
26.03.2026 17:00	81.141	81.322	80.928	81.312	56734
26.03.2026 17:15	81.313	81.331	81.191	81.227	44692
26.03.2026 17:30	81.225	81.242	81.007	81.039	46763
26.03.2026 17:45	81.04	81.11	80.722	80.73	67850
26.03.2026 18:00	80.732	80.841	80.617	80.82	49669
26.03.2026 18:15	80.822	80.915	80.817	80.84	22144
26.03.2026 18:30	80.838	80.858	80.631	80.827	26169
26.03.2026 18:45	80.825	80.859	80.63	80.648	11740
26.03.2026 19:00	80.639	80.825	80.632	80.773	11652
26.03.2026 19:15	80.779	80.943	80.774	80.864	7875
26.03.2026 19:30	80.86	80.9	80.801	80.849	4385
26.03.2026 19:45	80.846	80.926	80.83	80.876	4079
26.03.2026 20:00	80.875	80.875	80.752	80.843	4897
26.03.2026 20:15	80.836	80.908	80.771	80.805	4069
26.03.2026 20:30	80.806	80.806	80.65	80.745	5440
26.03.2026 20:45	80.745	80.794	80.675	80.742	4096
26.03.2026 21:00	80.743	80.763	80.705	80.72	1699
26.03.2026 21:15	80.721	80.738	80.701	80.723	1388
26.03.2026 21:30	80.725	80.831	80.725	80.797	2584
26.03.2026 21:45	80.796	80.816	80.758	80.788	1222
26.03.2026 22:00	80.784	80.784	80.717	80.756	1625
26.03.2026 22:15	80.759	80.811	80.75	80.796	2074
26.03.2026 22:30	80.798	80.855	80.783	80.821	1284
26.03.2026 22:45	80.82	80.853	80.803	80.849	997
26.03.2026 23:00	80.852	80.887	80.673	80.741	4486
26.03.2026 23:15	80.739	80.827	80.694	80.796	2204
26.03.2026 23:30	80.798	80.85	80.774	80.782	2353
26.03.2026 23:45	80.782	80.891	80.782	80.88	1553
27.03.2026 08:45	80.888	80.888	80.888	80.888	38
27.03.2026 09:00	80.88	80.89	80.521	80.754	17021
27.03.2026 09:15	80.754	80.756	80.571	80.634	9319
27.03.2026 09:30	80.633	80.668	80.537	80.587	8210
27.03.2026 09:45	80.589	80.659	80.56	80.581	7638
27.03.2026 10:00	80.58	81.296	80.419	81.15	81768
27.03.2026 10:15	81.149	81.173	80.907	81.005	26001
27.03.2026 10:30	81.014	81.135	80.958	80.972	19630
27.03.2026 10:45	80.969	81.072	80.891	80.894	24094
27.03.2026 11:00	80.896	80.9	80.568	80.639	42268
27.03.2026 11:15	80.632	80.73	80.466	80.497	31596
27.03.2026 11:30	80.497	80.686	80.488	80.639	16142
27.03.2026 11:45	80.638	80.729	80.523	80.554	14633
27.03.2026 12:00	80.557	80.975	80.484	80.896	40332
27.03.2026 12:15	80.899	81.243	80.899	81.105	41246
27.03.2026 12:30	81.108	81.369	81.031	81.243	39246
27.03.2026 12:45	81.243	81.377	81.208	81.377	16744
27.03.2026 13:00	81.377	81.526	81.354	81.394	31604
27.03.2026 13:15	81.397	81.472	81.256	81.264	18861
27.03.2026 13:30	81.268	81.345	81.222	81.245	13645
27.03.2026 13:45	81.249	81.39	81.182	81.376	15473
27.03.2026 14:00	81.375	81.454	81.106	81.291	18831
27.03.2026 14:15	81.295	81.433	81.206	81.332	17103
27.03.2026 14:30	81.337	81.382	81.306	81.343	6423
27.03.2026 14:45	81.347	81.363	81.18	81.281	8453
27.03.2026 15:00	81.283	81.33	81.051	81.127	26552
27.03.2026 15:15	81.13	81.184	81.029	81.079	21909
27.03.2026 15:30	81.083	81.195	81.006	81.182	16675
27.03.2026 15:45	81.182	81.293	81.131	81.271	29829
27.03.2026 16:00	81.27	81.286	81.135	81.148	13801
27.03.2026 16:15	81.149	81.233	81.05	81.184	31206
27.03.2026 16:30	81.184	81.429	81.173	81.351	47970
27.03.2026 16:45	81.348	81.567	81.29	81.503	89345
27.03.2026 17:00	81.498	81.636	81.451	81.506	75354
27.03.2026 17:15	81.506	81.577	81.41	81.443	17558
27.03.2026 17:30	81.449	81.53	81.368	81.478	10832
27.03.2026 17:45	81.478	81.723	81.454	81.651	32227
27.03.2026 18:00	81.652	81.88	81.597	81.691	45826
27.03.2026 18:15	81.691	81.948	81.58	81.929	61624
27.03.2026 18:30	81.933	81.946	81.73	81.77	23746
27.03.2026 18:45	81.767	81.965	81.76	81.915	15108
27.03.2026 19:00	81.915	81.929	81.764	81.765	8503
27.03.2026 19:15	81.765	81.799	81.684	81.719	7781
27.03.2026 19:30	81.718	81.79	81.67	81.727	5121
27.03.2026 19:45	81.722	81.74	81.67	81.674	1915
27.03.2026 20:00	81.676	81.708	81.627	81.627	3846
27.03.2026 20:15	81.629	81.686	81.625	81.629	4128
27.03.2026 20:30	81.63	81.687	81.626	81.66	1454
27.03.2026 20:45	81.665	81.699	81.636	81.665	1968
27.03.2026 21:00	81.663	81.757	81.65	81.735	3352
27.03.2026 21:15	81.736	81.82	81.718	81.82	2843
27.03.2026 21:30	81.82	81.848	81.74	81.746	2634
27.03.2026 21:45	81.744	81.776	81.732	81.741	1153
27.03.2026 22:00	81.737	81.839	81.728	81.785	1880
27.03.2026 22:15	81.791	81.799	81.755	81.767	1227
27.03.2026 22:30	81.77	81.772	81.729	81.752	1715
27.03.2026 22:45	81.745	81.822	81.744	81.783	2665
27.03.2026 23:00	81.782	81.797	81.747	81.788	1888
27.03.2026 23:15	81.788	81.83	81.751	81.751	2211
27.03.2026 23:30	81.763	81.776	81.735	81.741	2539
27.03.2026 23:45	81.741	81.786	81.732	81.732	1569
30.03.2026 08:45	81.676	81.676	81.676	81.676	147
30.03.2026 09:00	81.676	81.977	81.531	81.864	28415
30.03.2026 09:15	81.874	81.97	81.851	81.9	9383
30.03.2026 09:30	81.9	82.039	81.886	81.918	15681
30.03.2026 09:45	81.918	82.017	81.888	81.953	8376
30.03.2026 10:00	81.956	82.097	81.511	81.512	59758
30.03.2026 10:15	81.512	81.667	81.389	81.581	29639
30.03.2026 10:30	81.578	81.721	81.562	81.68	15823
30.03.2026 10:45	81.68	81.778	81.586	81.638	19665
30.03.2026 11:00	81.641	81.838	81.629	81.727	15313
30.03.2026 11:15	81.728	81.792	81.65	81.691	15410
30.03.2026 11:30	81.694	81.728	81.591	81.623	11603
30.03.2026 11:45	81.627	81.659	81.47	81.616	25233
30.03.2026 12:00	81.616	81.622	81.332	81.373	40779
30.03.2026 12:15	81.372	81.466	81.254	81.362	29060
30.03.2026 12:30	81.361	81.416	81.304	81.391	25128
30.03.2026 12:45	81.39	81.564	81.367	81.504	24495
30.03.2026 13:00	81.504	81.511	81.307	81.406	28515
30.03.2026 13:15	81.402	81.408	81.157	81.257	48868
30.03.2026 13:30	81.253	81.447	81.205	81.377	37635
30.03.2026 13:45	81.374	81.424	81.318	81.354	15219
30.03.2026 14:00	81.352	81.399	81.281	81.379	20295
30.03.2026 14:15	81.38	81.535	81.359	81.533	29446
30.03.2026 14:30	81.533	81.658	81.515	81.614	34959
30.03.2026 14:45	81.614	81.694	81.565	81.69	36466
30.03.2026 15:00	81.69	81.95	81.69	81.946	40238
30.03.2026 15:15	81.947	81.955	81.805	81.899	33440
30.03.2026 15:30	81.9	81.911	81.752	81.803	22148
30.03.2026 15:45	81.804	81.919	81.778	81.866	14725
30.03.2026 16:00	81.863	81.871	81.622	81.663	26917
30.03.2026 16:15	81.662	81.753	81.631	81.749	13398
30.03.2026 16:30	81.75	81.819	81.746	81.813	10303
30.03.2026 16:45	81.813	81.911	81.751	81.899	20089
30.03.2026 17:00	81.896	82.168	81.86	82.053	57828
30.03.2026 17:15	82.052	82.419	82.034	82.221	58560
30.03.2026 17:30	82.222	82.284	82.104	82.142	21585
30.03.2026 17:45	82.147	82.328	82.141	82.208	18452
30.03.2026 18:00	82.21	82.375	82.13	82.191	26383
30.03.2026 18:15	82.192	82.247	82.127	82.215	11610
30.03.2026 18:30	82.214	82.268	82.162	82.208	6344
30.03.2026 18:45	82.21	82.249	82.123	82.131	5694
30.03.2026 19:00	82.129	82.175	81.827	81.901	31173
30.03.2026 19:15	81.901	82.018	81.853	81.881	9144
30.03.2026 19:30	81.888	81.964	81.87	81.885	3743
30.03.2026 19:45	81.879	81.889	81.752	81.761	7703
30.03.2026 20:00	81.768	81.797	81.65	81.703	12281
30.03.2026 20:15	81.706	81.75	81.573	81.732	12181
30.03.2026 20:30	81.733	81.819	81.711	81.777	5109
30.03.2026 20:45	81.782	81.796	81.713	81.73	1651
30.03.2026 21:00	81.73	81.809	81.728	81.79	1650
30.03.2026 21:15	81.797	81.861	81.752	81.77	2310
30.03.2026 21:30	81.76	81.795	81.725	81.781	1088
30.03.2026 21:45	81.774	81.846	81.766	81.826	2580
30.03.2026 22:00	81.826	81.874	81.813	81.835	2698
30.03.2026 22:15	81.814	81.817	81.781	81.798	632
30.03.2026 22:30	81.8	81.865	81.777	81.812	1737
30.03.2026 22:45	81.81	81.844	81.807	81.822	811
30.03.2026 23:00	81.822	81.837	81.762	81.768	1383
30.03.2026 23:15	81.77	81.789	81.75	81.751	1555
30.03.2026 23:30	81.763	81.805	81.755	81.786	1216
30.03.2026 23:45	81.782	81.811	81.756	81.773	772
31.03.2026 08:45	81.74	81.74	81.74	81.74	45
31.03.2026 09:00	81.79	81.898	81.726	81.824	8817
31.03.2026 09:15	81.825	81.949	81.792	81.912	5638
31.03.2026 09:30	81.915	81.938	81.722	81.821	7954
31.03.2026 09:45	81.813	81.813	81.68	81.712	6876
31.03.2026 10:00	81.715	82.055	81.64	81.901	40847
31.03.2026 10:15	81.902	82.033	81.812	81.864	21172
31.03.2026 10:30	81.868	82.021	81.862	81.999	27799
31.03.2026 10:45	82.0	82.11	81.893	81.955	41142
31.03.2026 11:00	81.956	81.968	81.769	81.784	21933
31.03.2026 11:15	81.785	81.87	81.712	81.802	19584
31.03.2026 11:30	81.805	81.841	81.651	81.664	36259
31.03.2026 11:45	81.664	81.793	81.577	81.766	36975
31.03.2026 12:00	81.767	81.887	81.723	81.88	32524
31.03.2026 12:15	81.88	81.987	81.849	81.968	44699
31.03.2026 12:30	81.971	82.035	81.844	81.845	41008
31.03.2026 12:45	81.846	81.933	81.833	81.866	40201
31.03.2026 13:00	81.868	82.142	81.842	82.121	57775
31.03.2026 13:15	82.121	82.225	82.12	82.172	32070
31.03.2026 13:30	82.174	82.25	82.127	82.186	16717
31.03.2026 13:45	82.189	82.215	82.12	82.156	12295
31.03.2026 14:00	82.157	82.209	82.079	82.099	20348
31.03.2026 14:15	82.099	82.107	82.017	82.046	17390
31.03.2026 14:30	82.047	82.19	81.971	82.117	43737
31.03.2026 14:45	82.115	82.519	82.107	82.46	63017
31.03.2026 15:00	82.462	82.793	82.455	82.757	86780
31.03.2026 15:15	82.758	82.768	82.394	82.414	40114
31.03.2026 15:30	82.418	82.538	82.311	82.44	39597
31.03.2026 15:45	82.441	82.629	82.384	82.571	22036
31.03.2026 16:00	82.574	82.6	82.444	82.471	17210
31.03.2026 16:15	82.47	82.518	82.402	82.449	13206
31.03.2026 16:30	82.452	82.49	82.326	82.38	16582
31.03.2026 16:45	82.378	82.418	82.32	82.375	16311
31.03.2026 17:00	82.374	82.523	82.327	82.455	14177
31.03.2026 17:15	82.464	82.479	82.123	82.163	32907
31.03.2026 17:30	82.163	82.285	82.05	82.259	79333
31.03.2026 17:45	82.26	82.4	82.163	82.33	62512
31.03.2026 18:00	82.331	82.567	82.265	82.54	56212
31.03.2026 18:15	82.54	82.541	82.339	82.373	55721
31.03.2026 18:30	82.371	82.42	82.205	82.25	10297
31.03.2026 18:45	82.249	82.285	82.175	82.214	10176
31.03.2026 19:00	82.214	82.335	82.182	82.276	6400
31.03.2026 19:15	82.271	82.278	82.19	82.241	3714
31.03.2026 19:30	82.24	82.367	82.227	82.357	6322
31.03.2026 19:45	82.349	82.393	82.256	82.284	5027
31.03.2026 20:00	82.271	82.331	82.212	82.28	3923
31.03.2026 20:15	82.286	82.366	82.272	82.366	3371
31.03.2026 20:30	82.361	82.361	82.275	82.279	1510
31.03.2026 20:45	82.282	82.29	82.215	82.231	2134
31.03.2026 21:00	82.23	82.274	82.2	82.201	1635
31.03.2026 21:15	82.201	82.289	82.201	82.274	1357
31.03.2026 21:30	82.28	82.325	82.243	82.307	1905
31.03.2026 21:45	82.302	82.328	82.297	82.303	904
31.03.2026 22:00	82.307	82.317	82.202	82.293	2959
31.03.2026 22:15	82.293	82.315	82.261	82.264	1204
31.03.2026 22:30	82.267	82.323	82.261	82.314	2900
31.03.2026 22:45	82.307	82.308	82.272	82.29	1238
31.03.2026 23:00	82.288	82.294	82.251	82.266	1786
31.03.2026 23:15	82.269	82.332	82.238	82.332	2153
31.03.2026 23:30	82.332	82.358	82.317	82.342	1945
31.03.2026 23:45	82.34	82.356	82.304	82.356	1544
01.04.2026 08:45	82.33	82.33	82.33	82.33	46
01.04.2026 09:00	82.328	82.328	82.132	82.186	14224
01.04.2026 09:15	82.186	82.188	82.144	82.17	5109
01.04.2026 09:30	82.171	82.19	82.08	82.08	6515
01.04.2026 09:45	82.08	82.184	82.022	82.164	23035
01.04.2026 10:00	82.164	82.164	81.735	81.748	69048
01.04.2026 10:15	81.748	81.751	81.25	81.417	112633
01.04.2026 10:30	81.422	81.489	81.23	81.374	62766
01.04.2026 10:45	81.376	81.522	81.35	81.432	32004
01.04.2026 11:00	81.436	81.449	81.276	81.381	22879
01.04.2026 11:15	81.38	81.455	81.281	81.292	23958
01.04.2026 11:30	81.292	81.301	81.079	81.202	43564
01.04.2026 11:45	81.199	81.199	81.058	81.096	46855
01.04.2026 12:00	81.095	81.111	80.969	81.09	62574
01.04.2026 12:15	81.09	81.176	81.047	81.121	20499
01.04.2026 12:30	81.121	81.125	80.953	81.013	18665
01.04.2026 12:45	81.012	81.138	80.911	81.057	29867
01.04.2026 13:00	81.057	81.114	80.877	80.943	24700
01.04.2026 13:15	80.944	80.968	80.855	80.913	15826
01.04.2026 13:30	80.915	80.981	80.87	80.954	16541
01.04.2026 13:45	80.951	81.058	80.837	80.985	34953
01.04.2026 14:00	80.985	81.077	80.931	81.041	29663
01.04.2026 14:15	81.041	81.07	80.953	80.976	21160
01.04.2026 14:30	80.977	81.15	80.936	81.131	27909
01.04.2026 14:45	81.133	81.183	81.042	81.175	31350
01.04.2026 15:00	81.175	81.28	81.158	81.242	28549
01.04.2026 15:15	81.242	81.246	81.121	81.168	14352
01.04.2026 15:30	81.168	81.346	81.055	81.212	22955
01.04.2026 15:45	81.214	81.4	81.183	81.307	30290
01.04.2026 16:00	81.311	81.391	81.129	81.204	15762
01.04.2026 16:15	81.204	81.229	81.105	81.219	7158
01.04.2026 16:30	81.216	81.346	81.199	81.289	15620
01.04.2026 16:45	81.286	81.341	81.162	81.225	9345
01.04.2026 17:00	81.229	81.359	81.156	81.294	23410
01.04.2026 17:15	81.293	81.3	81.174	81.231	13487
01.04.2026 17:30	81.23	81.282	81.144	81.239	13216
01.04.2026 17:45	81.233	81.243	80.991	80.995	35494
01.04.2026 18:00	80.995	81.06	80.881	81.049	29618
01.04.2026 18:15	81.048	81.113	80.994	81.097	32070
01.04.2026 18:30	81.099	81.116	80.951	80.99	10433
01.04.2026 18:45	80.989	81.091	80.932	80.938	6352
01.04.2026 19:00	80.933	81.039	80.933	81.001	3589
01.04.2026 19:15	81.006	81.03	80.956	81.012	1884
01.04.2026 19:30	81.011	81.047	81.011	81.041	1323
01.04.2026 19:45	81.041	81.042	81.011	81.017	1259
01.04.2026 20:00	81.017	81.024	80.961	80.981	1605
01.04.2026 20:15	80.98	80.988	80.83	80.891	7752
01.04.2026 20:30	80.887	80.899	80.808	80.882	6678
01.04.2026 20:45	80.883	80.885	80.753	80.758	6844
01.04.2026 21:00	80.76	80.876	80.75	80.851	5267
01.04.2026 21:15	80.851	80.906	80.836	80.895	2318
01.04.2026 21:30	80.897	80.944	80.83	80.854	5458
01.04.2026 21:45	80.853	80.882	80.846	80.871	1198
01.04.2026 22:00	80.868	80.871	80.779	80.828	2419
01.04.2026 22:15	80.829	80.882	80.818	80.869	1314
01.04.2026 22:30	80.87	80.879	80.861	80.872	936
01.04.2026 22:45	80.871	80.88	80.863	80.88	1418
01.04.2026 23:00	80.88	80.939	80.879	80.909	2641
01.04.2026 23:15	80.908	80.953	80.905	80.935	2027
01.04.2026 23:30	80.936	81.1	80.936	81.087	4397
01.04.2026 23:45	81.088	81.163	81.084	81.084	2733
02.04.2026 08:45	81.084	81.084	81.084	81.084	30
02.04.2026 09:00	81.068	81.239	81.064	81.188	20649
02.04.2026 09:15	81.182	81.249	81.084	81.2	16360
02.04.2026 09:30	81.2	81.38	81.073	81.094	27884
02.04.2026 09:45	81.093	81.249	81.011	81.046	12920
02.04.2026 10:00	81.043	81.368	80.912	81.228	63312
02.04.2026 10:15	81.231	81.303	81.055	81.202	29965
02.04.2026 10:30	81.202	81.39	81.121	81.158	30673
02.04.2026 10:45	81.16	81.177	80.885	80.888	46640
02.04.2026 11:00	80.888	80.967	80.851	80.892	28181
02.04.2026 11:15	80.892	80.959	80.853	80.92	22923
02.04.2026 11:30	80.92	81.07	80.91	80.993	20701
02.04.2026 11:45	80.998	81.031	80.813	80.891	18901
02.04.2026 12:00	80.889	80.953	80.781	80.946	30881
02.04.2026 12:15	80.946	80.95	80.769	80.816	42900
02.04.2026 12:30	80.813	80.817	80.671	80.753	46442
02.04.2026 12:45	80.753	80.921	80.7	80.849	38097
02.04.2026 13:00	80.849	81.016	80.849	80.952	30003
02.04.2026 13:15	80.952	81.219	80.951	81.151	54771
02.04.2026 13:30	81.151	81.189	80.962	80.977	28032
02.04.2026 13:45	80.977	80.989	80.609	80.765	80811
02.04.2026 14:00	80.769	80.901	80.727	80.828	38784
02.04.2026 14:15	80.828	80.932	80.79	80.85	13221
02.04.2026 14:30	80.85	80.96	80.823	80.862	11326
02.04.2026 14:45	80.862	80.914	80.784	80.852	11828
02.04.2026 15:00	80.852	80.981	80.824	80.934	11530
02.04.2026 15:15	80.928	81.082	80.861	80.991	15410
02.04.2026 15:30	80.991	81.179	80.967	81.053	26508
02.04.2026 15:45	81.055	81.061	80.965	81.02	10432
02.04.2026 16:00	81.021	81.105	80.997	81.059	10644
02.04.2026 16:15	81.061	81.15	81.061	81.127	10546
02.04.2026 16:30	81.126	81.155	81.078	81.13	19048
02.04.2026 16:45	81.129	81.139	81.078	81.109	17909
02.04.2026 17:00	81.107	81.134	80.982	81.074	11355
02.04.2026 17:15	81.074	81.133	80.879	80.926	15519
02.04.2026 17:30	80.927	80.942	80.812	80.822	26849
02.04.2026 17:45	80.826	80.945	80.781	80.88	9265
02.04.2026 18:00	80.88	81.02	80.872	80.931	7675
02.04.2026 18:15	80.931	80.965	80.901	80.911	5081
02.04.2026 18:30	80.915	80.92	80.859	80.874	4321
02.04.2026 18:45	80.874	80.902	80.856	80.858	4160
02.04.2026 19:00	80.856	80.895	80.854	80.874	2455
02.04.2026 19:15	80.88	80.94	80.879	80.938	3901
02.04.2026 19:30	80.938	80.938	80.899	80.901	1872
02.04.2026 19:45	80.901	80.91	80.897	80.908	728
02.04.2026 20:00	80.908	80.918	80.906	80.913	623
02.04.2026 20:15	80.915	80.92	80.911	80.916	798
02.04.2026 20:30	80.916	80.926	80.91	80.912	375
02.04.2026 20:45	80.912	80.912	80.846	80.848	2467
02.04.2026 21:00	80.848	80.878	80.814	80.832	1932
02.04.2026 21:15	80.829	80.862	80.817	80.856	741
02.04.2026 21:30	80.855	80.855	80.836	80.853	281
02.04.2026 21:45	80.854	80.874	80.84	80.866	414
02.04.2026 22:00	80.865	80.868	80.846	80.857	422
02.04.2026 22:15	80.858	80.861	80.839	80.839	353
02.04.2026 22:30	80.839	80.866	80.832	80.862	601
02.04.2026 22:45	80.862	80.897	80.85	80.897	760
02.04.2026 23:00	80.894	80.92	80.866	80.885	2023
02.04.2026 23:15	80.882	80.902	80.866	80.872	711
02.04.2026 23:30	80.87	80.91	80.865	80.874	1057
02.04.2026 23:45	80.88	80.945	80.862	80.897	1559
03.04.2026 08:45	80.896	80.896	80.896	80.896	1
03.04.2026 09:00	80.884	80.896	80.701	80.768	12210
03.04.2026 09:15	80.761	80.798	80.701	80.726	5160
03.04.2026 09:30	80.72	80.736	80.661	80.69	8272
03.04.2026 09:45	80.691	80.711	80.52	80.632	22483
03.04.2026 10:00	80.632	80.64	80.275	80.396	51791
03.04.2026 10:15	80.392	80.52	80.35	80.457	24342
03.04.2026 10:30	80.456	80.494	80.218	80.28	61681
03.04.2026 10:45	80.282	80.387	80.271	80.372	15333
03.04.2026 11:00	80.373	80.387	80.291	80.351	24028
03.04.2026 11:15	80.35	80.517	80.35	80.495	20777
03.04.2026 11:30	80.494	80.581	80.491	80.562	36272
03.04.2026 11:45	80.562	80.659	80.558	80.581	18003
03.04.2026 12:00	80.581	80.612	80.515	80.54	23108
03.04.2026 12:15	80.54	80.596	80.478	80.492	16172
03.04.2026 12:30	80.492	80.612	80.491	80.611	14498
03.04.2026 12:45	80.612	80.75	80.601	80.701	35554
03.04.2026 13:00	80.701	80.778	80.68	80.773	15334
03.04.2026 13:15	80.773	80.814	80.681	80.709	17592
03.04.2026 13:30	80.709	80.75	80.646	80.747	11928
03.04.2026 13:45	80.747	80.81	80.715	80.79	12973
03.04.2026 14:00	80.787	80.805	80.62	80.674	14280
03.04.2026 14:15	80.675	80.688	80.48	80.541	17036
03.04.2026 14:30	80.539	80.54	80.414	80.456	16712
03.04.2026 14:45	80.457	80.483	80.106	80.118	48455
03.04.2026 15:00	80.124	80.167	79.953	80.149	67687
03.04.2026 15:15	80.149	80.193	80.123	80.154	12562
03.04.2026 15:30	80.155	80.229	80.142	80.216	13071
03.04.2026 15:45	80.22	80.3	80.181	80.291	12623
03.04.2026 16:00	80.293	80.311	80.17	80.172	11145
03.04.2026 16:15	80.171	80.211	80.11	80.125	8014
03.04.2026 16:30	80.125	80.2	80.033	80.107	15398
03.04.2026 16:45	80.106	80.106	80.012	80.025	15699
03.04.2026 17:00	80.027	80.131	80.011	80.116	9715
03.04.2026 17:15	80.113	80.215	80.077	80.153	8743
03.04.2026 17:30	80.152	80.176	80.071	80.1	6132
03.04.2026 17:45	80.102	80.11	80.0	80.036	16376
03.04.2026 18:00	80.041	80.127	80.02	80.042	9300
03.04.2026 18:15	80.041	80.055	80.0	80.022	7551
03.04.2026 18:30	80.02	80.026	79.909	79.96	13259
03.04.2026 18:45	79.961	80.02	79.949	79.951	5510
03.04.2026 19:00	79.951	80.008	79.95	79.986	2064
03.04.2026 19:15	79.989	79.999	79.986	79.994	1868
03.04.2026 19:30	79.993	80.02	79.993	80.006	1297
03.04.2026 19:45	80.004	80.006	79.929	79.941	3081
03.04.2026 20:00	79.942	79.967	79.85	79.914	7714
03.04.2026 20:15	79.913	79.929	79.892	79.917	3613
03.04.2026 20:30	79.918	79.95	79.915	79.921	2396
03.04.2026 20:45	79.922	79.96	79.916	79.938	1854
03.04.2026 21:00	79.938	79.95	79.93	79.946	1372
03.04.2026 21:15	79.949	79.993	79.946	79.984	3109
03.04.2026 21:30	79.986	79.989	79.962	79.965	1548
03.04.2026 21:45	79.966	79.991	79.965	79.967	2182
03.04.2026 22:00	79.968	79.985	79.968	79.976	849
03.04.2026 22:15	79.973	79.977	79.965	79.974	784
03.04.2026 22:30	79.974	79.985	79.966	79.985	1018
03.04.2026 22:45	79.985	79.999	79.972	79.992	1972
03.04.2026 23:00	79.992	80.02	79.992	80.001	2104
03.04.2026 23:15	80.0	80.015	79.987	80.001	1235
03.04.2026 23:30	79.994	80.013	79.965	79.973	1307
03.04.2026 23:45	79.975	79.989	79.958	79.958	1390
06.04.2026 08:45	79.89	79.89	79.89	79.89	157
06.04.2026 09:00	79.89	79.935	79.628	79.718	32080
06.04.2026 09:15	79.718	79.749	79.576	79.717	13961
06.04.2026 09:30	79.72	79.728	79.66	79.71	4161
06.04.2026 09:45	79.71	79.802	79.654	79.695	7675
06.04.2026 10:00	79.699	79.74	79.33	79.392	51845
06.04.2026 10:15	79.392	79.46	79.24	79.295	33817
06.04.2026 10:30	79.296	79.399	79.287	79.34	14439
06.04.2026 10:45	79.342	79.388	79.32	79.351	10793
06.04.2026 11:00	79.349	79.528	79.321	79.453	28627
06.04.2026 11:15	79.451	79.57	79.421	79.505	11735
06.04.2026 11:30	79.504	79.689	79.501	79.641	27445
06.04.2026 11:45	79.647	79.766	79.638	79.72	20704
06.04.2026 12:00	79.719	79.744	79.658	79.734	18859
06.04.2026 12:15	79.73	79.791	79.606	79.634	23028
06.04.2026 12:30	79.634	79.725	79.566	79.681	12709
06.04.2026 12:45	79.68	79.772	79.559	79.693	30120
06.04.2026 13:00	79.693	79.837	79.531	79.817	35666
06.04.2026 13:15	79.818	79.898	79.73	79.881	29753
06.04.2026 13:30	79.88	79.915	79.801	79.829	11367
06.04.2026 13:45	79.83	79.889	79.807	79.834	11402
06.04.2026 14:00	79.836	79.869	79.725	79.735	12219
06.04.2026 14:15	79.735	79.82	79.701	79.791	8592
06.04.2026 14:30	79.796	79.896	79.775	79.869	7713
06.04.2026 14:45	79.872	79.885	79.791	79.85	8614
06.04.2026 15:00	79.849	79.914	79.72	79.725	31261
06.04.2026 15:15	79.73	79.8	79.673	79.776	14574
06.04.2026 15:30	79.776	80.017	79.763	79.956	39192
06.04.2026 15:45	79.957	80.09	79.92	80.033	24149
06.04.2026 16:00	80.034	80.078	79.909	79.913	15074
06.04.2026 16:15	79.92	79.969	79.78	79.803	24646
06.04.2026 16:30	79.8	79.845	79.75	79.755	29633
06.04.2026 16:45	79.751	79.76	79.629	79.692	81886
06.04.2026 17:00	79.692	79.826	79.631	79.757	47438
06.04.2026 17:15	79.757	79.78	79.673	79.71	8693
06.04.2026 17:30	79.71	79.884	79.708	79.813	10008
06.04.2026 17:45	79.812	79.879	79.786	79.849	6662
06.04.2026 18:00	79.849	79.886	79.84	79.862	12719
06.04.2026 18:15	79.862	79.93	79.776	79.79	16066
06.04.2026 18:30	79.79	79.82	79.721	79.739	13081
06.04.2026 18:45	79.731	79.758	79.66	79.67	6385
06.04.2026 19:00	79.678	79.697	79.636	79.661	3077
06.04.2026 19:15	79.66	79.661	79.533	79.552	8480
06.04.2026 19:30	79.555	79.621	79.548	79.583	3169
06.04.2026 19:45	79.584	79.654	79.554	79.653	3585
06.04.2026 20:00	79.653	79.712	79.646	79.69	5093
06.04.2026 20:15	79.691	79.701	79.656	79.678	1649
06.04.2026 20:30	79.678	79.705	79.669	79.699	2003
06.04.2026 20:45	79.7	79.732	79.651	79.676	3558
06.04.2026 21:00	79.677	79.782	79.677	79.726	3852
06.04.2026 21:15	79.725	79.8	79.721	79.731	2443
06.04.2026 21:30	79.736	79.755	79.687	79.706	1170
06.04.2026 21:45	79.705	79.727	79.689	79.712	529
06.04.2026 22:00	79.717	79.724	79.626	79.652	2485
06.04.2026 22:15	79.644	79.688	79.634	79.676	1517
06.04.2026 22:30	79.676	79.721	79.652	79.721	1309
06.04.2026 22:45	79.72	79.756	79.701	79.718	2693
06.04.2026 23:00	79.72	79.783	79.704	79.77	1803
06.04.2026 23:15	79.77	79.77	79.743	79.748	764
06.04.2026 23:30	79.745	79.784	79.733	79.733	2260
06.04.2026 23:45	79.734	79.79	79.71	79.779	1006
07.04.2026 08:45	79.749	79.767	79.749	79.767	13
07.04.2026 09:00	79.725	79.77	79.58	79.719	11191
07.04.2026 09:15	79.729	79.96	79.724	79.938	13143
07.04.2026 09:30	79.934	79.96	79.842	79.861	6301
07.04.2026 09:45	79.861	79.876	79.771	79.803	7004
07.04.2026 10:00	79.805	79.83	79.444	79.506	53217
07.04.2026 10:15	79.503	79.503	79.311	79.346	65896
07.04.2026 10:30	79.347	79.495	79.31	79.47	39478
07.04.2026 10:45	79.47	79.55	79.441	79.476	24605
07.04.2026 11:00	79.48	79.508	79.43	79.47	19970
07.04.2026 11:15	79.471	79.55	79.43	79.491	36923
07.04.2026 11:30	79.49	79.49	79.43	79.446	21427
07.04.2026 11:45	79.446	79.499	79.43	79.435	28583
07.04.2026 12:00	79.434	79.664	79.43	79.622	34327
07.04.2026 12:15	79.623	79.926	79.619	79.703	72504
07.04.2026 12:30	79.702	79.837	79.678	79.792	27466
07.04.2026 12:45	79.79	79.884	79.609	79.674	26066
07.04.2026 13:00	79.673	79.78	79.581	79.757	17756
07.04.2026 13:15	79.759	79.828	79.73	79.79	16062
07.04.2026 13:30	79.787	79.876	79.771	79.845	14181
07.04.2026 13:45	79.847	79.973	79.821	79.943	36450
07.04.2026 14:00	79.942	80.137	79.942	80.063	51835
07.04.2026 14:15	80.067	80.11	80.01	80.035	31346
07.04.2026 14:30	80.033	80.037	79.866	79.866	16970
07.04.2026 14:45	79.867	79.914	79.835	79.869	10978
07.04.2026 15:00	79.869	79.9	79.835	79.893	12239
07.04.2026 15:15	79.892	79.9	79.801	79.849	8298
07.04.2026 15:30	79.848	79.897	79.767	79.785	16708
07.04.2026 15:45	79.786	79.962	79.765	79.885	24637
07.04.2026 16:00	79.885	79.9	79.573	79.605	38786
07.04.2026 16:15	79.602	79.612	79.505	79.527	21143
07.04.2026 16:30	79.525	79.607	79.43	79.439	28758
07.04.2026 16:45	79.438	79.48	79.191	79.362	70631
07.04.2026 17:00	79.358	79.448	79.318	79.406	12069
07.04.2026 17:15	79.406	79.444	79.382	79.404	6598
07.04.2026 17:30	79.4	79.493	79.395	79.455	9070
07.04.2026 17:45	79.462	79.53	79.452	79.518	14528
07.04.2026 18:00	79.519	79.595	79.492	79.501	15966
07.04.2026 18:15	79.501	79.524	79.437	79.456	12292
07.04.2026 18:30	79.461	79.475	79.315	79.422	10225
07.04.2026 18:45	79.422	79.454	79.393	79.413	7630
07.04.2026 19:00	79.411	79.461	79.398	79.443	2214
07.04.2026 19:15	79.445	79.474	79.432	79.452	1367
07.04.2026 19:30	79.453	79.478	79.453	79.46	1077
07.04.2026 19:45	79.459	79.468	79.436	79.457	880
07.04.2026 20:00	79.456	79.459	79.417	79.437	993
07.04.2026 20:15	79.432	79.445	79.406	79.441	979
07.04.2026 20:30	79.435	79.435	79.377	79.386	2222
07.04.2026 20:45	79.38	79.407	79.358	79.403	1226
07.04.2026 21:00	79.401	79.415	79.392	79.396	1410
07.04.2026 21:15	79.396	79.403	79.374	79.387	816
07.04.2026 21:30	79.386	79.386	79.347	79.368	1036
07.04.2026 21:45	79.369	79.373	79.352	79.37	769
07.04.2026 22:00	79.361	79.4	79.358	79.393	935
07.04.2026 22:15	79.39	79.394	79.356	79.358	1640
07.04.2026 22:30	79.358	79.426	79.35	79.381	1849
07.04.2026 22:45	79.387	79.409	79.35	79.399	2782
07.04.2026 23:00	79.399	79.478	79.399	79.427	4520
07.04.2026 23:15	79.428	79.448	79.404	79.406	1553
07.04.2026 23:30	79.407	79.49	79.406	79.455	2435
07.04.2026 23:45	79.457	79.475	79.413	79.42	991
08.04.2026 08:45	79.51	79.51	79.51	79.51	1101
08.04.2026 09:00	79.506	79.798	79.506	79.688	37947
08.04.2026 09:15	79.688	79.716	79.495	79.515	21083
08.04.2026 09:30	79.513	79.596	79.467	79.55	8606
08.04.2026 09:45	79.55	79.662	79.5	79.513	9476
08.04.2026 10:00	79.51	79.657	79.45	79.45	53564
08.04.2026 10:15	79.45	79.486	79.32	79.417	42006
08.04.2026 10:30	79.417	79.489	79.359	79.444	15022
08.04.2026 10:45	79.444	79.481	79.358	79.38	20251
08.04.2026 11:00	79.38	79.445	79.34	79.402	18117
08.04.2026 11:15	79.405	79.533	79.361	79.439	22632
08.04.2026 11:30	79.439	79.489	79.401	79.428	15653
08.04.2026 11:45	79.428	79.464	79.376	79.392	16189
08.04.2026 12:00	79.392	79.491	79.379	79.43	26903
08.04.2026 12:15	79.43	79.451	79.329	79.386	32236
08.04.2026 12:30	79.386	79.412	79.184	79.241	143542
08.04.2026 12:45	79.24	79.24	79.03	79.076	48416
08.04.2026 13:00	79.075	79.148	79.03	79.148	22774
08.04.2026 13:15	79.146	79.163	79.123	79.136	9244
08.04.2026 13:30	79.136	79.173	79.13	79.169	8080
08.04.2026 13:45	79.169	79.27	79.144	79.27	11188
08.04.2026 14:00	79.27	79.275	79.153	79.204	7759
08.04.2026 14:15	79.206	79.266	79.13	79.251	14427
08.04.2026 14:30	79.251	79.296	79.208	79.227	16793
08.04.2026 14:45	79.225	79.28	79.21	79.27	27771
08.04.2026 15:00	79.271	79.277	79.106	79.146	32932
08.04.2026 15:15	79.146	79.33	79.125	79.281	70505
08.04.2026 15:30	79.28	79.321	79.186	79.249	22550
08.04.2026 15:45	79.25	79.266	79.198	79.248	12343
08.04.2026 16:00	79.244	79.286	79.166	79.264	14880
08.04.2026 16:15	79.267	79.344	79.222	79.249	14504
08.04.2026 16:30	79.248	79.278	79.162	79.234	7399
08.04.2026 16:45	79.233	79.323	79.186	79.313	5423
08.04.2026 17:00	79.314	79.332	79.264	79.276	9324
08.04.2026 17:15	79.275	79.436	79.27	79.387	17347
08.04.2026 17:30	79.388	79.712	79.372	79.497	55170
08.04.2026 17:45	79.497	79.547	79.31	79.402	18552
08.04.2026 18:00	79.402	79.484	79.301	79.433	10092
08.04.2026 18:15	79.435	79.435	79.374	79.403	4687
08.04.2026 18:30	79.402	79.46	79.396	79.45	5137
08.04.2026 18:45	79.45	79.478	79.416	79.468	3861
08.04.2026 19:00	79.459	79.474	79.42	79.42	1877
08.04.2026 19:15	79.419	79.439	79.396	79.407	1261
08.04.2026 19:30	79.408	79.433	79.398	79.41	856
08.04.2026 19:45	79.41	79.417	79.39	79.415	1259
08.04.2026 20:00	79.416	79.417	79.381	79.396	898
08.04.2026 20:15	79.396	79.453	79.378	79.445	1180
08.04.2026 20:30	79.447	79.478	79.439	79.478	1129
08.04.2026 20:45	79.477	79.498	79.456	79.457	1380
08.04.2026 21:00	79.459	79.46	79.434	79.443	674
08.04.2026 21:15	79.444	79.495	79.434	79.475	1079
08.04.2026 21:30	79.475	79.475	79.382	79.387	2216
08.04.2026 21:45	79.386	79.41	79.379	79.401	951
08.04.2026 22:00	79.401	79.445	79.394	79.439	1075
08.04.2026 22:15	79.436	79.446	79.396	79.398	701
08.04.2026 22:30	79.398	79.399	79.37	79.38	1052
08.04.2026 22:45	79.381	79.401	79.38	79.388	1271
08.04.2026 23:00	79.387	79.388	79.35	79.361	1981
08.04.2026 23:15	79.36	79.382	79.354	79.373	633
08.04.2026 23:30	79.377	79.389	79.365	79.386	664
08.04.2026 23:45	79.378	79.39	79.341	79.342	1003
09.04.2026 08:45	79.342	79.342	79.342	79.342	10
09.04.2026 09:00	79.354	79.4	79.3	79.355	6136
09.04.2026 09:15	79.355	79.358	79.281	79.336	3573
09.04.2026 09:30	79.333	79.34	79.255	79.276	2407
09.04.2026 09:45	79.274	79.324	79.201	79.26	4394
09.04.2026 10:00	79.26	79.279	79.0	79.211	53034
09.04.2026 10:15	79.213	79.257	79.01	79.02	26277
09.04.2026 10:30	79.02	79.098	78.946	79.023	50786
09.04.2026 10:45	79.021	79.03	78.981	78.996	11977
09.04.2026 11:00	78.994	79.029	78.93	78.998	16541
09.04.2026 11:15	78.997	78.999	78.816	78.897	44218
09.04.2026 11:30	78.897	78.931	78.75	78.836	34199
09.04.2026 11:45	78.84	78.865	78.762	78.782	14564
09.04.2026 12:00	78.783	78.82	78.732	78.785	12895
09.04.2026 12:15	78.784	78.807	78.73	78.758	16621
09.04.2026 12:30	78.757	78.878	78.745	78.841	20853
09.04.2026 12:45	78.846	78.887	78.821	78.876	14222
09.04.2026 13:00	78.874	78.884	78.79	78.796	7424
09.04.2026 13:15	78.797	78.84	78.787	78.834	6270
09.04.2026 13:30	78.835	78.925	78.814	78.868	12322
09.04.2026 13:45	78.867	78.952	78.827	78.913	10525
09.04.2026 14:00	78.911	78.937	78.85	78.895	12660
09.04.2026 14:15	78.898	78.964	78.877	78.91	13929
09.04.2026 14:30	78.909	78.93	78.844	78.899	8592
09.04.2026 14:45	78.899	78.929	78.829	78.892	15655
09.04.2026 15:00	78.892	78.968	78.877	78.921	13239
09.04.2026 15:15	78.921	79.1	78.895	79.008	47835
09.04.2026 15:30	79.01	79.061	78.801	78.893	46365
09.04.2026 15:45	78.893	79.05	78.833	79.018	53597
09.04.2026 16:00	79.019	79.055	78.96	79.016	64846
09.04.2026 16:15	79.017	79.083	78.94	78.954	39477
09.04.2026 16:30	78.955	78.984	78.89	78.892	18141
09.04.2026 16:45	78.891	78.913	78.807	78.81	19897
09.04.2026 17:00	78.813	78.839	78.571	78.667	47717
09.04.2026 17:15	78.667	78.689	78.502	78.54	24499
09.04.2026 17:30	78.542	78.619	78.517	78.526	21221
09.04.2026 17:45	78.526	78.596	78.467	78.491	23054
09.04.2026 18:00	78.492	78.549	78.475	78.51	18487
09.04.2026 18:15	78.511	78.516	78.34	78.386	29048
09.04.2026 18:30	78.389	78.436	78.252	78.43	31523
09.04.2026 18:45	78.429	78.495	78.404	78.426	11275
09.04.2026 19:00	78.429	78.549	78.429	78.474	8954
09.04.2026 19:15	78.479	78.5	78.44	78.446	4374
09.04.2026 19:30	78.448	78.47	78.303	78.354	7129
09.04.2026 19:45	78.353	78.353	78.303	78.336	3068
09.04.2026 20:00	78.334	78.341	78.324	78.336	2246
09.04.2026 20:15	78.338	78.396	78.324	78.377	1966
09.04.2026 20:30	78.38	78.389	78.305	78.313	2364
09.04.2026 20:45	78.314	78.347	78.25	78.282	4032
09.04.2026 21:00	78.287	78.324	78.265	78.314	2715
09.04.2026 21:15	78.315	78.348	78.302	78.309	729
09.04.2026 21:30	78.309	78.318	78.282	78.315	1266
09.04.2026 21:45	78.318	78.36	78.318	78.357	1314
09.04.2026 22:00	78.354	78.37	78.309	78.324	2681
09.04.2026 22:15	78.338	78.338	78.27	78.278	1997
09.04.2026 22:30	78.277	78.278	78.26	78.262	1746
09.04.2026 22:45	78.262	78.29	78.257	78.272	1573
09.04.2026 23:00	78.274	78.315	78.271	78.313	903
09.04.2026 23:15	78.313	78.319	78.275	78.286	1104
09.04.2026 23:30	78.285	78.302	78.278	78.283	2158
09.04.2026 23:45	78.28	78.302	78.265	78.265	3705
10.04.2026 08:45	78.276	78.276	78.276	78.276	177
10.04.2026 09:00	78.299	78.349	78.0	78.16	24106
10.04.2026 09:15	78.164	78.259	78.164	78.236	6014
10.04.2026 09:30	78.236	78.26	78.204	78.26	3192
10.04.2026 09:45	78.259	78.409	78.259	78.276	14643
10.04.2026 10:00	78.275	78.335	78.0	78.14	48055
10.04.2026 10:15	78.138	78.231	78.01	78.146	25969
10.04.2026 10:30	78.148	78.244	78.087	78.091	17323
10.04.2026 10:45	78.093	78.149	78.025	78.128	12681
10.04.2026 11:00	78.13	78.14	77.912	77.963	27909
10.04.2026 11:15	77.962	78.004	77.863	78.004	21197
10.04.2026 11:30	78.003	78.12	77.993	78.079	15834
10.04.2026 11:45	78.079	78.13	78.044	78.091	10739
10.04.2026 12:00	78.087	78.196	78.061	78.196	13069
10.04.2026 12:15	78.193	78.295	78.172	78.2	25633
10.04.2026 12:30	78.197	78.277	78.188	78.219	10567
10.04.2026 12:45	78.219	78.261	78.1	78.11	12306
10.04.2026 13:00	78.11	78.141	78.031	78.124	22527
10.04.2026 13:15	78.124	78.192	78.027	78.053	19727
10.04.2026 13:30	78.057	78.068	77.921	77.968	19884
10.04.2026 13:45	77.965	78.048	77.939	78.005	14124
10.04.2026 14:00	78.005	78.048	77.945	77.947	20446
10.04.2026 14:15	77.947	77.98	77.82	77.946	39083
10.04.2026 14:30	77.946	77.955	77.832	77.839	22400
10.04.2026 14:45	77.837	77.877	77.754	77.828	48603
10.04.2026 15:00	77.827	77.887	77.761	77.789	39852
10.04.2026 15:15	77.791	77.81	77.718	77.74	51378
10.04.2026 15:30	77.742	77.839	77.695	77.71	54729
10.04.2026 15:45	77.71	77.791	77.65	77.7	85395
10.04.2026 16:00	77.701	77.765	77.655	77.701	60897
10.04.2026 16:15	77.701	77.779	77.625	77.71	45653
10.04.2026 16:30	77.709	77.715	77.51	77.522	42580
10.04.2026 16:45	77.523	77.571	77.421	77.481	48413
10.04.2026 17:00	77.475	77.62	77.42	77.581	40852
10.04.2026 17:15	77.581	77.658	77.45	77.655	36785
10.04.2026 17:30	77.655	77.692	77.56	77.634	27036
10.04.2026 17:45	77.635	77.638	77.558	77.574	12058
10.04.2026 18:00	77.567	77.677	77.51	77.673	24825
10.04.2026 18:15	77.673	77.699	77.615	77.654	14867
10.04.2026 18:30	77.655	77.723	77.654	77.665	10469
10.04.2026 18:45	77.664	77.715	77.662	77.695	3779
10.04.2026 19:00	77.699	77.779	77.699	77.739	6040
10.04.2026 19:15	77.738	77.741	77.608	77.632	5014
10.04.2026 19:30	77.632	77.655	77.602	77.605	2389
10.04.2026 19:45	77.608	77.625	77.573	77.621	2192
10.04.2026 20:00	77.626	77.644	77.603	77.624	1031
10.04.2026 20:15	77.624	77.64	77.607	77.61	1005
10.04.2026 20:30	77.607	77.616	77.583	77.6	1151
10.04.2026 20:45	77.599	77.601	77.543	77.555	1903
10.04.2026 21:00	77.552	77.629	77.55	77.584	1544
10.04.2026 21:15	77.583	77.591	77.537	77.539	1629
10.04.2026 21:30	77.545	77.548	77.493	77.543	3610
10.04.2026 21:45	77.544	77.63	77.543	77.628	3945
10.04.2026 22:00	77.63	77.661	77.595	77.631	1347
10.04.2026 22:15	77.631	77.726	77.63	77.679	4545
10.04.2026 22:30	77.678	77.714	77.656	77.687	1885
10.04.2026 22:45	77.687	77.712	77.68	77.689	733
10.04.2026 23:00	77.688	77.689	77.642	77.661	1678
10.04.2026 23:15	77.659	77.692	77.649	77.692	1374
10.04.2026 23:30	77.688	77.709	77.67	77.695	2180
10.04.2026 23:45	77.697	77.71	77.696	77.709	1376
13.04.2026 08:45	77.47	77.47	77.47	77.47	697
13.04.2026 09:00	77.46	77.477	77.126	77.176	57607
13.04.2026 09:15	77.177	77.268	77.135	77.198	37988
13.04.2026 09:30	77.198	77.299	77.168	77.258	13629
13.04.2026 09:45	77.252	77.295	77.175	77.206	9226
13.04.2026 10:00	77.212	77.343	77.024	77.237	69080
13.04.2026 10:15	77.238	77.314	77.2	77.24	45376
13.04.2026 10:30	77.24	77.25	77.18	77.189	26994
13.04.2026 10:45	77.189	77.197	77.03	77.036	29413
13.04.2026 11:00	77.04	77.05	76.951	77.0	20226
13.04.2026 11:15	77.003	77.008	76.8	76.8	30304
13.04.2026 11:30	76.8	76.941	76.773	76.934	40763
13.04.2026 11:45	76.935	77.048	76.929	76.979	26407
13.04.2026 12:00	76.977	77.065	76.877	77.06	33530
13.04.2026 12:15	77.061	77.182	76.911	77.172	83297
13.04.2026 12:30	77.174	77.208	77.112	77.153	76763
13.04.2026 12:45	77.157	77.329	77.139	77.317	86751
13.04.2026 13:00	77.316	77.326	77.055	77.081	42285
13.04.2026 13:15	77.082	77.085	76.97	76.983	20707
13.04.2026 13:30	76.983	77.073	76.971	77.052	24575
13.04.2026 13:45	77.055	77.08	77.007	77.04	17765
13.04.2026 14:00	77.039	77.159	77.0	77.112	21578
13.04.2026 14:15	77.111	77.112	77.019	77.061	19609
13.04.2026 14:30	77.061	77.061	76.95	76.982	26517
13.04.2026 14:45	76.982	77.007	76.887	76.962	23973
13.04.2026 15:00	76.962	77.078	76.946	77.069	28670
13.04.2026 15:15	77.068	77.136	77.05	77.086	17928
13.04.2026 15:30	77.086	77.088	77.003	77.041	15069
13.04.2026 15:45	77.042	77.242	77.041	77.172	45202
13.04.2026 16:00	77.173	77.238	77.053	77.221	41648
13.04.2026 16:15	77.222	77.281	77.141	77.261	75059
13.04.2026 16:30	77.261	77.355	77.216	77.245	87104
13.04.2026 16:45	77.247	77.289	77.151	77.179	79825
13.04.2026 17:00	77.181	77.218	77.151	77.165	24744
13.04.2026 17:15	77.168	77.23	77.152	77.187	11865
13.04.2026 17:30	77.187	77.232	77.153	77.222	8157
13.04.2026 17:45	77.222	77.499	77.222	77.433	33222
13.04.2026 18:00	77.438	77.467	77.32	77.323	24493
13.04.2026 18:15	77.321	77.521	77.306	77.342	22017
13.04.2026 18:30	77.349	77.4	77.331	77.364	5266
13.04.2026 18:45	77.363	77.365	77.3	77.32	3069
13.04.2026 19:00	77.312	77.35	77.304	77.332	2946
13.04.2026 19:15	77.324	77.328	77.22	77.241	3910
13.04.2026 19:30	77.234	77.247	77.153	77.199	5523
13.04.2026 19:45	77.199	77.222	77.155	77.204	2701
13.04.2026 20:00	77.21	77.218	77.184	77.194	1017
13.04.2026 20:15	77.194	77.198	77.16	77.177	2051
13.04.2026 20:30	77.177	77.19	77.156	77.162	1519
13.04.2026 20:45	77.16	77.165	77.106	77.152	3133
13.04.2026 21:00	77.154	77.157	77.137	77.14	1122
13.04.2026 21:15	77.139	77.152	77.123	77.137	1179
13.04.2026 21:30	77.136	77.139	77.075	77.098	2568
13.04.2026 21:45	77.095	77.131	77.074	77.075	2799
13.04.2026 22:00	77.078	77.1	77.074	77.099	1874
13.04.2026 22:15	77.097	77.1	77.09	77.095	561
13.04.2026 22:30	77.095	77.1	77.082	77.088	655
13.04.2026 22:45	77.088	77.1	77.07	77.099	1283
13.04.2026 23:00	77.095	77.1	77.08	77.098	780
13.04.2026 23:15	77.097	77.1	77.084	77.1	1480
13.04.2026 23:30	77.099	77.141	77.052	77.121	3047
13.04.2026 23:45	77.12	77.121	77.056	77.06	705
14.04.2026 08:45	77.22	77.22	77.22	77.22	56
14.04.2026 09:00	77.2	77.274	76.985	77.096	13372
14.04.2026 09:15	77.096	77.149	77.077	77.144	3712
14.04.2026 09:30	77.144	77.175	77.116	77.118	2690
14.04.2026 09:45	77.117	77.165	77.115	77.158	3450
14.04.2026 10:00	77.153	77.179	76.816	76.919	42200
14.04.2026 10:15	76.925	76.952	76.726	76.888	39147
14.04.2026 10:30	76.888	76.898	76.708	76.762	31730
14.04.2026 10:45	76.76	76.797	76.731	76.762	16776
14.04.2026 11:00	76.763	76.79	76.68	76.744	21016
14.04.2026 11:15	76.743	76.745	76.593	76.605	23150
14.04.2026 11:30	76.604	76.625	76.533	76.569	21769
14.04.2026 11:45	76.566	76.567	76.426	76.493	38983
14.04.2026 12:00	76.497	76.541	76.442	76.458	33440
14.04.2026 12:15	76.457	76.492	76.304	76.406	68327
14.04.2026 12:30	76.408	76.47	76.374	76.455	22644
14.04.2026 12:45	76.455	76.51	76.411	76.418	23644
14.04.2026 13:00	76.418	76.493	76.411	76.481	21488
14.04.2026 13:15	76.481	76.61	76.472	76.563	40706
14.04.2026 13:30	76.563	76.57	76.508	76.555	15635
14.04.2026 13:45	76.552	76.627	76.515	76.609	42236
14.04.2026 14:00	76.615	76.645	76.57	76.596	41011
14.04.2026 14:15	76.596	76.649	76.59	76.633	35833
14.04.2026 14:30	76.633	76.715	76.598	76.618	46737
14.04.2026 14:45	76.619	76.684	76.542	76.552	47239
14.04.2026 15:00	76.554	76.59	76.475	76.517	59177
14.04.2026 15:15	76.516	76.57	76.513	76.529	46467
14.04.2026 15:30	76.529	76.542	76.374	76.439	41830
14.04.2026 15:45	76.438	76.49	76.394	76.431	35117
14.04.2026 16:00	76.432	76.44	76.357	76.42	30639
14.04.2026 16:15	76.422	76.431	76.368	76.428	29761
14.04.2026 16:30	76.428	76.475	76.287	76.315	33425
14.04.2026 16:45	76.318	76.32	76.16	76.167	50950
14.04.2026 17:00	76.168	76.255	76.162	76.236	43244
14.04.2026 17:15	76.237	76.247	76.045	76.05	42560
14.04.2026 17:30	76.05	76.106	75.973	75.979	46561
14.04.2026 17:45	75.979	76.019	75.93	75.965	51129
14.04.2026 18:00	75.964	76.02	75.885	75.996	35738
14.04.2026 18:15	76.0	76.073	75.957	75.972	14723
14.04.2026 18:30	75.976	76.016	75.955	75.968	10959
14.04.2026 18:45	75.97	75.999	75.924	75.952	17002
14.04.2026 19:00	75.949	76.04	75.941	76.021	6898
14.04.2026 19:15	76.016	76.02	75.776	75.979	29610
14.04.2026 19:30	75.976	76.028	75.909	75.969	5503
14.04.2026 19:45	75.969	76.005	75.963	75.999	2114
14.04.2026 20:00	76.0	76.007	75.971	75.971	3245
14.04.2026 20:15	75.97	75.976	75.904	75.948	3082
14.04.2026 20:30	75.948	75.952	75.837	75.919	4686
14.04.2026 20:45	75.919	75.957	75.889	75.89	4188
14.04.2026 21:00	75.89	75.95	75.888	75.948	2474
14.04.2026 21:15	75.949	75.991	75.944	75.967	3620
14.04.2026 21:30	75.968	75.97	75.921	75.93	2187
14.04.2026 21:45	75.934	75.94	75.899	75.911	2837
14.04.2026 22:00	75.911	75.937	75.891	75.934	1573
14.04.2026 22:15	75.934	75.939	75.901	75.92	1346
14.04.2026 22:30	75.918	75.942	75.91	75.91	3028
14.04.2026 22:45	75.911	75.958	75.901	75.955	7419
14.04.2026 23:00	75.957	75.996	75.952	75.989	3044
14.04.2026 23:15	75.983	75.988	75.92	75.926	1491
14.04.2026 23:30	75.926	75.95	75.865	75.883	2794
14.04.2026 23:45	75.884	75.938	75.845	75.859	2935
15.04.2026 08:45	75.9	75.9	75.9	75.9	90
15.04.2026 09:00	75.9	75.988	75.663	75.683	25373
15.04.2026 09:15	75.678	75.846	75.672	75.795	11677
15.04.2026 09:30	75.795	75.986	75.794	75.97	14458
15.04.2026 09:45	75.973	76.03	75.915	75.948	13702
15.04.2026 10:00	75.952	75.998	75.758	75.771	45419
15.04.2026 10:15	75.771	75.814	75.615	75.645	37923
15.04.2026 10:30	75.644	75.848	75.635	75.784	26381
15.04.2026 10:45	75.787	75.787	75.633	75.709	22215
15.04.2026 11:00	75.707	75.743	75.6	75.605	14272
15.04.2026 11:15	75.605	75.728	75.573	75.687	24256
15.04.2026 11:30	75.687	75.865	75.625	75.857	27887
15.04.2026 11:45	75.858	76.017	75.852	75.974	48821
15.04.2026 12:00	75.975	75.996	75.76	75.782	38677
15.04.2026 12:15	75.782	75.808	75.704	75.732	19695
15.04.2026 12:30	75.733	75.775	75.693	75.704	23599
15.04.2026 12:45	75.706	75.769	75.677	75.768	14203
15.04.2026 13:00	75.768	76.177	75.756	76.159	67318
15.04.2026 13:15	76.156	76.28	76.086	76.211	49185
15.04.2026 13:30	76.21	76.33	76.153	76.258	30772
15.04.2026 13:45	76.26	76.53	76.25	76.501	45263
15.04.2026 14:00	76.504	76.968	76.504	76.709	94343
15.04.2026 14:15	76.713	76.857	76.514	76.567	67627
15.04.2026 14:30	76.566	76.75	76.543	76.603	31077
15.04.2026 14:45	76.6	76.716	76.6	76.673	18266
15.04.2026 15:00	76.678	76.742	76.55	76.623	43717
15.04.2026 15:15	76.628	76.725	76.623	76.698	25947
15.04.2026 15:30	76.701	76.839	76.68	76.691	40908
15.04.2026 15:45	76.692	76.777	76.656	76.774	11394
15.04.2026 16:00	76.776	76.91	76.772	76.872	23956
15.04.2026 16:15	76.87	76.909	76.674	76.735	19824
15.04.2026 16:30	76.734	76.791	76.68	76.749	16002
15.04.2026 16:45	76.744	76.75	76.534	76.553	27708
15.04.2026 17:00	76.555	76.578	76.414	76.45	45699
15.04.2026 17:15	76.45	76.51	76.39	76.495	28028
15.04.2026 17:30	76.495	76.526	76.471	76.491	19178
15.04.2026 17:45	76.497	76.522	76.437	76.482	7768
15.04.2026 18:00	76.482	76.482	76.405	76.444	10364
15.04.2026 18:15	76.444	76.507	76.439	76.505	7993
15.04.2026 18:30	76.503	76.745	76.478	76.659	19602
15.04.2026 18:45	76.657	76.725	76.592	76.6	6553
15.04.2026 19:00	76.599	76.735	76.525	76.711	8003
15.04.2026 19:15	76.712	76.721	76.552	76.565	4613
15.04.2026 19:30	76.563	76.637	76.533	76.543	3196
15.04.2026 19:45	76.541	76.603	76.533	76.571	1445
15.04.2026 20:00	76.571	76.59	76.55	76.555	2196
15.04.2026 20:15	76.554	76.559	76.551	76.558	571
15.04.2026 20:30	76.558	76.578	76.543	76.565	1203
15.04.2026 20:45	76.563	76.578	76.549	76.566	881
15.04.2026 21:00	76.566	76.585	76.549	76.584	655
15.04.2026 21:15	76.584	76.63	76.584	76.598	1559
15.04.2026 21:30	76.599	76.613	76.593	76.611	716
15.04.2026 21:45	76.606	76.63	76.601	76.616	848
15.04.2026 22:00	76.621	76.625	76.581	76.59	781
15.04.2026 22:15	76.59	76.59	76.546	76.546	1108
15.04.2026 22:30	76.546	76.588	76.536	76.56	770
15.04.2026 22:45	76.564	76.607	76.562	76.593	884
15.04.2026 23:00	76.59	76.604	76.57	76.576	892
15.04.2026 23:15	76.575	76.601	76.573	76.588	1016
15.04.2026 23:30	76.586	76.615	76.579	76.587	1268
15.04.2026 23:45	76.588	76.609	76.579	76.581	596
16.04.2026 08:45	76.551	76.551	76.551	76.551	47
16.04.2026 09:00	76.569	76.913	76.54	76.899	21947
16.04.2026 09:15	76.9	76.95	76.76	76.775	17144
16.04.2026 09:30	76.767	76.878	76.687	76.697	9240
16.04.2026 09:45	76.7	76.742	76.503	76.603	12879
16.04.2026 10:00	76.604	76.62	76.185	76.237	69035
16.04.2026 10:15	76.237	76.418	76.203	76.407	23825
16.04.2026 10:30	76.405	77.574	76.383	77.317	184236
16.04.2026 10:45	77.324	77.423	77.103	77.311	80021
16.04.2026 11:00	77.307	77.48	77.17	77.234	49900
16.04.2026 11:15	77.233	77.375	77.196	77.329	19101
16.04.2026 11:30	77.328	77.715	77.3	77.604	83367
16.04.2026 11:45	77.601	77.772	77.506	77.557	64382
16.04.2026 12:00	77.557	77.671	77.54	77.633	22806
16.04.2026 12:15	77.63	77.735	77.58	77.62	38759
16.04.2026 12:30	77.619	77.748	77.475	77.484	32474
16.04.2026 12:45	77.484	77.497	77.282	77.404	40562
16.04.2026 13:00	77.394	77.409	77.278	77.364	15092
16.04.2026 13:15	77.363	77.456	77.28	77.286	16709
16.04.2026 13:30	77.288	77.304	77.141	77.181	27048
16.04.2026 13:45	77.181	77.275	77.074	77.242	28896
16.04.2026 14:00	77.242	77.363	77.184	77.234	20741
16.04.2026 14:15	77.233	77.314	77.187	77.193	11627
16.04.2026 14:30	77.186	77.216	77.087	77.176	19324
16.04.2026 14:45	77.175	77.242	77.133	77.232	15819
16.04.2026 15:00	77.234	77.264	77.165	77.229	15786
16.04.2026 15:15	77.231	77.289	77.18	77.197	12743
16.04.2026 15:30	77.2	77.42	77.171	77.349	19846
16.04.2026 15:45	77.35	77.548	77.339	77.458	31598
16.04.2026 16:00	77.454	77.536	77.313	77.381	27899
16.04.2026 16:15	77.382	77.397	77.266	77.293	12752
16.04.2026 16:30	77.292	77.346	77.261	77.326	11893
16.04.2026 16:45	77.327	77.357	77.171	77.276	16686
16.04.2026 17:00	77.278	77.342	77.215	77.272	11363
16.04.2026 17:15	77.28	77.323	77.08	77.08	17492
16.04.2026 17:30	77.08	77.262	77.035	77.178	29846
16.04.2026 17:45	77.178	77.211	77.135	77.192	8715
16.04.2026 18:00	77.193	77.22	77.137	77.21	7109
16.04.2026 18:15	77.21	77.21	76.86	76.894	31144
16.04.2026 18:30	76.895	77.042	76.834	77.024	17566
16.04.2026 18:45	77.024	77.027	76.879	76.931	10192
16.04.2026 19:00	76.935	76.987	76.869	76.892	6451
16.04.2026 19:15	76.889	76.987	76.889	76.98	4482
16.04.2026 19:30	76.98	77.0	76.969	76.995	2440
16.04.2026 19:45	76.994	77.033	76.951	76.954	3230
16.04.2026 20:00	76.953	76.981	76.945	76.959	1502
16.04.2026 20:15	76.954	76.971	76.929	76.966	1357
16.04.2026 20:30	76.963	76.969	76.931	76.943	1353
16.04.2026 20:45	76.943	76.964	76.867	76.908	4270
16.04.2026 21:00	76.908	76.908	76.8	76.812	7493
16.04.2026 21:15	76.807	76.807	76.713	76.78	8691
16.04.2026 21:30	76.78	76.781	76.73	76.734	1920
16.04.2026 21:45	76.735	76.793	76.727	76.776	2304
16.04.2026 22:00	76.777	76.874	76.768	76.831	2717
16.04.2026 22:15	76.829	76.859	76.775	76.824	1459
16.04.2026 22:30	76.826	77.099	76.8	76.972	12881
16.04.2026 22:45	76.969	77.007	76.947	76.95	1893
16.04.2026 23:00	76.95	77.057	76.95	77.051	3330
16.04.2026 23:15	77.051	77.051	77.011	77.041	2319
16.04.2026 23:30	77.048	77.054	77.011	77.042	1587
16.04.2026 23:45	77.042	77.064	77.021	77.035	1313
17.04.2026 08:45	77.05	77.05	77.05	77.05	30
17.04.2026 09:00	77.05	77.157	76.921	77.023	13184
17.04.2026 09:15	77.032	77.271	76.992	77.223	20382
17.04.2026 09:30	77.222	77.245	77.012	77.061	9965
17.04.2026 09:45	77.061	77.096	76.943	77.05	9864
17.04.2026 10:00	77.055	77.226	76.846	76.959	40307
17.04.2026 10:15	76.952	77.198	76.912	77.045	32568
17.04.2026 10:30	77.044	77.11	77.021	77.072	16423
17.04.2026 10:45	77.069	77.151	77.033	77.087	12168
17.04.2026 11:00	77.081	77.449	77.059	77.344	41251
17.04.2026 11:15	77.345	77.37	77.252	77.349	21058
17.04.2026 11:30	77.346	77.373	77.254	77.288	21295
17.04.2026 11:45	77.288	77.322	77.15	77.156	24078
17.04.2026 12:00	77.155	77.177	76.827	76.848	44271
17.04.2026 12:15	76.848	76.999	76.82	76.974	34375
17.04.2026 12:30	76.974	77.207	76.972	77.108	44412
17.04.2026 12:45	77.111	77.145	77.031	77.084	24235
17.04.2026 13:00	77.083	77.134	77.023	77.044	15498
17.04.2026 13:15	77.038	77.067	77.015	77.02	9088
17.04.2026 13:30	77.027	77.16	77.017	77.105	9295
17.04.2026 13:45	77.105	77.14	76.978	77.019	17609
17.04.2026 14:00	77.015	77.059	76.95	77.051	12867
17.04.2026 14:15	77.053	77.092	76.991	77.074	10327
17.04.2026 14:30	77.084	77.089	76.977	77.024	10401
17.04.2026 14:45	77.024	77.059	76.963	77.003	10026
17.04.2026 15:00	77.008	77.05	76.96	76.992	12508
17.04.2026 15:15	76.991	77.027	76.915	76.933	15515
17.04.2026 15:30	76.935	76.936	76.628	76.65	48672
17.04.2026 15:45	76.65	76.85	76.563	76.774	40449
17.04.2026 16:00	76.772	76.809	76.656	76.664	34293
17.04.2026 16:15	76.664	76.837	76.634	76.8	15402
17.04.2026 16:30	76.802	76.829	76.682	76.684	18184
17.04.2026 16:45	76.688	76.797	76.651	76.67	13261
17.04.2026 17:00	76.67	76.673	76.53	76.561	18597
17.04.2026 17:15	76.558	76.586	76.5	76.524	27620
17.04.2026 17:30	76.523	76.727	76.5	76.667	27582
17.04.2026 17:45	76.667	76.938	76.663	76.667	60337
17.04.2026 18:00	76.667	76.744	76.647	76.666	60057
17.04.2026 18:15	76.666	76.77	76.65	76.756	59020
17.04.2026 18:30	76.755	76.77	76.683	76.735	6213
17.04.2026 18:45	76.732	76.766	76.655	76.718	4505
17.04.2026 19:00	76.716	76.77	76.713	76.733	2903
17.04.2026 19:15	76.732	76.75	76.666	76.689	2339
17.04.2026 19:30	76.698	76.733	76.684	76.699	1418
17.04.2026 19:45	76.691	76.714	76.65	76.7	2039
17.04.2026 20:00	76.699	76.732	76.679	76.691	1308
17.04.2026 20:15	76.695	76.709	76.677	76.68	1388
17.04.2026 20:30	76.685	76.686	76.658	76.676	879
17.04.2026 20:45	76.676	76.719	76.675	76.719	1642
17.04.2026 21:00	76.718	76.796	76.718	76.791	3202
17.04.2026 21:15	76.79	76.795	76.75	76.785	1665
17.04.2026 21:30	76.785	76.823	76.762	76.79	1855
17.04.2026 21:45	76.796	76.81	76.761	76.8	1427
17.04.2026 22:00	76.804	76.82	76.797	76.817	1027
17.04.2026 22:15	76.814	76.864	76.814	76.827	2017
17.04.2026 22:30	76.824	76.83	76.788	76.791	1396
17.04.2026 22:45	76.791	76.81	76.752	76.799	1346
17.04.2026 23:00	76.804	76.837	76.754	76.829	1684
17.04.2026 23:15	76.829	76.843	76.817	76.817	1319
17.04.2026 23:30	76.825	76.857	76.787	76.813	2511
20.04.2026 08:45	76.7	76.7	76.7	76.7	82
20.04.2026 09:00	76.691	76.77	76.435	76.52	22207
20.04.2026 09:15	76.519	76.52	76.304	76.399	18825
20.04.2026 09:30	76.398	76.456	76.343	76.386	6319
20.04.2026 09:45	76.384	76.509	76.305	76.39	14555
20.04.2026 10:00	76.391	76.638	76.38	76.548	35616
20.04.2026 10:15	76.551	76.63	76.452	76.611	23950
20.04.2026 10:30	76.608	76.684	76.552	76.563	24644
20.04.2026 10:45	76.562	76.594	76.307	76.393	30012
20.04.2026 11:00	76.387	76.398	76.194	76.249	59601
20.04.2026 11:15	76.249	76.38	76.106	76.233	56959
20.04.2026 11:30	76.236	76.353	76.151	76.295	23237
20.04.2026 11:45	76.296	76.36	76.143	76.175	23893
20.04.2026 12:00	76.173	76.282	76.051	76.07	34330
20.04.2026 12:15	76.066	76.168	76.002	76.166	29321
20.04.2026 12:30	76.165	76.202	76.114	76.12	16995
20.04.2026 12:45	76.121	76.144	76.0	76.133	28584
20.04.2026 13:00	76.134	76.36	76.122	76.36	75915
20.04.2026 13:15	76.356	76.361	76.208	76.331	59783
20.04.2026 13:30	76.329	76.335	76.102	76.181	42524
20.04.2026 13:45	76.182	76.251	76.152	76.238	13398
20.04.2026 14:00	76.24	76.31	76.221	76.284	8221
20.04.2026 14:15	76.284	76.304	76.23	76.283	18377
20.04.2026 14:30	76.285	76.4	76.262	76.352	17217
20.04.2026 14:45	76.353	76.417	76.319	76.359	24148
20.04.2026 15:00	76.36	76.418	76.328	76.389	25092
20.04.2026 15:15	76.387	76.418	76.331	76.345	24177
20.04.2026 15:30	76.339	76.352	76.263	76.327	7728
20.04.2026 15:45	76.327	76.357	76.274	76.282	17308
20.04.2026 16:00	76.28	76.283	76.173	76.208	27479
20.04.2026 16:15	76.209	76.228	76.16	76.201	10337
20.04.2026 16:30	76.2	76.257	76.2	76.2	7435
20.04.2026 16:45	76.2	76.227	76.141	76.165	34784
20.04.2026 17:00	76.165	76.185	76.13	76.175	26290
20.04.2026 17:15	76.176	76.297	76.151	76.275	39930
20.04.2026 17:30	76.274	76.285	76.2	76.204	45524
20.04.2026 17:45	76.206	76.298	76.195	76.263	38400
20.04.2026 18:00	76.265	76.355	76.253	76.318	39624
20.04.2026 18:15	76.32	76.322	76.18	76.18	16248
20.04.2026 18:30	76.183	76.198	76.163	76.166	7232
20.04.2026 18:45	76.165	76.255	76.15	76.2	7164
20.04.2026 19:00	76.199	76.238	76.143	76.148	3048
20.04.2026 19:15	76.147	76.167	76.123	76.15	3136
20.04.2026 19:30	76.149	76.194	76.122	76.123	3319
20.04.2026 19:45	76.127	76.147	76.121	76.136	1018
20.04.2026 20:00	76.136	76.136	76.036	76.077	9263
20.04.2026 20:15	76.077	76.077	75.963	75.984	9879
20.04.2026 20:30	75.99	76.034	75.967	75.997	7158
20.04.2026 20:45	75.998	75.999	75.878	75.913	11589
20.04.2026 21:00	75.916	75.968	75.891	75.957	4246
20.04.2026 21:15	75.956	75.989	75.951	75.983	1177
20.04.2026 21:30	75.984	75.986	75.942	75.971	1428
20.04.2026 21:45	75.972	75.98	75.928	75.963	1750
20.04.2026 22:00	75.963	75.989	75.952	75.962	1052
20.04.2026 22:15	75.962	75.989	75.952	75.989	657
20.04.2026 22:30	75.989	75.994	75.97	75.981	1641
20.04.2026 22:45	75.981	75.99	75.973	75.987	776
20.04.2026 23:00	75.986	75.995	75.975	75.985	1387
20.04.2026 23:15	75.982	75.982	75.957	75.97	1006
20.04.2026 23:30	75.965	75.995	75.95	75.978	2008
20.04.2026 23:45	75.988	75.996	75.95	75.987	1040
21.04.2026 08:45	75.994	75.994	75.994	75.994	36
21.04.2026 09:00	75.994	76.049	75.814	75.96	23641
21.04.2026 09:15	75.958	75.985	75.909	75.923	6213
21.04.2026 09:30	75.925	75.95	75.87	75.918	3551
21.04.2026 09:45	75.916	75.921	75.769	75.786	12005
21.04.2026 10:00	75.789	75.888	75.723	75.793	47556
21.04.2026 10:15	75.793	75.83	75.632	75.657	69645
21.04.2026 10:30	75.658	75.71	75.578	75.616	27415
21.04.2026 10:45	75.615	75.65	75.485	75.515	44387
21.04.2026 11:00	75.516	75.585	75.472	75.561	35215
21.04.2026 11:15	75.561	75.57	75.317	75.328	61436
21.04.2026 11:30	75.326	75.397	75.293	75.367	54149
21.04.2026 11:45	75.367	75.489	75.362	75.365	45379
21.04.2026 12:00	75.37	75.437	75.365	75.39	42810
21.04.2026 12:15	75.39	75.391	75.269	75.38	51239
21.04.2026 12:30	75.383	75.52	75.301	75.371	54723
21.04.2026 12:45	75.374	75.479	75.325	75.374	44511
21.04.2026 13:00	75.376	75.536	75.37	75.492	52949
21.04.2026 13:15	75.494	75.532	75.429	75.43	33968
21.04.2026 13:30	75.43	76.089	75.372	75.682	127038
21.04.2026 13:45	75.682	75.742	75.471	75.57	98966
21.04.2026 14:00	75.569	75.8	75.505	75.615	66051
21.04.2026 14:15	75.618	75.624	75.501	75.529	44682
21.04.2026 14:30	75.527	75.536	75.432	75.481	32978
21.04.2026 14:45	75.48	75.648	75.47	75.628	26223
21.04.2026 15:00	75.63	75.679	75.536	75.667	19832
21.04.2026 15:15	75.664	75.687	75.569	75.592	7621
21.04.2026 15:30	75.6	75.775	75.6	75.762	18292
21.04.2026 15:45	75.764	75.86	75.749	75.784	18890
21.04.2026 16:00	75.784	75.816	75.577	75.589	17634
21.04.2026 16:15	75.587	75.622	75.522	75.524	18000
21.04.2026 16:30	75.524	75.609	75.52	75.6	9649
21.04.2026 16:45	75.602	75.654	75.561	75.597	13474
21.04.2026 17:00	75.595	75.596	75.411	75.421	18901
21.04.2026 17:15	75.422	75.53	75.411	75.461	12530
21.04.2026 17:30	75.462	75.468	75.213	75.271	35054
21.04.2026 17:45	75.269	75.392	75.211	75.389	34726
21.04.2026 18:00	75.387	75.485	75.262	75.386	18974
21.04.2026 18:15	75.389	75.588	75.38	75.541	15152
21.04.2026 18:30	75.537	75.561	75.447	75.467	9048
21.04.2026 18:45	75.468	75.529	75.409	75.446	7652
21.04.2026 19:00	75.444	75.504	75.392	75.46	4500
21.04.2026 19:15	75.463	75.474	75.406	75.461	3074
21.04.2026 19:30	75.456	75.489	75.417	75.441	2440
21.04.2026 19:45	75.437	75.454	75.385	75.421	3576
21.04.2026 20:00	75.422	75.455	75.331	75.413	5622
21.04.2026 20:15	75.414	75.44	75.365	75.427	2436
21.04.2026 20:30	75.426	75.426	75.375	75.395	2502
21.04.2026 20:45	75.396	75.447	75.387	75.412	1790
21.04.2026 21:00	75.412	75.479	75.4	75.468	2403
21.04.2026 21:15	75.473	75.667	75.47	75.586	11491
21.04.2026 21:30	75.581	75.586	75.461	75.475	3044
21.04.2026 21:45	75.475	75.556	75.475	75.556	1623
21.04.2026 22:00	75.545	75.59	75.521	75.562	1818
21.04.2026 22:15	75.554	75.572	75.543	75.571	851
21.04.2026 22:30	75.568	75.568	75.458	75.47	2822
21.04.2026 22:45	75.478	75.498	75.441	75.48	2786
21.04.2026 23:00	75.48	75.545	75.458	75.527	3466
21.04.2026 23:15	75.527	75.542	75.441	75.472	1874
21.04.2026 23:30	75.463	75.565	75.452	75.48	1957
21.04.2026 23:45	75.483	75.534	75.465	75.489	1258
22.04.2026 08:45	75.489	75.489	75.489	75.489	5
22.04.2026 09:00	75.488	75.547	75.35	75.429	11695
22.04.2026 09:15	75.432	75.556	75.353	75.531	9438
22.04.2026 09:30	75.531	75.584	75.504	75.56	6197
22.04.2026 09:45	75.56	75.65	75.554	75.597	10276
22.04.2026 10:00	75.598	76.049	75.553	76.024	74717
22.04.2026 10:15	76.024	76.051	75.876	76.05	52882
22.04.2026 10:30	76.047	76.23	75.881	75.898	59906
22.04.2026 10:45	75.899	75.939	75.8	75.882	37812
22.04.2026 11:00	75.881	75.986	75.781	75.797	32497
22.04.2026 11:15	75.797	75.799	75.66	75.691	35958
22.04.2026 11:30	75.691	75.818	75.675	75.744	25383
22.04.2026 11:45	75.744	75.844	75.691	75.817	22601
22.04.2026 12:00	75.814	75.889	75.65	75.703	37697
22.04.2026 12:15	75.705	75.861	75.69	75.8	39225
22.04.2026 12:30	75.8	75.854	75.658	75.703	36112
22.04.2026 12:45	75.703	75.755	75.68	75.739	24050
22.04.2026 13:00	75.739	75.852	75.711	75.843	28130
22.04.2026 13:15	75.843	75.914	75.814	75.819	25425
22.04.2026 13:30	75.819	75.923	75.801	75.85	24448
22.04.2026 13:45	75.85	75.897	75.814	75.891	17519
22.04.2026 14:00	75.893	75.939	75.808	75.873	25671
22.04.2026 14:15	75.873	75.998	75.787	75.958	63031
22.04.2026 14:30	75.961	76.039	75.95	75.99	88992
22.04.2026 14:45	75.989	75.999	75.911	75.976	84572
22.04.2026 15:00	75.977	76.134	75.965	76.004	114750
22.04.2026 15:15	76.005	76.094	75.845	75.88	79932
22.04.2026 15:30	75.878	76.034	75.864	75.954	27769
22.04.2026 15:45	75.956	75.989	75.874	75.925	21356
22.04.2026 16:00	75.921	76.0	75.771	75.907	71196
22.04.2026 16:15	75.91	75.987	75.816	75.892	30082
22.04.2026 16:30	75.895	75.92	75.786	75.861	44337
22.04.2026 16:45	75.861	75.861	75.682	75.728	26414
22.04.2026 17:00	75.717	75.791	75.668	75.761	13216
22.04.2026 17:15	75.761	75.827	75.756	75.794	8365
22.04.2026 17:30	75.793	75.863	75.769	75.809	13473
22.04.2026 17:45	75.819	75.851	75.718	75.789	12136
22.04.2026 18:00	75.789	75.9	75.765	75.885	13517
22.04.2026 18:15	75.885	75.938	75.752	75.798	9768
22.04.2026 18:30	75.804	75.857	75.761	75.801	9267
22.04.2026 18:45	75.794	75.8	75.718	75.719	4199
22.04.2026 19:00	75.725	75.87	75.72	75.82	5134
22.04.2026 19:15	75.819	75.89	75.801	75.876	2918
22.04.2026 19:30	75.873	75.883	75.837	75.88	1818
22.04.2026 19:45	75.88	75.887	75.847	75.886	794
22.04.2026 20:00	75.888	75.915	75.812	75.843	2165
22.04.2026 20:15	75.843	75.856	75.816	75.853	1427
22.04.2026 20:30	75.853	75.889	75.831	75.871	1284
22.04.2026 20:45	75.868	75.902	75.85	75.881	1377
22.04.2026 21:00	75.879	75.889	75.869	75.875	908
22.04.2026 21:15	75.874	75.886	75.866	75.88	526
22.04.2026 21:30	75.88	75.88	75.86	75.873	285
22.04.2026 21:45	75.873	75.935	75.871	75.901	2388
22.04.2026 22:00	75.9	75.917	75.889	75.893	910
22.04.2026 22:15	75.893	75.908	75.88	75.898	1012
22.04.2026 22:30	75.9	75.924	75.888	75.924	1164
22.04.2026 22:45	75.923	75.94	75.903	75.933	909
22.04.2026 23:00	75.932	75.938	75.891	75.912	1418
22.04.2026 23:15	75.909	75.914	75.895	75.907	454
22.04.2026 23:30	75.906	75.92	75.902	75.919	781
22.04.2026 23:45	75.92	75.92	75.88	75.88	592
23.04.2026 08:45	75.86	75.878	75.86	75.866	32
23.04.2026 09:00	75.86	75.878	75.565	75.67	20458
23.04.2026 09:15	75.674	75.782	75.614	75.655	11199
23.04.2026 09:30	75.659	75.686	75.6	75.629	8668
23.04.2026 09:45	75.628	75.644	75.538	75.634	13180
23.04.2026 10:00	75.633	75.776	75.588	75.71	35725
23.04.2026 10:15	75.71	75.841	75.546	75.726	56496
23.04.2026 10:30	75.726	75.827	75.653	75.749	27333
23.04.2026 10:45	75.746	75.76	75.51	75.665	64334
23.04.2026 11:00	75.665	75.747	75.584	75.607	52196
23.04.2026 11:15	75.609	75.639	75.511	75.546	43567
23.04.2026 11:30	75.547	75.663	75.52	75.626	47095
23.04.2026 11:45	75.627	75.644	75.568	75.598	45082
23.04.2026 12:00	75.597	75.704	75.577	75.639	51487
23.04.2026 12:15	75.641	75.697	75.525	75.682	52997
23.04.2026 12:30	75.68	75.798	75.678	75.774	45612
23.04.2026 12:45	75.772	75.9	75.748	75.79	46195
23.04.2026 13:00	75.79	75.823	75.75	75.762	32715
23.04.2026 13:15	75.759	75.788	75.709	75.748	34631
23.04.2026 13:30	75.75	75.819	75.736	75.785	31150
23.04.2026 13:45	75.786	75.936	75.762	75.857	48533
23.04.2026 14:00	75.858	75.935	75.801	75.802	29753
23.04.2026 14:15	75.802	75.813	75.731	75.736	24758
23.04.2026 14:30	75.736	75.771	75.685	75.76	33826
23.04.2026 14:45	75.76	75.993	75.759	75.939	78952
23.04.2026 15:00	75.941	75.983	75.852	75.874	28662
23.04.2026 15:15	75.874	75.89	75.829	75.848	15784
23.04.2026 15:30	75.847	76.68	75.839	76.678	178460
23.04.2026 15:45	76.68	76.951	76.679	76.844	141432
23.04.2026 16:00	76.84	76.97	76.743	76.809	91378
23.04.2026 16:15	76.815	76.855	76.657	76.78	54483
23.04.2026 16:30	76.789	76.806	76.656	76.702	31484
23.04.2026 16:45	76.706	76.767	76.555	76.58	39353
23.04.2026 17:00	76.58	76.752	76.558	76.697	35111
23.04.2026 17:15	76.695	76.813	76.629	76.801	31351
23.04.2026 17:30	76.801	76.805	76.607	76.751	21196
23.04.2026 17:45	76.751	76.76	76.586	76.598	15923
23.04.2026 18:00	76.597	76.644	76.59	76.614	15380
23.04.2026 18:15	76.613	76.652	76.555	76.628	13676
23.04.2026 18:30	76.627	76.689	76.623	76.683	5902
23.04.2026 18:45	76.683	76.702	76.67	76.68	3939
23.04.2026 19:00	76.681	76.747	76.657	76.729	9386
23.04.2026 19:15	76.732	76.734	76.638	76.667	3884
23.04.2026 19:30	76.667	76.692	76.61	76.676	3596
23.04.2026 19:45	76.676	76.763	76.672	76.732	3345
23.04.2026 20:00	76.731	76.756	76.701	76.726	4810
23.04.2026 20:15	76.725	76.73	76.638	76.69	10308
23.04.2026 20:30	76.69	76.738	76.68	76.722	4794
23.04.2026 20:45	76.723	76.75	76.69	76.712	4299
23.04.2026 21:00	76.713	76.787	76.713	76.768	3791
23.04.2026 21:15	76.769	76.805	76.767	76.8	2028
23.04.2026 21:30	76.796	76.797	76.75	76.777	2101
23.04.2026 21:45	76.772	76.789	76.76	76.783	1253
23.04.2026 22:00	76.782	76.83	76.777	76.806	3011
23.04.2026 22:15	76.81	76.828	76.789	76.803	1941
23.04.2026 22:30	76.806	76.848	76.806	76.846	2654
23.04.2026 22:45	76.84	76.848	76.813	76.825	1868
23.04.2026 23:00	76.822	76.848	76.821	76.834	2189
23.04.2026 23:15	76.835	76.844	76.817	76.837	1842
23.04.2026 23:30	76.839	76.846	76.821	76.828	1789
23.04.2026 23:45	76.829	76.836	76.81	76.811	1075
24.04.2026 08:45	76.85	76.85	76.85	76.85	210
24.04.2026 09:00	76.85	77.05	76.777	76.964	24952
24.04.2026 09:15	76.966	77.174	76.964	77.111	33834
24.04.2026 09:30	77.112	77.154	77.05	77.057	12868
24.04.2026 09:45	77.055	77.068	76.95	77.02	18650
24.04.2026 10:00	77.026	77.05	76.51	76.585	90707
24.04.2026 10:15	76.584	76.644	76.406	76.498	57341
24.04.2026 10:30	76.5	76.671	76.438	76.546	52849
24.04.2026 10:45	76.547	76.554	76.432	76.495	38453
24.04.2026 11:00	76.491	76.535	76.411	76.5	25292
24.04.2026 11:15	76.499	76.513	76.423	76.474	29496
24.04.2026 11:30	76.474	76.475	76.35	76.356	25788
24.04.2026 11:45	76.356	76.364	76.316	76.335	25816
24.04.2026 12:00	76.335	76.397	76.254	76.349	56058
24.04.2026 12:15	76.35	76.426	76.337	76.361	23345
24.04.2026 12:30	76.36	76.379	76.299	76.35	26227
24.04.2026 12:45	76.35	76.417	76.343	76.386	47432
24.04.2026 13:00	76.386	76.55	76.359	76.536	59192
24.04.2026 13:15	76.534	76.565	76.454	76.541	48551
24.04.2026 13:30	76.541	76.548	76.181	76.308	114426
24.04.2026 13:45	76.31	76.455	76.285	76.449	33367
24.04.2026 14:00	76.45	76.461	76.284	76.291	31458
24.04.2026 14:15	76.292	76.292	76.164	76.23	35511
24.04.2026 14:30	76.23	76.238	76.1	76.221	32839
24.04.2026 14:45	76.221	76.328	76.202	76.284	23296
24.04.2026 15:00	76.284	76.331	76.24	76.308	21843
24.04.2026 15:15	76.307	76.37	76.2	76.216	40814
24.04.2026 15:30	76.214	76.342	76.206	76.265	16770
24.04.2026 15:45	76.266	76.289	76.202	76.22	15655
24.04.2026 16:00	76.215	76.215	76.101	76.149	19768
24.04.2026 16:15	76.15	76.255	76.117	76.249	19590
24.04.2026 16:30	76.249	76.253	76.146	76.148	32370
24.04.2026 16:45	76.15	76.15	76.008	76.013	86070
24.04.2026 17:00	76.013	76.013	75.9	75.93	65909
24.04.2026 17:15	75.929	75.974	75.86	75.893	39086
24.04.2026 17:30	75.893	75.995	75.886	75.964	17695
24.04.2026 17:45	75.965	75.972	75.88	75.89	8100
24.04.2026 18:00	75.889	75.933	75.879	75.905	8804
24.04.2026 18:15	75.905	75.936	75.882	75.886	13025
24.04.2026 18:30	75.891	75.915	75.856	75.869	15889
24.04.2026 18:45	75.869	75.898	75.817	75.891	12992
24.04.2026 19:00	75.89	75.94	75.848	75.902	6115
24.04.2026 19:15	75.903	75.938	75.874	75.915	2833
24.04.2026 19:30	75.915	75.97	75.906	75.965	2833
24.04.2026 19:45	75.964	75.971	75.876	75.896	3244
24.04.2026 20:00	75.895	75.904	75.872	75.877	1461
24.04.2026 20:15	75.876	75.888	75.86	75.878	1709
24.04.2026 20:30	75.876	75.901	75.864	75.894	782
24.04.2026 20:45	75.902	75.919	75.891	75.908	613
24.04.2026 21:00	75.904	75.947	75.904	75.94	1229
24.04.2026 21:15	75.94	75.946	75.923	75.934	1149
24.04.2026 21:30	75.936	75.936	75.895	75.912	990
24.04.2026 21:45	75.915	75.916	75.871	75.879	1467
24.04.2026 22:00	75.879	75.904	75.853	75.9	2095
24.04.2026 22:15	75.898	75.899	75.865	75.874	780
24.04.2026 22:30	75.868	75.913	75.86	75.865	2425
24.04.2026 22:45	75.867	75.896	75.867	75.896	700
24.04.2026 23:00	75.897	75.897	75.857	75.883	1494
24.04.2026 23:15	75.883	75.884	75.859	75.862	1393
24.04.2026 23:30	75.862	75.866	75.811	75.826	3957
24.04.2026 23:45	75.819	75.832	75.81	75.815	1588
27.04.2026 08:45	75.839	75.888	75.839	75.888	386
27.04.2026 09:00	75.839	75.88	75.696	75.766	24410
27.04.2026 09:15	75.767	75.819	75.645	75.717	9889
27.04.2026 09:30	75.717	75.75	75.651	75.675	7706
27.04.2026 09:45	75.677	75.717	75.575	75.619	14695
27.04.2026 10:00	75.622	75.692	75.514	75.6	42733
27.04.2026 10:15	75.6	75.6	75.464	75.529	30643
27.04.2026 10:30	75.527	75.731	75.481	75.64	39700
27.04.2026 10:45	75.64	75.81	75.634	75.756	34974
27.04.2026 11:00	75.754	75.772	75.633	75.654	18629
27.04.2026 11:15	75.653	75.675	75.551	75.583	18240
27.04.2026 11:30	75.583	75.602	75.53	75.578	15671
27.04.2026 11:45	75.579	75.616	75.53	75.536	12744
27.04.2026 12:00	75.536	75.773	75.509	75.744	34691
27.04.2026 12:15	75.744	75.824	75.697	75.709	21095
27.04.2026 12:30	75.704	75.745	75.679	75.688	12735
27.04.2026 12:45	75.689	75.796	75.689	75.785	18866
27.04.2026 13:00	75.786	75.794	75.71	75.728	12923
27.04.2026 13:15	75.726	75.735	75.684	75.69	18020
27.04.2026 13:30	75.69	75.729	75.674	75.687	15013
27.04.2026 13:45	75.689	75.695	75.678	75.686	11508
27.04.2026 14:00	75.686	75.731	75.681	75.724	10686
27.04.2026 14:15	75.723	75.731	75.624	75.648	13287
27.04.2026 14:30	75.65	75.686	75.622	75.629	11314
27.04.2026 14:45	75.629	75.641	75.572	75.628	18458
27.04.2026 15:00	75.626	75.657	75.585	75.625	15117
27.04.2026 15:15	75.625	75.688	75.586	75.662	14248
27.04.2026 15:30	75.662	75.732	75.656	75.695	12530
27.04.2026 15:45	75.695	75.746	75.663	75.719	16908
27.04.2026 16:00	75.719	75.727	75.636	75.636	10157
27.04.2026 16:15	75.639	75.686	75.626	75.647	5959
27.04.2026 16:30	75.647	75.691	75.611	75.639	9965
27.04.2026 16:45	75.639	75.687	75.627	75.634	7365
27.04.2026 17:00	75.635	75.641	75.553	75.587	23130
27.04.2026 17:15	75.588	75.592	75.434	75.459	68815
27.04.2026 17:30	75.463	75.485	75.385	75.404	52260
27.04.2026 17:45	75.406	75.423	75.367	75.394	65419
27.04.2026 18:00	75.393	75.44	75.38	75.407	29252
27.04.2026 18:15	75.407	75.435	75.33	75.422	18493
27.04.2026 18:30	75.42	75.531	75.417	75.458	12069
27.04.2026 18:45	75.458	75.504	75.457	75.49	3971
27.04.2026 19:00	75.489	75.558	75.489	75.523	4592
27.04.2026 19:15	75.523	75.532	75.501	75.512	1344
27.04.2026 19:30	75.512	75.528	75.51	75.524	814
27.04.2026 19:45	75.521	75.522	75.501	75.505	1020
27.04.2026 20:00	75.506	75.541	75.503	75.526	1244
27.04.2026 20:15	75.526	75.545	75.515	75.53	966
27.04.2026 20:30	75.527	75.529	75.471	75.492	1879
27.04.2026 20:45	75.485	75.489	75.411	75.475	2458
27.04.2026 21:00	75.468	75.523	75.468	75.522	1010
27.04.2026 21:15	75.521	75.6	75.455	75.512	5582
27.04.2026 21:30	75.511	75.545	75.502	75.513	973
27.04.2026 21:45	75.515	75.54	75.512	75.539	1516
27.04.2026 22:00	75.537	75.56	75.535	75.551	1046
27.04.2026 22:15	75.55	75.553	75.527	75.534	675
27.04.2026 22:30	75.534	75.56	75.527	75.557	1093
27.04.2026 22:45	75.556	75.558	75.544	75.547	402
27.04.2026 23:00	75.547	75.568	75.536	75.545	1258
27.04.2026 23:15	75.543	75.544	75.504	75.513	990
27.04.2026 23:30	75.513	75.525	75.481	75.523	1953
27.04.2026 23:45	75.513	75.575	75.476	75.476	1776
28.04.2026 08:45	75.478	75.478	75.478	75.478	32
28.04.2026 09:00	75.478	75.531	75.054	75.314	62282
28.04.2026 09:15	75.313	75.36	75.213	75.308	14109
28.04.2026 09:30	75.308	75.382	75.203	75.342	12195
28.04.2026 09:45	75.34	75.446	75.328	75.34	10852
28.04.2026 10:00	75.34	75.429	75.274	75.412	24620
28.04.2026 10:15	75.41	75.475	75.387	75.41	23894
28.04.2026 10:30	75.41	75.464	75.357	75.363	14269
28.04.2026 10:45	75.363	75.557	75.354	75.463	40113
28.04.2026 11:00	75.464	75.527	75.455	75.493	17190
28.04.2026 11:15	75.494	75.628	75.467	75.604	26797
28.04.2026 11:30	75.605	75.935	75.549	75.823	86961
28.04.2026 11:45	75.823	75.865	75.612	75.647	92158
28.04.2026 12:00	75.647	75.73	75.606	75.623	87768
28.04.2026 12:15	75.624	75.639	75.513	75.565	33300
28.04.2026 12:30	75.566	75.601	75.465	75.566	63501
28.04.2026 12:45	75.561	75.692	75.548	75.658	34173
28.04.2026 13:00	75.655	75.77	75.653	75.714	29055
28.04.2026 13:15	75.714	75.754	75.702	75.741	10211
28.04.2026 13:30	75.743	75.821	75.74	75.748	16075
28.04.2026 13:45	75.748	75.871	75.687	75.838	46063
28.04.2026 14:00	75.838	75.986	75.816	75.978	71478
28.04.2026 14:15	75.978	76.069	75.961	76.056	90136
28.04.2026 14:30	76.057	76.092	75.914	75.949	51564
28.04.2026 14:45	75.951	76.013	75.93	76.001	13906
28.04.2026 15:00	75.999	76.035	75.97	75.992	19097
28.04.2026 15:15	75.995	76.173	75.986	76.173	21525
28.04.2026 15:30	76.17	76.298	76.159	76.173	49007
28.04.2026 15:45	76.173	76.223	76.068	76.216	28844
28.04.2026 16:00	76.216	76.228	76.137	76.156	20206
28.04.2026 16:15	76.154	76.19	76.128	76.162	13109
28.04.2026 16:30	76.163	76.244	76.15	76.213	39214
28.04.2026 16:45	76.214	76.274	76.158	76.166	26899
28.04.2026 17:00	76.164	76.339	76.152	76.304	69735
28.04.2026 17:15	76.304	76.379	76.297	76.312	68937
28.04.2026 17:30	76.312	76.317	76.191	76.218	65099
28.04.2026 17:45	76.221	76.222	76.086	76.201	25634
28.04.2026 18:00	76.201	76.211	76.092	76.2	28293
28.04.2026 18:15	76.2	76.265	76.171	76.179	21695
28.04.2026 18:30	76.18	76.25	76.178	76.19	6913
28.04.2026 18:45	76.191	76.195	76.15	76.15	7220
28.04.2026 19:00	76.151	76.178	76.1	76.15	4922
28.04.2026 19:15	76.15	76.191	76.149	76.185	2341
28.04.2026 19:30	76.18	76.188	76.152	76.172	2097
28.04.2026 19:45	76.172	76.189	76.152	76.17	2172
28.04.2026 20:00	76.17	76.22	76.161	76.215	2661
28.04.2026 20:15	76.219	76.297	76.203	76.297	4317
28.04.2026 20:30	76.295	76.295	76.253	76.256	1636
28.04.2026 20:45	76.255	76.288	76.238	76.288	2287
28.04.2026 21:00	76.283	76.295	76.266	76.285	1382
28.04.2026 21:15	76.282	76.295	76.27	76.288	1884
28.04.2026 21:30	76.285	76.291	76.26	76.264	1234
28.04.2026 21:45	76.265	76.278	76.255	76.255	1421
28.04.2026 22:00	76.255	76.266	76.237	76.244	3540
28.04.2026 22:15	76.241	76.244	76.175	76.187	3414
28.04.2026 22:30	76.187	76.204	76.168	76.177	1904
28.04.2026 22:45	76.168	76.203	76.137	76.162	3101
28.04.2026 23:00	76.163	76.2	76.149	76.182	1732
28.04.2026 23:15	76.181	76.215	76.165	76.196	1610
28.04.2026 23:30	76.196	76.206	76.16	76.178	1367
28.04.2026 23:45	76.178	76.189	76.146	76.146	1235
29.04.2026 08:45	76.166	76.166	76.166	76.166	59
29.04.2026 09:00	76.194	76.43	76.161	76.308	21282
29.04.2026 09:15	76.31	76.354	76.251	76.268	7587
29.04.2026 09:30	76.265	76.309	76.202	76.235	5098
29.04.2026 09:45	76.234	76.263	76.125	76.155	12883
29.04.2026 10:00	76.156	76.291	76.062	76.094	51180
29.04.2026 10:15	76.094	76.095	75.889	75.985	50430
29.04.2026 10:30	75.985	75.99	75.78	75.863	45224
29.04.2026 10:45	75.862	75.862	75.733	75.781	31950
29.04.2026 11:00	75.782	75.888	75.76	75.853	22543
29.04.2026 11:15	75.852	75.974	75.85	75.892	24650
29.04.2026 11:30	75.891	75.923	75.836	75.839	17695
29.04.2026 11:45	75.839	75.874	75.8	75.837	26957
29.04.2026 12:00	75.84	75.841	75.769	75.78	16308
29.04.2026 12:15	75.78	75.8	75.762	75.785	12747
29.04.2026 12:30	75.785	75.798	75.669	75.682	28456
29.04.2026 12:45	75.681	75.689	75.565	75.578	55267
29.04.2026 13:00	75.576	75.694	75.521	75.659	52782
29.04.2026 13:15	75.655	75.659	75.454	75.532	46768
29.04.2026 13:30	75.532	75.571	75.446	75.527	25735
29.04.2026 13:45	75.526	75.54	75.46	75.538	23263
29.04.2026 14:00	75.538	75.55	75.471	75.52	21624
29.04.2026 14:15	75.519	75.632	75.514	75.614	30014
29.04.2026 14:30	75.612	75.688	75.542	75.686	30239
29.04.2026 14:45	75.687	75.69	75.6	75.652	18205
29.04.2026 15:00	75.652	75.714	75.613	75.662	27883
29.04.2026 15:15	75.662	75.683	75.568	75.594	28152
29.04.2026 15:30	75.594	75.6	75.493	75.511	35879
29.04.2026 15:45	75.511	75.673	75.508	75.597	32241
29.04.2026 16:00	75.595	75.636	75.556	75.612	24542
29.04.2026 16:15	75.612	75.743	75.598	75.723	27060
29.04.2026 16:30	75.722	75.729	75.657	75.694	31533
29.04.2026 16:45	75.694	75.78	75.634	75.65	27351
29.04.2026 17:00	75.651	75.757	75.611	75.623	26052
29.04.2026 17:15	75.619	75.625	75.509	75.552	27625
29.04.2026 17:30	75.55	75.634	75.522	75.621	18697
29.04.2026 17:45	75.631	75.631	75.536	75.539	21353
29.04.2026 18:00	75.538	75.616	75.34	75.594	50164
29.04.2026 18:15	75.593	75.645	75.55	75.642	19110
29.04.2026 18:30	75.641	75.649	75.515	75.527	11230
29.04.2026 18:45	75.529	75.588	75.525	75.537	5224
29.04.2026 19:00	75.532	75.569	75.465	75.541	5085
29.04.2026 19:15	75.542	75.63	75.542	75.611	2698
29.04.2026 19:30	75.611	75.63	75.565	75.583	1680
29.04.2026 19:45	75.584	75.63	75.578	75.622	1162
29.04.2026 20:00	75.619	75.619	75.602	75.614	838
29.04.2026 20:15	75.614	75.64	75.587	75.62	3036
29.04.2026 20:30	75.614	75.64	75.61	75.639	1219
29.04.2026 20:45	75.637	75.738	75.637	75.685	4828
29.04.2026 21:00	75.683	75.725	75.656	75.724	2102
29.04.2026 21:15	75.717	75.767	75.664	75.665	4094
29.04.2026 21:30	75.668	75.712	75.66	75.698	1435
29.04.2026 21:45	75.699	75.738	75.69	75.711	1581
29.04.2026 22:00	75.709	75.747	75.708	75.734	2154
29.04.2026 22:15	75.734	75.744	75.679	75.7	1758
29.04.2026 22:30	75.699	75.71	75.68	75.683	885
29.04.2026 22:45	75.684	75.686	75.654	75.675	1552
29.04.2026 23:00	75.674	75.697	75.67	75.678	1465
29.04.2026 23:15	75.675	75.712	75.668	75.693	1240
29.04.2026 23:30	75.697	75.71	75.674	75.69	1733
29.04.2026 23:45	75.695	75.72	75.681	75.698	772
30.04.2026 08:45	75.662	75.662	75.662	75.662	106
30.04.2026 09:00	75.684	75.75	75.503	75.627	11859
30.04.2026 09:15	75.623	75.825	75.548	75.808	12239
30.04.2026 09:30	75.813	75.877	75.623	75.655	15370
30.04.2026 09:45	75.653	75.8	75.65	75.699	7989
30.04.2026 10:00	75.699	76.099	75.595	75.963	75468
30.04.2026 10:15	75.965	76.089	75.87	76.077	36161
30.04.2026 10:30	76.084	76.207	75.98	76.198	44034
30.04.2026 10:45	76.192	76.232	76.044	76.07	45757
30.04.2026 11:00	76.08	76.1	75.893	75.921	23024
30.04.2026 11:15	75.921	75.982	75.855	75.921	30303
30.04.2026 11:30	75.921	75.921	75.714	75.735	34583
30.04.2026 11:45	75.735	75.812	75.717	75.749	29324
30.04.2026 12:00	75.749	75.93	75.749	75.899	47087
30.04.2026 12:15	75.899	75.978	75.895	75.903	47803
30.04.2026 12:30	75.9	75.973	75.751	75.759	60962
30.04.2026 12:45	75.758	75.758	75.55	75.669	55440
30.04.2026 13:00	75.664	75.744	75.603	75.728	26559
30.04.2026 13:15	75.728	75.825	75.703	75.72	24097
30.04.2026 13:30	75.719	75.849	75.701	75.807	21531
30.04.2026 13:45	75.807	75.862	75.775	75.824	16247
30.04.2026 14:00	75.823	75.826	75.732	75.75	7728
30.04.2026 14:15	75.755	75.815	75.707	75.711	8366
30.04.2026 14:30	75.713	75.729	75.645	75.702	14724
30.04.2026 14:45	75.701	75.738	75.663	75.692	9342
30.04.2026 15:00	75.692	75.695	75.625	75.653	11186
30.04.2026 15:15	75.65	75.666	75.608	75.653	13365
30.04.2026 15:30	75.65	75.76	75.647	75.717	16463
30.04.2026 15:45	75.711	75.711	75.606	75.637	10758
30.04.2026 16:00	75.638	75.7	75.607	75.662	11053
30.04.2026 16:15	75.66	75.684	75.618	75.637	8440
30.04.2026 16:30	75.638	75.686	75.629	75.638	10084
30.04.2026 16:45	75.642	75.666	75.621	75.644	8667
30.04.2026 17:00	75.645	75.732	75.636	75.723	10351
30.04.2026 17:15	75.724	75.85	75.683	75.839	25974
30.04.2026 17:30	75.841	75.95	75.834	75.857	30524
30.04.2026 17:45	75.856	75.965	75.845	75.908	12500
30.04.2026 18:00	75.914	76.1	75.914	76.0	28243
30.04.2026 18:15	76.0	76.079	75.985	76.002	9787
30.04.2026 18:30	76.005	76.013	75.904	75.936	9915
30.04.2026 18:45	75.937	75.983	75.937	75.979	4292
30.04.2026 19:00	75.976	75.983	75.935	75.959	6914
30.04.2026 19:15	75.958	75.976	75.901	75.91	4089
30.04.2026 19:30	75.91	75.915	75.891	75.898	2607
30.04.2026 19:45	75.899	75.925	75.868	75.918	2388
30.04.2026 20:00	75.919	75.919	75.88	75.89	1910
30.04.2026 20:15	75.889	75.894	75.879	75.882	542
30.04.2026 20:30	75.883	75.99	75.871	75.99	5009
30.04.2026 20:45	75.991	76.02	75.975	75.985	1875
30.04.2026 21:00	75.991	75.991	75.921	75.95	3712
30.04.2026 21:15	75.944	76.037	75.944	76.018	6483
30.04.2026 21:30	76.02	76.045	76.008	76.04	2876
30.04.2026 21:45	76.044	76.045	76.017	76.017	1324
30.04.2026 22:00	76.018	76.045	75.991	76.018	3222
30.04.2026 22:15	76.017	76.041	76.009	76.017	1156
30.04.2026 22:30	76.019	76.049	76.017	76.041	1273
30.04.2026 22:45	76.041	76.046	75.981	75.988	1521
30.04.2026 23:00	75.993	76.024	75.988	75.989	1881
30.04.2026 23:15	75.988	76.002	75.97	75.997	1615
30.04.2026 23:30	75.997	76.018	75.983	75.992	1834
30.04.2026 23:45	75.991	76.04	75.976	76.025	1244
04.05.2026 08:45	76.01	76.01	75.98	75.98	133
04.05.2026 09:00	75.991	76.139	75.903	76.049	22853
04.05.2026 09:15	76.049	76.073	75.952	76.042	9297
04.05.2026 09:30	76.04	76.043	75.934	75.996	5396
04.05.2026 09:45	75.996	76.071	75.96	76.022	7710
04.05.2026 10:00	76.019	76.039	75.75	75.814	34273
04.05.2026 10:15	75.817	75.907	75.813	75.841	16038
04.05.2026 10:30	75.84	75.895	75.764	75.843	20322
04.05.2026 10:45	75.843	75.931	75.792	75.911	12375
04.05.2026 11:00	75.911	76.218	75.907	76.177	45340
04.05.2026 11:15	76.172	76.412	76.171	76.354	42278
04.05.2026 11:30	76.356	76.384	76.301	76.303	37202
04.05.2026 11:45	76.305	76.354	76.24	76.298	24352
04.05.2026 12:00	76.301	76.4	76.3	76.332	28108
04.05.2026 12:15	76.332	76.459	76.33	76.376	32726
04.05.2026 12:30	76.377	76.56	76.372	76.55	36909
04.05.2026 12:45	76.55	76.574	76.423	76.46	32871
04.05.2026 13:00	76.46	76.533	76.4	76.417	25939
04.05.2026 13:15	76.416	76.443	76.351	76.432	17383
04.05.2026 13:30	76.432	76.47	76.368	76.449	9892
04.05.2026 13:45	76.449	76.483	76.405	76.439	8359
04.05.2026 14:00	76.44	76.489	76.403	76.446	7476
04.05.2026 14:15	76.446	76.587	76.433	76.565	14008
04.05.2026 14:30	76.564	76.799	76.555	76.682	57123
04.05.2026 14:45	76.682	76.698	76.452	76.504	25483
04.05.2026 15:00	76.504	76.543	76.484	76.494	10533
04.05.2026 15:15	76.494	76.508	76.43	76.458	13053
04.05.2026 15:30	76.458	76.489	76.381	76.393	10818
04.05.2026 15:45	76.393	76.413	76.337	76.338	13293
04.05.2026 16:00	76.339	76.372	76.283	76.334	14281
04.05.2026 16:15	76.335	76.446	76.334	76.419	13654
04.05.2026 16:30	76.419	76.45	76.378	76.379	10022
04.05.2026 16:45	76.378	76.473	76.364	76.444	14528
04.05.2026 17:00	76.444	76.49	76.424	76.473	10977
04.05.2026 17:15	76.475	76.528	76.457	76.511	10180
04.05.2026 17:30	76.511	76.53	76.389	76.409	20673
04.05.2026 17:45	76.409	76.426	76.383	76.399	19797
04.05.2026 18:00	76.395	76.564	76.395	76.516	27273
04.05.2026 18:15	76.516	76.579	76.443	76.459	19559
04.05.2026 18:30	76.459	76.5	76.407	76.422	11491
04.05.2026 18:45	76.421	76.478	76.415	76.431	6303
04.05.2026 19:00	76.424	76.441	76.381	76.4	4908
04.05.2026 19:15	76.395	76.47	76.391	76.45	2972
04.05.2026 19:30	76.447	76.477	76.436	76.456	1298
04.05.2026 19:45	76.454	76.474	76.439	76.453	1007
04.05.2026 20:00	76.45	76.454	76.426	76.429	1305
04.05.2026 20:15	76.429	76.468	76.428	76.456	907
04.05.2026 20:30	76.456	76.479	76.454	76.476	761
04.05.2026 20:45	76.476	76.479	76.456	76.476	1027
04.05.2026 21:00	76.476	76.493	76.47	76.485	1237
04.05.2026 21:15	76.488	76.494	76.451	76.46	668
04.05.2026 21:30	76.457	76.472	76.428	76.461	1225
04.05.2026 21:45	76.462	76.463	76.42	76.438	3432
04.05.2026 22:00	76.442	76.457	76.438	76.445	552
04.05.2026 22:15	76.442	76.471	76.439	76.461	817
04.05.2026 22:30	76.461	76.465	76.442	76.46	517
04.05.2026 22:45	76.464	76.48	76.459	76.476	1067
04.05.2026 23:00	76.474	76.524	76.47	76.492	2149
04.05.2026 23:15	76.494	76.529	76.472	76.529	1480
04.05.2026 23:30	76.521	76.53	76.503	76.506	768
04.05.2026 23:45	76.505	76.513	76.48	76.485	1366
05.05.2026 08:45	76.498	76.498	76.498	76.498	2
05.05.2026 09:00	76.498	76.659	76.454	76.588	9359
05.05.2026 09:15	76.588	76.619	76.505	76.513	4405
05.05.2026 09:30	76.51	76.67	76.51	76.636	7553
05.05.2026 09:45	76.64	76.666	76.564	76.605	6183
05.05.2026 10:00	76.603	76.616	76.31	76.314	38252
05.05.2026 10:15	76.312	76.399	76.253	76.376	34214
05.05.2026 10:30	76.371	76.378	76.268	76.358	22384
05.05.2026 10:45	76.357	76.359	76.218	76.247	25913
05.05.2026 11:00	76.25	76.347	76.231	76.253	22907
05.05.2026 11:15	76.254	76.334	76.233	76.322	13999
05.05.2026 11:30	76.322	76.484	76.304	76.454	19401
05.05.2026 11:45	76.455	76.529	76.421	76.421	20678
05.05.2026 12:00	76.42	76.47	76.35	76.452	13268
05.05.2026 12:15	76.451	76.457	76.39	76.436	8365
05.05.2026 12:30	76.437	76.545	76.362	76.533	27124
05.05.2026 12:45	76.533	76.576	76.456	76.52	35085
05.05.2026 13:00	76.52	76.528	76.427	76.502	23498
05.05.2026 13:15	76.501	76.557	76.461	76.47	22576
05.05.2026 13:30	76.47	76.474	76.378	76.402	19798
05.05.2026 13:45	76.402	76.456	76.33	76.344	14967
05.05.2026 14:00	76.342	76.478	76.324	76.454	16415
05.05.2026 14:15	76.455	76.489	76.437	76.475	5398
05.05.2026 14:30	76.475	76.745	76.437	76.723	52732
05.05.2026 14:45	76.723	76.841	76.722	76.81	49167
05.05.2026 15:00	76.81	76.891	76.71	76.75	38915
05.05.2026 15:15	76.751	76.8	76.694	76.711	16221
05.05.2026 15:30	76.714	76.789	76.708	76.729	9224
05.05.2026 15:45	76.731	76.777	76.704	76.728	9019
05.05.2026 16:00	76.73	76.759	76.712	76.754	5797
05.05.2026 16:15	76.754	76.755	76.65	76.705	10889
05.05.2026 16:30	76.708	76.72	76.601	76.622	11039
05.05.2026 16:45	76.621	76.642	76.583	76.585	9523
05.05.2026 17:00	76.584	76.654	76.576	76.64	7445
05.05.2026 17:15	76.64	76.667	76.61	76.615	4712
05.05.2026 17:30	76.615	76.64	76.558	76.608	6513
05.05.2026 17:45	76.608	76.654	76.573	76.646	5469
05.05.2026 18:00	76.645	76.72	76.64	76.687	7528
05.05.2026 18:15	76.687	76.74	76.673	76.722	6689
05.05.2026 18:30	76.722	76.722	76.645	76.649	7123
05.05.2026 18:45	76.65	76.719	76.65	76.718	5211
05.05.2026 19:00	76.718	76.777	76.679	76.772	3462
05.05.2026 19:15	76.772	76.773	76.701	76.708	2308
05.05.2026 19:30	76.709	76.752	76.704	76.704	1065
05.05.2026 19:45	76.704	76.723	76.676	76.702	1548
05.05.2026 20:00	76.705	76.759	76.701	76.742	2008
05.05.2026 20:15	76.735	76.745	76.704	76.72	806
05.05.2026 20:30	76.72	76.745	76.716	76.726	1452
05.05.2026 20:45	76.726	76.741	76.712	76.741	752
05.05.2026 21:00	76.741	76.749	76.715	76.725	1075
05.05.2026 21:15	76.724	76.747	76.724	76.744	419
05.05.2026 21:30	76.746	76.76	76.72	76.725	677
05.05.2026 21:45	76.723	76.728	76.69	76.713	1381
05.05.2026 22:00	76.716	76.738	76.71	76.728	891
05.05.2026 22:15	76.736	76.736	76.711	76.725	664
05.05.2026 22:30	76.725	76.743	76.72	76.739	691
05.05.2026 22:45	76.74	76.747	76.727	76.736	990
05.05.2026 23:00	76.736	76.738	76.717	76.726	1513
05.05.2026 23:15	76.726	76.729	76.71	76.725	838
05.05.2026 23:30	76.725	76.729	76.702	76.711	922
05.05.2026 23:45	76.712	76.729	76.702	76.725	892
06.05.2026 08:45	76.7	76.7	76.7	76.7	75
06.05.2026 09:00	76.699	76.7	76.5	76.658	21170
06.05.2026 09:15	76.66	76.757	76.65	76.713	8883
06.05.2026 09:30	76.713	76.746	76.673	76.725	5110
06.05.2026 09:45	76.728	76.888	76.726	76.752	15821
06.05.2026 10:00	76.754	76.791	76.52	76.553	51798
06.05.2026 10:15	76.552	76.702	76.517	76.643	41671
06.05.2026 10:30	76.642	76.746	76.622	76.63	20229
06.05.2026 10:45	76.632	76.72	76.625	76.69	11581
06.05.2026 11:00	76.694	76.774	76.662	76.681	15009
06.05.2026 11:15	76.682	76.743	76.605	76.606	22823
06.05.2026 11:30	76.605	76.644	76.457	76.576	43744
06.05.2026 11:45	76.575	76.578	76.451	76.541	36168
06.05.2026 12:00	76.543	76.655	75.511	75.773	254665
06.05.2026 12:15	75.772	75.841	75.52	75.545	86117
06.05.2026 12:30	75.544	75.859	75.459	75.838	109506
06.05.2026 12:45	75.838	75.848	75.503	75.583	64214
06.05.2026 13:00	75.583	75.747	75.25	75.737	123422
06.05.2026 13:15	75.736	75.743	75.506	75.553	47886
06.05.2026 13:30	75.552	75.552	75.374	75.391	42876
06.05.2026 13:45	75.391	75.424	75.12	75.144	109657
06.05.2026 14:00	75.143	75.329	74.997	75.273	77387
06.05.2026 14:15	75.273	75.364	75.264	75.312	29799
06.05.2026 14:30	75.312	75.393	75.302	75.391	29806
06.05.2026 14:45	75.391	75.466	75.377	75.441	23783
06.05.2026 15:00	75.442	75.53	75.413	75.506	30431
06.05.2026 15:15	75.503	75.58	75.436	75.439	21614
06.05.2026 15:30	75.439	75.447	75.331	75.436	23183
06.05.2026 15:45	75.436	75.491	75.4	75.478	16557
06.05.2026 16:00	75.478	75.535	75.432	75.473	22996
06.05.2026 16:15	75.473	75.509	75.41	75.472	15213
06.05.2026 16:30	75.472	75.491	75.421	75.423	12673
06.05.2026 16:45	75.423	75.449	75.333	75.366	18845
06.05.2026 17:00	75.366	75.417	75.329	75.362	14520
06.05.2026 17:15	75.363	75.369	75.325	75.362	18631
06.05.2026 17:30	75.362	75.457	75.333	75.418	29807
06.05.2026 17:45	75.422	75.49	75.413	75.478	13474
06.05.2026 18:00	75.475	75.477	75.448	75.471	9906
06.05.2026 18:15	75.471	75.498	75.454	75.462	6021
06.05.2026 18:30	75.462	75.465	75.355	75.367	8721
06.05.2026 18:45	75.367	75.395	75.31	75.339	7752
06.05.2026 19:00	75.339	75.387	75.327	75.332	2911
06.05.2026 19:15	75.331	75.332	75.238	75.264	8234
06.05.2026 19:30	75.263	75.28	75.182	75.241	8298
06.05.2026 19:45	75.242	75.278	75.211	75.278	3889
06.05.2026 20:00	75.274	75.285	75.235	75.253	3067
06.05.2026 20:15	75.254	75.274	75.214	75.226	2843
06.05.2026 20:30	75.228	75.249	75.22	75.242	3028
06.05.2026 20:45	75.242	75.267	75.242	75.259	1218
06.05.2026 21:00	75.253	75.274	75.25	75.274	969
06.05.2026 21:15	75.273	75.28	75.263	75.279	861
06.05.2026 21:30	75.279	75.28	75.261	75.276	673
06.05.2026 21:45	75.276	75.321	75.276	75.309	2449
06.05.2026 22:00	75.312	75.397	75.297	75.362	3037
06.05.2026 22:15	75.362	75.362	75.305	75.309	1057
06.05.2026 22:30	75.307	75.345	75.306	75.34	3197
06.05.2026 22:45	75.341	75.345	75.322	75.345	1299
06.05.2026 23:00	75.344	75.355	75.33	75.34	1484
06.05.2026 23:15	75.335	75.336	75.312	75.316	1130
06.05.2026 23:30	75.321	75.347	75.272	75.332	2021
06.05.2026 23:45	75.331	75.368	75.304	75.365	1449
07.05.2026 08:45	75.329	75.329	75.329	75.329	328
07.05.2026 09:00	75.321	75.329	75.167	75.264	15475
07.05.2026 09:15	75.264	75.3	75.206	75.23	8566
07.05.2026 09:30	75.225	75.279	75.178	75.217	8039
07.05.2026 09:45	75.217	75.289	75.131	75.209	9588
07.05.2026 10:00	75.209	75.567	75.141	75.464	54581
07.05.2026 10:15	75.464	75.602	75.4	75.516	37260
07.05.2026 10:30	75.518	75.575	75.351	75.442	25149
07.05.2026 10:45	75.444	75.579	75.415	75.545	30531
07.05.2026 11:00	75.548	75.637	75.465	75.525	30163
07.05.2026 11:15	75.518	75.595	75.455	75.465	23008
07.05.2026 11:30	75.463	75.482	75.421	75.437	15904
07.05.2026 11:45	75.437	75.456	75.337	75.414	34050
07.05.2026 12:00	75.414	75.553	75.412	75.522	21311
07.05.2026 12:15	75.522	75.697	75.522	75.582	33431
07.05.2026 12:30	75.583	75.729	75.583	75.658	28041
07.05.2026 12:45	75.658	75.777	75.641	75.656	26139
07.05.2026 13:00	75.659	75.767	75.657	75.723	22770
07.05.2026 13:15	75.722	75.737	75.635	75.665	16519
07.05.2026 13:30	75.668	75.698	75.537	75.562	21047
07.05.2026 13:45	75.562	75.573	75.521	75.542	13069
07.05.2026 14:00	75.542	75.57	75.521	75.536	14317
07.05.2026 14:15	75.536	75.572	75.501	75.509	16119
07.05.2026 14:30	75.509	75.559	75.457	75.516	23647
07.05.2026 14:45	75.516	75.52	75.442	75.455	12249
07.05.2026 15:00	75.455	75.638	75.451	75.458	26973
07.05.2026 15:15	75.458	75.494	75.317	75.4	31184
07.05.2026 15:30	75.4	75.464	75.353	75.429	9795
07.05.2026 15:45	75.429	75.446	75.355	75.355	5712
07.05.2026 16:00	75.355	75.57	75.351	75.518	14980
07.05.2026 16:15	75.518	75.554	75.468	75.5	6425
07.05.2026 16:30	75.496	75.517	75.455	75.509	7022
07.05.2026 16:45	75.511	75.519	75.403	75.44	10444
07.05.2026 17:00	75.444	75.485	75.409	75.433	6828
07.05.2026 17:15	75.434	75.552	75.422	75.524	6575
07.05.2026 17:30	75.524	75.585	75.492	75.501	6598
07.05.2026 17:45	75.502	75.513	75.471	75.494	6792
07.05.2026 18:00	75.494	75.519	75.451	75.504	9472
07.05.2026 18:15	75.504	75.521	75.46	75.495	8073
07.05.2026 18:30	75.49	75.51	75.454	75.459	3702
07.05.2026 18:45	75.461	75.501	75.453	75.476	3590
07.05.2026 19:00	75.479	75.506	75.471	75.488	5316
07.05.2026 19:15	75.489	75.509	75.486	75.496	2511
07.05.2026 19:30	75.494	75.505	75.485	75.493	1036
07.05.2026 19:45	75.495	75.501	75.477	75.49	1861
07.05.2026 20:00	75.491	75.497	75.485	75.495	768
07.05.2026 20:15	75.494	75.495	75.476	75.485	1968
07.05.2026 20:30	75.487	75.495	75.47	75.495	1688
07.05.2026 20:45	75.494	75.496	75.466	75.472	1499
07.05.2026 21:00	75.474	75.493	75.466	75.489	869
07.05.2026 21:15	75.49	75.502	75.485	75.486	1113
07.05.2026 21:30	75.486	75.51	75.485	75.507	1423
07.05.2026 21:45	75.508	75.51	75.491	75.492	1230
07.05.2026 22:00	75.499	75.508	75.49	75.498	735
07.05.2026 22:15	75.503	75.507	75.497	75.498	608
07.05.2026 22:30	75.499	75.505	75.499	75.503	782
07.05.2026 22:45	75.504	75.509	75.5	75.509	751
07.05.2026 23:00	75.509	75.51	75.495	75.501	1477
07.05.2026 23:15	75.501	75.51	75.492	75.504	1338
07.05.2026 23:30	75.502	75.51	75.497	75.497	1506
07.05.2026 23:45	75.498	75.508	75.489	75.49	1136
08.05.2026 08:45	75.49	75.49	75.49	75.49	38
08.05.2026 09:00	75.471	75.546	75.38	75.526	8399
08.05.2026 09:15	75.526	75.539	75.45	75.498	3763
08.05.2026 09:30	75.498	75.507	75.427	75.478	3754
08.05.2026 09:45	75.478	75.478	75.452	75.469	1908
08.05.2026 10:00	75.464	75.508	75.35	75.377	25423
08.05.2026 10:15	75.377	75.377	75.232	75.291	27531
08.05.2026 10:30	75.291	75.291	75.172	75.254	24863
08.05.2026 10:45	75.253	75.266	75.192	75.233	11357
08.05.2026 11:00	75.231	75.271	75.192	75.269	10935
08.05.2026 11:15	75.269	75.274	75.1	75.114	25446
08.05.2026 11:30	75.111	75.255	75.1	75.116	18255
08.05.2026 11:45	75.116	75.185	75.103	75.163	12328
08.05.2026 12:00	75.161	75.257	75.131	75.242	14417
08.05.2026 12:15	75.243	75.28	75.205	75.214	10679
08.05.2026 12:30	75.215	75.219	75.033	75.084	24348
08.05.2026 12:45	75.082	75.083	75.011	75.047	18387
08.05.2026 13:00	75.044	75.049	74.861	74.934	39624
08.05.2026 13:15	74.934	75.05	74.785	75.038	39512
08.05.2026 13:30	75.037	75.098	75.0	75.082	14281
08.05.2026 13:45	75.083	75.144	75.054	75.144	18476
08.05.2026 14:00	75.141	75.146	75.041	75.09	10147
08.05.2026 14:15	75.09	75.09	74.971	75.002	9014
08.05.2026 14:30	75.001	75.074	74.99	75.016	8848
08.05.2026 14:45	75.019	75.101	75.012	75.084	12498
08.05.2026 15:00	75.084	75.15	75.076	75.141	8036
08.05.2026 15:15	75.143	75.15	75.011	75.021	8693
08.05.2026 15:30	75.021	75.066	74.92	74.959	13223
08.05.2026 15:45	74.96	75.03	74.957	74.999	6424
08.05.2026 16:00	74.999	75.088	74.968	75.069	13787
08.05.2026 16:15	75.069	75.102	75.054	75.078	6347
08.05.2026 16:30	75.08	75.089	74.985	75.004	10290
08.05.2026 16:45	75.004	75.058	74.993	75.025	5793
08.05.2026 17:00	75.024	75.069	74.926	75.049	10321
08.05.2026 17:15	75.047	75.086	75.001	75.055	6247
08.05.2026 17:30	75.058	75.088	74.974	74.976	11793
08.05.2026 17:45	74.98	75.031	74.968	75.002	5629
08.05.2026 18:00	75.001	75.068	74.952	75.05	11311
08.05.2026 18:15	75.049	75.078	75.036	75.047	6257
08.05.2026 18:30	75.047	75.085	75.024	75.083	7001
08.05.2026 18:45	75.085	75.139	75.085	75.109	5867
08.05.2026 19:00	75.109	75.129	75.08	75.106	2820
08.05.2026 19:15	75.105	75.115	75.089	75.095	1236
08.05.2026 19:30	75.097	75.105	75.089	75.102	556
08.05.2026 19:45	75.099	75.122	75.097	75.098	1167
08.05.2026 20:00	75.102	75.103	75.059	75.06	2268
08.05.2026 20:15	75.059	75.067	75.016	75.051	2159
08.05.2026 20:30	75.051	75.075	75.043	75.055	643
08.05.2026 20:45	75.055	75.091	75.042	75.081	779
08.05.2026 21:00	75.081	75.099	75.058	75.064	1824
08.05.2026 21:15	75.064	75.075	75.044	75.073	1481
08.05.2026 21:30	75.074	75.093	75.066	75.069	1207
08.05.2026 21:45	75.069	75.069	75.05	75.051	1678
08.05.2026 22:00	75.053	75.06	74.953	74.982	5073
08.05.2026 22:15	74.984	74.984	74.885	74.893	6077
08.05.2026 22:30	74.891	74.962	74.885	74.95	2934
08.05.2026 22:45	74.95	74.984	74.937	74.98	1346
08.05.2026 23:00	74.98	75.01	74.959	74.975	1514
08.05.2026 23:15	74.977	74.98	74.938	74.96	1804
08.05.2026 23:30	74.957	74.98	74.907	74.938	2771
08.05.2026 23:45	74.947	75.055	74.92	75.015	3202
11.05.2026 08:45	74.958	74.958	74.958	74.958	33
11.05.2026 09:00	74.958	75.1	74.744	74.818	20422
11.05.2026 09:15	74.815	74.829	74.754	74.818	5398
11.05.2026 09:30	74.819	74.819	74.741	74.762	6209
11.05.2026 09:45	74.762	74.844	74.747	74.813	4135
11.05.2026 10:00	74.815	74.994	74.765	74.955	18626
11.05.2026 10:15	74.953	75.134	74.953	75.03	21516
11.05.2026 10:30	75.03	75.033	74.88	74.887	10499
11.05.2026 10:45	74.885	74.91	74.824	74.842	6308
11.05.2026 11:00	74.833	74.838	74.316	74.463	63767
11.05.2026 11:15	74.464	74.499	74.384	74.491	14079
11.05.2026 11:30	74.491	74.562	74.431	74.562	9307
11.05.2026 11:45	74.559	74.62	74.518	74.55	10063
11.05.2026 12:00	74.552	74.558	74.505	74.55	4703
11.05.2026 12:15	74.548	74.649	74.531	74.632	6104
11.05.2026 12:30	74.631	74.647	74.5	74.543	10344
11.05.2026 12:45	74.538	74.546	74.465	74.47	5617
11.05.2026 13:00	74.471	74.498	74.445	74.461	7059
11.05.2026 13:15	74.458	74.461	74.395	74.403	7164
11.05.2026 13:30	74.404	74.497	74.386	74.434	9645
11.05.2026 13:45	74.434	74.462	74.397	74.448	4295
11.05.2026 14:00	74.448	74.468	74.407	74.41	2538
11.05.2026 14:15	74.41	74.468	74.351	74.403	8469
11.05.2026 14:30	74.404	74.494	74.382	74.452	4783
11.05.2026 14:45	74.452	74.48	74.426	74.44	2171
11.05.2026 15:00	74.44	74.459	74.412	74.42	3078
11.05.2026 15:15	74.42	74.462	74.406	74.46	3453
11.05.2026 15:30	74.458	74.465	74.337	74.4	9078
11.05.2026 15:45	74.4	74.417	74.167	74.167	28681
11.05.2026 16:00	74.167	74.26	74.126	74.237	14673
11.05.2026 16:15	74.239	74.25	74.212	74.216	5384
11.05.2026 16:30	74.215	74.223	74.163	74.177	6432
11.05.2026 16:45	74.177	74.202	74.127	74.193	7960
11.05.2026 17:00	74.191	74.195	74.123	74.167	7703
11.05.2026 17:15	74.166	74.215	74.162	74.182	4542
11.05.2026 17:30	74.18	74.241	74.124	74.15	7838
11.05.2026 17:45	74.151	74.188	74.14	74.188	2931
11.05.2026 18:00	74.189	74.205	74.152	74.163	4830
11.05.2026 18:15	74.161	74.174	74.149	74.168	3392
11.05.2026 18:30	74.166	74.177	74.136	74.172	3992
11.05.2026 18:45	74.172	74.202	74.168	74.193	2904
11.05.2026 19:00	74.194	74.25	74.194	74.238	4443
11.05.2026 19:15	74.238	74.245	74.211	74.23	2479
11.05.2026 19:30	74.232	74.243	74.216	74.232	1141
11.05.2026 19:45	74.234	74.246	74.227	74.246	1319
11.05.2026 20:00	74.245	74.297	74.245	74.28	3373
11.05.2026 20:15	74.28	74.324	74.279	74.316	1640
11.05.2026 20:30	74.314	74.32	74.255	74.286	1026
11.05.2026 20:45	74.285	74.285	74.258	74.273	1022
11.05.2026 21:00	74.273	74.299	74.269	74.281	814
11.05.2026 21:15	74.281	74.284	74.26	74.275	629
11.05.2026 21:30	74.275	74.299	74.274	74.294	467
11.05.2026 21:45	74.296	74.327	74.29	74.327	1694
11.05.2026 22:00	74.328	74.376	74.323	74.33	3006
11.05.2026 22:15	74.327	74.342	74.27	74.313	1670
11.05.2026 22:30	74.314	74.314	74.257	74.278	2022
11.05.2026 22:45	74.282	74.299	74.245	74.267	1928
11.05.2026 23:00	74.268	74.281	74.26	74.279	1134
11.05.2026 23:15	74.28	74.288	74.256	74.287	1004
11.05.2026 23:30	74.286	74.33	74.282	74.324	1710
11.05.2026 23:45	74.32	74.346	74.285	74.3	812
12.05.2026 08:45	74.226	74.226	74.226	74.226	158
12.05.2026 09:00	74.243	74.35	74.15	74.271	13318
12.05.2026 09:15	74.268	74.339	74.255	74.287	5551
12.05.2026 09:30	74.281	74.32	74.196	74.302	6051
12.05.2026 09:45	74.301	74.342	74.265	74.311	4741
12.05.2026 10:00	74.31	74.641	74.305	74.6	59901
12.05.2026 10:15	74.599	74.716	74.568	74.637	36421
12.05.2026 10:30	74.638	74.676	74.455	74.54	29818
12.05.2026 10:45	74.54	74.664	74.532	74.628	23112
12.05.2026 11:00	74.625	74.685	74.535	74.584	15494
12.05.2026 11:15	74.585	74.612	74.511	74.512	7099
12.05.2026 11:30	74.512	74.545	74.433	74.53	15218
12.05.2026 11:45	74.53	74.556	74.406	74.489	27257
12.05.2026 12:00	74.489	74.532	74.463	74.5	14774
12.05.2026 12:15	74.506	74.645	74.505	74.63	16414
12.05.2026 12:30	74.631	74.645	74.474	74.496	21150
12.05.2026 12:45	74.497	74.663	74.462	74.661	17897
12.05.2026 13:00	74.658	74.75	74.644	74.694	42164
12.05.2026 13:15	74.694	74.74	74.621	74.675	21404
12.05.2026 13:30	74.675	74.703	74.579	74.633	12289
12.05.2026 13:45	74.634	74.671	74.553	74.602	13686
12.05.2026 14:00	74.6	74.661	74.6	74.619	9576
12.05.2026 14:15	74.619	74.637	74.575	74.626	10909
12.05.2026 14:30	74.628	74.7	74.581	74.636	27542
12.05.2026 14:45	74.634	74.766	74.63	74.713	82366
12.05.2026 15:00	74.713	74.736	74.68	74.709	57468
12.05.2026 15:15	74.706	74.732	74.66	74.66	47379
12.05.2026 15:30	74.661	74.69	74.538	74.617	37897
12.05.2026 15:45	74.617	74.649	74.594	74.594	9760
12.05.2026 16:00	74.596	74.64	74.575	74.628	9371
12.05.2026 16:15	74.626	74.69	74.611	74.629	10817
12.05.2026 16:30	74.63	74.676	74.618	74.639	6179
12.05.2026 16:45	74.639	74.686	74.623	74.655	6364
12.05.2026 17:00	74.655	74.846	74.654	74.795	37844
12.05.2026 17:15	74.794	74.996	74.794	74.862	53541
12.05.2026 17:30	74.861	74.88	74.74	74.755	17138
12.05.2026 17:45	74.755	74.785	74.674	74.775	17502
12.05.2026 18:00	74.776	74.789	74.636	74.676	13591
12.05.2026 18:15	74.675	74.689	74.628	74.66	7003
12.05.2026 18:30	74.655	74.685	74.64	74.669	8232
12.05.2026 18:45	74.67	74.67	74.571	74.613	6641
12.05.2026 19:00	74.61	74.627	74.591	74.626	1912
12.05.2026 19:15	74.626	74.626	74.559	74.567	1537
12.05.2026 19:30	74.566	74.589	74.536	74.552	3827
12.05.2026 19:45	74.552	74.566	74.551	74.56	1408
12.05.2026 20:00	74.56	74.598	74.552	74.594	2377
12.05.2026 20:15	74.595	74.611	74.583	74.598	700
12.05.2026 20:30	74.597	74.601	74.571	74.571	456
12.05.2026 20:45	74.571	74.606	74.571	74.587	650
12.05.2026 21:00	74.587	74.621	74.587	74.603	1909
12.05.2026 21:15	74.604	74.61	74.591	74.592	840
12.05.2026 21:30	74.591	74.601	74.571	74.574	1381
12.05.2026 21:45	74.573	74.597	74.57	74.582	1035
12.05.2026 22:00	74.584	74.593	74.56	74.577	1329
12.05.2026 22:15	74.577	74.618	74.559	74.597	2593
12.05.2026 22:30	74.594	74.598	74.568	74.579	1085
12.05.2026 22:45	74.578	74.584	74.569	74.577	1120
12.05.2026 23:00	74.576	74.577	74.553	74.56	1823
12.05.2026 23:15	74.558	74.56	74.546	74.557	1460
12.05.2026 23:30	74.557	74.557	74.534	74.539	1653
12.05.2026 23:45	74.54	74.554	74.536	74.554	816
13.05.2026 08:45	74.521	74.521	74.521	74.521	73
13.05.2026 09:00	74.525	74.573	74.417	74.438	17213
13.05.2026 09:15	74.438	74.499	74.405	74.488	7093
13.05.2026 09:30	74.483	74.49	74.42	74.437	2856
13.05.2026 09:45	74.437	74.461	74.354	74.42	11396
13.05.2026 10:00	74.419	74.419	74.192	74.272	48266
13.05.2026 10:15	74.273	74.274	74.08	74.168	48760
13.05.2026 10:30	74.163	74.168	74.099	74.155	30769
13.05.2026 10:45	74.155	74.225	74.034	74.172	40375
13.05.2026 11:00	74.171	74.213	74.117	74.146	19934
13.05.2026 11:15	74.143	74.149	74.051	74.064	17602
13.05.2026 11:30	74.066	74.134	74.06	74.104	6756
13.05.2026 11:45	74.108	74.138	73.92	73.937	50405
13.05.2026 12:00	73.938	73.941	73.84	73.841	56471
13.05.2026 12:15	73.841	73.95	73.811	73.947	28160
13.05.2026 12:30	73.942	73.97	73.852	73.902	19347
13.05.2026 12:45	73.9	73.949	73.889	73.899	16006
13.05.2026 13:00	73.899	73.961	73.883	73.956	20736
13.05.2026 13:15	73.955	74.024	73.942	74.018	18891
13.05.2026 13:30	74.018	74.073	73.975	74.064	16091
13.05.2026 13:45	74.063	74.079	73.976	74.046	24876
13.05.2026 14:00	74.044	74.188	74.022	74.172	31511
13.05.2026 14:15	74.172	74.258	74.119	74.139	26019
13.05.2026 14:30	74.139	74.2	74.109	74.186	16030
13.05.2026 14:45	74.183	74.189	74.073	74.121	37970
13.05.2026 15:00	74.121	74.224	74.118	74.201	22553
13.05.2026 15:15	74.202	74.324	74.196	74.295	28287
13.05.2026 15:30	74.296	74.354	74.235	74.306	29098
13.05.2026 15:45	74.307	74.455	74.298	74.394	41397
13.05.2026 16:00	74.396	74.484	74.308	74.37	52698
13.05.2026 16:15	74.37	74.47	74.37	74.464	53190
13.05.2026 16:30	74.465	74.49	74.338	74.373	80532
13.05.2026 16:45	74.374	74.467	74.323	74.406	55052
13.05.2026 17:00	74.407	74.473	74.37	74.468	60839
13.05.2026 17:15	74.466	74.468	74.389	74.395	17883
13.05.2026 17:30	74.395	74.468	74.352	74.353	22236
13.05.2026 17:45	74.353	74.399	74.312	74.343	19318
13.05.2026 18:00	74.343	74.412	74.337	74.35	11911
13.05.2026 18:15	74.351	74.379	74.269	74.293	15224
13.05.2026 18:30	74.293	74.328	74.262	74.32	7943
13.05.2026 18:45	74.319	74.32	74.266	74.268	6022
13.05.2026 19:00	74.267	74.307	74.262	74.269	3168
13.05.2026 19:15	74.267	74.268	74.25	74.253	2677
13.05.2026 19:30	74.252	74.265	74.223	74.264	3118
13.05.2026 19:45	74.263	74.303	74.246	74.286	2386
13.05.2026 20:00	74.292	74.307	74.288	74.295	831
13.05.2026 20:15	74.293	74.339	74.281	74.322	1718
13.05.2026 20:30	74.32	74.328	74.298	74.304	1096
13.05.2026 20:45	74.301	74.317	74.285	74.287	886
13.05.2026 21:00	74.291	74.307	74.283	74.297	417
13.05.2026 21:15	74.297	74.3	74.287	74.288	631
13.05.2026 21:30	74.285	74.286	74.251	74.278	1549
13.05.2026 21:45	74.277	74.295	74.271	74.287	890
13.05.2026 22:00	74.286	74.31	74.286	74.294	1745
13.05.2026 22:15	74.293	74.312	74.292	74.295	1447
13.05.2026 22:30	74.294	74.307	74.292	74.304	756
13.05.2026 22:45	74.304	74.316	74.295	74.306	1318
13.05.2026 23:00	74.307	74.319	74.307	74.318	573
13.05.2026 23:15	74.317	74.317	74.293	74.297	2096
13.05.2026 23:30	74.297	74.305	74.289	74.302	908
13.05.2026 23:45	74.302	74.306	74.289	74.303	1692
14.05.2026 09:00	74.289	74.376	74.241	74.325	8775
14.05.2026 09:15	74.325	74.34	74.279	74.305	3159
14.05.2026 09:30	74.303	74.329	74.216	74.246	6123
14.05.2026 09:45	74.245	74.298	74.241	74.272	5286
14.05.2026 10:00	74.28	74.294	74.057	74.142	29638
14.05.2026 10:15	74.14	74.177	74.076	74.106	13108
14.05.2026 10:30	74.114	74.135	74.083	74.089	12801
14.05.2026 10:45	74.089	74.129	74.055	74.074	12573
14.05.2026 11:00	74.071	74.077	73.95	73.971	38768
14.05.2026 11:15	73.974	74.025	73.95	73.985	21551
14.05.2026 11:30	73.987	74.113	73.987	74.09	18352
14.05.2026 11:45	74.09	74.148	74.07	74.075	19152
14.05.2026 12:00	74.079	74.167	74.042	74.06	16075
14.05.2026 12:15	74.06	74.141	74.055	74.138	11122
14.05.2026 12:30	74.136	74.234	74.089	74.09	28720
14.05.2026 12:45	74.09	74.205	74.058	74.172	17875
14.05.2026 13:00	74.171	74.205	74.123	74.131	10685
14.05.2026 13:15	74.132	74.138	73.953	74.017	44238
14.05.2026 13:30	74.018	74.07	73.97	74.058	31410
14.05.2026 13:45	74.057	74.065	74.002	74.004	26691
14.05.2026 14:00	74.006	74.031	73.912	73.95	46777
14.05.2026 14:15	73.95	73.968	73.86	73.861	38784
14.05.2026 14:30	73.861	73.909	73.825	73.85	39343
14.05.2026 14:45	73.85	73.853	73.709	73.806	50387
14.05.2026 15:00	73.808	73.81	73.75	73.794	34198
14.05.2026 15:15	73.792	73.882	73.755	73.854	38923
14.05.2026 15:30	73.858	73.924	73.835	73.915	24683
14.05.2026 15:45	73.915	73.96	73.892	73.912	16800
14.05.2026 16:00	73.91	73.96	73.874	73.906	10679
14.05.2026 16:15	73.907	73.955	73.855	73.919	18627
14.05.2026 16:30	73.919	73.993	73.901	73.964	14967
14.05.2026 16:45	73.964	74.0	73.917	73.971	26520
14.05.2026 17:00	73.973	73.991	73.935	73.974	16512
14.05.2026 17:15	73.974	74.026	73.908	74.012	39250
14.05.2026 17:30	74.012	74.087	74.012	74.086	63681
14.05.2026 17:45	74.084	74.116	74.063	74.083	77397
14.05.2026 18:00	74.085	74.116	74.045	74.067	33362
14.05.2026 18:15	74.066	74.083	74.017	74.035	11250
14.05.2026 18:30	74.033	74.04	73.951	73.971	14573
14.05.2026 18:45	73.97	73.986	73.96	73.962	7625
14.05.2026 19:00	73.964	74.05	73.962	74.02	6691
14.05.2026 19:15	74.02	74.023	73.982	74.011	4093
14.05.2026 19:30	74.005	74.009	73.968	73.976	1489
14.05.2026 19:45	73.978	73.98	73.941	73.954	1787
14.05.2026 20:00	73.959	73.973	73.948	73.966	1632
14.05.2026 20:15	73.963	73.981	73.951	73.979	1418
14.05.2026 20:30	73.979	73.98	73.958	73.958	919
14.05.2026 20:45	73.958	73.973	73.951	73.963	1176
14.05.2026 21:00	73.964	73.971	73.944	73.944	1039
14.05.2026 21:15	73.944	73.95	73.929	73.932	1148
14.05.2026 21:30	73.931	73.935	73.919	73.927	1201
14.05.2026 21:45	73.927	73.933	73.911	73.92	1014
14.05.2026 22:00	73.916	73.94	73.915	73.938	1249
14.05.2026 22:15	73.938	73.94	73.919	73.93	644
14.05.2026 22:30	73.928	73.948	73.918	73.919	1124
14.05.2026 22:45	73.919	73.92	73.876	73.9	2435
14.05.2026 23:00	73.9	73.929	73.898	73.926	1260
14.05.2026 23:15	73.925	73.941	73.914	73.939	1047
14.05.2026 23:30	73.938	73.942	73.882	73.918	1434
14.05.2026 23:45	73.922	73.948	73.901	73.94	1551
15.05.2026 09:00	74.006	74.106	73.882	73.912	23584
15.05.2026 09:15	73.912	73.959	73.901	73.952	7732
15.05.2026 09:30	73.951	73.965	73.94	73.94	3497
15.05.2026 09:45	73.936	73.96	73.914	73.935	5284
15.05.2026 10:00	73.939	74.032	73.827	73.977	31269
15.05.2026 10:15	73.977	74.088	73.953	74.001	27417
15.05.2026 10:30	74.002	74.013	73.938	73.959	16463
15.05.2026 10:45	73.961	74.0	73.907	73.929	9653
15.05.2026 11:00	73.926	73.958	73.835	73.892	17253
15.05.2026 11:15	73.893	73.977	73.884	73.913	14581
15.05.2026 11:30	73.913	73.938	73.807	73.818	19676
15.05.2026 11:45	73.819	73.882	73.813	73.837	12770
15.05.2026 12:00	73.841	73.906	73.836	73.905	13202
15.05.2026 12:15	73.905	73.943	73.777	73.818	25278
15.05.2026 12:30	73.818	73.822	73.67	73.699	33475
15.05.2026 12:45	73.698	73.731	73.63	73.645	18677
15.05.2026 13:00	73.646	73.769	73.638	73.746	24605
15.05.2026 13:15	73.746	73.765	73.653	73.67	16486
15.05.2026 13:30	73.671	73.765	73.671	73.75	13650
15.05.2026 13:45	73.75	73.751	73.662	73.681	9363
15.05.2026 14:00	73.682	73.718	73.654	73.683	8742
15.05.2026 14:15	73.682	73.757	73.673	73.722	14038
15.05.2026 14:30	73.721	73.737	73.661	73.665	12658
15.05.2026 14:45	73.665	73.717	73.661	73.683	14354
15.05.2026 15:00	73.683	73.7	73.653	73.692	12676
15.05.2026 15:15	73.693	73.731	73.658	73.72	9839
15.05.2026 15:30	73.725	73.806	73.691	73.806	24064
15.05.2026 15:45	73.806	73.859	73.804	73.84	63471
15.05.2026 16:00	73.838	73.86	73.782	73.806	54847
15.05.2026 16:15	73.807	73.808	73.72	73.753	12565
15.05.2026 16:30	73.753	73.821	73.73	73.791	9305
15.05.2026 16:45	73.792	73.804	73.72	73.738	6348
15.05.2026 17:00	73.737	73.744	73.613	73.642	19918
15.05.2026 17:15	73.642	73.655	73.561	73.621	18940
15.05.2026 17:30	73.621	73.655	73.6	73.625	6267
15.05.2026 17:45	73.62	73.652	73.585	73.595	8464
15.05.2026 18:00	73.595	73.685	73.576	73.671	10810
15.05.2026 18:15	73.662	73.727	73.651	73.724	10938
15.05.2026 18:30	73.724	73.73	73.681	73.691	5777
15.05.2026 18:45	73.69	73.712	73.685	73.687	3818
15.05.2026 19:00	73.685	73.72	73.654	73.676	2301
15.05.2026 19:15	73.677	73.691	73.665	73.686	1614
15.05.2026 19:30	73.683	73.686	73.621	73.635	3803
15.05.2026 19:45	73.635	73.646	73.59	73.612	3447
15.05.2026 20:00	73.612	73.612	73.568	73.576	2966
15.05.2026 20:15	73.577	73.589	73.555	73.583	3249
15.05.2026 20:30	73.584	73.599	73.571	73.593	1839
15.05.2026 20:45	73.594	73.595	73.566	73.568	1269
15.05.2026 21:00	73.569	73.58	73.56	73.566	1151
15.05.2026 21:15	73.565	73.58	73.565	73.577	814
15.05.2026 21:30	73.577	73.638	73.56	73.623	2822
15.05.2026 21:45	73.622	73.642	73.606	73.623	1153
15.05.2026 22:00	73.623	73.633	73.615	73.623	874
15.05.2026 22:15	73.62	73.63	73.619	73.619	618
15.05.2026 22:30	73.618	73.628	73.608	73.624	1190
15.05.2026 22:45	73.624	73.65	73.623	73.649	1518
15.05.2026 23:00	73.649	73.671	73.636	73.642	2504
15.05.2026 23:15	73.644	73.652	73.626	73.646	943
15.05.2026 23:30	73.647	73.662	73.627	73.655	2533
15.05.2026 23:45	73.645	73.658	73.632	73.654	776
18.05.2026 09:00	73.7	73.775	73.464	73.472	18564
18.05.2026 09:15	73.472	73.49	73.415	73.457	14274
18.05.2026 09:30	73.456	73.472	73.311	73.405	16026
18.05.2026 09:45	73.398	73.419	73.367	73.399	7670
18.05.2026 10:00	73.399	73.409	73.214	73.224	39738
18.05.2026 10:15	73.224	73.342	73.184	73.245	33618
18.05.2026 10:30	73.244	73.308	73.145	73.163	52979
18.05.2026 10:45	73.161	73.26	73.131	73.137	27571
18.05.2026 11:00	73.14	73.176	73.123	73.152	21464
18.05.2026 11:15	73.152	73.235	73.152	73.18	23301
18.05.2026 11:30	73.18	73.184	73.0	73.019	33758
18.05.2026 11:45	73.018	73.066	73.012	73.056	17795
18.05.2026 12:00	73.056	73.072	73.014	73.036	20687
18.05.2026 12:15	73.036	73.118	73.026	73.058	13973
18.05.2026 12:30	73.058	73.094	73.026	73.085	10605
18.05.2026 12:45	73.085	73.129	73.076	73.109	18845
18.05.2026 13:00	73.11	73.186	73.1	73.15	21592
18.05.2026 13:15	73.149	73.15	73.097	73.126	21124
18.05.2026 13:30	73.124	73.146	73.041	73.068	19403
18.05.2026 13:45	73.068	73.098	72.956	73.043	36322
18.05.2026 14:00	73.053	73.062	72.957	72.975	17910
18.05.2026 14:15	72.974	73.069	72.973	73.052	12104
18.05.2026 14:30	73.052	73.053	72.938	72.951	14397
18.05.2026 14:45	72.95	72.984	72.906	72.907	11803
18.05.2026 15:00	72.91	72.91	72.8	72.825	17576
18.05.2026 15:15	72.826	73.066	72.801	72.996	29781
18.05.2026 15:30	72.995	73.005	72.923	72.93	17777
18.05.2026 15:45	72.929	73.068	72.9	73.024	18258
18.05.2026 16:00	73.026	73.084	72.988	73.026	12250
18.05.2026 16:15	73.024	73.08	72.978	73.015	10674
18.05.2026 16:30	73.014	73.051	73.01	73.02	6008
18.05.2026 16:45	73.021	73.029	72.892	72.982	16356
18.05.2026 17:00	72.982	73.009	72.961	72.966	8964
18.05.2026 17:15	72.967	73.007	72.908	72.994	10695
18.05.2026 17:30	72.994	73.063	72.986	73.01	9710
18.05.2026 17:45	73.011	73.067	73.007	73.025	13208
18.05.2026 18:00	73.025	73.075	73.013	73.055	11268
18.05.2026 18:15	73.055	73.074	72.97	72.98	10238
18.05.2026 18:30	72.985	73.0	72.919	72.936	9877
18.05.2026 18:45	72.936	72.974	72.9	72.96	7123
18.05.2026 19:00	72.955	72.965	72.906	72.908	3024
18.05.2026 19:15	72.908	72.909	72.85	72.862	5759
18.05.2026 19:30	72.862	72.868	72.813	72.832	4042
18.05.2026 19:45	72.832	72.832	72.76	72.808	6593
18.05.2026 20:00	72.81	72.83	72.804	72.812	2849
18.05.2026 20:15	72.813	72.829	72.807	72.829	1132
18.05.2026 20:30	72.828	72.834	72.804	72.804	977
18.05.2026 20:45	72.805	72.819	72.79	72.79	1608
18.05.2026 21:00	72.791	72.806	72.79	72.79	1358
18.05.2026 21:15	72.79	72.794	72.73	72.742	4282
18.05.2026 21:30	72.74	72.753	72.718	72.725	3649
18.05.2026 21:45	72.725	72.75	72.71	72.75	4846
18.05.2026 22:00	72.752	72.753	72.704	72.712	3690
18.05.2026 22:15	72.713	72.759	72.71	72.755	2824
18.05.2026 22:30	72.749	72.758	72.734	72.738	1266
18.05.2026 22:45	72.736	72.773	72.736	72.758	1301
18.05.2026 23:00	72.758	72.765	72.721	72.73	2011
18.05.2026 23:15	72.729	72.737	72.663	72.669	4068
18.05.2026 23:30	72.67	72.735	72.59	72.601	12646
18.05.2026 23:45	72.601	72.638	72.591	72.592	1166
19.05.2026 09:00	72.592	72.717	72.391	72.436	34202
19.05.2026 09:15	72.435	72.533	72.371	72.513	26097
19.05.2026 09:30	72.51	72.529	72.482	72.502	6518
19.05.2026 09:45	72.503	72.503	72.354	72.402	16936
19.05.2026 10:00	72.404	72.419	72.232	72.265	58261
19.05.2026 10:15	72.26	72.267	72.015	72.042	50316
19.05.2026 10:30	72.043	72.079	71.872	71.985	61601
19.05.2026 10:45	71.985	71.985	71.822	71.826	35521
19.05.2026 11:00	71.832	71.95	71.828	71.929	30013
19.05.2026 11:15	71.929	72.03	71.929	71.994	25775
19.05.2026 11:30	71.992	72.045	71.829	71.858	26862
19.05.2026 11:45	71.858	71.9	71.839	71.84	22320
19.05.2026 12:00	71.841	71.89	71.81	71.859	22936
19.05.2026 12:15	71.858	71.9	71.66	71.714	47099
19.05.2026 12:30	71.714	71.84	71.65	71.653	38408
19.05.2026 12:45	71.653	71.698	71.62	71.689	40923
19.05.2026 13:00	71.689	71.729	71.67	71.684	16424
19.05.2026 13:15	71.682	71.692	71.6	71.603	19543
19.05.2026 13:30	71.603	71.683	71.588	71.673	22969
19.05.2026 13:45	71.672	71.75	71.654	71.711	19617
19.05.2026 14:00	71.711	71.787	71.67	71.787	29698
19.05.2026 14:15	71.784	71.935	71.774	71.879	43723
19.05.2026 14:30	71.877	71.964	71.854	71.925	27753
19.05.2026 14:45	71.925	71.982	71.874	71.956	23483
19.05.2026 15:00	71.956	72.012	71.813	72.006	34289
19.05.2026 15:15	72.006	72.03	71.887	71.97	28676
19.05.2026 15:30	71.97	72.006	71.863	71.882	18407
19.05.2026 15:45	71.879	71.883	71.653	71.678	41088
19.05.2026 16:00	71.678	71.697	71.537	71.571	45792
19.05.2026 16:15	71.571	71.745	71.566	71.726	36056
19.05.2026 16:30	71.729	71.738	71.596	71.637	29136
19.05.2026 16:45	71.635	71.674	71.585	71.597	18306
19.05.2026 17:00	71.597	71.788	71.587	71.754	24835
19.05.2026 17:15	71.754	71.827	71.72	71.745	12507
19.05.2026 17:30	71.747	71.759	71.656	71.664	17887
19.05.2026 17:45	71.662	71.723	71.556	71.583	32149
19.05.2026 18:00	71.584	71.616	71.513	71.533	20615
19.05.2026 18:15	71.531	71.535	71.274	71.423	58784
19.05.2026 18:30	71.424	71.45	71.251	71.342	29873
19.05.2026 18:45	71.342	71.389	71.276	71.311	20416
19.05.2026 19:00	71.311	71.325	71.291	71.3	7935
19.05.2026 19:15	71.3	71.364	71.299	71.309	7855
19.05.2026 19:30	71.308	71.311	71.197	71.213	14020
19.05.2026 19:45	71.213	71.213	71.107	71.168	14066
19.05.2026 20:00	71.161	71.167	71.047	71.05	11836
19.05.2026 20:15	71.05	71.121	71.048	71.104	6536
19.05.2026 20:30	71.104	71.142	71.101	71.139	5141
19.05.2026 20:45	71.138	71.214	71.126	71.164	5621
19.05.2026 21:00	71.164	71.177	71.119	71.121	3769
19.05.2026 21:15	71.12	71.138	71.082	71.09	2697
19.05.2026 21:30	71.09	71.135	71.087	71.087	2208
19.05.2026 21:45	71.087	71.13	71.052	71.069	4139
19.05.2026 22:00	71.074	71.11	71.05	71.069	3182
19.05.2026 22:15	71.065	71.072	71.027	71.03	4336
19.05.2026 22:30	71.031	71.038	71.017	71.031	2417
19.05.2026 22:45	71.029	71.077	71.027	71.039	3142
19.05.2026 23:00	71.041	71.056	71.014	71.021	3079
19.05.2026 23:15	71.021	71.036	71.005	71.022	2352
19.05.2026 23:30	71.023	71.038	70.925	70.968	6891
19.05.2026 23:45	70.965	71.019	70.911	70.922	4500
20.05.2026 09:00	70.891	70.9	70.55	70.61	55825
20.05.2026 09:15	70.61	70.753	70.598	70.75	32296
20.05.2026 09:30	70.75	70.769	70.65	70.693	23686
20.05.2026 09:45	70.692	70.86	70.664	70.792	23887
20.05.2026 10:00	70.79	71.63	70.75	71.513	182457
20.05.2026 10:15	71.513	71.627	71.305	71.472	103792
20.05.2026 10:30	71.471	71.937	71.43	71.794	127085
20.05.2026 10:45	71.794	71.838	71.621	71.701	62084
20.05.2026 11:00	71.707	71.788	71.511	71.54	45905
20.05.2026 11:15	71.537	71.719	71.525	71.585	38462
20.05.2026 11:30	71.583	71.662	71.548	71.598	26020
20.05.2026 11:45	71.598	71.855	71.582	71.804	52181
20.05.2026 12:00	71.805	71.832	71.643	71.667	29295
20.05.2026 12:15	71.666	71.696	71.608	71.638	24926
20.05.2026 12:30	71.638	71.856	71.62	71.845	38032
20.05.2026 12:45	71.846	71.875	71.741	71.818	27169
20.05.2026 13:00	71.82	71.96	71.76	71.937	40003
20.05.2026 13:15	71.936	71.971	71.854	71.96	44610
20.05.2026 13:30	71.96	72.15	71.881	72.064	66939
20.05.2026 13:45	72.066	72.127	71.976	72.014	43258
20.05.2026 14:00	72.011	72.039	71.906	71.969	27653
20.05.2026 14:15	71.97	71.984	71.832	71.842	18846
20.05.2026 14:30	71.846	71.968	71.841	71.938	12187
20.05.2026 14:45	71.938	71.992	71.896	71.94	34416
20.05.2026 15:00	71.94	72.034	71.857	71.912	97389
20.05.2026 15:15	71.912	72.02	71.838	71.869	89250
20.05.2026 15:30	71.872	71.937	71.803	71.885	72235
20.05.2026 15:45	71.883	71.95	71.881	71.95	11478
20.05.2026 16:00	71.949	71.989	71.941	71.959	13425
20.05.2026 16:15	71.959	71.959	71.82	71.92	14705
20.05.2026 16:30	71.92	71.978	71.88	71.943	9232
20.05.2026 16:45	71.946	72.0	71.935	71.967	10048
20.05.2026 17:00	71.968	71.994	71.865	71.883	14122
20.05.2026 17:15	71.884	71.932	71.866	71.931	24061
20.05.2026 17:30	71.93	71.933	71.855	71.901	35941
20.05.2026 17:45	71.896	71.899	71.791	71.874	59482
20.05.2026 18:00	71.876	71.919	71.875	71.914	12631
20.05.2026 18:15	71.914	71.995	71.873	71.941	18993
20.05.2026 18:30	71.936	71.98	71.89	71.979	7293
20.05.2026 18:45	71.98	72.019	71.938	71.965	7623
20.05.2026 19:00	71.965	71.973	71.889	71.908	3497
20.05.2026 19:15	71.908	71.943	71.891	71.942	2456
20.05.2026 19:30	71.943	71.978	71.931	71.952	3005
20.05.2026 19:45	71.954	71.954	71.925	71.941	977
20.05.2026 20:00	71.947	71.964	71.934	71.956	1561
20.05.2026 20:15	71.954	71.956	71.931	71.94	1205
20.05.2026 20:30	71.94	71.979	71.937	71.97	1594
20.05.2026 20:45	71.971	71.973	71.941	71.971	1261
20.05.2026 21:00	71.971	72.0	71.964	71.995	1784
20.05.2026 21:15	71.995	71.995	71.973	71.981	1020
20.05.2026 21:30	71.985	71.992	71.973	71.98	1362
20.05.2026 21:45	71.98	71.995	71.98	71.988	1297
20.05.2026 22:00	71.989	72.01	71.978	71.992	2148
20.05.2026 22:15	71.993	72.015	71.992	71.999	2863
20.05.2026 22:30	71.995	72.0	71.951	71.959	2091
20.05.2026 22:45	71.959	71.973	71.947	71.959	1332
20.05.2026 23:00	71.958	71.959	71.904	71.905	2091
20.05.2026 23:15	71.905	71.939	71.89	71.926	2561
20.05.2026 23:30	71.92	71.924	71.89	71.903	1764
20.05.2026 23:45	71.905	71.915	71.88	71.88	1352
21.05.2026 09:00	71.872	71.981	71.636	71.958	22374
21.05.2026 09:15	71.962	72.244	71.945	72.13	46407
21.05.2026 09:30	72.125	72.149	72.04	72.11	14340
21.05.2026 09:45	72.111	72.113	71.682	71.736	39179
21.05.2026 10:00	71.732	71.822	71.436	71.453	77339
21.05.2026 10:15	71.456	71.565	71.281	71.282	76829
21.05.2026 10:30	71.284	71.4	71.156	71.24	72692
21.05.2026 10:45	71.241	71.344	71.126	71.261	31607
21.05.2026 11:00	71.261	71.482	71.235	71.418	32045
21.05.2026 11:15	71.418	71.528	71.286	71.338	30920
21.05.2026 11:30	71.338	71.395	71.317	71.351	17986
21.05.2026 11:45	71.351	71.461	71.333	71.346	21474
21.05.2026 12:00	71.346	71.362	71.241	71.298	15699
21.05.2026 12:15	71.298	71.345	71.223	71.332	22780
21.05.2026 12:30	71.332	71.431	71.316	71.401	21761
21.05.2026 12:45	71.402	71.484	71.361	71.387	21468
21.05.2026 13:00	71.396	71.427	71.34	71.353	30496
21.05.2026 13:15	71.354	71.455	71.353	71.41	9329
21.05.2026 13:30	71.411	71.451	71.4	71.42	11446
21.05.2026 13:45	71.422	71.51	71.415	71.44	19601
21.05.2026 14:00	71.441	71.587	71.436	71.56	29102
21.05.2026 14:15	71.56	71.589	71.492	71.556	18826
21.05.2026 14:30	71.558	71.6	71.486	71.518	21446
21.05.2026 14:45	71.518	71.543	71.491	71.514	17051
21.05.2026 15:00	71.514	71.564	71.511	71.539	18828
21.05.2026 15:15	71.539	71.615	71.46	71.467	55831
21.05.2026 15:30	71.467	71.565	71.431	71.435	80265
21.05.2026 15:45	71.435	71.467	71.369	71.436	106538
21.05.2026 16:00	71.438	71.472	71.304	71.406	34562
21.05.2026 16:15	71.404	71.432	71.352	71.421	12790
21.05.2026 16:30	71.42	71.446	71.411	71.425	7657
21.05.2026 16:45	71.425	71.545	71.413	71.527	19632
21.05.2026 17:00	71.527	71.58	71.481	71.573	13436
21.05.2026 17:15	71.577	71.78	71.562	71.736	36740
21.05.2026 17:30	71.735	71.963	71.735	71.85	44463
21.05.2026 17:45	71.851	71.891	71.784	71.786	21542
21.05.2026 18:00	71.785	71.842	71.765	71.782	21549
21.05.2026 18:15	71.78	71.793	71.74	71.745	11622
21.05.2026 18:30	71.744	71.763	71.71	71.72	5984
21.05.2026 18:45	71.722	71.779	71.681	71.703	8811
21.05.2026 19:00	71.703	71.722	71.663	71.677	8915
21.05.2026 19:15	71.677	71.684	71.631	71.669	6612
21.05.2026 19:30	71.669	71.669	71.637	71.664	2911
21.05.2026 19:45	71.664	71.717	71.652	71.71	2818
21.05.2026 20:00	71.71	71.729	71.619	71.638	3757
21.05.2026 20:15	71.636	71.638	71.558	71.605	6542
21.05.2026 20:30	71.604	71.733	71.57	71.708	7053
21.05.2026 20:45	71.716	71.821	71.714	71.8	9254
21.05.2026 21:00	71.8	71.817	71.72	71.731	3981
21.05.2026 21:15	71.731	71.78	71.685	71.752	4086
21.05.2026 21:30	71.753	71.768	71.709	71.751	1972
21.05.2026 21:45	71.752	71.763	71.676	71.68	2258
21.05.2026 22:00	71.676	71.722	71.675	71.698	1751
21.05.2026 22:15	71.698	71.722	71.681	71.687	901
21.05.2026 22:30	71.691	71.691	71.659	71.659	716
21.05.2026 22:45	71.662	71.702	71.66	71.686	818
21.05.2026 23:00	71.687	71.704	71.665	71.671	867
21.05.2026 23:15	71.671	71.692	71.668	71.686	968
21.05.2026 23:30	71.685	71.721	71.674	71.715	1622
21.05.2026 23:45	71.715	71.72	71.678	71.706	772
22.05.2026 09:00	71.666	71.863	71.645	71.712	19002
22.05.2026 09:15	71.715	71.839	71.712	71.781	7840
22.05.2026 09:30	71.782	71.948	71.781	71.851	17172
22.05.2026 09:45	71.851	71.881	71.798	71.858	12929
22.05.2026 10:00	71.86	72.278	71.824	72.14	91398
22.05.2026 10:15	72.141	72.27	72.092	72.226	59901
22.05.2026 10:30	72.226	72.28	71.948	72.036	66511
22.05.2026 10:45	72.038	72.095	71.969	71.985	38478
22.05.2026 11:00	71.985	72.032	71.858	71.902	90414
22.05.2026 11:15	71.901	71.93	71.806	71.811	82922
22.05.2026 11:30	71.814	71.861	71.614	71.694	104826
22.05.2026 11:45	71.693	71.73	71.582	71.7	37442
22.05.2026 12:00	71.699	71.894	71.666	71.861	32844
22.05.2026 12:15	71.863	71.863	71.745	71.81	21646
22.05.2026 12:30	71.809	71.88	71.707	71.734	32817
22.05.2026 12:45	71.733	71.908	71.684	71.876	17775
22.05.2026 13:00	71.876	71.991	71.867	71.901	24290
22.05.2026 13:15	71.901	71.922	71.742	71.804	16622
22.05.2026 13:30	71.804	71.88	71.74	71.747	19292
22.05.2026 13:45	71.748	71.806	71.699	71.774	30331
22.05.2026 14:00	71.773	71.855	71.743	71.797	21915
22.05.2026 14:15	71.795	71.826	71.727	71.81	27076
22.05.2026 14:30	71.81	71.817	71.756	71.811	18362
22.05.2026 14:45	71.812	71.882	71.795	71.842	26243
22.05.2026 15:00	71.843	71.854	71.746	71.746	14214
22.05.2026 15:15	71.746	71.846	71.641	71.831	60208
22.05.2026 15:30	71.831	71.922	71.82	71.901	57282
22.05.2026 15:45	71.904	71.98	71.868	71.965	57722
22.05.2026 16:00	71.966	71.98	71.771	71.942	89331
22.05.2026 16:15	71.942	72.175	71.936	72.059	91060
22.05.2026 16:30	72.059	72.109	72.025	72.033	8118
22.05.2026 16:45	72.033	72.265	72.028	72.118	39662
22.05.2026 17:00	72.118	72.48	72.076	72.353	119526
22.05.2026 17:15	72.353	72.75	72.353	72.489	102093
22.05.2026 17:30	72.494	72.585	72.454	72.487	36054
22.05.2026 17:45	72.487	72.609	72.486	72.571	43228
22.05.2026 18:00	72.57	72.7	72.473	72.489	41476
22.05.2026 18:15	72.489	72.527	72.435	72.47	19595
22.05.2026 18:30	72.47	72.5	72.431	72.441	10009
22.05.2026 18:45	72.441	72.458	72.361	72.39	10139
22.05.2026 19:00	72.389	72.495	72.373	72.473	4203
22.05.2026 19:15	72.473	72.489	72.383	72.386	2775
22.05.2026 19:30	72.386	72.443	72.386	72.437	1659
22.05.2026 19:45	72.437	72.471	72.437	72.461	1205
22.05.2026 20:00	72.465	72.477	72.443	72.457	1631
22.05.2026 20:15	72.456	72.486	72.456	72.476	1446
22.05.2026 20:30	72.482	72.495	72.443	72.472	2476
22.05.2026 20:45	72.472	72.48	72.459	72.475	1006
22.05.2026 21:00	72.475	72.482	72.466	72.478	765
22.05.2026 21:15	72.479	72.482	72.474	72.477	564
22.05.2026 21:30	72.476	72.486	72.475	72.485	655
22.05.2026 21:45	72.485	72.486	72.44	72.465	1477
22.05.2026 22:00	72.465	72.466	72.414	72.414	1938
22.05.2026 22:15	72.418	72.446	72.412	72.42	1270
22.05.2026 22:30	72.42	72.444	72.379	72.444	2895
22.05.2026 22:45	72.444	72.463	72.427	72.457	1537
22.05.2026 23:00	72.456	72.459	72.416	72.424	1735
22.05.2026 23:15	72.425	72.457	72.416	72.455	1012
22.05.2026 23:30	72.452	72.495	72.437	72.495	4030
22.05.2026 23:45	72.495	72.497	72.44	72.442	1042
25.05.2026 09:00	72.59	72.846	72.57	72.742	43705
25.05.2026 09:15	72.74	72.766	72.521	72.637	26512
25.05.2026 09:30	72.638	72.765	72.63	72.637	17359
25.05.2026 09:45	72.637	72.782	72.606	72.758	21969
25.05.2026 10:00	72.758	72.762	72.324	72.404	76769
25.05.2026 10:15	72.399	72.487	72.293	72.305	36376
25.05.2026 10:30	72.306	72.506	72.271	72.479	36191
25.05.2026 10:45	72.48	72.498	72.255	72.343	20820
25.05.2026 11:00	72.343	72.38	72.217	72.232	27439
25.05.2026 11:15	72.23	72.285	72.085	72.273	38382
25.05.2026 11:30	72.275	72.276	72.061	72.088	26517
25.05.2026 11:45	72.086	72.149	72.011	72.056	31864
25.05.2026 12:00	72.057	72.111	71.931	72.048	42009
25.05.2026 12:15	72.048	72.236	72.048	72.201	28074
25.05.2026 12:30	72.2	72.218	72.062	72.102	48916
25.05.2026 12:45	72.103	72.125	72.014	72.041	26035
25.05.2026 13:00	72.043	72.099	71.974	72.059	29432
25.05.2026 13:15	72.059	72.168	72.043	72.067	24417
25.05.2026 13:30	72.063	72.106	71.961	71.98	26045
25.05.2026 13:45	71.98	72.086	71.954	72.032	27827
25.05.2026 14:00	72.029	72.038	71.945	71.996	25877
25.05.2026 14:15	71.996	72.056	71.945	72.026	18919
25.05.2026 14:30	72.028	72.121	72.017	72.092	38330
25.05.2026 14:45	72.093	72.148	72.062	72.094	41386
25.05.2026 15:00	72.095	72.277	72.084	72.266	46745
25.05.2026 15:15	72.266	72.313	72.223	72.251	70488
25.05.2026 15:30	72.254	72.339	72.214	72.282	67429
25.05.2026 15:45	72.284	72.631	72.284	72.615	92196
25.05.2026 16:00	72.615	72.74	72.513	72.556	105298
25.05.2026 16:15	72.555	72.599	72.459	72.561	77406
25.05.2026 16:30	72.562	72.711	72.545	72.678	73170
25.05.2026 16:45	72.679	72.892	72.629	72.715	91508
25.05.2026 17:00	72.718	73.198	72.718	72.987	113532
25.05.2026 17:15	72.987	73.05	72.812	72.835	48112
25.05.2026 17:30	72.834	72.906	72.713	72.844	29505
25.05.2026 17:45	72.84	73.0	72.811	72.911	27503
25.05.2026 18:00	72.91	72.927	72.77	72.872	24858
25.05.2026 18:15	72.871	72.94	72.75	72.853	21662
25.05.2026 18:30	72.86	72.96	72.8	72.904	11635
25.05.2026 18:45	72.902	72.93	72.824	72.846	5750
25.05.2026 19:00	72.846	72.927	72.815	72.864	5143
25.05.2026 19:15	72.863	72.889	72.844	72.875	1054
25.05.2026 19:30	72.873	72.976	72.87	72.95	3597
25.05.2026 19:45	72.95	73.042	72.938	73.039	7485
25.05.2026 20:00	73.039	73.055	72.883	72.918	10457
25.05.2026 20:15	72.923	73.018	72.913	72.946	2996
25.05.2026 20:30	72.95	73.0	72.94	72.987	987
25.05.2026 20:45	72.982	72.992	72.968	72.974	581
25.05.2026 21:00	72.974	72.996	72.973	72.975	1208
25.05.2026 21:15	72.976	72.993	72.951	72.964	1376
25.05.2026 21:30	72.964	72.965	72.927	72.938	1927
25.05.2026 21:45	72.938	72.938	72.925	72.927	728
25.05.2026 22:00	72.928	72.938	72.923	72.937	842
25.05.2026 22:15	72.937	72.94	72.925	72.94	834
25.05.2026 22:30	72.94	72.97	72.937	72.961	1570
25.05.2026 22:45	72.961	72.964	72.945	72.964	796
25.05.2026 23:00	72.963	72.968	72.956	72.967	1101
25.05.2026 23:15	72.967	73.0	72.965	72.998	1777
25.05.2026 23:30	72.998	73.032	72.986	73.019	2400
25.05.2026 23:45	73.019	73.06	72.999	73.024	1246
26.05.2026 09:00	73.024	73.127	72.861	72.913	28392
26.05.2026 09:15	72.916	72.918	72.768	72.859	12531
26.05.2026 09:30	72.86	72.921	72.826	72.845	6508
26.05.2026 09:45	72.839	72.848	72.686	72.705	16723
26.05.2026 10:00	72.704	73.002	72.542	72.595	117005
26.05.2026 10:15	72.595	72.6	72.34	72.348	91415
26.05.2026 10:30	72.348	72.472	72.25	72.442	65135
26.05.2026 10:45	72.445	72.61	72.442	72.511	38581
26.05.2026 11:00	72.511	72.6	72.49	72.545	40119
26.05.2026 11:15	72.545	72.577	72.43	72.457	58786
26.05.2026 11:30	72.457	72.535	72.352	72.479	139532
26.05.2026 11:45	72.479	72.513	72.413	72.472	30840
26.05.2026 12:00	72.472	72.48	72.35	72.365	55846
26.05.2026 12:15	72.363	72.387	72.293	72.378	45350
26.05.2026 12:30	72.379	72.459	72.322	72.42	15695
26.05.2026 12:45	72.42	72.433	72.322	72.352	14015
26.05.2026 13:00	72.351	72.397	72.296	72.311	18365
26.05.2026 13:15	72.31	72.314	72.119	72.128	55897
26.05.2026 13:30	72.126	72.189	72.084	72.185	27714
26.05.2026 13:45	72.185	72.391	72.177	72.378	26715
26.05.2026 14:00	72.381	72.386	72.264	72.3	15752
26.05.2026 14:15	72.3	72.336	72.258	72.326	16533
26.05.2026 14:30	72.326	72.356	72.28	72.298	11421
26.05.2026 14:45	72.296	72.314	72.263	72.282	9521
26.05.2026 15:00	72.283	72.29	72.125	72.204	29935
26.05.2026 15:15	72.207	72.26	72.175	72.204	20566
26.05.2026 15:30	72.203	72.271	72.194	72.227	32041
26.05.2026 15:45	72.228	72.295	72.152	72.169	49012
26.05.2026 16:00	72.168	72.245	72.13	72.132	91164
26.05.2026 16:15	72.132	72.166	72.067	72.161	101184
26.05.2026 16:30	72.158	72.292	72.119	72.198	22769
26.05.2026 16:45	72.199	72.215	72.116	72.142	16697
26.05.2026 17:00	72.144	72.187	72.117	72.162	10417
26.05.2026 17:15	72.163	72.168	72.032	72.092	18598
26.05.2026 17:30	72.092	72.113	72.03	72.097	12723
26.05.2026 17:45	72.096	72.147	72.075	72.092	8480
26.05.2026 18:00	72.094	72.111	72.03	72.048	10663
26.05.2026 18:15	72.047	72.048	71.817	71.879	50556
26.05.2026 18:30	71.878	71.891	71.691	71.74	35993
26.05.2026 18:45	71.74	71.798	71.72	71.743	13948
26.05.2026 19:00	71.743	71.779	71.671	71.676	10196
26.05.2026 19:15	71.677	71.731	71.674	71.724	4971
26.05.2026 19:30	71.724	71.766	71.72	71.742	4041
26.05.2026 19:45	71.745	71.75	71.72	71.726	2600
26.05.2026 20:00	71.726	71.788	71.72	71.788	2226
26.05.2026 20:15	71.788	71.859	71.765	71.831	4248
26.05.2026 20:30	71.831	71.839	71.744	71.75	4298
26.05.2026 20:45	71.752	71.813	71.752	71.803	1685
26.05.2026 21:00	71.803	71.85	71.794	71.842	2589
26.05.2026 21:15	71.843	71.847	71.824	71.846	1246
26.05.2026 21:30	71.845	71.846	71.81	71.813	1037
26.05.2026 21:45	71.815	71.815	71.802	71.807	1467
26.05.2026 22:00	71.809	71.844	71.809	71.829	2357
26.05.2026 22:15	71.823	71.838	71.814	71.826	719
26.05.2026 22:30	71.827	71.845	71.8	71.804	1905
26.05.2026 22:45	71.803	71.822	71.726	71.819	3828
26.05.2026 23:00	71.819	71.828	71.813	71.825	1502
26.05.2026 23:15	71.825	71.849	71.81	71.813	3582
26.05.2026 23:30	71.813	71.85	71.782	71.83	3832
26.05.2026 23:45	71.83	71.844	71.791	71.8	1059
27.05.2026 09:00	71.793	71.866	71.449	71.63	28222
27.05.2026 09:15	71.63	71.63	71.48	71.523	16907
27.05.2026 09:30	71.523	71.599	71.5	71.59	6715
27.05.2026 09:45	71.589	71.599	71.493	71.523	20100
27.05.2026 10:00	71.523	71.559	71.317	71.375	51807
27.05.2026 10:15	71.375	71.527	71.343	71.496	39739
27.05.2026 10:30	71.496	71.663	71.468	71.58	41870
27.05.2026 10:45	71.58	71.615	71.461	71.57	25934
27.05.2026 11:00	71.568	71.585	71.461	71.562	24866
27.05.2026 11:15	71.562	71.752	71.561	71.679	47469
27.05.2026 11:30	71.679	71.773	71.645	71.743	20127
27.05.2026 11:45	71.74	71.949	71.739	71.86	66479
27.05.2026 12:00	71.86	71.875	71.693	71.775	36516
27.05.2026 12:15	71.774	71.839	71.746	71.75	23876
27.05.2026 12:30	71.749	71.819	71.724	71.8	24141
27.05.2026 12:45	71.8	71.85	71.753	71.792	30415
27.05.2026 13:00	71.791	71.835	71.767	71.798	33523
27.05.2026 13:15	71.797	71.825	71.72	71.731	43309
27.05.2026 13:30	71.734	71.794	71.669	71.685	78262
27.05.2026 13:45	71.684	71.714	71.64	71.661	60379
27.05.2026 14:00	71.66	71.687	71.565	71.576	92289
27.05.2026 14:15	71.574	71.699	71.566	71.682	86555
27.05.2026 14:30	71.682	71.739	71.68	71.689	24071
27.05.2026 14:45	71.689	71.767	71.684	71.727	29676
27.05.2026 15:00	71.727	71.735	71.616	71.691	17941
27.05.2026 15:15	71.689	71.828	71.658	71.794	25017
27.05.2026 15:30	71.792	71.969	71.783	71.886	39773
27.05.2026 15:45	71.886	71.971	71.833	71.91	28155
27.05.2026 16:00	71.908	71.923	71.762	71.794	41666
27.05.2026 16:15	71.793	71.856	71.783	71.843	13512
27.05.2026 16:30	71.842	71.847	71.74	71.77	29095
27.05.2026 16:45	71.77	71.818	71.739	71.78	18640
27.05.2026 17:00	71.779	71.835	71.732	71.815	23173
27.05.2026 17:15	71.815	71.84	71.7	71.706	42339
27.05.2026 17:30	71.708	71.808	71.702	71.717	42389
27.05.2026 17:45	71.716	71.742	71.686	71.711	49683
27.05.2026 18:00	71.71	71.79	71.66	71.784	70965
27.05.2026 18:15	71.785	71.885	71.767	71.863	16083
27.05.2026 18:30	71.866	71.869	71.777	71.807	14365
27.05.2026 18:45	71.807	71.807	71.755	71.791	7255
27.05.2026 19:00	71.792	71.806	71.769	71.772	3408
27.05.2026 19:15	71.773	71.829	71.771	71.812	3026
27.05.2026 19:30	71.812	71.821	71.794	71.821	1018
27.05.2026 19:45	71.821	71.822	71.786	71.794	1151
27.05.2026 20:00	71.79	71.796	71.775	71.794	1309
27.05.2026 20:15	71.791	71.811	71.788	71.808	940
27.05.2026 20:30	71.808	71.82	71.8	71.808	1259
27.05.2026 20:45	71.808	71.841	71.806	71.833	1693
27.05.2026 21:00	71.833	71.84	71.824	71.824	751
27.05.2026 21:15	71.824	71.828	71.793	71.821	1830
27.05.2026 21:30	71.82	71.822	71.798	71.806	521
27.05.2026 21:45	71.809	71.814	71.804	71.807	279
27.05.2026 22:00	71.807	71.819	71.8	71.819	321
27.05.2026 22:15	71.816	71.827	71.811	71.816	419
27.05.2026 22:30	71.817	71.822	71.811	71.812	652
27.05.2026 22:45	71.812	71.813	71.804	71.809	735
27.05.2026 23:00	71.808	71.812	71.806	71.809	1013
27.05.2026 23:15	71.809	71.809	71.791	71.791	1646
27.05.2026 23:30	71.792	71.8	71.78	71.797	1474
27.05.2026 23:45	71.797	71.805	71.795	71.805	892
28.05.2026 08:45	71.77	71.799	71.77	71.772	78
28.05.2026 09:00	71.766	71.787	71.617	71.698	16104
28.05.2026 09:15	71.693	71.938	71.67	71.928	17473
28.05.2026 09:30	71.93	71.994	71.837	71.931	18638
28.05.2026 09:45	71.931	71.936	71.788	71.8	12859
28.05.2026 10:00	71.805	71.872	71.53	71.543	55482
28.05.2026 10:15	71.541	71.666	71.452	71.505	34291
28.05.2026 10:30	71.508	71.56	71.4	71.538	40646
28.05.2026 10:45	71.537	71.56	71.507	71.541	21282
28.05.2026 11:00	71.542	71.568	71.499	71.568	41387
28.05.2026 11:15	71.568	71.604	71.5	71.582	48528
28.05.2026 11:30	71.582	71.6	71.55	71.571	20914
28.05.2026 11:45	71.569	71.653	71.538	71.61	57341
28.05.2026 12:00	71.611	71.729	71.564	71.719	86941
28.05.2026 12:15	71.719	71.77	71.68	71.768	86342
28.05.2026 12:30	71.767	71.824	71.749	71.75	84621
28.05.2026 12:45	71.75	71.844	71.718	71.835	83886
28.05.2026 13:00	71.835	71.86	71.781	71.832	92637
28.05.2026 13:15	71.831	71.853	71.708	71.713	40616
28.05.2026 13:30	71.713	71.766	71.713	71.754	22379
28.05.2026 13:45	71.754	71.767	71.722	71.722	14989
28.05.2026 14:00	71.725	71.753	71.647	71.725	20872
28.05.2026 14:15	71.723	71.733	71.662	71.681	18808
28.05.2026 14:30	71.681	71.705	71.515	71.531	28155
28.05.2026 14:45	71.531	71.609	71.443	71.588	53586
28.05.2026 15:00	71.588	71.663	71.573	71.595	18825
28.05.2026 15:15	71.595	71.641	71.48	71.515	16776
28.05.2026 15:30	71.515	71.53	71.423	71.433	22764
28.05.2026 15:45	71.434	71.475	71.41	71.421	21674
28.05.2026 16:00	71.419	71.464	71.41	71.413	18820
28.05.2026 16:15	71.411	71.716	71.354	71.495	86666
28.05.2026 16:30	71.497	71.577	71.468	71.513	24753
28.05.2026 16:45	71.512	71.65	71.478	71.6	26725
28.05.2026 17:00	71.6	71.636	71.544	71.58	28509
28.05.2026 17:15	71.577	71.655	71.46	71.512	38744
28.05.2026 17:30	71.509	71.566	71.461	71.529	27767
28.05.2026 17:45	71.53	71.575	71.495	71.518	20569
28.05.2026 18:00	71.518	71.7	71.507	71.63	25577
28.05.2026 18:15	71.626	71.687	71.612	71.634	11612
28.05.2026 18:30	71.633	71.72	71.627	71.718	13704
28.05.2026 18:45	71.717	71.735	71.649	71.683	8685
28.05.2026 19:00	71.683	71.718	71.65	71.701	9861
28.05.2026 19:15	71.701	71.703	71.66	71.673	3856
28.05.2026 19:30	71.673	71.697	71.66	71.688	2740
28.05.2026 19:45	71.688	71.73	71.688	71.718	3508
28.05.2026 20:00	71.718	71.83	71.709	71.83	7375
28.05.2026 20:15	71.83	71.969	71.83	71.933	21768
28.05.2026 20:30	71.932	72.028	71.932	71.987	12351
28.05.2026 20:45	71.986	72.018	71.939	71.945	6673
28.05.2026 21:00	71.945	71.963	71.944	71.949	2238
28.05.2026 21:15	71.949	71.95	71.885	71.897	4326
28.05.2026 21:30	71.899	71.925	71.899	71.905	1274
28.05.2026 21:45	71.905	71.923	71.9	71.909	971
28.05.2026 22:00	71.909	71.933	71.909	71.927	933
28.05.2026 22:15	71.931	71.942	71.931	71.935	1349
28.05.2026 22:30	71.935	71.957	71.935	71.957	1592
28.05.2026 22:45	71.958	71.998	71.951	71.959	2027
28.05.2026 23:00	71.955	71.973	71.924	71.928	1702
28.05.2026 23:15	71.928	71.979	71.928	71.973	1735
28.05.2026 23:30	71.973	71.984	71.939	71.951	2055
28.05.2026 23:45	71.951	71.979	71.947	71.979	994
29.05.2026 08:45	71.972	71.98	71.972	71.98	20
29.05.2026 09:00	71.965	72.167	71.855	71.92	26192
29.05.2026 09:15	71.928	71.981	71.888	71.89	7557
29.05.2026 09:30	71.89	71.899	71.826	71.862	6738
29.05.2026 09:45	71.861	72.024	71.841	71.98	9493
29.05.2026 10:00	71.973	72.009	71.772	71.9	43781
29.05.2026 10:15	71.9	72.017	71.883	71.91	34039
29.05.2026 10:30	71.911	71.94	71.83	71.896	26313
29.05.2026 10:45	71.896	71.906	71.737	71.761	27756
29.05.2026 11:00	71.761	71.815	71.716	71.729	33356
29.05.2026 11:15	71.73	71.763	71.68	71.708	28479
29.05.2026 11:30	71.71	71.781	71.683	71.709	37681
29.05.2026 11:45	71.71	71.73	71.684	71.695	30554
29.05.2026 12:00	71.694	71.723	71.672	71.686	25231
29.05.2026 12:15	71.686	71.7	71.64	71.652	31546
29.05.2026 12:30	71.652	71.702	71.547	71.55	40689
29.05.2026 12:45	71.55	71.611	71.538	71.544	29213
29.05.2026 13:00	71.544	71.544	71.49	71.501	24516
29.05.2026 13:15	71.502	71.551	71.465	71.531	19585
29.05.2026 13:30	71.532	71.546	71.49	71.521	14286
29.05.2026 13:45	71.522	71.598	71.448	71.463	34842
29.05.2026 14:00	71.463	71.463	71.37	71.39	78251
29.05.2026 14:15	71.391	71.391	71.335	71.341	69854
29.05.2026 14:30	71.34	71.367	71.303	71.347	75767
29.05.2026 14:45	71.347	71.464	71.331	71.389	51490
29.05.2026 15:00	71.39	71.457	71.381	71.401	26580
29.05.2026 15:15	71.401	71.505	71.36	71.412	33462
29.05.2026 15:30	71.413	71.464	71.38	71.426	14353
29.05.2026 15:45	71.427	71.428	71.333	71.397	14915
29.05.2026 16:00	71.397	71.47	71.37	71.455	12888
29.05.2026 16:15	71.455	71.527	71.398	71.458	19159
29.05.2026 16:30	71.458	71.516	71.452	71.498	10723
29.05.2026 16:45	71.498	71.6	71.432	71.562	22339
29.05.2026 17:00	71.565	71.654	71.545	71.575	22342
29.05.2026 17:15	71.573	71.64	71.515	71.536	13565
29.05.2026 17:30	71.534	71.54	71.469	71.47	5616
29.05.2026 17:45	71.473	71.507	71.391	71.412	20909
29.05.2026 18:00	71.413	71.463	71.357	71.454	16795
29.05.2026 18:15	71.455	71.566	71.455	71.554	11478
29.05.2026 18:30	71.551	71.551	71.485	71.541	7714
29.05.2026 18:45	71.54	71.594	71.52	71.564	3735
29.05.2026 19:00	71.563	71.599	71.518	71.525	2738
29.05.2026 19:15	71.525	71.552	71.522	71.55	1357
29.05.2026 19:30	71.55	71.559	71.511	71.512	1274
29.05.2026 19:45	71.512	71.522	71.492	71.504	1845
29.05.2026 20:00	71.504	71.51	71.494	71.503	1576
29.05.2026 20:15	71.504	71.538	71.502	71.537	1314
29.05.2026 20:30	71.537	71.555	71.529	71.549	641
29.05.2026 20:45	71.547	71.547	71.514	71.524	1154
29.05.2026 21:00	71.527	71.54	71.518	71.533	745
29.05.2026 21:15	71.53	71.55	71.53	71.535	884
29.05.2026 21:30	71.532	71.545	71.531	71.537	355
29.05.2026 21:45	71.537	71.544	71.53	71.535	627
29.05.2026 22:00	71.534	71.536	71.521	71.526	430
29.05.2026 22:15	71.525	71.528	71.522	71.523	687
29.05.2026 22:30	71.522	71.533	71.518	71.531	1074
29.05.2026 22:45	71.531	71.537	71.515	71.525	1328
29.05.2026 23:00	71.525	71.565	71.524	71.543	3506
29.05.2026 23:15	71.543	71.552	71.539	71.544	2627
29.05.2026 23:30	71.543	71.558	71.537	71.543	2276
29.05.2026 23:45	71.544	71.558	71.525	71.525	1491
01.06.2026 08:45	71.518	71.518	71.515	71.515	72
01.06.2026 09:00	71.518	71.682	71.425	71.6	17000
01.06.2026 09:15	71.595	71.711	71.585	71.676	7919
01.06.2026 09:30	71.672	71.748	71.672	71.696	10543
01.06.2026 09:45	71.692	71.746	71.666	71.69	6889
01.06.2026 10:00	71.69	72.069	71.69	72.018	73305
01.06.2026 10:15	72.015	72.099	71.917	72.023	72497
01.06.2026 10:30	72.023	72.231	72.023	72.102	72810
01.06.2026 10:45	72.101	72.134	71.931	71.993	70100
01.06.2026 11:00	71.997	72.036	71.832	71.842	84780
01.06.2026 11:15	71.841	71.894	71.813	71.82	64505
01.06.2026 11:30	71.821	71.875	71.802	71.866	59864
01.06.2026 11:45	71.864	71.903	71.779	71.793	73172
01.06.2026 12:00	71.793	72.046	71.772	71.881	122787
01.06.2026 12:15	71.882	71.928	71.772	71.824	171644
01.06.2026 12:30	71.822	72.181	71.819	72.121	90471
01.06.2026 12:45	72.12	72.198	72.053	72.069	35868
01.06.2026 13:00	72.069	72.159	72.042	72.138	32874
01.06.2026 13:15	72.138	72.172	72.019	72.057	18233
01.06.2026 13:30	72.058	72.086	71.971	71.983	18224
01.06.2026 13:45	71.984	72.098	71.981	72.089	16266
01.06.2026 14:00	72.089	72.173	72.048	72.171	24552
01.06.2026 14:15	72.17	72.327	72.148	72.203	47068
01.06.2026 14:30	72.203	72.21	72.148	72.15	21658
01.06.2026 14:45	72.15	72.231	72.122	72.227	15567
01.06.2026 15:00	72.227	72.432	72.177	72.408	35109
01.06.2026 15:15	72.406	72.496	72.342	72.448	46302
01.06.2026 15:30	72.447	72.567	72.447	72.468	41749
01.06.2026 15:45	72.469	72.523	72.421	72.496	22334
01.06.2026 16:00	72.495	72.733	72.492	72.651	45432
01.06.2026 16:15	72.656	72.762	72.616	72.664	36168
01.06.2026 16:30	72.665	72.687	72.523	72.545	32773
01.06.2026 16:45	72.544	72.56	72.462	72.473	43891
01.06.2026 17:00	72.472	72.587	72.46	72.523	45687
01.06.2026 17:15	72.524	72.529	72.352	72.368	75399
01.06.2026 17:30	72.367	72.508	72.358	72.489	98493
01.06.2026 17:45	72.493	72.598	72.394	72.424	49937
01.06.2026 18:00	72.426	72.517	72.371	72.514	29871
01.06.2026 18:15	72.514	72.523	72.393	72.469	17258
01.06.2026 18:30	72.468	72.51	72.447	72.486	10323
01.06.2026 18:45	72.487	72.498	72.401	72.42	8520
01.06.2026 19:00	72.42	72.445	72.392	72.417	4623
01.06.2026 19:15	72.418	72.441	72.392	72.406	2109
01.06.2026 19:30	72.404	72.431	72.344	72.353	4817
01.06.2026 19:45	72.357	72.42	72.353	72.377	3374
01.06.2026 20:00	72.382	72.388	72.315	72.368	4414
01.06.2026 20:15	72.366	72.431	72.366	72.401	2660
01.06.2026 20:30	72.4	72.449	72.392	72.43	2309
01.06.2026 20:45	72.427	72.445	72.415	72.428	1076
01.06.2026 21:00	72.429	72.434	72.34	72.405	2583
01.06.2026 21:15	72.405	72.405	72.377	72.396	599
01.06.2026 21:30	72.397	72.398	72.381	72.389	676
01.06.2026 21:45	72.389	72.41	72.387	72.392	1055
01.06.2026 22:00	72.397	72.418	72.388	72.418	557
01.06.2026 22:15	72.418	72.426	72.384	72.426	1621
01.06.2026 22:30	72.426	72.43	72.412	72.43	969
01.06.2026 22:45	72.43	72.477	72.43	72.448	1872
01.06.2026 23:00	72.451	72.467	72.442	72.464	1308
01.06.2026 23:15	72.464	72.471	72.425	72.457	935
01.06.2026 23:30	72.457	72.469	72.449	72.453	1344
01.06.2026 23:45	72.45	72.47	72.448	72.448	1152
02.06.2026 08:45	72.448	72.448	72.448	72.448	34
02.06.2026 09:00	72.45	72.663	72.442	72.633	27228
02.06.2026 09:15	72.634	72.744	72.613	72.636	20220
02.06.2026 09:30	72.638	72.718	72.607	72.709	12303
02.06.2026 09:45	72.709	72.849	72.686	72.687	27094
02.06.2026 10:00	72.689	72.722	72.426	72.439	64354
02.06.2026 10:15	72.439	72.655	72.413	72.597	40431
02.06.2026 10:30	72.598	72.784	72.558	72.749	43546
02.06.2026 10:45	72.749	72.794	72.677	72.794	28605
02.06.2026 11:00	72.794	73.0	72.794	72.959	68216
02.06.2026 11:15	72.959	73.149	72.958	73.14	73443
02.06.2026 11:30	73.138	73.149	73.022	73.12	35414
02.06.2026 11:45	73.122	73.129	73.041	73.089	32073
02.06.2026 12:00	73.089	73.294	73.055	73.278	104938
02.06.2026 12:15	73.278	73.454	73.264	73.307	80879
02.06.2026 12:30	73.305	73.372	73.243	73.351	39980
02.06.2026 12:45	73.361	73.368	73.207	73.208	38592
02.06.2026 13:00	73.207	73.372	73.207	73.361	33487
02.06.2026 13:15	73.358	73.406	73.332	73.395	22721
02.06.2026 13:30	73.394	73.446	73.345	73.378	26214
02.06.2026 13:45	73.378	73.379	73.305	73.317	16284
02.06.2026 14:00	73.318	73.41	73.3	73.386	28611
02.06.2026 14:15	73.388	73.473	73.346	73.392	43366
02.06.2026 14:30	73.392	73.436	73.355	73.401	28587
02.06.2026 14:45	73.399	73.591	73.352	73.56	96918
02.06.2026 15:00	73.559	73.611	73.532	73.587	73203
02.06.2026 15:15	73.599	73.663	73.419	73.459	70867
02.06.2026 15:30	73.461	73.569	73.29	73.54	102477
02.06.2026 15:45	73.54	73.543	73.406	73.477	63359
02.06.2026 16:00	73.476	73.547	73.412	73.496	66026
02.06.2026 16:15	73.495	73.631	73.473	73.628	67915
02.06.2026 16:30	73.628	73.688	73.535	73.572	41805
02.06.2026 16:45	73.571	73.668	73.535	73.65	20085
02.06.2026 17:00	73.651	73.715	73.648	73.694	22318
02.06.2026 17:15	73.693	73.8	73.67	73.718	29982
02.06.2026 17:30	73.719	73.796	73.622	73.627	26268
02.06.2026 17:45	73.626	73.71	73.62	73.688	12529
02.06.2026 18:00	73.686	73.767	73.686	73.736	14916
02.06.2026 18:15	73.738	73.74	73.639	73.695	15226
02.06.2026 18:30	73.699	73.739	73.695	73.722	13051
02.06.2026 18:45	73.721	73.73	73.654	73.659	6966
02.06.2026 19:00	73.659	73.697	73.631	73.686	4579
02.06.2026 19:15	73.686	73.707	73.664	73.687	2705
02.06.2026 19:30	73.686	73.738	73.686	73.717	3667
02.06.2026 19:45	73.717	73.736	73.7	73.718	2871
02.06.2026 20:00	73.725	73.725	73.68	73.698	3325
02.06.2026 20:15	73.697	73.713	73.671	73.691	3311
02.06.2026 20:30	73.693	73.719	73.684	73.719	1421
02.06.2026 20:45	73.717	73.782	73.714	73.769	3721
02.06.2026 21:00	73.768	73.773	73.741	73.762	2099
02.06.2026 21:15	73.763	73.788	73.752	73.777	2614
02.06.2026 21:30	73.783	73.85	73.772	73.791	6808
02.06.2026 21:45	73.796	73.803	73.764	73.787	2955
02.06.2026 22:00	73.787	73.847	73.785	73.846	2450
02.06.2026 22:15	73.845	73.873	73.831	73.846	3845
02.06.2026 22:30	73.847	73.857	73.814	73.827	2710
02.06.2026 22:45	73.827	73.846	73.815	73.846	1662
02.06.2026 23:00	73.846	73.863	73.829	73.862	2483
02.06.2026 23:15	73.862	73.863	73.845	73.856	1746
02.06.2026 23:30	73.85	73.863	73.825	73.832	1913
02.06.2026 23:45	73.833	73.845	73.815	73.835	1172
03.06.2026 08:45	73.851	73.859	73.851	73.859	59
03.06.2026 09:00	73.86	73.999	73.636	73.723	38891
03.06.2026 09:15	73.72	73.725	73.592	73.669	19321
03.06.2026 09:30	73.663	73.668	73.47	73.548	24493
03.06.2026 09:45	73.548	73.738	73.472	73.631	25550
03.06.2026 10:00	73.631	73.856	73.491	73.563	102383
03.06.2026 10:15	73.563	73.979	73.44	73.919	96818
03.06.2026 10:30	73.919	74.117	73.903	73.995	99061
03.06.2026 10:45	73.999	74.02	73.74	73.76	52244
03.06.2026 11:00	73.763	73.787	73.627	73.642	84293
03.06.2026 11:15	73.642	73.682	73.605	73.641	118468
03.06.2026 11:30	73.641	73.68	73.612	73.641	109551
03.06.2026 11:45	73.642	74.064	73.63	73.817	118067
03.06.2026 12:00	73.816	74.09	72.924	73.287	331771
03.06.2026 12:15	73.292	73.417	73.134	73.378	81727
03.06.2026 12:30	73.378	73.584	73.319	73.581	44541
03.06.2026 12:45	73.581	73.87	73.52	73.859	73649
03.06.2026 13:00	73.863	73.966	73.657	73.959	62733
03.06.2026 13:15	73.96	74.305	73.959	74.289	111782
03.06.2026 13:30	74.288	74.366	74.229	74.363	63908
03.06.2026 13:45	74.364	74.396	74.23	74.366	41886
03.06.2026 14:00	74.367	74.54	74.298	74.337	48867
03.06.2026 14:15	74.337	74.363	74.169	74.222	41220
03.06.2026 14:30	74.222	74.376	74.202	74.333	19965
03.06.2026 14:45	74.333	74.355	74.249	74.326	15969
03.06.2026 15:00	74.326	74.521	74.321	74.463	28014
03.06.2026 15:15	74.467	74.753	74.461	74.686	55334
03.06.2026 15:30	74.686	74.798	74.425	74.542	72268
03.06.2026 15:45	74.542	74.725	74.485	74.61	83316
03.06.2026 16:00	74.612	74.737	74.507	74.531	52778
03.06.2026 16:15	74.531	74.56	74.377	74.505	67327
03.06.2026 16:30	74.504	74.515	74.327	74.331	39875
03.06.2026 16:45	74.331	74.408	74.226	74.233	79430
03.06.2026 17:00	74.231	74.411	74.23	74.305	77975
03.06.2026 17:15	74.305	74.347	74.21	74.241	104833
03.06.2026 17:30	74.239	74.288	74.0	74.019	110156
03.06.2026 17:45	74.017	74.118	74.0	74.019	41705
03.06.2026 18:00	74.02	74.207	74.019	74.167	23208
03.06.2026 18:15	74.165	74.3	74.139	74.182	19566
03.06.2026 18:30	74.187	74.2	74.0	74.03	15628
03.06.2026 18:45	74.027	74.118	74.021	74.088	5123
03.06.2026 19:00	74.087	74.133	74.0	74.132	8587
03.06.2026 19:15	74.13	74.153	74.034	74.09	5199
03.06.2026 19:30	74.085	74.174	74.073	74.15	1909
03.06.2026 19:45	74.154	74.206	74.151	74.165	2498
03.06.2026 20:00	74.166	74.223	74.152	74.202	3177
03.06.2026 20:15	74.205	74.264	74.203	74.263	2383
03.06.2026 20:30	74.26	74.265	74.2	74.237	2386
03.06.2026 20:45	74.238	74.241	74.2	74.201	3485
03.06.2026 21:00	74.201	74.205	74.171	74.188	5275
03.06.2026 21:15	74.188	74.198	74.184	74.186	1271
03.06.2026 21:30	74.186	74.186	74.124	74.125	2441
03.06.2026 21:45	74.124	74.125	74.094	74.097	2016
03.06.2026 22:00	74.096	74.111	74.07	74.104	1933
03.06.2026 22:15	74.102	74.163	74.095	74.15	830
03.06.2026 22:30	74.149	74.159	74.124	74.146	374
03.06.2026 22:45	74.145	74.148	74.133	74.147	643
03.06.2026 23:00	74.147	74.186	74.146	74.186	1111
03.06.2026 23:15	74.186	74.227	74.185	74.211	2004
03.06.2026 23:30	74.212	74.23	74.146	74.201	3370
03.06.2026 23:45	74.201	74.225	74.2	74.22	966
04.06.2026 09:00	74.201	74.438	74.165	74.41	26889
04.06.2026 09:15	74.409	74.525	74.4	74.502	28942
04.06.2026 09:30	74.503	74.531	74.5	74.504	18683
04.06.2026 09:45	74.505	74.57	74.348	74.503	59049
04.06.2026 10:00	74.505	74.814	74.372	74.734	151716
04.06.2026 10:15	74.731	74.798	74.63	74.758	34219
