datetime	open	high	low	close	volume
03.03.2026 09:45	117440.0	117440.0	117440.0	117440.0	1
03.03.2026 10:15	117010.0	117010.0	117010.0	117010.0	1
03.03.2026 12:00	117000.0	117000.0	117000.0	117000.0	6
03.03.2026 12:15	117000.0	117000.0	117000.0	117000.0	3
03.03.2026 13:00	116880.0	116880.0	116880.0	116880.0	1
03.03.2026 15:15	116680.0	116680.0	116680.0	116680.0	1
03.03.2026 16:00	116670.0	116670.0	116670.0	116670.0	1
03.03.2026 17:45	116500.0	116500.0	116500.0	116500.0	1
03.03.2026 22:30	116110.0	116110.0	116110.0	116110.0	1
04.03.2026 10:30	116270.0	116270.0	116000.0	116000.0	11
04.03.2026 11:30	116010.0	116010.0	116000.0	116000.0	4
04.03.2026 11:45	116000.0	116000.0	115600.0	115600.0	2
04.03.2026 12:00	115450.0	115450.0	114750.0	115060.0	3
04.03.2026 12:45	115960.0	115960.0	115960.0	115960.0	1
04.03.2026 13:00	115570.0	115570.0	115570.0	115570.0	1
04.03.2026 13:15	115300.0	115300.0	115300.0	115300.0	1
04.03.2026 17:15	114900.0	115000.0	114900.0	115000.0	2
04.03.2026 18:00	114830.0	114830.0	114500.0	114500.0	3
04.03.2026 18:15	114500.0	114500.0	114500.0	114500.0	1
04.03.2026 18:30	114380.0	114380.0	114380.0	114380.0	1
04.03.2026 21:15	114510.0	114510.0	114510.0	114510.0	1
04.03.2026 23:15	114500.0	114500.0	114060.0	114060.0	5
04.03.2026 23:30	114370.0	114370.0	114370.0	114370.0	1
05.03.2026 09:00	114600.0	114600.0	114600.0	114600.0	2
05.03.2026 12:00	114000.0	114000.0	114000.0	114000.0	2
05.03.2026 12:45	114050.0	114050.0	114050.0	114050.0	1
05.03.2026 13:00	114050.0	114050.0	114050.0	114050.0	6
05.03.2026 13:30	114000.0	114000.0	114000.0	114000.0	2
05.03.2026 14:15	113830.0	113830.0	113820.0	113820.0	2
05.03.2026 14:45	113940.0	113940.0	113690.0	113690.0	2
05.03.2026 15:30	113980.0	114130.0	113980.0	114130.0	7
06.03.2026 09:00	113690.0	113690.0	113690.0	113690.0	1
06.03.2026 11:15	114000.0	114000.0	113870.0	113870.0	2
06.03.2026 17:00	114860.0	114860.0	114860.0	114860.0	1
06.03.2026 21:15	115600.0	115600.0	115510.0	115510.0	6
06.03.2026 21:30	115600.0	115600.0	115600.0	115600.0	1
09.03.2026 09:00	115600.0	118250.0	115600.0	117600.0	21
09.03.2026 09:15	117720.0	117990.0	117720.0	117970.0	13
09.03.2026 09:30	117930.0	117930.0	117930.0	117930.0	2
09.03.2026 09:45	117930.0	117930.0	117930.0	117930.0	3
09.03.2026 10:00	117400.0	117400.0	117000.0	117000.0	11
09.03.2026 10:15	117000.0	117000.0	117000.0	117000.0	1
09.03.2026 12:30	116930.0	116930.0	116930.0	116930.0	2
09.03.2026 14:00	117240.0	117240.0	117240.0	117240.0	1
09.03.2026 14:15	117430.0	117430.0	117430.0	117430.0	1
09.03.2026 16:45	117730.0	117830.0	117730.0	117830.0	5
09.03.2026 17:00	117970.0	118000.0	117970.0	118000.0	6
09.03.2026 18:00	117940.0	117940.0	117940.0	117940.0	2
09.03.2026 22:30	116640.0	116640.0	116640.0	116640.0	1
10.03.2026 09:00	116750.0	116750.0	116750.0	116750.0	1
10.03.2026 09:15	116940.0	116940.0	116940.0	116940.0	1
10.03.2026 11:00	116630.0	116640.0	116630.0	116640.0	2
10.03.2026 11:15	116700.0	116700.0	116700.0	116700.0	5
10.03.2026 11:30	116800.0	116880.0	116800.0	116880.0	4
10.03.2026 12:30	116250.0	116550.0	116250.0	116550.0	2
10.03.2026 12:45	116600.0	116600.0	116600.0	116600.0	2
10.03.2026 13:15	116600.0	116600.0	116600.0	116600.0	4
10.03.2026 13:30	116600.0	116600.0	116600.0	116600.0	4
10.03.2026 14:30	116600.0	116600.0	116600.0	116600.0	4
10.03.2026 15:30	116600.0	116600.0	116600.0	116600.0	14
10.03.2026 18:15	116200.0	116200.0	116200.0	116200.0	1
10.03.2026 21:30	116190.0	116190.0	116190.0	116190.0	1
11.03.2026 10:30	116610.0	116610.0	116610.0	116610.0	1
11.03.2026 12:00	116380.0	116380.0	116380.0	116380.0	1
11.03.2026 12:30	116610.0	116610.0	116610.0	116610.0	1
11.03.2026 17:45	116060.0	116060.0	116060.0	116060.0	1
11.03.2026 18:00	116060.0	116060.0	116060.0	116060.0	1
11.03.2026 22:15	116060.0	116060.0	116010.0	116010.0	8
12.03.2026 08:45	116000.0	116000.0	116000.0	116000.0	2
12.03.2026 09:15	116460.0	116460.0	116450.0	116450.0	2
12.03.2026 11:00	116610.0	116610.0	116610.0	116610.0	2
12.03.2026 11:15	116610.0	116610.0	116610.0	116610.0	3
12.03.2026 11:30	116610.0	116610.0	116610.0	116610.0	2
12.03.2026 11:45	116430.0	116430.0	116430.0	116430.0	1
12.03.2026 12:45	116430.0	116430.0	116430.0	116430.0	1
12.03.2026 13:00	116440.0	116440.0	116380.0	116380.0	3
12.03.2026 13:30	116340.0	116340.0	116250.0	116250.0	2
12.03.2026 16:30	115610.0	115610.0	115610.0	115610.0	1
12.03.2026 16:45	115690.0	115690.0	115690.0	115690.0	1
12.03.2026 17:30	115630.0	115630.0	115510.0	115510.0	2
12.03.2026 18:00	115350.0	115440.0	115300.0	115440.0	9
12.03.2026 18:15	115300.0	115300.0	115270.0	115270.0	2
13.03.2026 09:00	115260.0	115260.0	115250.0	115250.0	9
13.03.2026 09:15	115240.0	115240.0	115240.0	115240.0	1
13.03.2026 10:15	115400.0	115640.0	115400.0	115640.0	11
13.03.2026 13:30	115240.0	115240.0	115240.0	115240.0	6
13.03.2026 13:45	115240.0	115240.0	115240.0	115240.0	14
13.03.2026 14:30	115260.0	115600.0	115260.0	115600.0	10
13.03.2026 15:30	115200.0	115200.0	115200.0	115200.0	1
13.03.2026 16:15	115030.0	115140.0	115030.0	115140.0	10
13.03.2026 18:15	115240.0	115300.0	115240.0	115300.0	15
13.03.2026 18:30	115300.0	115300.0	115300.0	115300.0	10
13.03.2026 18:45	115350.0	115350.0	115350.0	115350.0	1
13.03.2026 19:15	115390.0	115390.0	115390.0	115390.0	1
13.03.2026 19:45	115340.0	115340.0	115340.0	115340.0	1
14.03.2026 12:00	115310.0	115310.0	115000.0	115000.0	27
14.03.2026 12:15	115000.0	115000.0	115000.0	115000.0	1
14.03.2026 13:00	115000.0	115000.0	115000.0	115000.0	9
14.03.2026 15:15	115000.0	115000.0	115000.0	115000.0	16
14.03.2026 15:45	114990.0	114990.0	114990.0	114990.0	1
14.03.2026 17:30	114860.0	114860.0	114860.0	114860.0	1
15.03.2026 13:15	114860.0	114990.0	114860.0	114990.0	2
16.03.2026 10:00	115600.0	115600.0	115520.0	115520.0	2
16.03.2026 10:15	115150.0	115150.0	115150.0	115150.0	1
16.03.2026 10:45	115040.0	115040.0	115040.0	115040.0	1
16.03.2026 11:15	115000.0	115000.0	115000.0	115000.0	1
16.03.2026 12:15	114550.0	114550.0	114100.0	114100.0	19
16.03.2026 12:30	114100.0	114100.0	114100.0	114100.0	4
16.03.2026 13:15	114100.0	114100.0	114100.0	114100.0	1
16.03.2026 13:30	114000.0	114000.0	114000.0	114000.0	1
16.03.2026 14:00	113930.0	113930.0	113930.0	113930.0	1
16.03.2026 14:15	113820.0	113820.0	113820.0	113820.0	1
16.03.2026 14:45	113680.0	113680.0	113680.0	113680.0	3
16.03.2026 15:00	113620.0	113620.0	113620.0	113620.0	9
16.03.2026 15:30	113620.0	113620.0	113620.0	113620.0	27
16.03.2026 15:45	113500.0	113500.0	113460.0	113460.0	2
16.03.2026 16:00	113420.0	113420.0	113390.0	113390.0	4
16.03.2026 16:15	113430.0	113430.0	113380.0	113380.0	3
16.03.2026 16:30	113520.0	113520.0	113520.0	113520.0	2
16.03.2026 16:45	113530.0	113530.0	113520.0	113520.0	3
16.03.2026 17:00	113520.0	113520.0	113520.0	113520.0	1
16.03.2026 17:45	113520.0	113520.0	113430.0	113430.0	2
16.03.2026 19:30	113050.0	113050.0	113050.0	113050.0	1
16.03.2026 19:45	113060.0	113100.0	113060.0	113100.0	3
16.03.2026 20:00	113050.0	113050.0	113050.0	113050.0	5
16.03.2026 20:15	113000.0	113000.0	113000.0	113000.0	9
16.03.2026 20:30	113000.0	113260.0	113000.0	113260.0	12
16.03.2026 21:15	113030.0	113030.0	113030.0	113030.0	1
16.03.2026 22:15	113120.0	113120.0	113120.0	113120.0	1
16.03.2026 22:45	113150.0	113150.0	113150.0	113150.0	1
16.03.2026 23:15	113210.0	113210.0	113210.0	113210.0	1
17.03.2026 09:00	113460.0	113460.0	113460.0	113460.0	1
17.03.2026 09:15	113540.0	113540.0	113540.0	113540.0	1
17.03.2026 09:45	113400.0	113400.0	113400.0	113400.0	1
17.03.2026 10:00	113240.0	113240.0	113240.0	113240.0	1
17.03.2026 10:45	113240.0	113240.0	113240.0	113240.0	1
17.03.2026 11:00	113240.0	113240.0	113240.0	113240.0	2
17.03.2026 11:30	113240.0	113240.0	113130.0	113180.0	3
17.03.2026 12:15	113000.0	113000.0	112980.0	112980.0	4
17.03.2026 13:15	113260.0	113260.0	113260.0	113260.0	1
17.03.2026 14:00	113060.0	113060.0	113060.0	113060.0	1
17.03.2026 15:15	113090.0	113090.0	113090.0	113090.0	1
17.03.2026 15:45	113110.0	113110.0	113110.0	113110.0	3
17.03.2026 16:45	112970.0	113040.0	112860.0	112860.0	7
17.03.2026 17:15	112820.0	112820.0	112820.0	112820.0	1
17.03.2026 17:30	112620.0	112620.0	112620.0	112620.0	1
17.03.2026 17:45	112340.0	112460.0	112340.0	112460.0	6
17.03.2026 18:00	112500.0	112500.0	112500.0	112500.0	1
17.03.2026 18:15	112390.0	112390.0	112390.0	112390.0	6
17.03.2026 18:30	112150.0	112150.0	112150.0	112150.0	1
17.03.2026 18:45	112140.0	112300.0	112050.0	112050.0	5
17.03.2026 19:00	112050.0	112050.0	112010.0	112010.0	5
17.03.2026 19:15	112110.0	112180.0	112090.0	112090.0	3
17.03.2026 19:30	112040.0	112130.0	112040.0	112130.0	3
17.03.2026 19:45	112300.0	112300.0	112130.0	112130.0	4
17.03.2026 20:30	112300.0	112300.0	112250.0	112250.0	2
17.03.2026 21:00	112390.0	112470.0	112350.0	112360.0	8
17.03.2026 21:15	112300.0	112300.0	112290.0	112290.0	5
17.03.2026 21:30	112300.0	112300.0	112230.0	112230.0	2
17.03.2026 23:00	112230.0	112230.0	112190.0	112190.0	3
17.03.2026 23:30	112200.0	112200.0	112170.0	112170.0	2
17.03.2026 23:45	112130.0	112130.0	112130.0	112130.0	1
18.03.2026 09:00	112100.0	112100.0	111780.0	111780.0	7
18.03.2026 10:00	112030.0	112050.0	111780.0	111970.0	25
18.03.2026 10:15	111970.0	112020.0	111970.0	112020.0	7
18.03.2026 10:45	112010.0	112010.0	111970.0	111970.0	2
18.03.2026 11:00	111970.0	112000.0	111970.0	112000.0	9
18.03.2026 11:15	112280.0	112280.0	112280.0	112280.0	6
18.03.2026 13:00	112520.0	112520.0	112520.0	112520.0	1
18.03.2026 13:15	112900.0	112900.0	112900.0	112900.0	1
18.03.2026 13:30	113170.0	113250.0	112880.0	112880.0	6
18.03.2026 13:45	112960.0	112960.0	112740.0	112740.0	13
18.03.2026 14:15	112780.0	112880.0	112680.0	112880.0	9
18.03.2026 14:30	112910.0	112930.0	112640.0	112640.0	10
18.03.2026 15:00	112160.0	112370.0	112160.0	112190.0	14
18.03.2026 15:15	112300.0	112300.0	112300.0	112300.0	3
18.03.2026 15:30	112600.0	112600.0	112600.0	112600.0	1
18.03.2026 16:15	112340.0	112360.0	112250.0	112250.0	4
18.03.2026 16:30	112620.0	112620.0	112620.0	112620.0	1
18.03.2026 16:45	112440.0	112820.0	112410.0	112820.0	4
18.03.2026 17:00	112950.0	113060.0	112950.0	113060.0	59
18.03.2026 17:15	113020.0	113020.0	113000.0	113000.0	25
18.03.2026 17:30	113000.0	113010.0	112940.0	112940.0	23
18.03.2026 17:45	112880.0	113090.0	112860.0	112860.0	12
18.03.2026 18:00	112800.0	112800.0	112800.0	112800.0	5
18.03.2026 18:30	112770.0	112840.0	112770.0	112840.0	5
18.03.2026 19:00	112770.0	112770.0	112770.0	112770.0	1
18.03.2026 19:30	112910.0	112910.0	112910.0	112910.0	1
18.03.2026 19:45	112840.0	112890.0	112830.0	112830.0	6
18.03.2026 20:00	112850.0	112850.0	112850.0	112850.0	1
18.03.2026 22:00	112630.0	112640.0	112630.0	112640.0	5
18.03.2026 22:30	112700.0	112700.0	112700.0	112700.0	1
18.03.2026 23:00	112590.0	112590.0	112590.0	112590.0	1
18.03.2026 23:15	112560.0	112560.0	112500.0	112510.0	26
18.03.2026 23:45	112520.0	112520.0	112410.0	112410.0	2
19.03.2026 09:00	112710.0	112710.0	112500.0	112500.0	3
19.03.2026 09:15	112610.0	112620.0	112410.0	112520.0	9
19.03.2026 09:30	112710.0	112710.0	112710.0	112710.0	1
19.03.2026 09:45	112600.0	112600.0	112600.0	112600.0	26
19.03.2026 10:00	112470.0	112470.0	112440.0	112440.0	2
19.03.2026 10:15	112880.0	112900.0	112700.0	112700.0	23
19.03.2026 10:30	112580.0	112580.0	112300.0	112390.0	3
19.03.2026 10:45	112120.0	112120.0	112120.0	112120.0	1
19.03.2026 11:00	112020.0	112040.0	111900.0	111970.0	17
19.03.2026 11:15	112000.0	112000.0	112000.0	112000.0	34
19.03.2026 11:30	112000.0	112000.0	112000.0	112000.0	1
19.03.2026 11:45	111870.0	111980.0	111610.0	111980.0	12
19.03.2026 12:00	111740.0	111740.0	111600.0	111610.0	8
19.03.2026 12:15	112160.0	112370.0	112160.0	112290.0	4
19.03.2026 12:30	111790.0	111920.0	111750.0	111750.0	6
19.03.2026 12:45	111740.0	111950.0	111740.0	111950.0	12
19.03.2026 13:00	112330.0	112350.0	112060.0	112240.0	8
19.03.2026 13:45	111620.0	111850.0	111620.0	111850.0	2
19.03.2026 14:00	112100.0	112260.0	111920.0	111920.0	7
19.03.2026 14:45	112400.0	112430.0	112250.0	112250.0	5
19.03.2026 15:30	112600.0	112650.0	112330.0	112360.0	6
19.03.2026 16:30	112000.0	112000.0	112000.0	112000.0	1
19.03.2026 17:00	111920.0	112000.0	111920.0	112000.0	4
19.03.2026 17:45	112000.0	112000.0	112000.0	112000.0	5
19.03.2026 18:15	112000.0	112080.0	112000.0	112070.0	16
19.03.2026 18:30	112020.0	112030.0	112020.0	112030.0	2
19.03.2026 18:45	112000.0	112000.0	112000.0	112000.0	1
19.03.2026 19:15	112000.0	112000.0	112000.0	112000.0	1
19.03.2026 20:15	112530.0	112530.0	112530.0	112530.0	1
19.03.2026 20:30	112650.0	112800.0	112650.0	112790.0	3
19.03.2026 20:45	113000.0	113000.0	113000.0	113000.0	1
19.03.2026 21:00	112960.0	112960.0	112780.0	112780.0	7
19.03.2026 21:15	112690.0	112700.0	112690.0	112700.0	2
19.03.2026 21:30	112710.0	112710.0	112700.0	112700.0	2
19.03.2026 21:45	112700.0	112780.0	112500.0	112500.0	52
19.03.2026 22:00	112700.0	112700.0	112700.0	112700.0	1
19.03.2026 22:15	112490.0	112490.0	112490.0	112490.0	1
19.03.2026 23:30	112400.0	112400.0	112400.0	112400.0	1
20.03.2026 09:00	112320.0	112320.0	112250.0	112270.0	4
20.03.2026 09:15	112360.0	112360.0	112360.0	112360.0	1
20.03.2026 10:00	113040.0	113070.0	113000.0	113000.0	52
20.03.2026 10:15	113050.0	113050.0	113050.0	113050.0	1
20.03.2026 10:30	113000.0	113000.0	112590.0	112590.0	3
20.03.2026 10:45	112430.0	112430.0	112290.0	112400.0	22
20.03.2026 11:00	111970.0	111970.0	111920.0	111920.0	3
20.03.2026 12:30	112280.0	112280.0	112280.0	112280.0	1
20.03.2026 12:45	112550.0	112550.0	112550.0	112550.0	1
20.03.2026 13:00	112550.0	112550.0	112550.0	112550.0	4
20.03.2026 13:15	112550.0	112550.0	112550.0	112550.0	2
20.03.2026 13:30	112130.0	112560.0	111980.0	111980.0	10
20.03.2026 13:45	111960.0	111960.0	111960.0	111960.0	1
20.03.2026 14:15	111720.0	111730.0	111510.0	111510.0	4
20.03.2026 14:30	111800.0	111800.0	111800.0	111800.0	1
20.03.2026 15:00	111050.0	111050.0	111000.0	111050.0	11
20.03.2026 15:15	110860.0	111050.0	110860.0	111050.0	2
20.03.2026 15:30	110710.0	110710.0	110700.0	110710.0	46
20.03.2026 15:45	110830.0	110830.0	110830.0	110830.0	1
20.03.2026 16:00	111220.0	111220.0	111120.0	111120.0	3
20.03.2026 16:30	111390.0	111390.0	111390.0	111390.0	1
20.03.2026 17:15	111660.0	111670.0	111660.0	111670.0	41
20.03.2026 17:45	112010.0	112010.0	111960.0	111960.0	2
20.03.2026 18:45	111660.0	111660.0	111660.0	111660.0	1
23.03.2026 10:00	111720.0	111720.0	111270.0	111270.0	7
23.03.2026 10:15	111050.0	111050.0	111050.0	111050.0	1
23.03.2026 10:30	111570.0	111740.0	111570.0	111700.0	6
23.03.2026 10:45	111870.0	112090.0	111870.0	112090.0	9
23.03.2026 11:00	112250.0	112250.0	112250.0	112250.0	1
23.03.2026 11:15	112590.0	112700.0	112520.0	112700.0	15
23.03.2026 11:30	112590.0	112640.0	112550.0	112550.0	5
23.03.2026 11:45	112590.0	112660.0	112400.0	112580.0	30
23.03.2026 12:30	112450.0	112450.0	112450.0	112450.0	1
23.03.2026 12:45	112150.0	112150.0	112150.0	112150.0	3
23.03.2026 13:00	112030.0	112030.0	112030.0	112030.0	1
23.03.2026 13:15	112050.0	112050.0	112000.0	112000.0	2
23.03.2026 13:30	111770.0	111770.0	111640.0	111640.0	3
23.03.2026 13:45	111570.0	111570.0	111470.0	111490.0	18
23.03.2026 14:00	111510.0	111570.0	110990.0	110990.0	136
23.03.2026 14:15	110800.0	112090.0	110800.0	112090.0	248
23.03.2026 14:30	112330.0	112500.0	112120.0	112150.0	68
23.03.2026 14:45	112000.0	112160.0	112000.0	112160.0	5
23.03.2026 15:00	112180.0	112380.0	112130.0	112130.0	8
23.03.2026 15:30	112000.0	112000.0	111960.0	111960.0	2
23.03.2026 15:45	111740.0	111890.0	111740.0	111890.0	4
23.03.2026 16:15	112010.0	112010.0	111850.0	111850.0	2
23.03.2026 16:45	111730.0	111730.0	111720.0	111720.0	2
23.03.2026 17:00	111680.0	111680.0	111680.0	111680.0	1
23.03.2026 17:15	111670.0	111670.0	111620.0	111620.0	6
23.03.2026 17:30	111820.0	111820.0	111650.0	111690.0	4
23.03.2026 17:45	111660.0	111660.0	111500.0	111550.0	3
23.03.2026 18:00	111420.0	111420.0	111350.0	111350.0	4
23.03.2026 18:30	111060.0	111060.0	111060.0	111060.0	1
23.03.2026 19:00	111670.0	111790.0	111670.0	111790.0	3
23.03.2026 19:15	111740.0	111740.0	111730.0	111730.0	2
23.03.2026 19:30	111710.0	111720.0	111700.0	111720.0	6
23.03.2026 20:15	111840.0	111900.0	111840.0	111900.0	2
23.03.2026 21:00	112080.0	112080.0	112080.0	112080.0	1
23.03.2026 21:15	112220.0	112410.0	112220.0	112410.0	2
23.03.2026 21:30	112490.0	112510.0	112200.0	112200.0	5
23.03.2026 22:00	112590.0	112630.0	112590.0	112630.0	2
23.03.2026 22:15	112660.0	112690.0	112660.0	112690.0	4
23.03.2026 22:30	112700.0	112840.0	112700.0	112840.0	5
23.03.2026 22:45	112870.0	112880.0	112870.0	112880.0	2
23.03.2026 23:00	112700.0	112720.0	112700.0	112720.0	2
23.03.2026 23:15	112510.0	112510.0	112510.0	112510.0	3
24.03.2026 09:00	113000.0	113110.0	112800.0	112800.0	20
24.03.2026 09:15	112910.0	113280.0	112910.0	113280.0	4
24.03.2026 09:30	113400.0	113580.0	113400.0	113580.0	5
24.03.2026 09:45	113580.0	113710.0	113580.0	113580.0	17
24.03.2026 10:00	113470.0	113840.0	113470.0	113490.0	8
24.03.2026 10:15	113350.0	113350.0	113350.0	113350.0	1
24.03.2026 10:30	113400.0	113400.0	112960.0	112960.0	22
24.03.2026 10:45	113000.0	113000.0	112960.0	112960.0	4
24.03.2026 11:15	113130.0	113240.0	113130.0	113240.0	2
24.03.2026 12:00	113550.0	113800.0	113490.0	113800.0	32
24.03.2026 12:15	113800.0	114000.0	113800.0	114000.0	25
24.03.2026 12:30	113980.0	114030.0	113940.0	114030.0	26
24.03.2026 12:45	114150.0	114300.0	114100.0	114300.0	10
24.03.2026 13:00	114400.0	114450.0	114400.0	114450.0	2
24.03.2026 13:15	114380.0	114400.0	114130.0	114130.0	4
24.03.2026 13:30	114010.0	114010.0	113940.0	113940.0	3
24.03.2026 14:15	114050.0	114050.0	114050.0	114050.0	1
24.03.2026 14:30	114080.0	114080.0	114080.0	114080.0	1
24.03.2026 14:45	113900.0	113900.0	113900.0	113900.0	1
24.03.2026 15:00	114000.0	114130.0	114000.0	114130.0	93
24.03.2026 15:15	114090.0	114090.0	114090.0	114090.0	2
24.03.2026 15:45	114120.0	114220.0	114120.0	114220.0	2
24.03.2026 16:00	113910.0	113910.0	113910.0	113910.0	1
24.03.2026 16:30	113940.0	113940.0	113940.0	113940.0	1
24.03.2026 16:45	113860.0	113860.0	113860.0	113860.0	1
24.03.2026 17:00	113960.0	113960.0	113960.0	113960.0	1
24.03.2026 17:15	114240.0	114300.0	114240.0	114300.0	2
24.03.2026 17:30	114460.0	114680.0	114460.0	114680.0	27
24.03.2026 17:45	114590.0	114590.0	114570.0	114570.0	5
24.03.2026 18:00	114650.0	114690.0	114650.0	114690.0	5
24.03.2026 18:30	114600.0	114600.0	114600.0	114600.0	1
24.03.2026 19:15	114580.0	114580.0	114580.0	114580.0	1
24.03.2026 20:45	114400.0	114400.0	114350.0	114360.0	3
24.03.2026 21:00	114450.0	114450.0	114450.0	114450.0	1
24.03.2026 21:15	114490.0	114490.0	114420.0	114440.0	4
24.03.2026 21:30	114400.0	114400.0	114370.0	114370.0	3
24.03.2026 21:45	114330.0	114330.0	114330.0	114330.0	1
24.03.2026 22:45	114330.0	114330.0	114330.0	114330.0	1
24.03.2026 23:00	114310.0	114310.0	114310.0	114310.0	1
24.03.2026 23:15	114300.0	114300.0	114040.0	114040.0	3
25.03.2026 09:00	114120.0	114310.0	114120.0	114300.0	3
25.03.2026 09:15	114060.0	114060.0	114060.0	114060.0	1
25.03.2026 10:00	114020.0	114460.0	113700.0	113700.0	21
25.03.2026 10:15	113600.0	113600.0	113480.0	113600.0	97
25.03.2026 10:30	113600.0	113600.0	113410.0	113480.0	5
25.03.2026 10:45	113600.0	113600.0	113600.0	113600.0	12
25.03.2026 11:00	113290.0	113420.0	113290.0	113380.0	4
25.03.2026 12:00	113360.0	113360.0	113360.0	113360.0	2
25.03.2026 12:15	113280.0	113370.0	113200.0	113270.0	10
25.03.2026 12:30	113180.0	113470.0	113180.0	113470.0	2
25.03.2026 13:30	113330.0	113330.0	113330.0	113330.0	1
25.03.2026 15:15	113300.0	113300.0	113300.0	113300.0	1
25.03.2026 16:15	113190.0	113190.0	113080.0	113080.0	3
25.03.2026 16:30	113090.0	113090.0	113090.0	113090.0	1
25.03.2026 16:45	113380.0	113380.0	113340.0	113340.0	2
25.03.2026 17:00	113380.0	113380.0	113380.0	113380.0	2
25.03.2026 17:15	113230.0	113260.0	113230.0	113260.0	2
25.03.2026 17:30	113150.0	113160.0	113080.0	113160.0	4
25.03.2026 18:00	113190.0	113190.0	112980.0	112980.0	16
25.03.2026 18:15	112950.0	112970.0	112930.0	112970.0	3
25.03.2026 18:30	113050.0	113050.0	113020.0	113020.0	6
25.03.2026 18:45	113000.0	113000.0	112990.0	112990.0	4
25.03.2026 19:00	112820.0	112820.0	112820.0	112820.0	1
25.03.2026 19:15	112820.0	112820.0	112820.0	112820.0	1
25.03.2026 19:30	112700.0	112740.0	112640.0	112740.0	14
25.03.2026 21:00	112720.0	112720.0	112720.0	112720.0	1
25.03.2026 21:45	112870.0	112870.0	112870.0	112870.0	1
25.03.2026 22:00	112970.0	112970.0	112870.0	112940.0	5
25.03.2026 22:15	112940.0	112940.0	112880.0	112880.0	2
25.03.2026 22:30	112950.0	112950.0	112950.0	112950.0	1
25.03.2026 22:45	112910.0	112910.0	112910.0	112910.0	1
25.03.2026 23:00	112990.0	112990.0	112970.0	112970.0	3
25.03.2026 23:15	112940.0	112940.0	112840.0	112840.0	4
25.03.2026 23:30	112910.0	112910.0	112860.0	112860.0	7
26.03.2026 09:00	112970.0	112970.0	112970.0	112970.0	1
26.03.2026 09:15	112950.0	112950.0	112950.0	112950.0	1
26.03.2026 09:30	112880.0	112880.0	112760.0	112760.0	2
26.03.2026 09:45	112800.0	112800.0	112800.0	112800.0	1
26.03.2026 10:00	112450.0	112450.0	111880.0	111940.0	21
26.03.2026 10:15	111950.0	111950.0	111950.0	111950.0	6
26.03.2026 10:30	112190.0	112190.0	112190.0	112190.0	2
26.03.2026 10:45	112200.0	112200.0	112020.0	112040.0	13
26.03.2026 11:00	112040.0	112040.0	111710.0	111710.0	9
26.03.2026 11:15	111540.0	111540.0	111410.0	111420.0	6
26.03.2026 11:45	111520.0	111520.0	111520.0	111520.0	14
26.03.2026 12:00	111500.0	111500.0	111500.0	111500.0	1
26.03.2026 12:45	111950.0	111950.0	111950.0	111950.0	1
26.03.2026 13:00	112240.0	112240.0	112240.0	112240.0	2
26.03.2026 13:15	111860.0	112020.0	111860.0	112020.0	52
26.03.2026 13:30	112020.0	112020.0	112000.0	112000.0	36
26.03.2026 13:45	112000.0	112060.0	112000.0	112010.0	13
26.03.2026 14:15	112270.0	112300.0	112270.0	112300.0	3
26.03.2026 14:45	112000.0	112000.0	112000.0	112000.0	9
26.03.2026 15:00	111740.0	111740.0	111700.0	111700.0	2
26.03.2026 15:15	111500.0	111500.0	111500.0	111500.0	1
26.03.2026 15:30	111750.0	111750.0	111710.0	111710.0	5
26.03.2026 16:00	111990.0	112000.0	111940.0	111980.0	11
26.03.2026 16:15	112220.0	112220.0	112050.0	112090.0	3
26.03.2026 16:30	112320.0	112320.0	112290.0	112290.0	4
26.03.2026 17:00	112700.0	112700.0	112700.0	112700.0	1
26.03.2026 17:15	112470.0	112470.0	112450.0	112450.0	2
26.03.2026 17:45	112600.0	112700.0	112600.0	112700.0	3
26.03.2026 18:00	112980.0	113050.0	112970.0	113000.0	6
26.03.2026 18:15	112850.0	112850.0	112850.0	112850.0	1
26.03.2026 18:45	113010.0	113120.0	113010.0	113120.0	2
26.03.2026 19:00	113090.0	113090.0	113070.0	113070.0	2
26.03.2026 20:30	113020.0	113020.0	113020.0	113020.0	1
26.03.2026 23:00	112560.0	112560.0	112420.0	112420.0	3
26.03.2026 23:15	112520.0	112520.0	112520.0	112520.0	2
26.03.2026 23:45	112940.0	112970.0	112940.0	112970.0	4
27.03.2026 09:00	112900.0	112900.0	112900.0	112900.0	1
27.03.2026 09:30	113200.0	113300.0	113200.0	113300.0	2
27.03.2026 09:45	113240.0	113240.0	113240.0	113240.0	1
27.03.2026 10:00	113030.0	113030.0	112540.0	112690.0	48
27.03.2026 10:15	112890.0	113000.0	112890.0	113000.0	15
27.03.2026 10:45	112940.0	112940.0	112940.0	112940.0	2
27.03.2026 11:00	113000.0	113160.0	113000.0	113160.0	54
27.03.2026 11:15	113010.0	113100.0	113010.0	113100.0	2
27.03.2026 11:30	113280.0	113280.0	112910.0	112910.0	7
27.03.2026 11:45	112910.0	112910.0	112830.0	112830.0	2
27.03.2026 12:00	112940.0	112950.0	112600.0	112600.0	3
27.03.2026 12:15	112510.0	112530.0	112410.0	112410.0	7
27.03.2026 12:30	112450.0	112470.0	112270.0	112270.0	12
27.03.2026 12:45	112000.0	112000.0	112000.0	112000.0	2
27.03.2026 13:00	111900.0	111900.0	111900.0	111900.0	1
27.03.2026 13:15	111560.0	111560.0	111550.0	111550.0	3
27.03.2026 13:30	111800.0	111980.0	111770.0	111900.0	117
27.03.2026 13:45	111900.0	111950.0	111900.0	111950.0	13
27.03.2026 14:00	111900.0	111900.0	111900.0	111900.0	9
27.03.2026 14:15	112210.0	112230.0	112190.0	112230.0	3
27.03.2026 14:30	112150.0	112150.0	112110.0	112110.0	2
27.03.2026 15:15	112260.0	112260.0	112260.0	112260.0	1
27.03.2026 15:30	112010.0	112010.0	111970.0	111970.0	6
27.03.2026 15:45	111900.0	111900.0	111880.0	111880.0	2
27.03.2026 16:00	111530.0	111530.0	111390.0	111390.0	9
27.03.2026 16:15	111420.0	111420.0	111340.0	111340.0	7
27.03.2026 16:30	111300.0	111300.0	111080.0	111080.0	2
27.03.2026 16:45	111000.0	111000.0	110730.0	110760.0	8
27.03.2026 17:00	110720.0	110720.0	110720.0	110720.0	1
27.03.2026 17:30	110800.0	110800.0	110800.0	110800.0	1
27.03.2026 17:45	110780.0	110780.0	110630.0	110630.0	4
27.03.2026 18:00	110430.0	110550.0	110430.0	110550.0	3
27.03.2026 18:15	110410.0	110410.0	110080.0	110350.0	35
27.03.2026 18:30	110170.0	110300.0	110170.0	110300.0	2
27.03.2026 18:45	110420.0	110420.0	110420.0	110420.0	1
27.03.2026 19:00	110420.0	110620.0	110420.0	110620.0	3
27.03.2026 19:15	110620.0	110620.0	110620.0	110620.0	3
27.03.2026 19:45	110620.0	110720.0	110620.0	110720.0	2
27.03.2026 20:15	110650.0	110650.0	110650.0	110650.0	1
27.03.2026 20:45	110690.0	110690.0	110690.0	110690.0	1
27.03.2026 21:45	110610.0	110610.0	110610.0	110610.0	1
27.03.2026 22:00	110660.0	110660.0	110660.0	110660.0	2
27.03.2026 22:30	110700.0	110700.0	110700.0	110700.0	1
27.03.2026 23:00	110630.0	110630.0	110630.0	110630.0	1
27.03.2026 23:30	110600.0	110600.0	110600.0	110600.0	1
27.03.2026 23:45	110730.0	110730.0	110730.0	110730.0	1
28.03.2026 10:00	110520.0	110520.0	110520.0	110520.0	1
28.03.2026 10:15	110400.0	110400.0	110400.0	110400.0	1
28.03.2026 10:30	110400.0	110400.0	110400.0	110400.0	1
28.03.2026 12:00	110180.0	110180.0	110180.0	110180.0	1
28.03.2026 12:30	110270.0	110340.0	110270.0	110340.0	2
28.03.2026 13:45	110440.0	110480.0	110440.0	110480.0	2
28.03.2026 15:00	110520.0	110520.0	110520.0	110520.0	1
28.03.2026 18:30	110600.0	110600.0	110600.0	110600.0	1
29.03.2026 12:30	110840.0	110870.0	110790.0	110790.0	3
29.03.2026 13:00	110890.0	110890.0	110890.0	110890.0	1
29.03.2026 13:30	110860.0	110930.0	110860.0	110930.0	2
29.03.2026 13:45	110970.0	111040.0	110970.0	111040.0	6
29.03.2026 14:45	111040.0	111040.0	111040.0	111040.0	1
29.03.2026 15:00	111100.0	111100.0	111100.0	111100.0	1
29.03.2026 15:15	111100.0	111320.0	111100.0	111250.0	5
29.03.2026 15:30	111150.0	111150.0	111150.0	111150.0	1
29.03.2026 17:15	111040.0	111040.0	111040.0	111040.0	1
29.03.2026 18:15	111180.0	111180.0	111130.0	111130.0	2
30.03.2026 09:00	110710.0	110710.0	110710.0	110710.0	1
30.03.2026 09:15	110570.0	110570.0	110500.0	110500.0	44
30.03.2026 09:30	110500.0	110500.0	110320.0	110320.0	4
30.03.2026 10:00	110340.0	110510.0	110320.0	110480.0	69
30.03.2026 10:30	110480.0	110480.0	110480.0	110480.0	1
30.03.2026 10:45	110310.0	110310.0	110120.0	110120.0	7
30.03.2026 11:00	109920.0	109920.0	109660.0	109760.0	53
30.03.2026 11:15	109880.0	109900.0	109880.0	109900.0	4
30.03.2026 11:30	110200.0	110260.0	110200.0	110260.0	3
30.03.2026 12:00	110090.0	110890.0	110080.0	110890.0	52
30.03.2026 12:15	111040.0	111400.0	111040.0	111400.0	6
30.03.2026 12:30	111480.0	111750.0	111480.0	111720.0	10
30.03.2026 12:45	111600.0	111600.0	111410.0	111410.0	8
30.03.2026 13:00	111390.0	111410.0	111360.0	111360.0	10
30.03.2026 13:15	111450.0	111450.0	111450.0	111450.0	1
30.03.2026 13:45	111440.0	111600.0	111440.0	111600.0	6
30.03.2026 14:00	111600.0	111610.0	111600.0	111610.0	10
30.03.2026 14:15	111410.0	111410.0	111410.0	111410.0	2
30.03.2026 14:45	110940.0	111000.0	110910.0	111000.0	10
30.03.2026 15:15	110790.0	110830.0	110790.0	110790.0	3
30.03.2026 15:30	110980.0	111150.0	110980.0	111140.0	22
30.03.2026 15:45	110950.0	110950.0	110950.0	110950.0	1
30.03.2026 16:00	111120.0	111120.0	111120.0	111120.0	2
30.03.2026 16:15	111120.0	111120.0	111120.0	111120.0	15
30.03.2026 16:30	110940.0	111010.0	110850.0	110850.0	3
30.03.2026 17:00	110190.0	110300.0	110190.0	110210.0	6
30.03.2026 17:15	110260.0	110300.0	110000.0	110040.0	43
30.03.2026 17:30	110230.0	110290.0	110230.0	110240.0	18
30.03.2026 17:45	110300.0	110300.0	110210.0	110210.0	30
30.03.2026 18:30	110380.0	110380.0	110310.0	110310.0	6
30.03.2026 18:45	110510.0	110510.0	110510.0	110510.0	1
30.03.2026 19:00	110710.0	110840.0	110710.0	110820.0	5
30.03.2026 19:15	110720.0	110720.0	110720.0	110720.0	1
30.03.2026 19:30	110780.0	110800.0	110780.0	110800.0	2
30.03.2026 19:45	111000.0	111000.0	111000.0	111000.0	1
30.03.2026 20:00	111010.0	111050.0	111010.0	111020.0	6
30.03.2026 22:00	110820.0	110820.0	110820.0	110820.0	1
30.03.2026 22:15	110840.0	110840.0	110840.0	110840.0	2
31.03.2026 09:15	110640.0	110640.0	110640.0	110640.0	1
31.03.2026 09:45	110900.0	110900.0	110900.0	110900.0	1
31.03.2026 10:00	110540.0	110540.0	110410.0	110530.0	4
31.03.2026 10:15	110630.0	110700.0	110630.0	110700.0	45
31.03.2026 10:30	110700.0	110750.0	110690.0	110690.0	61
31.03.2026 11:00	110440.0	110480.0	110440.0	110450.0	5
31.03.2026 11:15	110590.0	110620.0	110470.0	110470.0	9
31.03.2026 11:45	110590.0	110590.0	110580.0	110580.0	2
31.03.2026 12:00	110570.0	110640.0	110570.0	110640.0	2
31.03.2026 12:15	110440.0	110500.0	110440.0	110500.0	2
31.03.2026 12:30	110560.0	110610.0	110560.0	110610.0	3
31.03.2026 12:45	110700.0	110700.0	110700.0	110700.0	1
31.03.2026 13:00	110400.0	110400.0	110400.0	110400.0	1
31.03.2026 13:15	110150.0	110150.0	109990.0	109990.0	32
31.03.2026 13:30	110000.0	110000.0	110000.0	110000.0	35
31.03.2026 13:45	109950.0	109950.0	109550.0	109710.0	7
31.03.2026 14:00	109500.0	109590.0	109500.0	109590.0	2
31.03.2026 14:15	109500.0	109500.0	109500.0	109500.0	1
31.03.2026 14:30	109630.0	109630.0	109370.0	109390.0	67
31.03.2026 14:45	109340.0	109340.0	109000.0	109000.0	22
31.03.2026 15:00	108780.0	108820.0	108370.0	108640.0	115
31.03.2026 15:15	108590.0	108720.0	108590.0	108680.0	31
31.03.2026 15:45	108690.0	108690.0	108690.0	108690.0	9
31.03.2026 16:45	108710.0	108720.0	108710.0	108720.0	3
31.03.2026 17:15	108950.0	108980.0	108950.0	108980.0	2
31.03.2026 17:30	108770.0	108770.0	108770.0	108770.0	2
31.03.2026 17:45	108660.0	108660.0	108570.0	108570.0	3
31.03.2026 18:00	108510.0	108510.0	108510.0	108510.0	1
31.03.2026 18:45	109110.0	109110.0	109110.0	109110.0	1
31.03.2026 19:00	109180.0	109180.0	109180.0	109180.0	1
31.03.2026 19:30	109070.0	109070.0	108800.0	108810.0	5
31.03.2026 19:45	108830.0	108830.0	108820.0	108830.0	3
31.03.2026 20:00	109000.0	109000.0	109000.0	109000.0	2
31.03.2026 20:15	108800.0	108810.0	108720.0	108720.0	9
31.03.2026 20:30	108800.0	108860.0	108800.0	108860.0	7
31.03.2026 20:45	108930.0	108930.0	108920.0	108920.0	5
31.03.2026 21:00	108860.0	108860.0	108780.0	108780.0	10
31.03.2026 21:15	108750.0	108750.0	108750.0	108750.0	1
31.03.2026 21:30	108680.0	108800.0	108680.0	108790.0	10
31.03.2026 23:30	108870.0	109000.0	108870.0	109000.0	75
31.03.2026 23:45	109010.0	109010.0	109010.0	109010.0	1
01.04.2026 09:45	108940.0	108940.0	108940.0	108940.0	1
01.04.2026 10:00	109010.0	110300.0	109010.0	110300.0	211
01.04.2026 10:15	110300.0	110800.0	110220.0	110800.0	33
01.04.2026 10:30	110670.0	110780.0	110270.0	110300.0	199
01.04.2026 10:45	110290.0	110300.0	110200.0	110250.0	15
01.04.2026 11:00	110410.0	110410.0	110350.0	110350.0	8
01.04.2026 11:15	110240.0	110260.0	110240.0	110260.0	5
01.04.2026 11:30	110690.0	110690.0	110690.0	110690.0	1
01.04.2026 12:00	110710.0	110710.0	110710.0	110710.0	1
01.04.2026 12:15	110710.0	110730.0	110580.0	110580.0	6
01.04.2026 12:30	110600.0	111000.0	110600.0	111000.0	39
01.04.2026 12:45	111000.0	111300.0	111000.0	111300.0	164
01.04.2026 13:00	111300.0	111320.0	111300.0	111320.0	4
01.04.2026 13:30	111150.0	111300.0	111150.0	111300.0	3
01.04.2026 13:45	111300.0	111350.0	111300.0	111350.0	9
01.04.2026 14:00	111130.0	111130.0	111130.0	111130.0	1
01.04.2026 14:30	110680.0	110680.0	110680.0	110680.0	1
01.04.2026 14:45	110500.0	110500.0	110500.0	110500.0	4
01.04.2026 15:00	110350.0	110440.0	110230.0	110440.0	27
01.04.2026 15:15	110560.0	110560.0	110500.0	110500.0	2
01.04.2026 15:30	110270.0	110270.0	110260.0	110260.0	5
01.04.2026 15:45	110290.0	110290.0	110250.0	110290.0	5
01.04.2026 16:00	110320.0	110320.0	110320.0	110320.0	2
01.04.2026 16:15	110500.0	110580.0	110500.0	110580.0	6
01.04.2026 16:30	110410.0	110410.0	110400.0	110400.0	2
01.04.2026 16:45	110340.0	110350.0	110250.0	110250.0	11
01.04.2026 17:30	110560.0	110560.0	110560.0	110560.0	3
01.04.2026 17:45	110900.0	110900.0	110900.0	110900.0	2
01.04.2026 18:00	111050.0	111050.0	111040.0	111040.0	5
01.04.2026 18:15	110900.0	110900.0	110900.0	110900.0	1
01.04.2026 18:45	111010.0	111200.0	111010.0	111200.0	2
01.04.2026 20:00	110980.0	110980.0	110920.0	110920.0	6
01.04.2026 20:15	110930.0	111010.0	110920.0	111010.0	10
01.04.2026 21:00	111090.0	111090.0	111090.0	111090.0	2
01.04.2026 21:30	111270.0	111270.0	111200.0	111200.0	29
01.04.2026 21:45	111200.0	111200.0	111200.0	111200.0	41
01.04.2026 22:00	111300.0	111350.0	111300.0	111350.0	3
01.04.2026 22:15	111400.0	111400.0	111400.0	111400.0	1
01.04.2026 23:15	111310.0	111310.0	111290.0	111290.0	3
02.04.2026 09:15	111030.0	111030.0	111030.0	111030.0	3
02.04.2026 10:00	111190.0	111300.0	110850.0	110850.0	5
02.04.2026 10:15	110620.0	110730.0	110620.0	110670.0	22
02.04.2026 10:30	110520.0	110520.0	110410.0	110460.0	6
02.04.2026 11:00	110950.0	110950.0	110950.0	110950.0	3
02.04.2026 11:15	110880.0	110880.0	110880.0	110880.0	1
02.04.2026 12:30	111040.0	111120.0	111040.0	111120.0	2
02.04.2026 12:45	110830.0	110830.0	110830.0	110830.0	1
02.04.2026 13:00	110930.0	110930.0	110930.0	110930.0	1
02.04.2026 13:15	110810.0	110810.0	110810.0	110810.0	2
02.04.2026 15:30	110520.0	110800.0	110520.0	110800.0	4
02.04.2026 16:15	110820.0	110950.0	110820.0	110950.0	3
02.04.2026 16:30	110850.0	110850.0	110850.0	110850.0	1
02.04.2026 17:30	110940.0	110940.0	110500.0	110630.0	96
02.04.2026 17:45	110570.0	110570.0	110500.0	110500.0	5
02.04.2026 18:00	110430.0	110430.0	110430.0	110430.0	2
02.04.2026 18:45	110760.0	110760.0	110740.0	110740.0	2
02.04.2026 20:45	110850.0	110850.0	110850.0	110850.0	1
02.04.2026 21:00	110850.0	110850.0	110850.0	110850.0	1
02.04.2026 21:15	110850.0	110850.0	110850.0	110850.0	1
02.04.2026 21:45	110950.0	110950.0	110950.0	110950.0	6
03.04.2026 09:00	111150.0	111150.0	111150.0	111150.0	1
03.04.2026 09:15	111150.0	111150.0	111100.0	111100.0	2
03.04.2026 09:45	111070.0	111190.0	111070.0	111190.0	3
03.04.2026 10:00	111340.0	111510.0	111340.0	111510.0	3
03.04.2026 10:15	111330.0	111330.0	111240.0	111270.0	5
03.04.2026 10:30	111490.0	111640.0	111490.0	111640.0	2
03.04.2026 10:45	111560.0	111560.0	111280.0	111280.0	2
03.04.2026 11:00	111410.0	111410.0	111300.0	111300.0	2
03.04.2026 11:15	111200.0	111230.0	111050.0	111180.0	4
03.04.2026 11:45	110810.0	110830.0	110800.0	110800.0	3
03.04.2026 12:00	110790.0	110900.0	110780.0	110900.0	7
03.04.2026 12:15	110500.0	110520.0	110500.0	110500.0	4
03.04.2026 12:30	110580.0	110600.0	110580.0	110600.0	5
03.04.2026 12:45	110410.0	110510.0	110380.0	110510.0	98
03.04.2026 13:15	110580.0	110610.0	110580.0	110610.0	20
03.04.2026 13:30	110610.0	110670.0	110600.0	110670.0	4
03.04.2026 13:45	110510.0	110510.0	110400.0	110400.0	11
03.04.2026 14:00	110400.0	110510.0	110400.0	110510.0	22
03.04.2026 14:15	110660.0	110820.0	110660.0	110820.0	2
03.04.2026 14:30	110750.0	110800.0	110750.0	110800.0	2
03.04.2026 14:45	110790.0	110950.0	110790.0	110950.0	7
03.04.2026 15:00	111250.0	111500.0	111230.0	111230.0	10
03.04.2026 15:15	111060.0	111060.0	111040.0	111040.0	3
03.04.2026 15:30	111000.0	111000.0	111000.0	111000.0	1
03.04.2026 16:15	111110.0	111110.0	111110.0	111110.0	9
03.04.2026 16:30	111100.0	111100.0	111000.0	111000.0	4
03.04.2026 16:45	111200.0	111200.0	111190.0	111190.0	10
03.04.2026 17:00	111000.0	111150.0	111000.0	111020.0	19
03.04.2026 17:30	110960.0	110960.0	110930.0	110930.0	51
03.04.2026 17:45	110990.0	110990.0	110990.0	110990.0	1
03.04.2026 18:00	111050.0	111050.0	111050.0	111050.0	2
03.04.2026 18:15	111260.0	111310.0	111260.0	111310.0	2
03.04.2026 18:30	111330.0	111330.0	111330.0	111330.0	2
03.04.2026 18:45	111320.0	111320.0	111320.0	111320.0	3
03.04.2026 19:00	111270.0	111270.0	111270.0	111270.0	1
03.04.2026 19:15	111260.0	111260.0	111260.0	111260.0	1
03.04.2026 20:15	111320.0	111350.0	111320.0	111350.0	2
03.04.2026 23:45	111260.0	111260.0	111200.0	111240.0	4
04.04.2026 10:30	111210.0	111210.0	111170.0	111170.0	3
04.04.2026 11:15	111260.0	111260.0	111260.0	111260.0	1
04.04.2026 12:00	111380.0	111380.0	111380.0	111380.0	1
04.04.2026 12:45	111400.0	111400.0	111400.0	111400.0	1
04.04.2026 16:15	111510.0	111510.0	111510.0	111510.0	1
04.04.2026 16:30	111510.0	111510.0	111510.0	111510.0	1
04.04.2026 18:15	111570.0	111570.0	111570.0	111570.0	1
04.04.2026 18:45	111550.0	111550.0	111550.0	111550.0	1
05.04.2026 10:00	111570.0	111570.0	111570.0	111570.0	1
05.04.2026 13:00	111350.0	111350.0	111350.0	111350.0	1
05.04.2026 15:30	111380.0	111380.0	111380.0	111380.0	1
05.04.2026 15:45	111400.0	111400.0	111400.0	111400.0	1
05.04.2026 16:15	111390.0	111530.0	111390.0	111530.0	2
05.04.2026 16:30	111520.0	111520.0	111520.0	111520.0	1
06.04.2026 09:00	111570.0	111570.0	111570.0	111570.0	1
06.04.2026 09:15	111460.0	111460.0	111120.0	111120.0	2
06.04.2026 09:45	111110.0	111110.0	111110.0	111110.0	1
06.04.2026 10:30	111860.0	111860.0	111860.0	111860.0	2
06.04.2026 10:45	111540.0	111540.0	111540.0	111540.0	1
06.04.2026 13:00	111400.0	111400.0	111380.0	111380.0	10
06.04.2026 13:30	111330.0	111330.0	111330.0	111330.0	1
06.04.2026 15:15	111720.0	111720.0	111600.0	111600.0	2
06.04.2026 15:30	111620.0	111620.0	111620.0	111620.0	4
06.04.2026 15:45	111430.0	111430.0	111430.0	111430.0	1
06.04.2026 16:00	111670.0	111670.0	111670.0	111670.0	1
06.04.2026 16:15	111650.0	111650.0	111610.0	111610.0	2
06.04.2026 16:45	111850.0	112070.0	111690.0	112050.0	13
06.04.2026 17:00	112040.0	112140.0	112030.0	112030.0	5
06.04.2026 17:15	112160.0	112190.0	112160.0	112190.0	2
06.04.2026 17:30	112260.0	112260.0	112190.0	112190.0	4
06.04.2026 17:45	112130.0	112130.0	112130.0	112130.0	1
06.04.2026 18:15	112430.0	112460.0	112430.0	112450.0	3
06.04.2026 18:30	112550.0	112720.0	112550.0	112650.0	8
06.04.2026 18:45	112670.0	112670.0	112660.0	112660.0	2
06.04.2026 19:15	112760.0	112760.0	112760.0	112760.0	1
06.04.2026 19:30	112810.0	112850.0	112810.0	112850.0	18
06.04.2026 19:45	112850.0	112890.0	112850.0	112890.0	2
06.04.2026 20:00	112890.0	112920.0	112890.0	112920.0	3
06.04.2026 20:15	112850.0	112850.0	112850.0	112850.0	1
06.04.2026 20:30	112850.0	112850.0	112840.0	112840.0	10
06.04.2026 21:00	112930.0	112930.0	112930.0	112930.0	1
06.04.2026 21:15	112690.0	112740.0	112650.0	112740.0	14
06.04.2026 21:30	112740.0	112940.0	112740.0	112940.0	18
06.04.2026 21:45	112940.0	112940.0	112940.0	112940.0	4
06.04.2026 22:00	112930.0	112930.0	112930.0	112930.0	1
06.04.2026 22:30	112840.0	112840.0	112840.0	112840.0	2
06.04.2026 22:45	112820.0	112850.0	112820.0	112850.0	2
06.04.2026 23:00	112820.0	112820.0	112820.0	112820.0	9
07.04.2026 09:00	112920.0	112970.0	112760.0	112760.0	5
07.04.2026 09:15	112750.0	112750.0	112750.0	112750.0	1
07.04.2026 10:00	112580.0	112580.0	112580.0	112580.0	1
07.04.2026 10:15	112930.0	113020.0	112870.0	113020.0	7
07.04.2026 10:30	113100.0	113100.0	112800.0	112800.0	8
07.04.2026 11:00	113110.0	113400.0	113110.0	113400.0	8
07.04.2026 11:15	113320.0	113320.0	113320.0	113320.0	2
07.04.2026 11:30	113500.0	113540.0	113390.0	113390.0	7
07.04.2026 11:45	113290.0	113290.0	113290.0	113290.0	2
07.04.2026 12:00	113290.0	113290.0	113290.0	113290.0	1
07.04.2026 12:15	113090.0	113090.0	112860.0	112860.0	2
07.04.2026 13:00	113100.0	113100.0	113100.0	113100.0	1
07.04.2026 13:15	112930.0	112930.0	112930.0	112930.0	1
07.04.2026 13:30	112950.0	112950.0	112950.0	112950.0	1
07.04.2026 13:45	112800.0	112800.0	112600.0	112600.0	8
07.04.2026 14:00	112510.0	112530.0	112500.0	112530.0	3
07.04.2026 14:30	112810.0	112810.0	112780.0	112780.0	2
07.04.2026 15:00	112890.0	113000.0	112890.0	113000.0	3
07.04.2026 15:15	112750.0	112750.0	112750.0	112750.0	1
07.04.2026 15:30	112900.0	113090.0	112900.0	113090.0	4
07.04.2026 15:45	112770.0	112770.0	112770.0	112770.0	1
07.04.2026 16:00	113000.0	113080.0	113000.0	113080.0	2
07.04.2026 16:15	113220.0	113220.0	113220.0	113220.0	1
07.04.2026 16:30	113300.0	113300.0	113300.0	113300.0	1
07.04.2026 16:45	113430.0	113540.0	113330.0	113330.0	15
07.04.2026 17:00	113570.0	113570.0	113520.0	113520.0	2
07.04.2026 17:15	113680.0	113730.0	113680.0	113700.0	4
07.04.2026 17:30	113470.0	113470.0	113470.0	113470.0	1
07.04.2026 17:45	113410.0	113410.0	113220.0	113370.0	9
07.04.2026 18:30	113380.0	113480.0	113380.0	113420.0	5
07.04.2026 19:15	113360.0	113360.0	113360.0	113360.0	1
07.04.2026 19:30	113260.0	113260.0	113260.0	113260.0	1
07.04.2026 20:45	113340.0	113340.0	113340.0	113340.0	1
07.04.2026 22:45	113250.0	113250.0	113250.0	113250.0	1
07.04.2026 23:00	113030.0	113030.0	113030.0	113030.0	1
07.04.2026 23:15	113040.0	113200.0	112920.0	112930.0	81
08.04.2026 08:45	112400.0	112400.0	112400.0	112400.0	1
08.04.2026 09:00	112000.0	112670.0	112000.0	112180.0	9
08.04.2026 09:15	112080.0	112370.0	112080.0	112350.0	8
08.04.2026 09:30	112350.0	112500.0	112350.0	112500.0	2
08.04.2026 09:45	112310.0	112400.0	112300.0	112400.0	62
08.04.2026 10:00	112400.0	112600.0	112350.0	112600.0	39
08.04.2026 10:15	112700.0	112800.0	112690.0	112780.0	8
08.04.2026 10:30	112390.0	112390.0	112390.0	112390.0	2
08.04.2026 10:45	112550.0	112550.0	112550.0	112550.0	1
08.04.2026 11:45	112210.0	112210.0	112090.0	112110.0	38
08.04.2026 12:00	112140.0	112150.0	112110.0	112110.0	34
08.04.2026 12:15	112270.0	112310.0	112240.0	112240.0	7
08.04.2026 12:30	112230.0	112230.0	112090.0	112090.0	55
08.04.2026 14:00	112420.0	112420.0	112420.0	112420.0	1
08.04.2026 14:30	112420.0	112420.0	112420.0	112420.0	1
08.04.2026 15:00	112300.0	112310.0	112300.0	112310.0	3
08.04.2026 15:15	112240.0	112240.0	112090.0	112090.0	74
08.04.2026 15:30	112000.0	112040.0	111840.0	111900.0	49
08.04.2026 15:45	111880.0	111930.0	111270.0	111300.0	218
08.04.2026 16:00	111280.0	111510.0	111260.0	111420.0	33
08.04.2026 16:15	111430.0	111510.0	111150.0	111400.0	64
08.04.2026 16:30	111410.0	111640.0	111350.0	111480.0	66
08.04.2026 16:45	111420.0	111440.0	110950.0	110950.0	67
08.04.2026 17:00	110940.0	111000.0	110830.0	111000.0	17
08.04.2026 17:30	110970.0	110970.0	110580.0	110670.0	7
08.04.2026 17:45	110800.0	111220.0	110800.0	111100.0	10
08.04.2026 18:00	111300.0	111300.0	111300.0	111300.0	1
08.04.2026 18:45	111340.0	111380.0	111340.0	111380.0	5
08.04.2026 19:30	111370.0	111370.0	111370.0	111370.0	1
08.04.2026 19:45	111330.0	111330.0	111330.0	111330.0	1
08.04.2026 20:00	111310.0	111310.0	111310.0	111310.0	1
08.04.2026 20:15	111290.0	111290.0	111290.0	111290.0	1
08.04.2026 20:30	111230.0	111230.0	111230.0	111230.0	1
08.04.2026 20:45	111220.0	111250.0	111220.0	111250.0	4
08.04.2026 21:15	111290.0	111340.0	111290.0	111340.0	2
08.04.2026 22:30	111450.0	111450.0	111450.0	111450.0	1
08.04.2026 23:45	111280.0	111280.0	111280.0	111280.0	1
09.04.2026 09:15	111380.0	111440.0	111330.0	111440.0	8
09.04.2026 10:00	111570.0	111600.0	111480.0	111480.0	4
09.04.2026 10:15	111620.0	111800.0	111620.0	111800.0	3
09.04.2026 10:30	111840.0	111870.0	111840.0	111870.0	5
09.04.2026 10:45	111840.0	111840.0	111830.0	111830.0	3
09.04.2026 11:00	111960.0	111960.0	111960.0	111960.0	1
09.04.2026 11:15	111800.0	111840.0	111800.0	111840.0	5
09.04.2026 11:30	111990.0	112050.0	111990.0	112050.0	3
09.04.2026 11:45	112100.0	112170.0	112080.0	112170.0	7
09.04.2026 12:00	112120.0	112120.0	111830.0	111830.0	9
09.04.2026 12:15	111840.0	111870.0	111790.0	111790.0	4
09.04.2026 12:30	111690.0	111690.0	111530.0	111610.0	5
09.04.2026 12:45	111630.0	111630.0	111560.0	111560.0	2
09.04.2026 13:00	111770.0	111800.0	111770.0	111800.0	2
09.04.2026 13:15	111890.0	111890.0	111720.0	111720.0	3
09.04.2026 13:30	111790.0	111790.0	111790.0	111790.0	5
09.04.2026 13:45	111750.0	111750.0	111750.0	111750.0	1
09.04.2026 15:00	111330.0	111330.0	111280.0	111280.0	3
09.04.2026 15:15	111110.0	111110.0	111110.0	111110.0	1
09.04.2026 15:30	111230.0	111300.0	111230.0	111270.0	12
09.04.2026 15:45	111330.0	111330.0	111080.0	111080.0	10
09.04.2026 16:00	111020.0	111190.0	110930.0	110950.0	61
09.04.2026 16:15	110950.0	111280.0	110950.0	111280.0	130
09.04.2026 16:30	111220.0	111290.0	111220.0	111290.0	2
09.04.2026 16:45	111250.0	111290.0	111250.0	111290.0	2
09.04.2026 17:00	111400.0	111590.0	111400.0	111500.0	4
09.04.2026 18:15	111810.0	111810.0	111810.0	111810.0	1
09.04.2026 18:30	111890.0	111890.0	111620.0	111620.0	6
09.04.2026 18:45	111620.0	111620.0	111600.0	111600.0	5
09.04.2026 19:00	111600.0	111600.0	111600.0	111600.0	2
09.04.2026 19:15	111600.0	111640.0	111530.0	111640.0	3
09.04.2026 21:00	112000.0	112260.0	112000.0	112260.0	23
09.04.2026 22:00	112300.0	112490.0	112300.0	112440.0	5
09.04.2026 22:45	112380.0	112380.0	112350.0	112350.0	5
10.04.2026 09:00	112360.0	112360.0	112360.0	112360.0	1
10.04.2026 09:15	112090.0	112090.0	112050.0	112050.0	2
10.04.2026 09:30	112070.0	112070.0	112070.0	112070.0	1
10.04.2026 09:45	111900.0	111900.0	111900.0	111900.0	1
10.04.2026 10:00	112260.0	112260.0	112260.0	112260.0	1
10.04.2026 10:15	112030.0	112030.0	111960.0	111970.0	3
10.04.2026 10:30	111940.0	111940.0	111630.0	111790.0	5
10.04.2026 11:30	111780.0	111810.0	111780.0	111810.0	3
10.04.2026 12:00	112080.0	112080.0	111930.0	111930.0	4
10.04.2026 12:15	112110.0	112110.0	112110.0	112110.0	2
10.04.2026 12:30	112140.0	112140.0	112140.0	112140.0	1
10.04.2026 12:45	112100.0	112110.0	112100.0	112110.0	2
10.04.2026 13:00	112200.0	112200.0	112180.0	112190.0	5
10.04.2026 13:15	112100.0	112100.0	112050.0	112100.0	6
10.04.2026 13:45	112500.0	112540.0	112500.0	112540.0	4
10.04.2026 14:00	112530.0	112530.0	112390.0	112430.0	7
10.04.2026 14:15	112590.0	112620.0	112590.0	112620.0	3
10.04.2026 14:45	112700.0	112700.0	112700.0	112700.0	1
10.04.2026 15:00	112570.0	112570.0	112570.0	112570.0	1
10.04.2026 15:15	112420.0	112420.0	112370.0	112370.0	3
10.04.2026 15:30	112430.0	112430.0	112380.0	112380.0	10
10.04.2026 15:45	112450.0	112450.0	112450.0	112450.0	1
10.04.2026 16:15	112460.0	112460.0	112460.0	112460.0	1
10.04.2026 16:30	112690.0	112790.0	112690.0	112790.0	7
10.04.2026 17:30	112310.0	112310.0	112310.0	112310.0	1
10.04.2026 18:00	112120.0	112120.0	112000.0	112000.0	2
10.04.2026 19:15	112340.0	112340.0	112340.0	112340.0	1
10.04.2026 19:45	112280.0	112280.0	112280.0	112280.0	1
10.04.2026 20:15	112260.0	112260.0	112260.0	112260.0	1
10.04.2026 20:30	112210.0	112210.0	112210.0	112210.0	1
10.04.2026 20:45	112100.0	112100.0	112100.0	112100.0	3
10.04.2026 21:00	112130.0	112190.0	112110.0	112150.0	5
10.04.2026 21:15	112150.0	112180.0	112120.0	112120.0	9
10.04.2026 22:15	112000.0	112000.0	111920.0	111920.0	2
10.04.2026 22:30	111950.0	111950.0	111950.0	111950.0	1
10.04.2026 22:45	111930.0	111930.0	111930.0	111930.0	1
10.04.2026 23:00	111900.0	111900.0	111900.0	111900.0	1
10.04.2026 23:15	111820.0	111820.0	111820.0	111820.0	1
11.04.2026 10:00	111770.0	111840.0	111690.0	111690.0	10
11.04.2026 10:15	111700.0	111700.0	111700.0	111700.0	18
11.04.2026 10:30	111700.0	111700.0	111700.0	111700.0	2
11.04.2026 11:00	111800.0	111800.0	111800.0	111800.0	1
11.04.2026 11:15	111870.0	111870.0	111870.0	111870.0	1
11.04.2026 11:30	111840.0	111840.0	111840.0	111840.0	1
11.04.2026 12:30	111760.0	111760.0	111600.0	111600.0	2
11.04.2026 12:45	111660.0	111670.0	111660.0	111670.0	2
11.04.2026 14:15	111770.0	111790.0	111770.0	111780.0	5
11.04.2026 14:30	111790.0	111790.0	111790.0	111790.0	1
11.04.2026 15:00	111800.0	111820.0	111800.0	111820.0	3
11.04.2026 15:30	111830.0	111830.0	111830.0	111830.0	1
11.04.2026 17:45	111900.0	111900.0	111900.0	111900.0	1
11.04.2026 18:30	111970.0	111970.0	111970.0	111970.0	1
11.04.2026 18:45	111860.0	111860.0	111860.0	111860.0	1
12.04.2026 10:00	112130.0	112490.0	112130.0	112490.0	17
12.04.2026 10:15	112400.0	112410.0	112400.0	112410.0	2
12.04.2026 11:00	112370.0	112370.0	112360.0	112360.0	2
12.04.2026 11:30	112430.0	112430.0	112430.0	112430.0	2
12.04.2026 13:00	112500.0	112500.0	112500.0	112500.0	1
12.04.2026 13:15	112520.0	112520.0	112520.0	112520.0	1
12.04.2026 16:30	113000.0	113000.0	113000.0	113000.0	1
12.04.2026 16:45	113240.0	113240.0	113240.0	113240.0	1
12.04.2026 17:00	113240.0	113240.0	113240.0	113240.0	1
12.04.2026 17:15	113380.0	113380.0	113380.0	113380.0	1
12.04.2026 17:30	113320.0	113320.0	113320.0	113320.0	1
12.04.2026 18:00	113210.0	113210.0	113200.0	113200.0	4
12.04.2026 18:15	113130.0	113130.0	113120.0	113130.0	13
12.04.2026 18:30	113130.0	113130.0	113050.0	113050.0	16
12.04.2026 18:45	113050.0	113050.0	113050.0	113050.0	8
13.04.2026 08:45	113050.0	113070.0	113050.0	113070.0	2
13.04.2026 09:00	113130.0	113300.0	113040.0	113260.0	12
13.04.2026 09:15	113300.0	113310.0	113220.0	113300.0	6
13.04.2026 09:30	113410.0	113410.0	113300.0	113300.0	3
13.04.2026 09:45	113210.0	113540.0	113210.0	113360.0	12
13.04.2026 10:00	113360.0	113360.0	112900.0	113010.0	106
13.04.2026 10:15	113160.0	113160.0	113160.0	113160.0	1
13.04.2026 10:30	113010.0	113010.0	113010.0	113010.0	1
13.04.2026 11:15	113200.0	113200.0	113200.0	113200.0	1
13.04.2026 11:30	113150.0	113150.0	113150.0	113150.0	1
13.04.2026 11:45	113020.0	113020.0	112780.0	112880.0	48
13.04.2026 12:00	112880.0	113010.0	112840.0	112850.0	71
13.04.2026 12:15	112950.0	113070.0	112910.0	112910.0	3
13.04.2026 12:30	112800.0	112800.0	112800.0	112800.0	1
13.04.2026 12:45	112700.0	112700.0	112700.0	112700.0	1
13.04.2026 13:00	112840.0	112840.0	112840.0	112840.0	1
13.04.2026 13:15	112710.0	112710.0	112710.0	112710.0	1
13.04.2026 13:30	112530.0	112550.0	112500.0	112550.0	11
13.04.2026 13:45	112550.0	112580.0	112500.0	112500.0	14
13.04.2026 14:00	112500.0	112500.0	112450.0	112450.0	10
13.04.2026 14:45	112710.0	112710.0	112450.0	112450.0	13
13.04.2026 15:00	112660.0	112660.0	112600.0	112600.0	9
13.04.2026 15:15	112600.0	112600.0	112570.0	112570.0	3
13.04.2026 15:30	112550.0	112730.0	112550.0	112730.0	2
13.04.2026 15:45	112410.0	112410.0	112400.0	112400.0	2
13.04.2026 16:00	112320.0	112320.0	112230.0	112230.0	2
13.04.2026 16:15	112120.0	112150.0	112120.0	112150.0	2
13.04.2026 16:30	112150.0	112150.0	112150.0	112150.0	1
13.04.2026 16:45	111990.0	111990.0	111990.0	111990.0	4
13.04.2026 17:00	112290.0	112290.0	112290.0	112290.0	1
13.04.2026 17:30	112100.0	112100.0	112070.0	112070.0	4
13.04.2026 17:45	112000.0	112000.0	111880.0	111880.0	2
13.04.2026 18:00	111850.0	111850.0	111820.0	111820.0	2
13.04.2026 18:30	112130.0	112130.0	112130.0	112130.0	1
13.04.2026 19:00	112040.0	112040.0	112040.0	112040.0	2
13.04.2026 19:15	112100.0	112100.0	112100.0	112100.0	1
13.04.2026 21:15	112230.0	112230.0	112230.0	112230.0	1
13.04.2026 21:30	112250.0	112250.0	112160.0	112160.0	17
13.04.2026 23:30	112210.0	112210.0	112210.0	112210.0	1
14.04.2026 09:00	112470.0	112540.0	112470.0	112470.0	6
14.04.2026 09:15	112370.0	112390.0	112370.0	112390.0	3
14.04.2026 10:00	112620.0	112730.0	112620.0	112710.0	3
14.04.2026 10:15	112830.0	112830.0	112810.0	112820.0	8
14.04.2026 10:45	112850.0	112850.0	112850.0	112850.0	1
14.04.2026 11:00	112990.0	112990.0	112990.0	112990.0	1
14.04.2026 11:15	112450.0	112450.0	112450.0	112450.0	1
14.04.2026 11:30	112390.0	112390.0	112390.0	112390.0	1
14.04.2026 12:15	112850.0	112850.0	112850.0	112850.0	1
14.04.2026 12:30	112740.0	112740.0	112560.0	112560.0	10
14.04.2026 13:00	112800.0	112800.0	112800.0	112800.0	2
14.04.2026 13:15	113060.0	113090.0	112960.0	112960.0	5
14.04.2026 13:45	113200.0	113620.0	113200.0	113580.0	12
14.04.2026 14:00	113410.0	113410.0	113350.0	113380.0	5
14.04.2026 14:15	113330.0	113380.0	113330.0	113380.0	2
14.04.2026 14:30	113260.0	113260.0	113260.0	113260.0	1
14.04.2026 14:45	113360.0	113360.0	113360.0	113360.0	1
14.04.2026 15:15	113160.0	113160.0	113160.0	113160.0	1
14.04.2026 15:45	113380.0	113380.0	113380.0	113380.0	2
14.04.2026 16:00	113460.0	113490.0	113340.0	113340.0	8
14.04.2026 16:15	113410.0	113800.0	113410.0	113730.0	9
14.04.2026 16:45	113730.0	113810.0	113710.0	113810.0	7
14.04.2026 17:00	113850.0	113890.0	113810.0	113810.0	12
14.04.2026 17:15	113990.0	114080.0	113990.0	114070.0	5
14.04.2026 17:30	114110.0	114110.0	114110.0	114110.0	1
14.04.2026 17:45	114200.0	114250.0	114140.0	114250.0	7
14.04.2026 18:00	114250.0	114340.0	114150.0	114150.0	10
14.04.2026 18:15	114100.0	114230.0	114100.0	114230.0	2
14.04.2026 18:30	114200.0	114400.0	114200.0	114400.0	8
14.04.2026 18:45	114280.0	114310.0	114270.0	114270.0	4
14.04.2026 19:15	114080.0	114210.0	114080.0	114210.0	8
14.04.2026 19:45	114050.0	114050.0	114050.0	114050.0	3
14.04.2026 20:00	113920.0	114020.0	113920.0	114020.0	5
14.04.2026 20:15	114050.0	114050.0	114050.0	114050.0	2
14.04.2026 20:45	114060.0	114090.0	114060.0	114070.0	8
14.04.2026 21:30	114060.0	114060.0	114060.0	114060.0	2
14.04.2026 21:45	114060.0	114070.0	114060.0	114070.0	2
14.04.2026 23:15	113900.0	113910.0	113890.0	113900.0	6
14.04.2026 23:45	113860.0	113860.0	113860.0	113860.0	1
15.04.2026 09:00	114040.0	114390.0	114040.0	114250.0	15
15.04.2026 09:15	114200.0	114200.0	114200.0	114200.0	1
15.04.2026 09:30	113970.0	113970.0	113970.0	113970.0	1
15.04.2026 09:45	113900.0	113900.0	113860.0	113860.0	2
15.04.2026 10:00	114110.0	114250.0	114110.0	114250.0	2
15.04.2026 10:15	114320.0	114370.0	114010.0	114160.0	12
15.04.2026 10:30	113910.0	113910.0	113910.0	113910.0	1
15.04.2026 10:45	113970.0	113970.0	113970.0	113970.0	1
15.04.2026 11:00	113850.0	113850.0	113850.0	113850.0	1
15.04.2026 11:30	113960.0	114060.0	113920.0	113920.0	9
15.04.2026 11:45	113780.0	113780.0	113780.0	113780.0	2
15.04.2026 12:00	113990.0	113990.0	113990.0	113990.0	1
15.04.2026 12:15	114250.0	114250.0	114210.0	114250.0	7
15.04.2026 13:00	113780.0	113780.0	113720.0	113720.0	3
15.04.2026 13:15	113610.0	113660.0	113420.0	113660.0	13
15.04.2026 13:45	113660.0	113660.0	113640.0	113640.0	2
15.04.2026 14:00	113400.0	113400.0	113210.0	113210.0	4
15.04.2026 14:30	113400.0	113400.0	113400.0	113400.0	20
15.04.2026 15:00	113910.0	113910.0	113910.0	113910.0	1
15.04.2026 15:30	113380.0	113380.0	113380.0	113380.0	10
15.04.2026 16:00	113220.0	113220.0	113180.0	113180.0	5
15.04.2026 16:15	113200.0	113200.0	113200.0	113200.0	1
15.04.2026 16:45	113660.0	113660.0	113660.0	113660.0	5
15.04.2026 17:00	113800.0	113800.0	113790.0	113790.0	2
15.04.2026 17:15	113900.0	114000.0	113900.0	114000.0	3
15.04.2026 17:30	114020.0	114200.0	114020.0	114200.0	6
15.04.2026 17:45	114290.0	114400.0	114200.0	114220.0	9
15.04.2026 18:00	114360.0	114360.0	114360.0	114360.0	1
15.04.2026 18:15	114300.0	114320.0	114300.0	114320.0	3
15.04.2026 18:30	114000.0	114000.0	113850.0	113850.0	2
15.04.2026 19:00	114070.0	114070.0	114050.0	114050.0	2
15.04.2026 20:00	114300.0	114300.0	114300.0	114300.0	1
15.04.2026 20:30	114300.0	114300.0	114300.0	114300.0	1
15.04.2026 21:45	114120.0	114120.0	114120.0	114120.0	2
15.04.2026 22:15	114080.0	114080.0	114080.0	114080.0	1
15.04.2026 22:30	114180.0	114180.0	114180.0	114180.0	1
15.04.2026 23:15	114060.0	114060.0	114060.0	114060.0	1
16.04.2026 09:00	113700.0	113700.0	113700.0	113700.0	1
16.04.2026 09:15	113750.0	113750.0	113750.0	113750.0	1
16.04.2026 10:00	114350.0	114550.0	114350.0	114380.0	9
16.04.2026 10:15	114610.0	114670.0	114350.0	114670.0	3
16.04.2026 10:30	114530.0	114530.0	113310.0	113370.0	30
16.04.2026 10:45	113480.0	113650.0	113480.0	113630.0	16
16.04.2026 11:00	113380.0	113640.0	113380.0	113640.0	3
16.04.2026 11:15	113800.0	113800.0	113370.0	113370.0	2
16.04.2026 11:30	113180.0	113180.0	113000.0	113000.0	10
16.04.2026 11:45	112960.0	112960.0	112960.0	112960.0	1
16.04.2026 12:00	113140.0	113140.0	113140.0	113140.0	1
16.04.2026 12:30	113080.0	113110.0	113080.0	113110.0	2
16.04.2026 12:45	113370.0	113440.0	113370.0	113370.0	7
16.04.2026 13:30	113550.0	113680.0	113550.0	113610.0	5
16.04.2026 13:45	113670.0	113670.0	113670.0	113670.0	1
16.04.2026 14:15	113460.0	113460.0	113460.0	113460.0	1
16.04.2026 14:30	113810.0	113810.0	113730.0	113730.0	2
16.04.2026 14:45	113600.0	113600.0	113370.0	113370.0	3
16.04.2026 15:00	113390.0	113390.0	113390.0	113390.0	1
16.04.2026 15:30	113300.0	113300.0	112950.0	112950.0	6
16.04.2026 15:45	112720.0	112790.0	112650.0	112700.0	10
16.04.2026 16:00	112790.0	112880.0	112720.0	112880.0	21
16.04.2026 16:30	112980.0	112980.0	112980.0	112980.0	1
16.04.2026 16:45	112970.0	112970.0	112970.0	112970.0	1
16.04.2026 17:00	113200.0	113200.0	113200.0	113200.0	1
16.04.2026 17:15	113200.0	113300.0	113200.0	113300.0	2
16.04.2026 17:30	113400.0	113400.0	113130.0	113130.0	3
16.04.2026 17:45	113000.0	113000.0	113000.0	113000.0	1
16.04.2026 18:00	113100.0	113100.0	113070.0	113070.0	2
16.04.2026 18:15	113300.0	113480.0	113300.0	113480.0	12
16.04.2026 18:30	113190.0	113190.0	113190.0	113190.0	1
16.04.2026 19:00	113250.0	113330.0	113210.0	113330.0	7
16.04.2026 19:15	113270.0	113270.0	113270.0	113270.0	1
16.04.2026 21:00	113370.0	113400.0	113370.0	113400.0	2
16.04.2026 21:15	113500.0	113520.0	113500.0	113520.0	2
16.04.2026 21:30	113580.0	113580.0	113560.0	113560.0	2
16.04.2026 21:45	113480.0	113480.0	113480.0	113480.0	2
16.04.2026 22:00	113310.0	113310.0	113290.0	113290.0	3
17.04.2026 09:00	113000.0	113040.0	112900.0	113000.0	4
17.04.2026 09:15	112810.0	112810.0	112810.0	112810.0	2
17.04.2026 09:30	112700.0	112990.0	112700.0	112990.0	5
17.04.2026 10:15	112530.0	112530.0	112530.0	112530.0	1
17.04.2026 10:45	113320.0	113320.0	113320.0	113320.0	1
17.04.2026 11:00	113400.0	113400.0	112700.0	112700.0	3
17.04.2026 11:30	112750.0	112750.0	112750.0	112750.0	1
17.04.2026 12:15	113300.0	113300.0	113300.0	113300.0	1
17.04.2026 13:00	112880.0	112880.0	112880.0	112880.0	1
17.04.2026 13:15	113100.0	113100.0	113100.0	113100.0	1
17.04.2026 14:15	113400.0	113400.0	113400.0	113400.0	1
17.04.2026 14:30	113480.0	113480.0	113480.0	113480.0	2
17.04.2026 14:45	113470.0	113500.0	113330.0	113330.0	3
17.04.2026 15:00	113600.0	113710.0	113600.0	113650.0	4
17.04.2026 15:15	113780.0	113780.0	113640.0	113640.0	2
17.04.2026 15:30	113820.0	114000.0	113820.0	114000.0	5
17.04.2026 15:45	114060.0	114060.0	113500.0	113500.0	8
17.04.2026 16:00	113590.0	113610.0	112500.0	112500.0	27
17.04.2026 16:15	112500.0	112650.0	112380.0	112650.0	6
17.04.2026 16:30	112670.0	112740.0	112640.0	112740.0	9
17.04.2026 16:45	112800.0	112810.0	112800.0	112810.0	3
17.04.2026 17:00	112710.0	112710.0	112600.0	112600.0	2
17.04.2026 17:30	112870.0	112870.0	112870.0	112870.0	8
17.04.2026 17:45	112250.0	112410.0	112250.0	112410.0	11
17.04.2026 18:00	112650.0	112650.0	112650.0	112650.0	1
17.04.2026 18:45	112600.0	112600.0	112600.0	112600.0	1
17.04.2026 19:00	112600.0	112600.0	112600.0	112600.0	2
17.04.2026 19:45	112780.0	112780.0	112750.0	112770.0	3
17.04.2026 21:45	112610.0	112610.0	112610.0	112610.0	1
17.04.2026 22:45	112680.0	112680.0	112680.0	112680.0	1
17.04.2026 23:00	112610.0	112620.0	112610.0	112620.0	3
17.04.2026 23:30	112620.0	112620.0	112620.0	112620.0	1
18.04.2026 10:00	112700.0	112800.0	112700.0	112800.0	2
18.04.2026 11:30	112940.0	112940.0	112930.0	112930.0	5
18.04.2026 12:15	112920.0	112920.0	112920.0	112920.0	1
18.04.2026 12:45	112920.0	112920.0	112920.0	112920.0	1
18.04.2026 13:15	112950.0	113000.0	112950.0	113000.0	4
18.04.2026 13:30	113090.0	113160.0	113080.0	113160.0	7
18.04.2026 13:45	113260.0	113300.0	113220.0	113220.0	4
18.04.2026 14:15	113140.0	113140.0	113100.0	113100.0	3
18.04.2026 15:15	113120.0	113130.0	113120.0	113130.0	3
18.04.2026 15:30	113160.0	113160.0	113160.0	113160.0	1
18.04.2026 16:45	113010.0	113010.0	113010.0	113010.0	1
18.04.2026 18:15	113040.0	113040.0	113040.0	113040.0	1
19.04.2026 10:30	113070.0	113070.0	113070.0	113070.0	1
19.04.2026 11:30	113160.0	113250.0	113160.0	113250.0	3
19.04.2026 13:45	113260.0	113260.0	113260.0	113260.0	1
19.04.2026 14:00	113230.0	113230.0	113160.0	113160.0	3
19.04.2026 16:30	113150.0	113150.0	112990.0	113020.0	3
19.04.2026 16:45	113010.0	113010.0	113010.0	113010.0	1
19.04.2026 17:00	113070.0	113070.0	113070.0	113070.0	1
19.04.2026 17:15	113030.0	113030.0	113030.0	113030.0	1
19.04.2026 17:30	113090.0	113090.0	113090.0	113090.0	1
19.04.2026 18:45	113070.0	113070.0	113070.0	113070.0	1
20.04.2026 09:00	113340.0	113700.0	113340.0	113630.0	4
20.04.2026 09:15	113680.0	113980.0	113660.0	113920.0	10
20.04.2026 10:00	113520.0	113520.0	113450.0	113450.0	7
20.04.2026 10:15	113400.0	113400.0	113310.0	113310.0	4
20.04.2026 11:00	113690.0	113760.0	113690.0	113750.0	3
20.04.2026 11:15	113630.0	113630.0	113630.0	113630.0	1
20.04.2026 11:30	113830.0	113830.0	113690.0	113690.0	9
20.04.2026 11:45	113730.0	113920.0	113730.0	113920.0	5
20.04.2026 12:00	113790.0	113980.0	113790.0	113970.0	7
20.04.2026 12:15	114070.0	114070.0	114060.0	114060.0	2
20.04.2026 12:45	113750.0	113750.0	113750.0	113750.0	1
20.04.2026 13:15	113550.0	113660.0	113550.0	113660.0	2
20.04.2026 13:30	113860.0	113860.0	113860.0	113860.0	1
20.04.2026 13:45	113940.0	113950.0	113940.0	113950.0	2
20.04.2026 14:15	113690.0	113730.0	113630.0	113730.0	3
20.04.2026 14:45	113740.0	113740.0	113740.0	113740.0	1
20.04.2026 15:45	113840.0	113840.0	113840.0	113840.0	2
20.04.2026 16:30	113700.0	113800.0	113700.0	113800.0	4
20.04.2026 16:45	113760.0	113760.0	113760.0	113760.0	1
20.04.2026 17:00	113970.0	113970.0	113970.0	113970.0	1
20.04.2026 17:15	113970.0	114320.0	113970.0	114180.0	17
20.04.2026 17:30	114340.0	114400.0	114260.0	114260.0	23
20.04.2026 17:45	114380.0	114490.0	114380.0	114490.0	7
20.04.2026 18:00	114490.0	114490.0	114490.0	114490.0	1
20.04.2026 18:15	114440.0	114440.0	114440.0	114440.0	1
20.04.2026 18:30	114510.0	114800.0	114510.0	114800.0	9
20.04.2026 18:45	114800.0	114820.0	114780.0	114820.0	6
20.04.2026 19:00	114730.0	114770.0	114670.0	114670.0	3
20.04.2026 19:15	114710.0	114860.0	114660.0	114690.0	21
20.04.2026 19:30	114840.0	114840.0	114840.0	114840.0	1
20.04.2026 19:45	114720.0	114720.0	114720.0	114720.0	1
20.04.2026 20:00	114740.0	114890.0	114740.0	114880.0	6
20.04.2026 20:15	114890.0	114970.0	114890.0	114970.0	4
20.04.2026 20:45	115000.0	115070.0	115000.0	115070.0	2
20.04.2026 21:15	114900.0	114900.0	114900.0	114900.0	1
20.04.2026 23:30	114760.0	114760.0	114750.0	114750.0	2
21.04.2026 09:00	114680.0	114900.0	114680.0	114900.0	8
21.04.2026 09:15	114780.0	114800.0	114780.0	114800.0	2
21.04.2026 09:45	114990.0	115030.0	114990.0	115030.0	2
21.04.2026 10:15	115020.0	115030.0	115020.0	115030.0	2
21.04.2026 10:45	115130.0	115310.0	115130.0	115310.0	3
21.04.2026 11:00	115300.0	115300.0	115300.0	115300.0	1
21.04.2026 11:15	115400.0	115400.0	115400.0	115400.0	4
21.04.2026 11:30	115500.0	115590.0	115400.0	115400.0	7
21.04.2026 11:45	115400.0	115400.0	115400.0	115400.0	1
21.04.2026 12:00	115370.0	115400.0	115370.0	115400.0	2
21.04.2026 12:45	115150.0	115160.0	115150.0	115160.0	2
21.04.2026 13:00	115070.0	115160.0	115030.0	115070.0	7
21.04.2026 13:30	115000.0	115000.0	114580.0	114580.0	11
21.04.2026 13:45	114870.0	114870.0	114870.0	114870.0	1
21.04.2026 14:00	114780.0	114780.0	114780.0	114780.0	1
21.04.2026 15:00	114840.0	114840.0	114840.0	114840.0	5
21.04.2026 15:45	114600.0	114600.0	114600.0	114600.0	1
21.04.2026 16:00	114730.0	114730.0	114730.0	114730.0	1
21.04.2026 17:00	115130.0	115180.0	115130.0	115180.0	9
21.04.2026 17:15	115340.0	115590.0	115340.0	115500.0	14
21.04.2026 17:30	115870.0	115990.0	115860.0	115990.0	6
21.04.2026 17:45	116000.0	116070.0	115840.0	115920.0	22
21.04.2026 18:00	115850.0	115850.0	115700.0	115700.0	14
21.04.2026 18:15	115820.0	115820.0	115770.0	115770.0	4
21.04.2026 18:30	115770.0	115770.0	115700.0	115730.0	11
21.04.2026 18:45	115670.0	115770.0	115670.0	115770.0	2
21.04.2026 19:00	115770.0	115800.0	115770.0	115780.0	3
21.04.2026 19:30	115620.0	115620.0	115610.0	115610.0	2
21.04.2026 19:45	115730.0	115730.0	115650.0	115650.0	10
21.04.2026 20:00	115790.0	115840.0	115790.0	115840.0	3
21.04.2026 20:15	115860.0	115860.0	115860.0	115860.0	1
21.04.2026 20:30	115650.0	115650.0	115650.0	115650.0	1
21.04.2026 21:15	115560.0	115560.0	115480.0	115480.0	6
21.04.2026 23:00	115750.0	115810.0	115700.0	115700.0	12
21.04.2026 23:15	115650.0	115650.0	115560.0	115560.0	2
21.04.2026 23:30	115520.0	115520.0	115510.0	115510.0	4
21.04.2026 23:45	115500.0	115500.0	115500.0	115500.0	1
22.04.2026 09:00	115730.0	115770.0	115540.0	115590.0	12
22.04.2026 09:15	115600.0	115720.0	115580.0	115580.0	4
22.04.2026 09:45	115480.0	115480.0	115480.0	115480.0	1
22.04.2026 10:00	115480.0	115480.0	115000.0	115020.0	6
22.04.2026 10:15	115000.0	115000.0	115000.0	115000.0	1
22.04.2026 10:30	115000.0	115090.0	115000.0	115080.0	6
22.04.2026 11:00	115050.0	115050.0	115050.0	115050.0	1
22.04.2026 11:30	115320.0	115320.0	115320.0	115320.0	1
22.04.2026 13:15	114820.0	114850.0	114820.0	114850.0	17
22.04.2026 13:30	114920.0	114920.0	114920.0	114920.0	1
22.04.2026 13:45	114850.0	114900.0	114850.0	114880.0	7
22.04.2026 14:00	114880.0	114880.0	114840.0	114840.0	3
22.04.2026 14:15	114940.0	114940.0	114660.0	114660.0	3
22.04.2026 14:30	114690.0	114840.0	114640.0	114840.0	5
22.04.2026 14:45	114880.0	114900.0	114880.0	114900.0	2
22.04.2026 15:00	114780.0	114780.0	114640.0	114760.0	13
22.04.2026 15:15	114950.0	114970.0	114950.0	114970.0	3
22.04.2026 15:30	114910.0	114930.0	114910.0	114930.0	3
22.04.2026 16:00	115090.0	115100.0	115090.0	115090.0	3
22.04.2026 16:15	115020.0	115020.0	115010.0	115010.0	2
22.04.2026 16:30	115050.0	115050.0	115010.0	115010.0	3
22.04.2026 17:00	115300.0	115300.0	115300.0	115300.0	1
22.04.2026 17:45	115590.0	115600.0	115520.0	115600.0	14
22.04.2026 18:15	115620.0	115650.0	115620.0	115630.0	7
22.04.2026 18:30	115610.0	115610.0	115610.0	115610.0	3
22.04.2026 18:45	115510.0	115510.0	115500.0	115500.0	3
22.04.2026 20:30	115520.0	115520.0	115520.0	115520.0	1
23.04.2026 09:00	115620.0	115810.0	115560.0	115810.0	3
23.04.2026 09:30	115790.0	115830.0	115790.0	115830.0	2
23.04.2026 09:45	115810.0	115810.0	115810.0	115810.0	1
23.04.2026 10:00	115820.0	115820.0	115820.0	115820.0	1
23.04.2026 11:15	115820.0	115840.0	115800.0	115840.0	4
23.04.2026 11:30	115770.0	115800.0	115770.0	115800.0	5
23.04.2026 11:45	115760.0	115820.0	115750.0	115820.0	13
23.04.2026 12:00	115820.0	115850.0	115770.0	115800.0	9
23.04.2026 12:15	115850.0	115880.0	115850.0	115880.0	4
23.04.2026 12:30	115760.0	115830.0	115700.0	115700.0	6
23.04.2026 12:45	115510.0	115580.0	115510.0	115580.0	4
23.04.2026 13:00	115480.0	115480.0	115480.0	115480.0	1
23.04.2026 13:15	115580.0	115580.0	115580.0	115580.0	1
23.04.2026 13:30	115530.0	115530.0	115530.0	115530.0	1
23.04.2026 14:00	115440.0	115530.0	115440.0	115510.0	8
23.04.2026 14:30	115690.0	115710.0	115690.0	115710.0	2
23.04.2026 14:45	115520.0	115520.0	115270.0	115270.0	26
23.04.2026 15:15	115410.0	115410.0	115410.0	115410.0	1
23.04.2026 15:30	115290.0	115290.0	114370.0	114610.0	40
23.04.2026 15:45	114320.0	114450.0	114080.0	114450.0	8
23.04.2026 16:00	114200.0	114360.0	114080.0	114250.0	12
23.04.2026 16:15	114380.0	114380.0	114380.0	114380.0	1
23.04.2026 16:30	114260.0	114440.0	114260.0	114440.0	11
23.04.2026 16:45	114400.0	114610.0	114400.0	114610.0	7
23.04.2026 17:00	114620.0	114620.0	114620.0	114620.0	1
23.04.2026 17:15	114350.0	114520.0	114350.0	114390.0	5
23.04.2026 17:45	114510.0	114510.0	114510.0	114510.0	2
23.04.2026 18:00	114460.0	114470.0	114460.0	114470.0	2
23.04.2026 18:15	114570.0	114570.0	114570.0	114570.0	1
23.04.2026 19:00	114430.0	114430.0	114320.0	114320.0	6
23.04.2026 19:15	114280.0	114280.0	114280.0	114280.0	1
23.04.2026 20:30	114200.0	114200.0	114200.0	114200.0	1
23.04.2026 21:30	114050.0	114050.0	114050.0	114050.0	1
23.04.2026 22:00	114000.0	114000.0	113880.0	113930.0	7
23.04.2026 22:15	113840.0	113840.0	113830.0	113830.0	2
23.04.2026 22:30	113790.0	113790.0	113790.0	113790.0	1
23.04.2026 22:45	113810.0	113810.0	113810.0	113810.0	1
23.04.2026 23:15	113880.0	113880.0	113880.0	113880.0	1
24.04.2026 09:00	113950.0	113950.0	113850.0	113850.0	2
24.04.2026 09:15	113790.0	114020.0	113700.0	113700.0	4
24.04.2026 09:30	113710.0	113800.0	113710.0	113800.0	19
24.04.2026 09:45	113790.0	113890.0	113790.0	113890.0	3
24.04.2026 10:00	114010.0	114280.0	114010.0	114280.0	2
24.04.2026 10:15	114450.0	114450.0	114450.0	114450.0	1
24.04.2026 10:45	114400.0	114510.0	114400.0	114510.0	12
24.04.2026 11:00	114440.0	114440.0	114440.0	114440.0	1
24.04.2026 11:30	114670.0	114670.0	114650.0	114650.0	2
24.04.2026 11:45	114800.0	114800.0	114750.0	114750.0	3
24.04.2026 12:00	114800.0	114800.0	114800.0	114800.0	2
24.04.2026 12:15	114610.0	114610.0	114530.0	114540.0	3
24.04.2026 12:30	114610.0	114610.0	114610.0	114610.0	5
24.04.2026 12:45	114670.0	114690.0	114670.0	114690.0	3
24.04.2026 13:00	114570.0	114570.0	114570.0	114570.0	1
24.04.2026 13:15	114670.0	114670.0	114670.0	114670.0	1
24.04.2026 13:30	114440.0	114730.0	113860.0	114280.0	46
24.04.2026 13:45	114180.0	114180.0	113940.0	113940.0	6
24.04.2026 14:00	113820.0	113820.0	113820.0	113820.0	1
24.04.2026 14:15	114290.0	114290.0	114270.0	114270.0	2
24.04.2026 14:30	113950.0	114290.0	113950.0	114290.0	6
24.04.2026 14:45	113950.0	113960.0	113950.0	113960.0	2
24.04.2026 15:00	113870.0	113870.0	113610.0	113670.0	15
24.04.2026 15:15	113610.0	113690.0	113480.0	113490.0	14
24.04.2026 15:45	113630.0	113630.0	113630.0	113630.0	1
24.04.2026 16:00	113740.0	113740.0	113740.0	113740.0	1
24.04.2026 16:15	113600.0	113600.0	113250.0	113250.0	10
24.04.2026 16:30	113470.0	113470.0	113460.0	113460.0	3
24.04.2026 16:45	113220.0	113510.0	113220.0	113510.0	2
24.04.2026 17:00	113570.0	113740.0	113570.0	113740.0	4
24.04.2026 17:15	113820.0	113960.0	113820.0	113960.0	2
24.04.2026 17:30	113890.0	113900.0	113890.0	113900.0	2
24.04.2026 18:30	113830.0	113830.0	113830.0	113830.0	1
24.04.2026 19:00	113850.0	113850.0	113850.0	113850.0	1
24.04.2026 19:45	113930.0	113930.0	113930.0	113930.0	1
24.04.2026 20:45	113970.0	113970.0	113970.0	113970.0	1
24.04.2026 22:00	114010.0	114010.0	114010.0	114010.0	1
24.04.2026 23:15	114050.0	114050.0	114050.0	114050.0	1
25.04.2026 10:00	114120.0	114130.0	114120.0	114130.0	3
25.04.2026 10:30	114130.0	114140.0	114130.0	114140.0	2
25.04.2026 12:30	114150.0	114150.0	114150.0	114150.0	1
25.04.2026 13:45	114210.0	114210.0	114210.0	114210.0	1
26.04.2026 10:00	114220.0	114220.0	114220.0	114220.0	1
26.04.2026 10:30	114280.0	114350.0	114280.0	114350.0	2
26.04.2026 10:45	114300.0	114300.0	114300.0	114300.0	1
26.04.2026 12:45	114120.0	114120.0	114120.0	114120.0	1
26.04.2026 13:00	114080.0	114080.0	114080.0	114080.0	1
26.04.2026 13:15	113900.0	113900.0	113900.0	113900.0	1
26.04.2026 13:30	113890.0	113890.0	113890.0	113890.0	3
26.04.2026 16:00	113760.0	113760.0	113760.0	113760.0	1
26.04.2026 17:15	113810.0	113810.0	113810.0	113810.0	1
26.04.2026 18:30	113800.0	113800.0	113730.0	113750.0	3
27.04.2026 09:00	113790.0	113790.0	113790.0	113790.0	1
27.04.2026 09:30	113870.0	113870.0	113870.0	113870.0	1
27.04.2026 10:00	113800.0	114120.0	113800.0	114120.0	2
27.04.2026 10:15	114150.0	114280.0	114110.0	114280.0	5
27.04.2026 10:30	114330.0	114440.0	114180.0	114200.0	8
27.04.2026 10:45	114440.0	114450.0	114430.0	114430.0	7
27.04.2026 11:00	114500.0	114570.0	114500.0	114540.0	3
27.04.2026 11:15	114750.0	114780.0	114750.0	114780.0	2
27.04.2026 11:30	114750.0	114800.0	114710.0	114800.0	15
27.04.2026 11:45	114740.0	114740.0	114740.0	114740.0	1
27.04.2026 12:00	114810.0	114910.0	114760.0	114760.0	3
27.04.2026 12:15	114550.0	114550.0	114500.0	114550.0	4
27.04.2026 12:30	114610.0	114630.0	114610.0	114630.0	3
27.04.2026 12:45	114590.0	114590.0	114590.0	114590.0	1
27.04.2026 13:15	114550.0	114580.0	114550.0	114580.0	2
27.04.2026 13:30	114530.0	114530.0	114530.0	114530.0	1
27.04.2026 14:00	114620.0	114620.0	114490.0	114510.0	4
27.04.2026 14:45	114640.0	114640.0	114640.0	114640.0	1
27.04.2026 15:30	114580.0	114590.0	114560.0	114590.0	8
27.04.2026 16:30	114900.0	114920.0	114880.0	114900.0	8
27.04.2026 16:45	114830.0	114830.0	114690.0	114690.0	12
27.04.2026 17:15	114820.0	115000.0	114820.0	115000.0	19
27.04.2026 17:30	114930.0	115000.0	114930.0	115000.0	4
27.04.2026 17:45	114990.0	115020.0	114990.0	115020.0	17
27.04.2026 18:00	114870.0	114870.0	114870.0	114870.0	1
27.04.2026 18:15	114800.0	114890.0	114790.0	114890.0	9
27.04.2026 20:00	114660.0	114660.0	114660.0	114660.0	1
27.04.2026 21:00	114400.0	114400.0	114400.0	114400.0	1
27.04.2026 22:15	114340.0	114340.0	114340.0	114340.0	1
27.04.2026 23:00	114350.0	114350.0	114350.0	114350.0	1
28.04.2026 09:00	114530.0	115000.0	114530.0	114730.0	4
28.04.2026 09:15	114760.0	114760.0	114760.0	114760.0	1
28.04.2026 09:30	114960.0	114960.0	114850.0	114850.0	5
28.04.2026 10:30	114450.0	114450.0	114310.0	114310.0	4
28.04.2026 10:45	114120.0	114120.0	114120.0	114120.0	2
28.04.2026 11:15	114120.0	114120.0	114030.0	114030.0	3
28.04.2026 11:30	114140.0	114140.0	113770.0	113770.0	7
28.04.2026 11:45	113990.0	113990.0	113710.0	113710.0	3
28.04.2026 12:00	113530.0	113560.0	113520.0	113560.0	3
28.04.2026 12:45	113750.0	113750.0	113650.0	113650.0	2
28.04.2026 13:15	113400.0	113450.0	113400.0	113450.0	15
28.04.2026 13:30	113350.0	113350.0	113270.0	113270.0	3
28.04.2026 13:45	113330.0	113350.0	113110.0	113170.0	36
28.04.2026 14:00	113200.0	113210.0	113060.0	113060.0	11
28.04.2026 14:15	112970.0	113060.0	112880.0	113060.0	27
28.04.2026 14:30	113070.0	113070.0	113070.0	113070.0	3
28.04.2026 14:45	113120.0	113160.0	113070.0	113070.0	4
28.04.2026 15:00	113110.0	113260.0	113110.0	113210.0	11
28.04.2026 15:15	113050.0	113110.0	112840.0	112840.0	21
28.04.2026 15:30	112660.0	112800.0	112580.0	112800.0	22
28.04.2026 15:45	112790.0	112800.0	112520.0	112570.0	13
28.04.2026 16:00	112500.0	112500.0	112460.0	112490.0	7
28.04.2026 16:15	112590.0	112590.0	112540.0	112560.0	6
28.04.2026 16:30	112510.0	112610.0	112310.0	112390.0	15
28.04.2026 16:45	112330.0	112330.0	112020.0	112220.0	40
28.04.2026 17:00	112200.0	112200.0	112130.0	112130.0	17
28.04.2026 17:15	112100.0	112220.0	112100.0	112220.0	5
28.04.2026 17:30	112400.0	112400.0	112400.0	112400.0	2
28.04.2026 17:45	112400.0	112400.0	112270.0	112270.0	2
28.04.2026 18:15	112200.0	112200.0	112200.0	112200.0	1
28.04.2026 18:45	112220.0	112290.0	112220.0	112270.0	9
28.04.2026 19:15	112350.0	112390.0	112350.0	112390.0	3
28.04.2026 19:30	112340.0	112340.0	112340.0	112340.0	1
28.04.2026 19:45	112250.0	112300.0	112240.0	112240.0	30
28.04.2026 20:00	112120.0	112120.0	112120.0	112120.0	1
28.04.2026 20:15	112010.0	112010.0	112010.0	112010.0	1
28.04.2026 20:30	112100.0	112100.0	112100.0	112100.0	1
28.04.2026 21:30	112070.0	112090.0	112060.0	112070.0	5
28.04.2026 22:15	112210.0	112210.0	112210.0	112210.0	1
28.04.2026 22:30	112210.0	112210.0	112210.0	112210.0	1
28.04.2026 22:45	112250.0	112250.0	112250.0	112250.0	1
28.04.2026 23:00	112250.0	112250.0	112250.0	112250.0	1
28.04.2026 23:30	112220.0	112240.0	112200.0	112230.0	5
28.04.2026 23:45	112270.0	112270.0	112270.0	112270.0	2
29.04.2026 09:00	112350.0	112350.0	112110.0	112120.0	3
29.04.2026 09:15	112220.0	112220.0	112210.0	112210.0	2
29.04.2026 10:00	112320.0	112320.0	112290.0	112290.0	3
29.04.2026 10:15	112360.0	112380.0	112270.0	112290.0	17
29.04.2026 10:30	112430.0	112430.0	112430.0	112430.0	1
29.04.2026 10:45	112600.0	112630.0	112600.0	112630.0	7
29.04.2026 11:00	112730.0	112750.0	112580.0	112580.0	6
29.04.2026 11:15	112540.0	112540.0	112540.0	112540.0	1
29.04.2026 11:45	112850.0	112850.0	112780.0	112780.0	10
29.04.2026 12:00	112830.0	112900.0	112830.0	112900.0	3
29.04.2026 12:15	112840.0	112840.0	112840.0	112840.0	1
29.04.2026 12:30	112940.0	112950.0	112890.0	112950.0	22
29.04.2026 12:45	112960.0	113020.0	112950.0	113000.0	17
29.04.2026 13:00	112990.0	113000.0	112630.0	112630.0	8
29.04.2026 13:15	112720.0	112850.0	112670.0	112770.0	5
29.04.2026 13:30	112850.0	112850.0	112560.0	112560.0	4
29.04.2026 13:45	112520.0	112540.0	112400.0	112400.0	6
29.04.2026 14:00	112360.0	112360.0	112300.0	112300.0	3
29.04.2026 14:15	112440.0	112440.0	112400.0	112400.0	3
29.04.2026 14:30	112350.0	112370.0	112350.0	112360.0	3
29.04.2026 14:45	112120.0	112160.0	111850.0	111930.0	15
29.04.2026 15:00	111930.0	111930.0	111930.0	111930.0	3
29.04.2026 15:15	112000.0	112000.0	111720.0	111800.0	18
29.04.2026 15:30	111700.0	111730.0	111700.0	111730.0	3
29.04.2026 15:45	111620.0	111620.0	111440.0	111440.0	9
29.04.2026 16:00	111700.0	111700.0	111700.0	111700.0	2
29.04.2026 16:15	111350.0	111380.0	111350.0	111380.0	2
29.04.2026 16:30	111010.0	111010.0	111010.0	111010.0	1
29.04.2026 16:45	111000.0	111010.0	110750.0	110750.0	9
29.04.2026 17:00	110970.0	110970.0	110970.0	110970.0	3
29.04.2026 17:15	110960.0	110960.0	110960.0	110960.0	1
29.04.2026 17:45	110690.0	110690.0	110500.0	110510.0	4
29.04.2026 18:00	110530.0	110680.0	110270.0	110270.0	30
29.04.2026 18:15	110360.0	110360.0	110310.0	110310.0	4
29.04.2026 18:30	110240.0	110630.0	110240.0	110500.0	4
29.04.2026 18:45	110610.0	110610.0	110500.0	110500.0	2
29.04.2026 19:00	110660.0	110760.0	110660.0	110760.0	2
29.04.2026 19:30	110680.0	110770.0	110680.0	110770.0	3
29.04.2026 20:15	110960.0	111160.0	110960.0	111160.0	2
29.04.2026 20:30	111170.0	111230.0	111170.0	111230.0	3
29.04.2026 21:00	111300.0	111300.0	111290.0	111290.0	2
29.04.2026 21:15	111580.0	111700.0	111580.0	111700.0	5
29.04.2026 21:30	111620.0	111620.0	111580.0	111580.0	5
29.04.2026 21:45	111580.0	111580.0	111520.0	111520.0	4
29.04.2026 23:30	111330.0	111330.0	111330.0	111330.0	1
29.04.2026 23:45	111330.0	111330.0	111330.0	111330.0	2
30.04.2026 09:00	111060.0	111060.0	110550.0	110550.0	5
30.04.2026 09:15	110570.0	110570.0	110570.0	110570.0	1
30.04.2026 09:30	110340.0	110340.0	110340.0	110340.0	1
30.04.2026 09:45	110750.0	110750.0	110750.0	110750.0	1
30.04.2026 10:00	110440.0	110970.0	110210.0	110970.0	6
30.04.2026 10:15	111010.0	111240.0	110940.0	110940.0	7
30.04.2026 10:30	110480.0	110480.0	110480.0	110480.0	1
30.04.2026 10:45	111120.0	111200.0	111120.0	111200.0	25
30.04.2026 11:00	111300.0	111460.0	111300.0	111460.0	7
30.04.2026 11:15	111090.0	111170.0	111050.0	111170.0	7
30.04.2026 11:30	111180.0	111670.0	111170.0	111670.0	30
30.04.2026 11:45	111670.0	111670.0	111500.0	111510.0	4
30.04.2026 12:00	111420.0	111420.0	111400.0	111420.0	4
30.04.2026 12:15	111400.0	111400.0	111130.0	111130.0	8
30.04.2026 12:30	110940.0	111050.0	110940.0	111040.0	3
30.04.2026 12:45	111200.0	111200.0	111200.0	111200.0	2
30.04.2026 13:15	111580.0	111580.0	111580.0	111580.0	2
30.04.2026 13:30	111580.0	111580.0	111350.0	111350.0	4
30.04.2026 13:45	111360.0	111360.0	111360.0	111360.0	3
30.04.2026 14:00	111420.0	111420.0	111420.0	111420.0	1
30.04.2026 14:15	110950.0	111000.0	110950.0	111000.0	4
30.04.2026 14:45	111080.0	111090.0	111080.0	111090.0	2
30.04.2026 15:00	111200.0	111240.0	111200.0	111240.0	4
30.04.2026 15:15	111450.0	111460.0	111270.0	111270.0	8
30.04.2026 16:00	111130.0	111130.0	111130.0	111130.0	1
30.04.2026 16:30	111090.0	111090.0	111090.0	111090.0	6
30.04.2026 16:45	110790.0	110790.0	110770.0	110770.0	7
30.04.2026 17:30	110860.0	110860.0	110860.0	110860.0	1
30.04.2026 18:15	110390.0	110390.0	110390.0	110390.0	1
30.04.2026 18:45	110620.0	110620.0	110600.0	110600.0	2
30.04.2026 20:00	110700.0	110760.0	110700.0	110760.0	6
30.04.2026 20:15	110740.0	110740.0	110740.0	110740.0	1
30.04.2026 20:30	110950.0	110990.0	110950.0	110990.0	2
30.04.2026 21:45	110850.0	110850.0	110850.0	110850.0	1
30.04.2026 23:00	110960.0	110960.0	110960.0	110960.0	1
30.04.2026 23:15	111000.0	111020.0	110950.0	110950.0	5
30.04.2026 23:45	110950.0	110950.0	110950.0	110950.0	3
01.05.2026 10:00	111800.0	112500.0	111460.0	111780.0	24
01.05.2026 10:15	111450.0	111450.0	111320.0	111320.0	6
01.05.2026 10:30	111280.0	111360.0	111280.0	111360.0	2
01.05.2026 10:45	111340.0	111370.0	111340.0	111370.0	2
01.05.2026 11:15	111330.0	111330.0	111330.0	111330.0	1
01.05.2026 13:45	111230.0	111230.0	111200.0	111200.0	4
01.05.2026 14:15	111170.0	111170.0	111150.0	111160.0	3
01.05.2026 16:15	111150.0	111150.0	111150.0	111150.0	1
01.05.2026 16:45	111100.0	111100.0	111100.0	111100.0	1
01.05.2026 17:00	111100.0	111110.0	111100.0	111110.0	2
01.05.2026 17:30	110930.0	111060.0	110930.0	111060.0	10
02.05.2026 13:00	111060.0	111060.0	111060.0	111060.0	1
02.05.2026 15:30	110920.0	110920.0	110900.0	110900.0	2
02.05.2026 16:15	110830.0	110830.0	110800.0	110800.0	5
02.05.2026 16:30	110830.0	110840.0	110830.0	110840.0	3
03.05.2026 14:00	110880.0	110880.0	110880.0	110880.0	2
03.05.2026 14:15	110950.0	110950.0	110950.0	110950.0	1
04.05.2026 09:00	111320.0	111320.0	111120.0	111120.0	2
04.05.2026 09:30	111400.0	111400.0	111390.0	111390.0	2
04.05.2026 10:15	111510.0	111510.0	111510.0	111510.0	1
04.05.2026 10:30	111440.0	111440.0	111440.0	111440.0	2
04.05.2026 10:45	111430.0	111490.0	111430.0	111490.0	2
04.05.2026 11:00	111320.0	111320.0	110700.0	110700.0	8
04.05.2026 11:15	110600.0	110600.0	110300.0	110300.0	12
04.05.2026 11:30	110230.0	110260.0	110230.0	110260.0	7
04.05.2026 12:00	110010.0	110020.0	109890.0	109930.0	21
04.05.2026 12:15	109820.0	109900.0	109690.0	109690.0	8
04.05.2026 12:30	109520.0	109520.0	109450.0	109450.0	10
04.05.2026 12:45	109550.0	109600.0	109550.0	109600.0	6
04.05.2026 13:00	109790.0	109820.0	109790.0	109820.0	10
04.05.2026 13:15	110040.0	110040.0	110010.0	110010.0	2
04.05.2026 13:30	109810.0	109810.0	109810.0	109810.0	1
04.05.2026 14:15	109760.0	109760.0	109760.0	109760.0	1
04.05.2026 14:30	109270.0	109270.0	108900.0	108900.0	6
04.05.2026 14:45	109120.0	109130.0	109120.0	109130.0	4
04.05.2026 15:00	109060.0	109060.0	108900.0	108900.0	2
04.05.2026 15:15	109070.0	109070.0	109070.0	109070.0	1
04.05.2026 15:45	109180.0	109250.0	109080.0	109250.0	18
04.05.2026 16:00	109160.0	109160.0	109160.0	109160.0	1
04.05.2026 16:30	108920.0	108920.0	108900.0	108900.0	3
04.05.2026 16:45	108810.0	108810.0	108800.0	108800.0	2
04.05.2026 17:00	108900.0	108900.0	108670.0	108700.0	8
04.05.2026 17:15	108740.0	108760.0	108470.0	108470.0	4
04.05.2026 17:30	108500.0	108720.0	108500.0	108720.0	3
04.05.2026 17:45	109050.0	109050.0	108820.0	108950.0	8
04.05.2026 18:00	108830.0	108830.0	108780.0	108780.0	4
04.05.2026 18:30	108930.0	108930.0	108930.0	108930.0	1
04.05.2026 19:00	109320.0	109380.0	109170.0	109300.0	12
04.05.2026 21:00	108880.0	108880.0	108880.0	108880.0	1
04.05.2026 21:45	109350.0	109530.0	109350.0	109460.0	8
04.05.2026 22:00	109460.0	109630.0	109460.0	109540.0	8
04.05.2026 23:15	109280.0	109280.0	109210.0	109210.0	2
05.05.2026 09:00	109300.0	109300.0	109300.0	109300.0	2
05.05.2026 09:15	108910.0	108910.0	108890.0	108890.0	3
05.05.2026 09:30	108960.0	108980.0	108900.0	108900.0	7
05.05.2026 10:00	109390.0	109580.0	109390.0	109580.0	7
05.05.2026 10:15	109540.0	109540.0	109540.0	109540.0	1
05.05.2026 10:30	109650.0	109650.0	109530.0	109530.0	8
05.05.2026 10:45	109370.0	109370.0	109260.0	109260.0	2
05.05.2026 11:00	108990.0	108990.0	108650.0	108740.0	12
05.05.2026 11:15	108550.0	108550.0	107970.0	108140.0	81
05.05.2026 11:30	108330.0	108350.0	108330.0	108350.0	2
05.05.2026 11:45	108150.0	108150.0	108140.0	108140.0	3
05.05.2026 12:00	108190.0	108650.0	108150.0	108620.0	24
05.05.2026 12:15	108700.0	109070.0	108690.0	109070.0	16
05.05.2026 12:30	109140.0	109380.0	109070.0	109130.0	29
05.05.2026 12:45	109030.0	109280.0	109030.0	109250.0	8
05.05.2026 13:00	109220.0	109220.0	109040.0	109040.0	2
05.05.2026 13:15	108800.0	108800.0	108800.0	108800.0	1
05.05.2026 13:45	109150.0	109540.0	109150.0	109540.0	2
05.05.2026 14:15	108920.0	108930.0	108910.0	108930.0	6
05.05.2026 14:30	108910.0	108910.0	108900.0	108900.0	4
05.05.2026 14:45	108550.0	108570.0	108550.0	108560.0	8
05.05.2026 15:15	109140.0	109320.0	109140.0	109320.0	6
05.05.2026 15:30	109190.0	109270.0	109170.0	109270.0	11
05.05.2026 15:45	109340.0	109400.0	109340.0	109400.0	2
05.05.2026 16:00	109430.0	109480.0	109290.0	109290.0	11
05.05.2026 16:30	109540.0	109640.0	109520.0	109640.0	10
05.05.2026 16:45	109800.0	110000.0	109800.0	110000.0	12
05.05.2026 17:00	110070.0	110110.0	109840.0	109840.0	18
05.05.2026 17:15	110000.0	110140.0	110000.0	110140.0	16
05.05.2026 17:30	110070.0	110070.0	110070.0	110070.0	3
05.05.2026 17:45	110140.0	110180.0	110100.0	110100.0	4
05.05.2026 18:00	109670.0	109680.0	109630.0	109630.0	12
05.05.2026 18:15	109630.0	109650.0	109590.0	109590.0	10
05.05.2026 18:30	109580.0	109580.0	109580.0	109580.0	1
05.05.2026 18:45	109680.0	109760.0	109610.0	109610.0	11
05.05.2026 19:00	109640.0	109640.0	109580.0	109590.0	12
05.05.2026 21:00	109470.0	109470.0	109430.0	109430.0	5
05.05.2026 21:30	109520.0	109520.0	109520.0	109520.0	1
05.05.2026 23:30	109420.0	109420.0	109400.0	109400.0	5
06.05.2026 09:00	109480.0	109480.0	109220.0	109220.0	5
06.05.2026 09:30	109010.0	109010.0	109010.0	109010.0	1
06.05.2026 09:45	108800.0	108950.0	108760.0	108920.0	13
06.05.2026 10:00	109170.0	109180.0	109100.0	109100.0	3
06.05.2026 10:30	108870.0	108870.0	108840.0	108870.0	4
06.05.2026 10:45	109000.0	109040.0	108940.0	109040.0	8
06.05.2026 11:15	109580.0	109580.0	109570.0	109570.0	4
06.05.2026 11:30	109890.0	109890.0	109890.0	109890.0	1
06.05.2026 11:45	109740.0	110000.0	109550.0	109780.0	14
06.05.2026 12:00	109900.0	110650.0	109900.0	110640.0	19
06.05.2026 12:15	110500.0	110500.0	110370.0	110420.0	31
06.05.2026 12:30	110530.0	110530.0	110310.0	110310.0	2
06.05.2026 12:45	110210.0	110240.0	110210.0	110240.0	10
06.05.2026 13:00	110150.0	110390.0	110150.0	110390.0	5
06.05.2026 13:15	110020.0	110020.0	110020.0	110020.0	3
06.05.2026 13:30	110240.0	110250.0	110240.0	110250.0	2
06.05.2026 13:45	110580.0	110580.0	110520.0	110520.0	9
06.05.2026 14:00	110750.0	110910.0	110680.0	110680.0	14
06.05.2026 14:15	110660.0	110660.0	110290.0	110290.0	17
06.05.2026 14:30	110470.0	110500.0	110400.0	110470.0	8
06.05.2026 14:45	110560.0	110720.0	110550.0	110630.0	7
06.05.2026 15:00	110720.0	110720.0	110720.0	110720.0	2
06.05.2026 15:30	110850.0	110850.0	110670.0	110670.0	8
06.05.2026 15:45	110620.0	110620.0	110490.0	110600.0	7
06.05.2026 16:00	110370.0	110370.0	110370.0	110370.0	2
06.05.2026 16:15	110510.0	110560.0	110510.0	110560.0	2
06.05.2026 16:30	110710.0	110710.0	110710.0	110710.0	1
06.05.2026 16:45	110720.0	110810.0	110720.0	110810.0	11
06.05.2026 17:15	110710.0	110710.0	110690.0	110690.0	2
06.05.2026 17:30	110790.0	110960.0	110790.0	110960.0	4
06.05.2026 17:45	110960.0	111100.0	110960.0	111100.0	9
06.05.2026 18:00	111050.0	111050.0	110950.0	110980.0	3
06.05.2026 18:15	110880.0	110920.0	110880.0	110920.0	4
06.05.2026 18:30	111020.0	111150.0	111020.0	111150.0	5
06.05.2026 18:45	111110.0	111110.0	111110.0	111110.0	1
06.05.2026 19:00	111200.0	111200.0	111000.0	111000.0	15
06.05.2026 19:45	110940.0	110940.0	110940.0	110940.0	1
06.05.2026 20:00	110820.0	110820.0	110820.0	110820.0	1
06.05.2026 20:15	110980.0	110980.0	110950.0	110950.0	3
06.05.2026 20:45	110720.0	110720.0	110720.0	110720.0	1
06.05.2026 22:00	110540.0	110590.0	110490.0	110490.0	9
06.05.2026 22:15	110610.0	110610.0	110590.0	110590.0	5
07.05.2026 09:00	110360.0	110360.0	110360.0	110360.0	1
07.05.2026 09:15	110520.0	110520.0	110480.0	110480.0	10
07.05.2026 09:30	110600.0	110600.0	110600.0	110600.0	1
07.05.2026 10:00	110160.0	110160.0	110100.0	110100.0	10
07.05.2026 10:15	110100.0	110100.0	109800.0	109820.0	19
07.05.2026 10:30	110270.0	110300.0	110190.0	110190.0	8
07.05.2026 10:45	110000.0	110000.0	110000.0	110000.0	2
07.05.2026 11:00	110000.0	110000.0	110000.0	110000.0	2
07.05.2026 11:30	109920.0	109920.0	109920.0	109920.0	5
07.05.2026 12:00	109910.0	109910.0	109880.0	109890.0	5
07.05.2026 12:15	109870.0	109870.0	109870.0	109870.0	10
07.05.2026 12:30	109980.0	109980.0	109980.0	109980.0	1
07.05.2026 12:45	109960.0	110080.0	109950.0	110080.0	7
07.05.2026 13:00	110140.0	110140.0	110140.0	110140.0	2
07.05.2026 13:15	110030.0	110030.0	110030.0	110030.0	2
07.05.2026 14:00	110350.0	110390.0	110350.0	110390.0	10
07.05.2026 14:30	110460.0	110470.0	110240.0	110240.0	10
07.05.2026 14:45	110300.0	110650.0	110300.0	110650.0	42
07.05.2026 15:00	110250.0	110430.0	110250.0	110430.0	2
07.05.2026 15:45	110250.0	110250.0	110250.0	110250.0	1
07.05.2026 16:00	109930.0	109930.0	109850.0	109850.0	3
07.05.2026 17:00	110040.0	110040.0	110040.0	110040.0	1
07.05.2026 17:15	109950.0	109960.0	109920.0	109920.0	5
07.05.2026 17:30	109940.0	110230.0	109940.0	110230.0	12
07.05.2026 18:00	110160.0	110160.0	110160.0	110160.0	1
07.05.2026 18:15	110100.0	110100.0	110100.0	110100.0	1
07.05.2026 18:30	110070.0	110070.0	110020.0	110050.0	5
07.05.2026 18:45	110050.0	110110.0	110050.0	110110.0	4
07.05.2026 19:30	110150.0	110150.0	110150.0	110150.0	1
07.05.2026 20:00	110000.0	110050.0	110000.0	110000.0	8
07.05.2026 20:30	110120.0	110120.0	110050.0	110050.0	5
07.05.2026 21:15	109990.0	110000.0	109960.0	110000.0	6
07.05.2026 21:30	109970.0	109970.0	109970.0	109970.0	1
07.05.2026 22:00	109890.0	109890.0	109890.0	109890.0	1
07.05.2026 22:30	109880.0	109880.0	109880.0	109880.0	1
07.05.2026 23:15	109820.0	109820.0	109600.0	109600.0	11
07.05.2026 23:30	109610.0	109640.0	109540.0	109640.0	10
07.05.2026 23:45	109770.0	109770.0	109770.0	109770.0	1
08.05.2026 09:00	109650.0	109650.0	109650.0	109650.0	1
08.05.2026 09:15	109500.0	109570.0	109500.0	109550.0	21
08.05.2026 09:30	109660.0	109660.0	109650.0	109650.0	4
08.05.2026 10:00	109740.0	109740.0	109730.0	109730.0	5
08.05.2026 10:15	109840.0	109840.0	109750.0	109750.0	9
08.05.2026 10:30	109890.0	109970.0	109890.0	109970.0	2
08.05.2026 10:45	110010.0	110010.0	110010.0	110010.0	2
08.05.2026 11:15	109990.0	110090.0	109970.0	110030.0	14
08.05.2026 11:45	109900.0	109900.0	109900.0	109900.0	1
08.05.2026 12:45	110210.0	110300.0	110190.0	110230.0	33
08.05.2026 13:00	110230.0	110480.0	110230.0	110460.0	21
08.05.2026 13:15	110080.0	110080.0	110080.0	110080.0	1
08.05.2026 14:15	110130.0	110130.0	110130.0	110130.0	1
08.05.2026 15:15	110020.0	110130.0	110000.0	110110.0	28
08.05.2026 15:45	110040.0	110070.0	110040.0	110070.0	2
08.05.2026 16:00	110000.0	110000.0	109860.0	109860.0	7
08.05.2026 16:15	109620.0	109620.0	109620.0	109620.0	5
08.05.2026 16:30	109750.0	109750.0	109750.0	109750.0	3
08.05.2026 16:45	109750.0	109750.0	109750.0	109750.0	2
08.05.2026 17:00	109930.0	110060.0	109790.0	109800.0	24
08.05.2026 17:15	109800.0	109900.0	109800.0	109900.0	13
08.05.2026 17:30	109830.0	110000.0	109830.0	110000.0	5
08.05.2026 17:45	110000.0	110000.0	110000.0	110000.0	2
08.05.2026 18:30	109800.0	109800.0	109800.0	109800.0	2
08.05.2026 18:45	109660.0	109670.0	109660.0	109670.0	4
08.05.2026 19:00	109630.0	109630.0	109630.0	109630.0	2
08.05.2026 20:00	109980.0	109980.0	109980.0	109980.0	1
08.05.2026 21:00	110610.0	110620.0	110490.0	110550.0	19
08.05.2026 21:15	110540.0	110540.0	110540.0	110540.0	1
08.05.2026 21:30	110660.0	110690.0	110630.0	110690.0	7
08.05.2026 21:45	110910.0	111110.0	110910.0	111110.0	10
08.05.2026 22:00	111290.0	111300.0	111240.0	111240.0	12
08.05.2026 22:15	111290.0	111500.0	111290.0	111450.0	11
08.05.2026 22:45	111400.0	111400.0	111400.0	111400.0	1
08.05.2026 23:30	111230.0	111230.0	111230.0	111230.0	2
11.05.2026 09:00	111750.0	112070.0	111750.0	112070.0	27
11.05.2026 09:15	111960.0	111960.0	111740.0	111740.0	23
11.05.2026 09:30	111750.0	111900.0	111750.0	111860.0	18
11.05.2026 10:30	111990.0	112070.0	111990.0	112070.0	15
11.05.2026 10:45	112200.0	112200.0	112200.0	112200.0	1
11.05.2026 11:00	112320.0	112750.0	112320.0	112620.0	20
11.05.2026 11:15	112560.0	112680.0	112530.0	112650.0	17
11.05.2026 11:45	112690.0	112690.0	112610.0	112610.0	3
11.05.2026 12:00	112690.0	112750.0	112690.0	112750.0	4
11.05.2026 12:15	112490.0	112630.0	112490.0	112630.0	4
11.05.2026 12:30	112720.0	112910.0	112720.0	112900.0	14
11.05.2026 12:45	112820.0	112990.0	112820.0	112990.0	4
11.05.2026 13:00	112990.0	113120.0	112930.0	112930.0	11
11.05.2026 13:15	112930.0	113000.0	112890.0	113000.0	18
11.05.2026 13:30	113000.0	113000.0	112750.0	112770.0	12
11.05.2026 13:45	112800.0	112800.0	112800.0	112800.0	1
11.05.2026 14:00	112750.0	112750.0	112730.0	112730.0	2
11.05.2026 14:45	112800.0	112830.0	112800.0	112830.0	2
11.05.2026 15:15	112930.0	112930.0	112930.0	112930.0	1
11.05.2026 15:45	113000.0	113130.0	113000.0	113130.0	3
11.05.2026 16:00	112890.0	112930.0	112890.0	112930.0	3
11.05.2026 16:30	112930.0	112940.0	112930.0	112940.0	2
11.05.2026 16:45	113000.0	113000.0	113000.0	113000.0	2
11.05.2026 17:15	113170.0	113230.0	113150.0	113230.0	5
11.05.2026 17:30	113300.0	113350.0	113240.0	113350.0	12
11.05.2026 17:45	113360.0	113360.0	113350.0	113350.0	5
11.05.2026 18:00	113370.0	113370.0	113260.0	113260.0	2
11.05.2026 18:15	113310.0	113310.0	113310.0	113310.0	1
11.05.2026 20:00	113000.0	113000.0	113000.0	113000.0	3
11.05.2026 21:30	113150.0	113160.0	113150.0	113160.0	2
11.05.2026 22:30	113160.0	113190.0	113160.0	113190.0	13
11.05.2026 23:00	113300.0	113390.0	113250.0	113390.0	4
11.05.2026 23:30	113350.0	113350.0	113350.0	113350.0	1
11.05.2026 23:45	113350.0	113350.0	113350.0	113350.0	1
12.05.2026 09:00	113180.0	113220.0	112920.0	112950.0	10
12.05.2026 09:15	112970.0	112980.0	112970.0	112980.0	3
12.05.2026 09:30	113000.0	113100.0	112990.0	112990.0	6
12.05.2026 10:00	112750.0	113280.0	112520.0	113280.0	34
12.05.2026 10:15	113070.0	113200.0	113070.0	113190.0	18
12.05.2026 10:30	113300.0	113750.0	113300.0	113750.0	32
12.05.2026 10:45	113510.0	113630.0	113360.0	113360.0	26
12.05.2026 11:00	113380.0	113380.0	113280.0	113370.0	11
12.05.2026 11:45	113650.0	113650.0	113650.0	113650.0	1
12.05.2026 12:15	113360.0	113380.0	113330.0	113370.0	6
12.05.2026 12:30	113450.0	113450.0	113450.0	113450.0	1
12.05.2026 12:45	113650.0	113650.0	113490.0	113530.0	6
12.05.2026 13:00	113710.0	113750.0	113660.0	113660.0	7
12.05.2026 13:15	113570.0	113630.0	113560.0	113580.0	8
12.05.2026 13:30	113600.0	113870.0	113600.0	113870.0	10
12.05.2026 13:45	113800.0	113840.0	113650.0	113840.0	14
12.05.2026 14:00	113720.0	113730.0	113540.0	113550.0	23
12.05.2026 14:15	113650.0	113670.0	113650.0	113670.0	5
12.05.2026 14:30	113700.0	113700.0	113700.0	113700.0	5
12.05.2026 14:45	113500.0	113500.0	113500.0	113500.0	1
12.05.2026 15:00	113620.0	113620.0	113620.0	113620.0	1
12.05.2026 15:30	113790.0	113850.0	113790.0	113850.0	2
12.05.2026 15:45	113830.0	113990.0	113830.0	113900.0	13
12.05.2026 16:00	114000.0	114000.0	113810.0	113860.0	26
12.05.2026 16:30	113760.0	113760.0	113680.0	113700.0	5
12.05.2026 16:45	113660.0	113670.0	113660.0	113670.0	2
12.05.2026 17:00	113930.0	114090.0	113900.0	114090.0	24
12.05.2026 17:15	113910.0	113910.0	113640.0	113640.0	36
12.05.2026 17:30	113710.0	113770.0	113710.0	113740.0	17
12.05.2026 17:45	113820.0	113920.0	113820.0	113920.0	2
12.05.2026 18:00	113930.0	114120.0	113930.0	114120.0	7
12.05.2026 18:15	114060.0	114130.0	114060.0	114110.0	4
12.05.2026 18:30	114170.0	114170.0	114170.0	114170.0	1
12.05.2026 19:00	114000.0	114000.0	113990.0	113990.0	2
12.05.2026 19:15	113960.0	114100.0	113960.0	114100.0	3
12.05.2026 19:30	113850.0	113910.0	113820.0	113850.0	9
12.05.2026 19:45	114040.0	114070.0	114040.0	114070.0	2
12.05.2026 20:15	114050.0	114050.0	114050.0	114050.0	2
12.05.2026 20:30	114140.0	114160.0	114140.0	114160.0	3
12.05.2026 21:00	114170.0	114250.0	113900.0	114130.0	14
12.05.2026 21:30	114140.0	114140.0	114140.0	114140.0	1
12.05.2026 22:15	114160.0	114200.0	114160.0	114200.0	3
12.05.2026 22:30	114250.0	114310.0	114250.0	114270.0	15
12.05.2026 23:00	114350.0	114350.0	114350.0	114350.0	2
13.05.2026 09:00	114270.0	114270.0	114150.0	114150.0	6
13.05.2026 09:15	114070.0	114070.0	114070.0	114070.0	1
13.05.2026 09:30	114040.0	114040.0	114040.0	114040.0	1
13.05.2026 09:45	114070.0	114070.0	114040.0	114040.0	5
13.05.2026 10:00	114250.0	114300.0	114250.0	114290.0	3
13.05.2026 10:15	114170.0	114360.0	114130.0	114360.0	16
13.05.2026 10:45	114400.0	114450.0	114370.0	114400.0	16
13.05.2026 11:00	114460.0	114460.0	114420.0	114420.0	4
13.05.2026 11:15	114330.0	114390.0	114310.0	114390.0	3
13.05.2026 11:30	114340.0	114540.0	114340.0	114530.0	7
13.05.2026 11:45	114570.0	114980.0	114570.0	114720.0	67
13.05.2026 12:00	114700.0	114850.0	114640.0	114740.0	28
13.05.2026 12:30	114760.0	115050.0	114760.0	114930.0	24
13.05.2026 12:45	114930.0	114950.0	114930.0	114950.0	2
13.05.2026 13:00	114960.0	115000.0	114900.0	114900.0	3
13.05.2026 13:15	114900.0	114920.0	114900.0	114920.0	2
13.05.2026 13:30	114770.0	114790.0	114580.0	114580.0	6
13.05.2026 13:45	114650.0	114650.0	114650.0	114650.0	1
13.05.2026 14:00	114660.0	114660.0	114540.0	114540.0	14
13.05.2026 14:15	114410.0	114480.0	114410.0	114480.0	5
13.05.2026 14:30	114430.0	114480.0	114380.0	114380.0	9
13.05.2026 15:15	114210.0	114210.0	114210.0	114210.0	1
13.05.2026 15:30	114300.0	114390.0	114300.0	114390.0	12
13.05.2026 15:45	114350.0	114350.0	114130.0	114160.0	7
13.05.2026 16:00	114100.0	114100.0	114080.0	114090.0	5
13.05.2026 16:15	114110.0	114110.0	114000.0	114080.0	5
13.05.2026 16:30	114190.0	114210.0	114190.0	114200.0	6
13.05.2026 17:00	114420.0	114470.0	114410.0	114410.0	4
13.05.2026 17:15	114300.0	114300.0	114290.0	114290.0	2
13.05.2026 17:30	114560.0	114560.0	114560.0	114560.0	1
13.05.2026 17:45	114720.0	114750.0	114720.0	114750.0	5
13.05.2026 18:00	114590.0	114590.0	114590.0	114590.0	1
13.05.2026 19:00	114640.0	114750.0	114640.0	114720.0	5
13.05.2026 19:30	114730.0	114730.0	114730.0	114730.0	1
13.05.2026 19:45	114760.0	114760.0	114750.0	114750.0	2
13.05.2026 21:00	114660.0	114660.0	114660.0	114660.0	1
13.05.2026 22:45	114520.0	114570.0	114520.0	114570.0	3
13.05.2026 23:30	114510.0	114510.0	114470.0	114470.0	5
13.05.2026 23:45	114370.0	114370.0	114370.0	114370.0	1
14.05.2026 09:00	114300.0	114300.0	114270.0	114290.0	3
14.05.2026 09:30	114260.0	114260.0	114250.0	114250.0	2
14.05.2026 09:45	114210.0	114210.0	114200.0	114200.0	2
14.05.2026 10:00	114130.0	114130.0	114130.0	114130.0	6
14.05.2026 10:15	114270.0	114590.0	114260.0	114590.0	5
14.05.2026 10:30	114580.0	114640.0	114490.0	114640.0	8
14.05.2026 10:45	114720.0	114720.0	114590.0	114630.0	6
14.05.2026 11:00	114560.0	114900.0	114560.0	114900.0	3
14.05.2026 11:15	114800.0	114810.0	114800.0	114810.0	3
14.05.2026 11:30	114560.0	114560.0	114520.0	114520.0	5
14.05.2026 12:15	114460.0	114460.0	114460.0	114460.0	1
14.05.2026 12:30	114180.0	114310.0	114180.0	114310.0	2
14.05.2026 12:45	114360.0	114470.0	114360.0	114470.0	5
14.05.2026 13:00	114440.0	114440.0	114440.0	114440.0	1
14.05.2026 14:00	114520.0	114520.0	114520.0	114520.0	2
14.05.2026 14:15	114720.0	114820.0	114720.0	114820.0	3
14.05.2026 14:30	114890.0	114890.0	114890.0	114890.0	3
14.05.2026 14:45	114850.0	115060.0	114850.0	114990.0	5
14.05.2026 15:00	114940.0	114940.0	114370.0	114430.0	8
14.05.2026 15:15	114260.0	114300.0	114140.0	114300.0	6
14.05.2026 15:30	114210.0	114210.0	113980.0	113980.0	11
14.05.2026 15:45	113950.0	113950.0	113770.0	113900.0	37
14.05.2026 16:00	114010.0	114010.0	113850.0	113850.0	18
14.05.2026 16:15	113830.0	114000.0	113800.0	114000.0	16
14.05.2026 16:30	113920.0	113920.0	113850.0	113920.0	5
14.05.2026 16:45	113950.0	114000.0	113900.0	114000.0	32
14.05.2026 17:00	113890.0	113940.0	113890.0	113900.0	10
14.05.2026 17:15	113900.0	114110.0	113900.0	114000.0	24
14.05.2026 17:30	113930.0	113930.0	113850.0	113870.0	5
14.05.2026 17:45	113840.0	113950.0	113770.0	113780.0	4
14.05.2026 18:15	113720.0	113800.0	113720.0	113790.0	7
14.05.2026 18:30	113610.0	113610.0	113500.0	113500.0	2
14.05.2026 18:45	113400.0	113400.0	113280.0	113390.0	20
14.05.2026 19:00	113400.0	113430.0	113360.0	113380.0	6
14.05.2026 19:15	113340.0	113340.0	113300.0	113300.0	11
14.05.2026 20:00	113460.0	113460.0	113460.0	113460.0	1
14.05.2026 20:15	113500.0	113520.0	113500.0	113520.0	3
14.05.2026 20:30	113540.0	113540.0	113540.0	113540.0	1
14.05.2026 20:45	113530.0	113530.0	113530.0	113530.0	1
14.05.2026 21:15	113440.0	113440.0	113440.0	113440.0	1
14.05.2026 21:45	113560.0	113560.0	113560.0	113560.0	1
14.05.2026 22:30	113460.0	113460.0	113460.0	113460.0	1
15.05.2026 09:00	113270.0	113600.0	113270.0	113600.0	7
15.05.2026 09:15	113600.0	113600.0	113330.0	113330.0	3
15.05.2026 09:30	113440.0	113440.0	113230.0	113380.0	18
15.05.2026 09:45	113420.0	113420.0	113380.0	113380.0	5
15.05.2026 10:00	113350.0	113540.0	113350.0	113460.0	21
15.05.2026 10:15	113400.0	113400.0	113400.0	113400.0	1
15.05.2026 10:30	113550.0	113550.0	113410.0	113410.0	4
15.05.2026 10:45	113410.0	113410.0	113410.0	113410.0	2
15.05.2026 11:00	113330.0	113410.0	113300.0	113300.0	16
15.05.2026 11:15	113280.0	113440.0	113240.0	113440.0	10
15.05.2026 11:30	113480.0	113760.0	113480.0	113760.0	31
15.05.2026 11:45	113750.0	113760.0	113620.0	113640.0	9
15.05.2026 12:00	113660.0	113900.0	113660.0	113850.0	33
15.05.2026 12:15	113830.0	113970.0	113830.0	113970.0	2
15.05.2026 12:30	114000.0	114000.0	113980.0	113980.0	4
15.05.2026 12:45	114010.0	114040.0	114010.0	114040.0	3
15.05.2026 13:30	113840.0	113840.0	113840.0	113840.0	1
15.05.2026 14:30	113720.0	113720.0	113710.0	113710.0	3
15.05.2026 15:00	113720.0	113720.0	113720.0	113720.0	2
15.05.2026 15:15	113680.0	113680.0	113680.0	113680.0	1
15.05.2026 15:30	113620.0	113620.0	113620.0	113620.0	10
15.05.2026 15:45	113640.0	113640.0	113630.0	113630.0	15
15.05.2026 16:00	113630.0	113780.0	113630.0	113770.0	5
15.05.2026 16:15	113950.0	114130.0	113950.0	114130.0	17
15.05.2026 16:30	113950.0	113950.0	113930.0	113930.0	3
15.05.2026 16:45	113880.0	113880.0	113850.0	113850.0	5
15.05.2026 17:00	113730.0	113730.0	113320.0	113320.0	4
15.05.2026 17:15	113430.0	113450.0	113360.0	113450.0	3
15.05.2026 17:30	113120.0	113120.0	113020.0	113100.0	22
15.05.2026 17:45	113060.0	113100.0	112880.0	112880.0	26
15.05.2026 18:00	112860.0	112910.0	112790.0	112830.0	9
15.05.2026 18:15	112800.0	112800.0	112720.0	112720.0	4
15.05.2026 18:30	112640.0	112640.0	112640.0	112640.0	1
15.05.2026 18:45	112810.0	112900.0	112810.0	112900.0	5
15.05.2026 19:00	112880.0	112880.0	112880.0	112880.0	2
15.05.2026 19:15	112980.0	112980.0	112980.0	112980.0	3
15.05.2026 19:45	112960.0	112960.0	112940.0	112940.0	3
15.05.2026 20:00	112960.0	112960.0	112960.0	112960.0	1
15.05.2026 20:15	113100.0	113100.0	113100.0	113100.0	1
15.05.2026 21:00	113090.0	113090.0	113090.0	113090.0	2
15.05.2026 21:15	113090.0	113140.0	113090.0	113140.0	2
15.05.2026 22:00	113090.0	113090.0	113090.0	113090.0	1
15.05.2026 22:15	112980.0	113000.0	112980.0	113000.0	3
15.05.2026 22:30	113020.0	113020.0	113020.0	113020.0	2
15.05.2026 23:30	113020.0	113020.0	113020.0	113020.0	1
16.05.2026 10:00	113270.0	113270.0	113270.0	113270.0	1
16.05.2026 10:15	113130.0	113130.0	113130.0	113130.0	1
16.05.2026 10:30	113150.0	113150.0	113150.0	113150.0	1
16.05.2026 12:15	113160.0	113170.0	113160.0	113170.0	3
16.05.2026 13:15	113130.0	113130.0	113130.0	113130.0	1
16.05.2026 13:30	113160.0	113160.0	113160.0	113160.0	1
16.05.2026 14:00	113230.0	113230.0	113230.0	113230.0	1
16.05.2026 16:00	113310.0	113310.0	113310.0	113310.0	1
16.05.2026 16:30	113290.0	113290.0	113290.0	113290.0	1
17.05.2026 10:00	113300.0	113300.0	113300.0	113300.0	1
17.05.2026 10:15	113560.0	113560.0	113560.0	113560.0	1
17.05.2026 10:30	113390.0	113390.0	113390.0	113390.0	1
17.05.2026 11:00	113430.0	113430.0	113430.0	113430.0	1
17.05.2026 12:00	113470.0	113470.0	113470.0	113470.0	1
17.05.2026 12:45	113510.0	113510.0	113510.0	113510.0	1
17.05.2026 13:00	113510.0	113520.0	113510.0	113520.0	2
17.05.2026 13:45	113560.0	113560.0	113560.0	113560.0	1
17.05.2026 14:15	113480.0	113480.0	113340.0	113340.0	6
17.05.2026 14:30	113390.0	113390.0	113390.0	113390.0	1
17.05.2026 16:15	113460.0	113460.0	113460.0	113460.0	1
17.05.2026 16:30	113230.0	113230.0	113140.0	113140.0	4
17.05.2026 16:45	113130.0	113130.0	113130.0	113130.0	1
17.05.2026 17:00	113070.0	113070.0	113070.0	113070.0	1
17.05.2026 17:30	113030.0	113030.0	113030.0	113030.0	1
17.05.2026 18:00	113000.0	113000.0	113000.0	113000.0	1
18.05.2026 09:00	113030.0	113030.0	113030.0	113030.0	1
18.05.2026 09:15	113140.0	113280.0	113140.0	113280.0	3
18.05.2026 09:30	113390.0	113390.0	113390.0	113390.0	1
18.05.2026 09:45	113380.0	113380.0	113380.0	113380.0	1
18.05.2026 10:00	113280.0	113280.0	113280.0	113280.0	1
18.05.2026 10:15	113280.0	113290.0	112910.0	112910.0	9
18.05.2026 10:30	112960.0	112960.0	112960.0	112960.0	1
18.05.2026 10:45	113120.0	113210.0	113120.0	113200.0	6
18.05.2026 11:00	113270.0	113270.0	113270.0	113270.0	1
18.05.2026 11:30	113510.0	113510.0	113510.0	113510.0	1
18.05.2026 12:00	113420.0	113420.0	113420.0	113420.0	1
18.05.2026 12:15	113640.0	113640.0	113640.0	113640.0	1
18.05.2026 12:30	113990.0	114200.0	113990.0	114200.0	7
18.05.2026 12:45	114270.0	114460.0	114270.0	114460.0	6
18.05.2026 13:00	114490.0	114490.0	114140.0	114140.0	19
18.05.2026 13:30	114190.0	114190.0	114190.0	114190.0	2
18.05.2026 14:15	114360.0	114380.0	114360.0	114380.0	4
18.05.2026 14:30	114420.0	114420.0	114420.0	114420.0	1
18.05.2026 14:45	114430.0	114480.0	114430.0	114480.0	14
18.05.2026 15:00	114500.0	114640.0	114500.0	114640.0	5
18.05.2026 15:15	114650.0	114670.0	114510.0	114510.0	6
18.05.2026 15:45	114180.0	114180.0	114180.0	114180.0	2
18.05.2026 16:00	114340.0	114340.0	114190.0	114250.0	18
18.05.2026 16:15	114260.0	114260.0	114260.0	114260.0	1
18.05.2026 16:30	114180.0	114260.0	114170.0	114180.0	8
18.05.2026 16:45	114130.0	114360.0	114130.0	114340.0	11
18.05.2026 17:00	114300.0	114300.0	114300.0	114300.0	1
18.05.2026 17:15	114350.0	114620.0	114350.0	114620.0	10
18.05.2026 17:45	114730.0	115020.0	114730.0	115020.0	27
18.05.2026 18:00	115060.0	115220.0	115060.0	115160.0	22
18.05.2026 18:15	115220.0	115320.0	115220.0	115320.0	6
18.05.2026 18:30	115390.0	115610.0	115390.0	115500.0	11
18.05.2026 18:45	115530.0	115590.0	115520.0	115590.0	8
18.05.2026 19:00	115550.0	115560.0	115490.0	115490.0	4
18.05.2026 19:15	115690.0	115690.0	115690.0	115690.0	1
18.05.2026 19:30	115690.0	115690.0	115500.0	115660.0	13
18.05.2026 19:45	115770.0	115770.0	115770.0	115770.0	1
18.05.2026 20:00	115920.0	115960.0	115900.0	115960.0	5
18.05.2026 20:15	115650.0	115670.0	115590.0	115600.0	7
18.05.2026 20:45	115610.0	115610.0	115610.0	115610.0	1
18.05.2026 21:00	115650.0	115650.0	115600.0	115630.0	5
18.05.2026 21:15	115600.0	115660.0	115600.0	115660.0	11
18.05.2026 21:30	115700.0	115790.0	115700.0	115790.0	3
18.05.2026 21:45	115730.0	115730.0	115730.0	115730.0	1
18.05.2026 23:00	115700.0	115750.0	115700.0	115750.0	2
18.05.2026 23:30	115800.0	115960.0	115800.0	115960.0	11
18.05.2026 23:45	115960.0	115960.0	115960.0	115960.0	2
19.05.2026 09:00	116020.0	116020.0	115740.0	115760.0	5
19.05.2026 09:15	115880.0	115880.0	115880.0	115880.0	1
19.05.2026 09:30	115760.0	115760.0	115570.0	115730.0	51
19.05.2026 09:45	116000.0	116000.0	115950.0	115970.0	5
19.05.2026 10:00	116050.0	116310.0	116030.0	116230.0	22
19.05.2026 10:15	116180.0	116490.0	116180.0	116490.0	7
19.05.2026 10:30	116410.0	116600.0	116360.0	116600.0	12
19.05.2026 10:45	116500.0	116720.0	116480.0	116670.0	17
19.05.2026 11:00	116690.0	117110.0	116690.0	117090.0	40
19.05.2026 11:15	117050.0	117050.0	116930.0	116930.0	67
19.05.2026 11:30	116900.0	117250.0	116860.0	117100.0	22
19.05.2026 11:45	117050.0	117060.0	116950.0	116950.0	5
19.05.2026 12:00	116990.0	117130.0	116990.0	117130.0	5
19.05.2026 12:15	117000.0	117030.0	117000.0	117030.0	3
19.05.2026 12:30	117090.0	117210.0	117040.0	117210.0	7
19.05.2026 12:45	117250.0	117250.0	117100.0	117150.0	16
19.05.2026 13:00	117000.0	117000.0	116650.0	116670.0	14
19.05.2026 13:15	116870.0	117200.0	116870.0	117200.0	13
19.05.2026 13:30	117170.0	117370.0	117130.0	117280.0	26
19.05.2026 13:45	117110.0	117150.0	117080.0	117150.0	9
19.05.2026 14:00	117000.0	117050.0	116980.0	116980.0	20
19.05.2026 14:15	116940.0	116940.0	116820.0	116820.0	11
19.05.2026 14:30	116900.0	116970.0	116900.0	116970.0	7
19.05.2026 14:45	116900.0	116900.0	116900.0	116900.0	1
19.05.2026 15:00	117070.0	117070.0	116960.0	116960.0	7
19.05.2026 15:15	116810.0	117090.0	116810.0	117090.0	14
19.05.2026 15:30	116950.0	116950.0	116950.0	116950.0	1
19.05.2026 16:00	117170.0	117350.0	117170.0	117350.0	32
19.05.2026 16:15	117120.0	117120.0	117050.0	117050.0	7
19.05.2026 16:30	116900.0	116950.0	116900.0	116950.0	3
19.05.2026 16:45	117130.0	117150.0	117130.0	117140.0	3
19.05.2026 17:00	117200.0	117200.0	117160.0	117160.0	4
19.05.2026 17:15	116950.0	116950.0	116920.0	116920.0	4
19.05.2026 17:30	116980.0	117030.0	116980.0	117030.0	17
19.05.2026 17:45	117190.0	117290.0	117190.0	117290.0	15
19.05.2026 18:00	117290.0	117520.0	117290.0	117520.0	18
19.05.2026 18:15	117550.0	117770.0	117500.0	117500.0	41
19.05.2026 18:30	117460.0	117680.0	117290.0	117630.0	73
19.05.2026 18:45	117650.0	117650.0	117580.0	117590.0	6
19.05.2026 19:15	117700.0	117700.0	117700.0	117700.0	1
19.05.2026 19:30	117820.0	117820.0	117820.0	117820.0	1
19.05.2026 19:45	117860.0	118460.0	117860.0	117940.0	23
19.05.2026 20:00	117980.0	118030.0	117980.0	118030.0	4
19.05.2026 20:15	117930.0	117930.0	117930.0	117930.0	1
19.05.2026 21:15	118140.0	118180.0	118140.0	118180.0	3
19.05.2026 21:45	118010.0	118010.0	118010.0	118010.0	1
19.05.2026 22:30	118040.0	118040.0	118040.0	118040.0	1
19.05.2026 22:45	118050.0	118050.0	118010.0	118010.0	2
19.05.2026 23:00	118010.0	118070.0	118010.0	118070.0	3
19.05.2026 23:15	118070.0	118200.0	118070.0	118200.0	6
19.05.2026 23:45	118250.0	118270.0	118250.0	118270.0	4
20.05.2026 09:00	118520.0	118650.0	118490.0	118500.0	23
20.05.2026 09:15	118270.0	118300.0	118080.0	118260.0	57
20.05.2026 09:30	118230.0	118280.0	118040.0	118040.0	25
20.05.2026 09:45	117910.0	118150.0	117590.0	117700.0	27
20.05.2026 10:00	117550.0	117550.0	116470.0	116470.0	37
20.05.2026 10:15	116790.0	116790.0	116460.0	116680.0	29
20.05.2026 10:30	116610.0	116610.0	116340.0	116340.0	3
20.05.2026 10:45	116190.0	116480.0	116190.0	116360.0	14
20.05.2026 11:00	116490.0	116490.0	116490.0	116490.0	1
20.05.2026 11:15	116010.0	116200.0	116010.0	116200.0	4
20.05.2026 11:30	116150.0	116150.0	116110.0	116110.0	2
20.05.2026 11:45	116150.0	116170.0	116100.0	116100.0	30
20.05.2026 12:00	115800.0	115850.0	115800.0	115850.0	5
20.05.2026 12:15	115790.0	115850.0	115790.0	115850.0	6
20.05.2026 12:30	115790.0	115800.0	115710.0	115710.0	8
20.05.2026 12:45	115670.0	115710.0	115670.0	115710.0	4
20.05.2026 13:15	115500.0	115740.0	115500.0	115500.0	5
20.05.2026 13:30	115520.0	115590.0	115400.0	115500.0	7
20.05.2026 13:45	115500.0	115500.0	115500.0	115500.0	1
20.05.2026 14:00	115580.0	115580.0	115560.0	115560.0	3
20.05.2026 14:15	115820.0	115870.0	115730.0	115750.0	41
20.05.2026 14:30	115800.0	115810.0	115800.0	115810.0	5
20.05.2026 15:15	115520.0	115530.0	115520.0	115530.0	2
20.05.2026 15:30	115980.0	116000.0	115980.0	116000.0	3
20.05.2026 15:45	116000.0	116000.0	115920.0	115920.0	2
20.05.2026 16:00	115750.0	115750.0	115700.0	115700.0	2
20.05.2026 16:15	115870.0	115880.0	115870.0	115880.0	2
20.05.2026 16:30	115700.0	115900.0	115700.0	115840.0	30
20.05.2026 16:45	115800.0	115800.0	115590.0	115590.0	16
20.05.2026 17:00	115400.0	115400.0	115250.0	115300.0	15
20.05.2026 17:15	115410.0	115410.0	115410.0	115410.0	1
20.05.2026 17:30	115470.0	115500.0	115470.0	115500.0	2
20.05.2026 18:00	115540.0	115540.0	115540.0	115540.0	1
20.05.2026 18:45	115250.0	115250.0	115250.0	115250.0	1
20.05.2026 19:15	115570.0	115570.0	115490.0	115490.0	20
20.05.2026 19:30	115500.0	115500.0	115500.0	115500.0	1
20.05.2026 20:15	115310.0	115310.0	115310.0	115310.0	1
20.05.2026 20:30	115190.0	115190.0	115160.0	115170.0	12
20.05.2026 21:30	115160.0	115210.0	115160.0	115210.0	8
20.05.2026 22:00	115100.0	115130.0	115020.0	115030.0	4
20.05.2026 22:15	115090.0	115090.0	115090.0	115090.0	1
20.05.2026 22:30	115090.0	115090.0	115090.0	115090.0	19
20.05.2026 22:45	115160.0	115160.0	115160.0	115160.0	1
20.05.2026 23:15	115030.0	115030.0	115030.0	115030.0	1
21.05.2026 09:00	115230.0	115230.0	114890.0	114890.0	8
21.05.2026 09:15	114900.0	114900.0	114570.0	114610.0	8
21.05.2026 09:30	114650.0	114820.0	114650.0	114820.0	11
21.05.2026 09:45	114830.0	115260.0	114830.0	115260.0	7
21.05.2026 10:00	115320.0	115320.0	115320.0	115320.0	1
21.05.2026 10:15	115300.0	115440.0	115120.0	115440.0	20
21.05.2026 10:30	115540.0	115700.0	115540.0	115700.0	3
21.05.2026 10:45	115850.0	115850.0	115500.0	115540.0	10
21.05.2026 11:00	115420.0	115420.0	115100.0	115100.0	16
21.05.2026 11:15	115110.0	115270.0	115110.0	115210.0	16
21.05.2026 11:45	115530.0	115530.0	115410.0	115520.0	5
21.05.2026 12:00	115650.0	115650.0	115630.0	115630.0	4
21.05.2026 12:15	115650.0	115650.0	115550.0	115550.0	5
21.05.2026 13:15	115460.0	115460.0	115460.0	115460.0	2
21.05.2026 13:30	116160.0	116260.0	116150.0	116250.0	41
21.05.2026 13:45	116110.0	116290.0	116110.0	116290.0	3
21.05.2026 14:00	116150.0	116180.0	116120.0	116120.0	3
21.05.2026 14:15	116130.0	116130.0	116130.0	116130.0	3
21.05.2026 14:30	115860.0	115860.0	115860.0	115860.0	3
21.05.2026 14:45	116100.0	116100.0	116100.0	116100.0	2
21.05.2026 15:00	116090.0	116090.0	116090.0	116090.0	1
21.05.2026 15:15	116000.0	116000.0	115880.0	115880.0	16
21.05.2026 15:30	115940.0	115950.0	115930.0	115940.0	8
21.05.2026 16:00	116250.0	116500.0	116250.0	116420.0	9
21.05.2026 16:15	116500.0	116660.0	116500.0	116660.0	5
21.05.2026 16:30	116540.0	116540.0	116450.0	116450.0	7
21.05.2026 16:45	116620.0	116620.0	116620.0	116620.0	1
21.05.2026 17:00	116220.0	116220.0	116220.0	116220.0	1
21.05.2026 17:15	116490.0	116490.0	116430.0	116430.0	2
21.05.2026 18:00	116710.0	116870.0	116710.0	116870.0	9
21.05.2026 18:15	116860.0	117020.0	116860.0	117020.0	10
21.05.2026 18:30	117280.0	117280.0	117170.0	117180.0	4
21.05.2026 18:45	117270.0	117270.0	117110.0	117110.0	3
21.05.2026 19:00	117120.0	117120.0	117020.0	117020.0	2
21.05.2026 19:15	117020.0	117090.0	117020.0	117090.0	5
21.05.2026 19:30	117070.0	117070.0	117010.0	117010.0	2
21.05.2026 19:45	117010.0	117050.0	117010.0	117050.0	2
21.05.2026 20:15	116960.0	116960.0	116960.0	116960.0	1
21.05.2026 20:30	116580.0	116590.0	116300.0	116300.0	13
21.05.2026 20:45	116300.0	116300.0	116280.0	116280.0	9
21.05.2026 21:15	116460.0	116470.0	116350.0	116350.0	4
21.05.2026 22:45	116440.0	116490.0	116440.0	116490.0	8
21.05.2026 23:00	116400.0	116400.0	116400.0	116400.0	1
22.05.2026 09:00	116270.0	116500.0	116200.0	116500.0	17
22.05.2026 09:15	116580.0	116600.0	116270.0	116270.0	12
22.05.2026 09:30	116200.0	116240.0	116200.0	116200.0	190
22.05.2026 09:45	116330.0	116540.0	116330.0	116450.0	25
22.05.2026 10:00	116400.0	116400.0	115920.0	116360.0	41
22.05.2026 10:15	116420.0	116660.0	116420.0	116660.0	6
22.05.2026 10:30	116640.0	117120.0	116640.0	116970.0	8
22.05.2026 10:45	116900.0	116980.0	116810.0	116870.0	14
22.05.2026 11:00	116980.0	116980.0	116770.0	116780.0	35
22.05.2026 11:15	116800.0	116890.0	116800.0	116890.0	14
22.05.2026 11:30	116730.0	117000.0	116730.0	117000.0	79
22.05.2026 11:45	116920.0	117010.0	116720.0	116880.0	55
22.05.2026 12:00	116790.0	116790.0	116770.0	116770.0	23
22.05.2026 12:15	116730.0	116810.0	116730.0	116810.0	22
22.05.2026 12:30	116600.0	116600.0	116510.0	116510.0	4
22.05.2026 12:45	116650.0	116650.0	116450.0	116450.0	3
22.05.2026 13:00	116580.0	116580.0	116580.0	116580.0	4
22.05.2026 13:15	116690.0	116840.0	116690.0	116830.0	44
22.05.2026 13:30	116770.0	116830.0	116770.0	116830.0	6
22.05.2026 13:45	116910.0	116910.0	116850.0	116860.0	5
22.05.2026 14:15	116880.0	117030.0	116880.0	116890.0	58
22.05.2026 14:30	116730.0	116760.0	116730.0	116760.0	5
22.05.2026 14:45	116740.0	116740.0	116550.0	116570.0	10
22.05.2026 15:00	116410.0	116410.0	116340.0	116350.0	5
22.05.2026 15:15	116470.0	116550.0	116200.0	116200.0	8
22.05.2026 15:45	116100.0	116130.0	116010.0	116010.0	16
22.05.2026 16:00	116010.0	116010.0	115810.0	115900.0	17
22.05.2026 16:15	115760.0	115800.0	115590.0	115800.0	12
22.05.2026 16:30	115800.0	115800.0	115800.0	115800.0	7
22.05.2026 16:45	115740.0	115740.0	115460.0	115460.0	7
22.05.2026 17:00	115550.0	115550.0	115010.0	115010.0	30
22.05.2026 17:15	115000.0	115000.0	114600.0	114650.0	61
22.05.2026 17:30	114620.0	114670.0	113900.0	114670.0	26
22.05.2026 17:45	114400.0	114440.0	114270.0	114270.0	15
22.05.2026 18:00	114160.0	114260.0	114010.0	114260.0	9
22.05.2026 18:15	114290.0	114320.0	114250.0	114270.0	16
22.05.2026 18:30	114230.0	114230.0	114180.0	114180.0	2
22.05.2026 18:45	114180.0	114400.0	114180.0	114400.0	10
22.05.2026 19:00	114390.0	114440.0	114350.0	114350.0	6
22.05.2026 19:15	114430.0	114610.0	114390.0	114610.0	8
22.05.2026 19:30	114640.0	114670.0	114480.0	114560.0	24
22.05.2026 20:15	114480.0	114480.0	114470.0	114470.0	3
22.05.2026 20:45	114350.0	114350.0	114350.0	114350.0	2
22.05.2026 21:00	114430.0	114450.0	114430.0	114450.0	6
22.05.2026 21:30	114430.0	114430.0	114430.0	114430.0	1
22.05.2026 21:45	114490.0	114490.0	114490.0	114490.0	1
22.05.2026 22:00	114540.0	114540.0	114540.0	114540.0	1
22.05.2026 23:30	114490.0	114490.0	114490.0	114490.0	1
23.05.2026 10:00	114450.0	114510.0	114410.0	114490.0	4
23.05.2026 10:30	114430.0	114430.0	114430.0	114430.0	1
23.05.2026 10:45	114490.0	114490.0	114490.0	114490.0	1
23.05.2026 11:45	114550.0	114610.0	114530.0	114610.0	10
23.05.2026 12:00	114600.0	114600.0	114600.0	114600.0	2
23.05.2026 12:15	114600.0	114600.0	114600.0	114600.0	1
23.05.2026 12:30	114660.0	114660.0	114660.0	114660.0	1
23.05.2026 13:30	114700.0	114730.0	114650.0	114650.0	8
23.05.2026 14:30	114650.0	114650.0	114630.0	114630.0	3
23.05.2026 17:15	114690.0	114700.0	114690.0	114700.0	2
24.05.2026 09:45	114600.0	114600.0	114010.0	114010.0	7
24.05.2026 10:00	113700.0	114460.0	113440.0	114200.0	60
24.05.2026 10:15	114310.0	114480.0	114310.0	114480.0	15
24.05.2026 10:30	114530.0	114530.0	114420.0	114420.0	2
24.05.2026 10:45	114450.0	114450.0	114330.0	114330.0	10
24.05.2026 11:00	114340.0	114340.0	114340.0	114340.0	1
24.05.2026 11:15	114490.0	114490.0	114490.0	114490.0	3
24.05.2026 13:30	114330.0	114330.0	114330.0	114330.0	1
24.05.2026 15:00	114230.0	114230.0	114230.0	114230.0	1
24.05.2026 15:15	114290.0	114300.0	114290.0	114300.0	2
24.05.2026 16:30	114190.0	114190.0	113930.0	113930.0	10
24.05.2026 17:15	114000.0	114120.0	114000.0	114120.0	2
25.05.2026 09:00	113730.0	113810.0	113530.0	113630.0	32
25.05.2026 09:15	113720.0	114250.0	113720.0	114210.0	48
25.05.2026 09:30	114350.0	114410.0	114170.0	114190.0	20
25.05.2026 09:45	114000.0	114000.0	113880.0	113880.0	6
25.05.2026 10:00	114250.0	114330.0	114250.0	114330.0	14
25.05.2026 10:15	114480.0	114770.0	114470.0	114730.0	22
25.05.2026 10:30	114710.0	114710.0	114260.0	114260.0	28
25.05.2026 10:45	114410.0	114530.0	114350.0	114350.0	3
25.05.2026 11:00	114350.0	114410.0	114160.0	114380.0	142
25.05.2026 11:15	114570.0	114570.0	114450.0	114450.0	20
25.05.2026 11:30	114570.0	114780.0	114560.0	114710.0	6
25.05.2026 11:45	114720.0	114880.0	114710.0	114880.0	5
25.05.2026 12:00	114990.0	115360.0	114990.0	115200.0	20
25.05.2026 12:15	114930.0	114930.0	114860.0	114890.0	8
25.05.2026 12:30	114970.0	115060.0	114970.0	115060.0	6
25.05.2026 12:45	115060.0	115070.0	115060.0	115060.0	5
25.05.2026 13:00	115200.0	115200.0	114950.0	114950.0	5
25.05.2026 13:15	114900.0	114900.0	114840.0	114840.0	3
25.05.2026 13:30	114870.0	114870.0	114780.0	114870.0	29
25.05.2026 13:45	114680.0	114710.0	114680.0	114710.0	7
25.05.2026 14:00	114710.0	114870.0	114710.0	114800.0	23
25.05.2026 14:15	114800.0	114800.0	114740.0	114740.0	52
25.05.2026 14:30	114750.0	114750.0	114750.0	114750.0	1
25.05.2026 14:45	114600.0	114600.0	114220.0	114280.0	9
25.05.2026 15:00	114140.0	114140.0	113900.0	114000.0	13
25.05.2026 15:30	114000.0	114000.0	113880.0	113880.0	4
25.05.2026 15:45	114100.0	114100.0	114100.0	114100.0	1
25.05.2026 16:00	113720.0	113880.0	113490.0	113850.0	26
25.05.2026 16:15	113890.0	113890.0	113690.0	113740.0	8
25.05.2026 16:30	113500.0	113520.0	112900.0	112990.0	136
25.05.2026 16:45	112880.0	112950.0	112640.0	112660.0	48
25.05.2026 17:00	112840.0	112860.0	112120.0	112230.0	151
25.05.2026 17:15	112190.0	112190.0	111700.0	112010.0	90
25.05.2026 17:30	112000.0	112190.0	111960.0	112000.0	70
25.05.2026 17:45	112080.0	112130.0	112050.0	112130.0	5
25.05.2026 18:00	112200.0	112550.0	112120.0	112120.0	93
25.05.2026 18:15	112330.0	112360.0	112300.0	112300.0	9
25.05.2026 18:30	112260.0	112420.0	112260.0	112420.0	8
25.05.2026 18:45	112450.0	112450.0	112450.0	112450.0	5
25.05.2026 19:00	112500.0	112550.0	112450.0	112450.0	12
25.05.2026 19:15	112470.0	112470.0	112410.0	112410.0	2
25.05.2026 19:30	112350.0	112350.0	112250.0	112250.0	13
25.05.2026 19:45	112250.0	112250.0	112190.0	112190.0	9
25.05.2026 20:00	112180.0	112580.0	112180.0	112580.0	7
25.05.2026 20:15	112680.0	112680.0	112430.0	112490.0	13
25.05.2026 20:30	112420.0	112420.0	112420.0	112420.0	2
25.05.2026 21:00	112400.0	112400.0	112240.0	112280.0	4
25.05.2026 21:15	112240.0	112260.0	112210.0	112220.0	14
25.05.2026 21:30	112260.0	112260.0	112260.0	112260.0	1
25.05.2026 21:45	112320.0	112320.0	112320.0	112320.0	10
25.05.2026 22:30	112250.0	112250.0	112250.0	112250.0	2
25.05.2026 22:45	112180.0	112180.0	112160.0	112180.0	6
25.05.2026 23:00	112200.0	112210.0	112200.0	112210.0	3
25.05.2026 23:30	112130.0	112130.0	112130.0	112130.0	1
25.05.2026 23:45	112310.0	112310.0	112310.0	112310.0	4
26.05.2026 09:00	112310.0	112440.0	112310.0	112440.0	7
26.05.2026 09:15	112580.0	112580.0	112580.0	112580.0	1
26.05.2026 09:30	112300.0	112350.0	112220.0	112340.0	19
26.05.2026 09:45	112250.0	112430.0	112250.0	112430.0	12
26.05.2026 10:00	112150.0	112520.0	112150.0	112300.0	29
26.05.2026 10:15	112510.0	112720.0	112510.0	112620.0	35
26.05.2026 10:30	112690.0	112960.0	112660.0	112790.0	144
26.05.2026 10:45	112660.0	112660.0	112290.0	112450.0	44
26.05.2026 11:00	112140.0	112240.0	111900.0	112050.0	25
26.05.2026 11:15	112000.0	112200.0	111860.0	112170.0	52
26.05.2026 11:30	112120.0	112450.0	112120.0	112160.0	35
26.05.2026 12:00	112400.0	112680.0	112300.0	112680.0	10
26.05.2026 12:15	112680.0	112940.0	112680.0	112870.0	15
26.05.2026 12:30	112820.0	112960.0	112800.0	112820.0	51
26.05.2026 12:45	112800.0	112880.0	112800.0	112880.0	2
26.05.2026 13:00	112900.0	112900.0	112780.0	112780.0	8
26.05.2026 13:15	112900.0	113100.0	112900.0	113030.0	18
26.05.2026 13:30	113100.0	113120.0	113000.0	113000.0	9
26.05.2026 13:45	112700.0	112700.0	112490.0	112540.0	4
26.05.2026 14:00	112700.0	112710.0	112560.0	112600.0	6
26.05.2026 14:15	112480.0	112480.0	112480.0	112480.0	1
26.05.2026 14:30	112560.0	112910.0	112550.0	112910.0	5
26.05.2026 14:45	112890.0	112890.0	112810.0	112810.0	2
26.05.2026 15:00	112810.0	112950.0	112810.0	112900.0	6
26.05.2026 15:15	112900.0	112900.0	112700.0	112700.0	4
26.05.2026 15:30	112820.0	112820.0	112650.0	112690.0	4
26.05.2026 15:45	112630.0	112760.0	112340.0	112410.0	90
26.05.2026 16:00	112590.0	112750.0	112590.0	112750.0	2
26.05.2026 16:15	112750.0	112770.0	112740.0	112770.0	8
26.05.2026 16:30	112650.0	112650.0	112480.0	112610.0	18
26.05.2026 16:45	112760.0	112950.0	112760.0	112830.0	12
26.05.2026 17:00	112860.0	112860.0	112800.0	112850.0	3
26.05.2026 17:15	112800.0	113460.0	112800.0	113460.0	15
26.05.2026 17:30	113440.0	113440.0	113180.0	113220.0	54
26.05.2026 17:45	113290.0	113290.0	112760.0	113090.0	16
26.05.2026 18:00	113070.0	113080.0	113070.0	113080.0	15
26.05.2026 18:15	113320.0	113410.0	113240.0	113360.0	70
26.05.2026 18:30	113360.0	113680.0	113360.0	113610.0	88
26.05.2026 18:45	113400.0	113400.0	113010.0	113270.0	29
26.05.2026 19:00	113120.0	113120.0	112890.0	112890.0	2
26.05.2026 19:15	112820.0	112820.0	112750.0	112750.0	8
26.05.2026 19:30	112830.0	112830.0	112670.0	112750.0	9
26.05.2026 19:45	112620.0	112630.0	112400.0	112400.0	89
26.05.2026 20:00	112670.0	112670.0	112670.0	112670.0	2
26.05.2026 20:15	113120.0	113120.0	112920.0	112980.0	11
26.05.2026 20:45	113050.0	113280.0	113050.0	113220.0	17
26.05.2026 21:00	113200.0	113300.0	113150.0	113300.0	3
26.05.2026 21:15	113130.0	113130.0	113080.0	113080.0	4
26.05.2026 21:45	112990.0	113010.0	112990.0	113010.0	8
26.05.2026 22:45	112870.0	112880.0	112870.0	112880.0	2
26.05.2026 23:00	112740.0	112740.0	112740.0	112740.0	1
27.05.2026 09:00	112840.0	113590.0	112780.0	113240.0	8
27.05.2026 09:15	113350.0	113590.0	113250.0	113500.0	22
27.05.2026 09:30	113460.0	113460.0	113460.0	113460.0	1
27.05.2026 09:45	113450.0	113550.0	113430.0	113550.0	4
27.05.2026 10:00	113330.0	113910.0	113300.0	113840.0	46
27.05.2026 10:15	113760.0	113760.0	113520.0	113520.0	3
27.05.2026 10:30	113000.0	113090.0	112810.0	112810.0	5
27.05.2026 10:45	113120.0	113120.0	113080.0	113080.0	2
27.05.2026 11:00	112760.0	112990.0	112760.0	112890.0	6
27.05.2026 11:15	112810.0	112840.0	112440.0	112670.0	23
27.05.2026 11:30	112770.0	112770.0	112690.0	112690.0	4
27.05.2026 11:45	112710.0	113390.0	112560.0	113390.0	44
27.05.2026 12:00	113370.0	113630.0	113370.0	113380.0	57
27.05.2026 12:15	113360.0	113370.0	113180.0	113180.0	14
27.05.2026 12:30	113130.0	113130.0	113130.0	113130.0	7
27.05.2026 13:00	113240.0	113250.0	113240.0	113250.0	3
27.05.2026 13:15	113270.0	113270.0	113270.0	113270.0	1
27.05.2026 13:30	113630.0	113630.0	113480.0	113510.0	21
27.05.2026 13:45	113640.0	113640.0	113420.0	113440.0	14
27.05.2026 14:00	113520.0	113530.0	113520.0	113530.0	6
27.05.2026 14:15	113540.0	113850.0	113540.0	113850.0	42
27.05.2026 14:30	113650.0	113900.0	113620.0	113880.0	25
27.05.2026 14:45	113900.0	113900.0	113720.0	113740.0	9
27.05.2026 15:15	113570.0	113570.0	113240.0	113240.0	10
27.05.2026 15:30	113190.0	113390.0	113180.0	113390.0	18
27.05.2026 15:45	113250.0	113270.0	113150.0	113160.0	35
27.05.2026 16:00	113340.0	113450.0	113230.0	113230.0	6
27.05.2026 16:15	113230.0	113230.0	113100.0	113100.0	13
27.05.2026 16:30	113080.0	113260.0	113010.0	113060.0	11
27.05.2026 16:45	113210.0	113210.0	113210.0	113210.0	2
27.05.2026 17:00	113230.0	113280.0	113170.0	113280.0	5
27.05.2026 17:15	113300.0	113500.0	113300.0	113400.0	14
27.05.2026 17:30	113460.0	113510.0	113410.0	113510.0	11
27.05.2026 17:45	113460.0	113470.0	113460.0	113470.0	3
27.05.2026 18:00	113520.0	113840.0	113520.0	113770.0	20
27.05.2026 18:15	113820.0	113830.0	113570.0	113570.0	13
27.05.2026 18:30	113740.0	113740.0	113740.0	113740.0	1
27.05.2026 18:45	113850.0	113870.0	113720.0	113720.0	12
27.05.2026 19:00	113720.0	113720.0	113610.0	113610.0	15
27.05.2026 19:15	113670.0	113750.0	113670.0	113740.0	4
27.05.2026 19:30	113610.0	113610.0	113610.0	113610.0	1
27.05.2026 20:15	113710.0	113710.0	113710.0	113710.0	1
27.05.2026 21:00	113590.0	113620.0	113590.0	113620.0	2
27.05.2026 21:15	113650.0	113650.0	113650.0	113650.0	1
27.05.2026 21:30	113650.0	113700.0	113650.0	113700.0	2
27.05.2026 21:45	113690.0	113690.0	113690.0	113690.0	5
27.05.2026 22:00	113650.0	113650.0	113650.0	113650.0	1
27.05.2026 22:15	113600.0	113600.0	113600.0	113600.0	3
27.05.2026 22:30	113570.0	113630.0	113570.0	113630.0	6
27.05.2026 23:00	113630.0	113630.0	113630.0	113630.0	1
27.05.2026 23:15	113630.0	113660.0	113630.0	113640.0	7
27.05.2026 23:30	113640.0	113680.0	113630.0	113670.0	6
27.05.2026 23:45	113630.0	113660.0	113630.0	113660.0	2
28.05.2026 09:00	114190.0	114190.0	113800.0	113800.0	16
28.05.2026 09:15	113800.0	113800.0	113550.0	113570.0	52
28.05.2026 09:30	113560.0	113580.0	113420.0	113440.0	43
28.05.2026 09:45	113420.0	113700.0	113410.0	113700.0	15
28.05.2026 10:00	113700.0	113940.0	113700.0	113940.0	33
28.05.2026 10:15	113840.0	113920.0	113710.0	113920.0	27
28.05.2026 10:30	113980.0	114080.0	113780.0	113780.0	47
28.05.2026 10:45	113920.0	113970.0	113870.0	113900.0	15
28.05.2026 11:00	113850.0	114260.0	113850.0	114090.0	51
28.05.2026 11:15	114220.0	114320.0	114200.0	114200.0	38
28.05.2026 11:30	114220.0	114660.0	114200.0	114500.0	29
28.05.2026 11:45	114490.0	114630.0	114300.0	114350.0	54
28.05.2026 12:00	114420.0	114450.0	113940.0	114040.0	44
28.05.2026 12:15	114000.0	114010.0	113940.0	114010.0	9
28.05.2026 12:30	113940.0	113990.0	113900.0	113990.0	6
28.05.2026 12:45	114000.0	114000.0	113690.0	113720.0	31
28.05.2026 13:00	113730.0	113810.0	113730.0	113810.0	18
28.05.2026 13:15	113670.0	113880.0	113530.0	113880.0	23
28.05.2026 13:30	113880.0	113900.0	113880.0	113900.0	4
28.05.2026 13:45	113830.0	114020.0	113750.0	113990.0	26
28.05.2026 14:00	114040.0	114050.0	114030.0	114050.0	9
28.05.2026 14:15	114120.0	114180.0	114120.0	114160.0	3
28.05.2026 14:30	114200.0	114310.0	114180.0	114180.0	20
28.05.2026 14:45	114180.0	114310.0	113960.0	114100.0	22
28.05.2026 15:00	113800.0	113800.0	113480.0	113750.0	64
28.05.2026 15:15	113660.0	113850.0	113660.0	113820.0	22
28.05.2026 15:30	113820.0	113980.0	113820.0	113980.0	30
28.05.2026 15:45	113890.0	113970.0	113820.0	113910.0	21
28.05.2026 16:00	113820.0	113820.0	113470.0	113670.0	25
28.05.2026 16:15	113490.0	113760.0	113220.0	113760.0	100
28.05.2026 16:30	113510.0	113620.0	113510.0	113620.0	3
28.05.2026 16:45	113520.0	113580.0	113390.0	113390.0	9
28.05.2026 17:00	113260.0	113530.0	113250.0	113530.0	11
28.05.2026 17:15	113410.0	113560.0	113410.0	113450.0	6
28.05.2026 17:30	113660.0	113660.0	113410.0	113410.0	9
28.05.2026 17:45	113420.0	113550.0	113420.0	113480.0	25
28.05.2026 18:00	113620.0	113620.0	113590.0	113590.0	18
28.05.2026 18:15	113510.0	113520.0	113510.0	113510.0	3
28.05.2026 18:30	113490.0	113490.0	113390.0	113390.0	12
28.05.2026 18:45	113520.0	113520.0	113520.0	113520.0	2
28.05.2026 19:00	113500.0	113500.0	113500.0	113500.0	2
28.05.2026 20:00	113280.0	113280.0	113180.0	113180.0	22
28.05.2026 20:15	113110.0	113110.0	113000.0	113040.0	22
28.05.2026 20:30	113000.0	113070.0	112990.0	112990.0	7
28.05.2026 20:45	113000.0	113000.0	113000.0	113000.0	5
28.05.2026 21:00	113000.0	113030.0	113000.0	113030.0	2
28.05.2026 21:30	113060.0	113060.0	113060.0	113060.0	2
28.05.2026 21:45	113010.0	113020.0	113000.0	113010.0	15
28.05.2026 22:00	113000.0	113000.0	112950.0	112950.0	18
28.05.2026 22:45	112960.0	112960.0	112960.0	112960.0	1
28.05.2026 23:15	112980.0	112980.0	112920.0	112920.0	4
28.05.2026 23:45	112920.0	112920.0	112840.0	112840.0	5
29.05.2026 09:00	112490.0	112740.0	112420.0	112720.0	19
29.05.2026 09:15	112350.0	112650.0	112350.0	112650.0	36
29.05.2026 09:45	112650.0	112650.0	112290.0	112290.0	6
29.05.2026 10:00	112410.0	112660.0	112410.0	112640.0	11
29.05.2026 10:15	112410.0	112410.0	112050.0	112270.0	87
29.05.2026 10:30	112190.0	112190.0	112190.0	112190.0	1
29.05.2026 10:45	112190.0	112480.0	112190.0	112480.0	4
29.05.2026 11:00	112550.0	112660.0	112470.0	112660.0	16
29.05.2026 11:15	112670.0	112790.0	112670.0	112670.0	8
29.05.2026 11:30	112750.0	112880.0	112670.0	112760.0	29
29.05.2026 11:45	112840.0	112890.0	112800.0	112860.0	11
29.05.2026 12:00	112900.0	113000.0	112900.0	112980.0	16
29.05.2026 12:15	113120.0	113120.0	112850.0	112900.0	9
29.05.2026 12:30	112980.0	113190.0	112980.0	113000.0	7
29.05.2026 12:45	113010.0	113130.0	113000.0	113010.0	9
29.05.2026 13:00	112940.0	113030.0	112940.0	112980.0	11
29.05.2026 13:15	113090.0	113090.0	112850.0	112850.0	3
29.05.2026 13:30	112820.0	113060.0	112820.0	113000.0	19
29.05.2026 13:45	113030.0	113030.0	112950.0	112950.0	4
29.05.2026 14:00	113070.0	113120.0	113070.0	113110.0	5
29.05.2026 14:15	113120.0	113200.0	112930.0	112980.0	14
29.05.2026 14:30	113020.0	113050.0	112960.0	112990.0	9
29.05.2026 14:45	112930.0	112930.0	112930.0	112930.0	2
29.05.2026 15:00	112900.0	113060.0	112850.0	113060.0	9
29.05.2026 15:15	113090.0	113090.0	112940.0	112940.0	6
29.05.2026 15:30	112700.0	112700.0	112680.0	112680.0	4
29.05.2026 15:45	112910.0	112990.0	112910.0	112930.0	6
29.05.2026 16:00	112890.0	112940.0	112820.0	112820.0	13
29.05.2026 16:15	112830.0	113310.0	112830.0	113190.0	38
29.05.2026 16:30	113190.0	113200.0	113060.0	113200.0	45
29.05.2026 16:45	112960.0	112970.0	112910.0	112910.0	15
29.05.2026 17:00	112880.0	112880.0	112880.0	112880.0	2
29.05.2026 17:15	112740.0	112800.0	112670.0	112800.0	10
29.05.2026 17:30	112830.0	112830.0	112790.0	112790.0	6
29.05.2026 17:45	112920.0	112940.0	112920.0	112940.0	4
29.05.2026 18:00	112970.0	113040.0	112970.0	112990.0	5
29.05.2026 18:15	112950.0	112950.0	112840.0	112840.0	3
29.05.2026 18:45	112950.0	112950.0	112950.0	112950.0	5
29.05.2026 19:00	112900.0	112900.0	112900.0	112900.0	3
29.05.2026 19:15	112770.0	112830.0	112770.0	112830.0	2
29.05.2026 19:30	112770.0	112770.0	112750.0	112750.0	5
29.05.2026 21:00	112810.0	112840.0	112810.0	112840.0	2
29.05.2026 22:00	112930.0	112930.0	112930.0	112930.0	1
29.05.2026 22:30	112930.0	112930.0	112930.0	112930.0	2
29.05.2026 23:00	112750.0	112750.0	112750.0	112750.0	2
29.05.2026 23:15	112740.0	112740.0	112740.0	112740.0	1
30.05.2026 10:00	112920.0	112920.0	112740.0	112740.0	6
30.05.2026 11:30	112750.0	112780.0	112750.0	112780.0	5
30.05.2026 13:00	112750.0	112750.0	112750.0	112750.0	1
30.05.2026 15:45	112730.0	112730.0	112730.0	112730.0	1
30.05.2026 16:45	112730.0	112730.0	112730.0	112730.0	1
31.05.2026 12:15	112870.0	112870.0	112870.0	112870.0	1
31.05.2026 12:30	112900.0	112900.0	112900.0	112900.0	4
31.05.2026 14:00	112980.0	112980.0	112980.0	112980.0	1
31.05.2026 15:00	112910.0	112910.0	112910.0	112910.0	1
31.05.2026 15:15	112950.0	112950.0	112950.0	112950.0	1
31.05.2026 15:45	112920.0	112920.0	112920.0	112920.0	1
31.05.2026 16:15	112930.0	112930.0	112930.0	112930.0	1
01.06.2026 09:00	113000.0	113120.0	112920.0	112920.0	10
01.06.2026 09:15	112930.0	112930.0	112930.0	112930.0	1
01.06.2026 09:30	113040.0	113270.0	113040.0	113100.0	8
01.06.2026 09:45	113100.0	113200.0	113100.0	113200.0	3
01.06.2026 10:00	113090.0	113300.0	112940.0	112940.0	33
01.06.2026 10:15	112920.0	112920.0	112660.0	112660.0	23
01.06.2026 10:30	112650.0	112650.0	112440.0	112440.0	56
01.06.2026 10:45	112710.0	112830.0	112710.0	112820.0	13
01.06.2026 11:00	112730.0	112950.0	112730.0	112920.0	14
01.06.2026 11:15	112840.0	113190.0	112840.0	113170.0	51
01.06.2026 11:30	113040.0	113110.0	113040.0	113110.0	2
01.06.2026 11:45	112920.0	112930.0	112910.0	112920.0	11
01.06.2026 12:00	113130.0	113130.0	112780.0	112820.0	30
01.06.2026 12:30	112710.0	112730.0	112270.0	112340.0	81
01.06.2026 12:45	112300.0	112300.0	112240.0	112280.0	15
01.06.2026 13:00	112390.0	112400.0	112100.0	112130.0	29
01.06.2026 13:15	112120.0	112350.0	112120.0	112350.0	11
01.06.2026 13:30	112350.0	112350.0	112350.0	112350.0	6
01.06.2026 13:45	112350.0	112350.0	112350.0	112350.0	2
01.06.2026 14:00	112400.0	112400.0	112400.0	112400.0	13
01.06.2026 14:15	112110.0	112260.0	112000.0	112000.0	106
01.06.2026 14:30	112000.0	112080.0	112000.0	112080.0	25
01.06.2026 14:45	112080.0	112080.0	111730.0	111840.0	84
01.06.2026 15:00	111730.0	111860.0	111720.0	111810.0	35
01.06.2026 15:15	111700.0	111870.0	111700.0	111730.0	12
01.06.2026 15:30	111730.0	111730.0	111500.0	111530.0	121
01.06.2026 15:45	111580.0	111600.0	111420.0	111430.0	15
01.06.2026 16:00	111410.0	111410.0	111100.0	111240.0	129
01.06.2026 16:15	111140.0	111300.0	110980.0	111290.0	44
01.06.2026 16:30	111450.0	111670.0	111370.0	111550.0	38
01.06.2026 16:45	111580.0	111580.0	111370.0	111370.0	25
01.06.2026 17:00	111430.0	111590.0	111300.0	111380.0	50
01.06.2026 17:15	111600.0	111730.0	111570.0	111620.0	53
01.06.2026 17:30	111590.0	111590.0	111280.0	111320.0	70
01.06.2026 17:45	111300.0	111450.0	111250.0	111360.0	43
01.06.2026 18:00	111390.0	111700.0	111300.0	111300.0	21
01.06.2026 18:15	111290.0	111560.0	111290.0	111440.0	69
01.06.2026 18:30	111430.0	111640.0	111350.0	111560.0	53
01.06.2026 18:45	111630.0	111630.0	111550.0	111610.0	16
01.06.2026 19:00	111620.0	111620.0	111610.0	111610.0	5
01.06.2026 19:15	111600.0	111600.0	111560.0	111560.0	3
01.06.2026 19:30	111680.0	112290.0	111680.0	112140.0	53
01.06.2026 19:45	112230.0	112340.0	112160.0	112230.0	44
01.06.2026 20:00	112160.0	112180.0	112130.0	112180.0	23
01.06.2026 20:15	111980.0	111980.0	111970.0	111980.0	10
01.06.2026 20:30	112000.0	112000.0	111900.0	111900.0	7
01.06.2026 20:45	111910.0	111960.0	111910.0	111960.0	9
01.06.2026 21:00	112120.0	112120.0	112080.0	112080.0	12
01.06.2026 21:15	112080.0	112080.0	112080.0	112080.0	1
01.06.2026 21:45	112050.0	112070.0	112050.0	112070.0	6
01.06.2026 22:00	112080.0	112080.0	112080.0	112080.0	2
01.06.2026 22:30	112030.0	112030.0	112010.0	112010.0	5
01.06.2026 22:45	111960.0	112050.0	111960.0	112050.0	6
01.06.2026 23:00	112020.0	112020.0	112020.0	112020.0	1
01.06.2026 23:15	112010.0	112010.0	111960.0	111960.0	4
01.06.2026 23:30	111960.0	111960.0	111900.0	111930.0	13
02.06.2026 09:00	111820.0	111820.0	111590.0	111600.0	13
02.06.2026 09:15	111600.0	111600.0	111500.0	111520.0	10
02.06.2026 09:30	111680.0	111730.0	111610.0	111650.0	31
02.06.2026 09:45	111620.0	111690.0	111400.0	111690.0	23
02.06.2026 10:00	111840.0	112050.0	111540.0	111540.0	40
02.06.2026 10:15	111900.0	111960.0	111600.0	111680.0	56
02.06.2026 10:30	111690.0	112080.0	111640.0	112060.0	16
02.06.2026 10:45	112100.0	112400.0	112100.0	112220.0	60
02.06.2026 11:00	112000.0	112010.0	111810.0	111940.0	21
02.06.2026 11:15	111920.0	111920.0	111700.0	111810.0	24
02.06.2026 11:30	111860.0	111860.0	111680.0	111680.0	14
02.06.2026 11:45	111680.0	111700.0	111610.0	111700.0	10
02.06.2026 12:00	111630.0	111630.0	110860.0	111460.0	218
02.06.2026 12:15	111530.0	111630.0	111300.0	111600.0	18
02.06.2026 12:30	111690.0	111700.0	111530.0	111530.0	29
02.06.2026 12:45	111740.0	111860.0	111720.0	111860.0	51
02.06.2026 13:00	111920.0	111970.0	111640.0	111640.0	31
02.06.2026 13:15	111630.0	111630.0	111490.0	111490.0	6
02.06.2026 13:30	111410.0	111480.0	111380.0	111380.0	23
02.06.2026 13:45	111460.0	111580.0	111450.0	111560.0	12
02.06.2026 14:00	111680.0	111680.0	111520.0	111620.0	11
02.06.2026 14:15	111750.0	111750.0	111510.0	111550.0	10
02.06.2026 14:30	111520.0	111520.0	111490.0	111490.0	7
02.06.2026 14:45	111480.0	111560.0	111480.0	111560.0	9
02.06.2026 15:00	111420.0	111420.0	111190.0	111220.0	62
02.06.2026 15:15	111180.0	111730.0	111180.0	111550.0	37
02.06.2026 15:30	111570.0	111920.0	111520.0	111520.0	34
02.06.2026 15:45	111800.0	111840.0	111640.0	111660.0	22
02.06.2026 16:00	111760.0	111980.0	111730.0	111930.0	49
02.06.2026 16:15	111890.0	112090.0	111890.0	111960.0	24
02.06.2026 16:30	111860.0	112010.0	111690.0	111690.0	42
02.06.2026 16:45	111890.0	111890.0	111840.0	111840.0	9
02.06.2026 17:00	111860.0	111860.0	111660.0	111790.0	25
02.06.2026 17:15	111770.0	111830.0	111760.0	111830.0	11
02.06.2026 17:30	111830.0	112190.0	111770.0	111840.0	157
02.06.2026 17:45	111930.0	112010.0	111820.0	111820.0	21
02.06.2026 18:00	111490.0	111730.0	111350.0	111660.0	77
02.06.2026 18:15	111670.0	111680.0	111640.0	111680.0	8
02.06.2026 18:45	111870.0	111870.0	111870.0	111870.0	2
02.06.2026 19:00	111870.0	111910.0	111870.0	111910.0	21
02.06.2026 19:15	111830.0	111830.0	111820.0	111820.0	2
02.06.2026 19:30	111750.0	111750.0	111750.0	111750.0	2
02.06.2026 20:00	111730.0	111810.0	111700.0	111800.0	9
02.06.2026 20:15	111690.0	111690.0	111650.0	111650.0	3
02.06.2026 20:45	111670.0	111670.0	111670.0	111670.0	1
02.06.2026 21:00	111560.0	111560.0	111530.0	111530.0	4
02.06.2026 21:15	111640.0	111840.0	111640.0	111780.0	13
02.06.2026 21:30	111780.0	111780.0	111770.0	111770.0	5
02.06.2026 21:45	111720.0	111720.0	111720.0	111720.0	1
02.06.2026 22:00	111690.0	111690.0	111690.0	111690.0	1
02.06.2026 22:15	111680.0	111700.0	111680.0	111700.0	5
03.06.2026 09:00	111750.0	111890.0	111660.0	111820.0	13
03.06.2026 09:15	111980.0	112000.0	111850.0	111850.0	10
03.06.2026 09:30	111890.0	112080.0	111890.0	112020.0	12
03.06.2026 09:45	112000.0	112100.0	111760.0	111800.0	7
03.06.2026 10:00	111890.0	111890.0	111590.0	111650.0	65
03.06.2026 10:15	111880.0	111880.0	111060.0	111100.0	48
03.06.2026 10:30	111070.0	111100.0	110830.0	111100.0	123
03.06.2026 10:45	111090.0	111300.0	111090.0	111200.0	46
03.06.2026 11:00	111270.0	111350.0	111270.0	111350.0	4
03.06.2026 11:15	111370.0	111420.0	111370.0	111420.0	4
03.06.2026 11:30	111270.0	111310.0	111270.0	111310.0	23
03.06.2026 11:45	111310.0	111320.0	110880.0	110890.0	29
03.06.2026 12:00	110850.0	112370.0	110850.0	111780.0	318
03.06.2026 12:15	111920.0	112150.0	111890.0	111970.0	39
03.06.2026 12:30	111780.0	111780.0	111650.0	111680.0	35
03.06.2026 12:45	111560.0	111650.0	111290.0	111300.0	30
03.06.2026 13:00	111210.0	111270.0	110990.0	111000.0	61
03.06.2026 13:15	110920.0	110920.0	110580.0	110620.0	175
03.06.2026 13:30	110700.0	111030.0	110700.0	110910.0	37
03.06.2026 13:45	110810.0	111000.0	110810.0	110860.0	11
03.06.2026 14:00	110910.0	110910.0	110700.0	110820.0	32
03.06.2026 14:15	110970.0	110970.0	110850.0	110850.0	4
03.06.2026 14:30	110880.0	110880.0	110680.0	110710.0	15
03.06.2026 14:45	110740.0	110790.0	110710.0	110730.0	6
03.06.2026 15:00	110780.0	110780.0	110600.0	110620.0	60
03.06.2026 15:15	110530.0	110530.0	110130.0	110190.0	92
03.06.2026 15:30	110230.0	110310.0	110000.0	110180.0	103
03.06.2026 15:45	110150.0	110150.0	109870.0	109960.0	75
03.06.2026 16:00	110010.0	110230.0	109980.0	110230.0	10
03.06.2026 16:15	110330.0	110330.0	110240.0	110280.0	6
03.06.2026 16:30	110240.0	110340.0	110240.0	110340.0	12
03.06.2026 16:45	110340.0	110350.0	109860.0	110140.0	82
03.06.2026 17:00	110210.0	110210.0	109940.0	109990.0	60
03.06.2026 17:15	110100.0	110190.0	110100.0	110120.0	8
03.06.2026 17:30	110010.0	110400.0	110000.0	110340.0	52
03.06.2026 17:45	110330.0	110330.0	110070.0	110110.0	51
03.06.2026 18:00	110170.0	110190.0	110030.0	110030.0	16
03.06.2026 18:15	110170.0	110300.0	110000.0	110300.0	31
03.06.2026 18:30	110300.0	110390.0	110200.0	110380.0	21
03.06.2026 18:45	110170.0	110190.0	110160.0	110190.0	6
03.06.2026 19:00	110010.0	110200.0	110010.0	110010.0	40
03.06.2026 19:15	110000.0	110030.0	109820.0	109950.0	25
03.06.2026 19:30	109900.0	109980.0	109880.0	109980.0	3
03.06.2026 19:45	109800.0	109910.0	109760.0	109840.0	10
03.06.2026 20:00	109800.0	109830.0	109760.0	109760.0	21
03.06.2026 20:15	109790.0	109820.0	109790.0	109800.0	10
03.06.2026 20:30	109920.0	109930.0	109810.0	109810.0	5
03.06.2026 20:45	109790.0	109910.0	109790.0	109850.0	23
03.06.2026 21:00	109890.0	109940.0	109890.0	109940.0	2
03.06.2026 21:15	109970.0	110000.0	109940.0	109950.0	7
03.06.2026 21:30	109970.0	110000.0	109970.0	110000.0	9
03.06.2026 22:00	110030.0	110030.0	109780.0	109780.0	8
03.06.2026 22:15	109840.0	109880.0	109830.0	109860.0	6
03.06.2026 22:30	109900.0	109900.0	109900.0	109900.0	1
03.06.2026 22:45	109890.0	109890.0	109860.0	109860.0	2
03.06.2026 23:00	109880.0	109900.0	109770.0	109770.0	30
03.06.2026 23:15	109750.0	109750.0	109670.0	109750.0	36
03.06.2026 23:30	109700.0	109700.0	109580.0	109600.0	55
03.06.2026 23:45	109630.0	109630.0	109630.0	109630.0	1
04.06.2026 08:45	109640.0	109690.0	109640.0	109690.0	2
04.06.2026 09:00	109780.0	109800.0	109420.0	109570.0	170
04.06.2026 09:15	109540.0	109620.0	109310.0	109340.0	55
04.06.2026 09:30	109350.0	109480.0	109350.0	109480.0	55
04.06.2026 09:45	109420.0	109600.0	109370.0	109420.0	30
04.06.2026 10:00	109320.0	109320.0	109010.0	109120.0	67
04.06.2026 10:15	109150.0	109370.0	109070.0	109120.0	122
04.06.2026 10:30	109160.0	109160.0	108880.0	108980.0	72
04.06.2026 10:45	109000.0	109130.0	108960.0	109060.0	32
04.06.2026 11:00	109050.0	109190.0	108790.0	108810.0	237
04.06.2026 11:15	108780.0	108790.0	108630.0	108750.0	385
04.06.2026 11:30	108800.0	108810.0	108410.0	108450.0	330
04.06.2026 11:45	108450.0	108480.0	108230.0	108340.0	270
04.06.2026 12:00	108320.0	108570.0	108310.0	108380.0	462
04.06.2026 12:15	108440.0	108500.0	108320.0	108380.0	14
04.06.2026 12:30	108460.0	108500.0	108410.0	108440.0	141
04.06.2026 12:45	108410.0	108540.0	108310.0	108540.0	465
04.06.2026 13:00	108470.0	108550.0	108410.0	108410.0	321
04.06.2026 13:15	108470.0	108750.0	108380.0	108620.0	88
04.06.2026 13:30	108600.0	108630.0	108470.0	108470.0	64
04.06.2026 13:45	108580.0	108650.0	108470.0	108470.0	18
04.06.2026 14:00	108450.0	109250.0	108370.0	109010.0	63
04.06.2026 14:15	108830.0	108830.0	108550.0	108580.0	22
04.06.2026 14:30	108680.0	108680.0	108500.0	108500.0	22
04.06.2026 14:45	108630.0	108650.0	108550.0	108650.0	17
04.06.2026 15:00	108580.0	108800.0	108540.0	108750.0	18
04.06.2026 15:15	108830.0	109000.0	108800.0	108800.0	96
04.06.2026 15:30	108770.0	109020.0	108770.0	109020.0	43
04.06.2026 15:45	109060.0	109070.0	108910.0	109030.0	9
04.06.2026 16:00	109080.0	109140.0	108950.0	109060.0	29
04.06.2026 16:15	109090.0	109230.0	109020.0	109210.0	29
04.06.2026 16:30	109260.0	109310.0	109060.0	109060.0	50
04.06.2026 16:45	109080.0	109220.0	108880.0	108880.0	26
04.06.2026 17:00	108980.0	109160.0	108980.0	109160.0	25
04.06.2026 17:15	109240.0	109440.0	109240.0	109300.0	39
04.06.2026 17:30	109340.0	109430.0	109220.0	109270.0	29
04.06.2026 17:45	109090.0	109090.0	109070.0	109090.0	12
04.06.2026 18:00	109100.0	109100.0	109070.0	109090.0	14
04.06.2026 18:15	109200.0	109200.0	108930.0	108980.0	17
04.06.2026 18:30	109000.0	109140.0	108920.0	109140.0	35
04.06.2026 18:45	109120.0	109130.0	108990.0	109040.0	13
04.06.2026 19:00	109070.0	109080.0	109000.0	109000.0	8
04.06.2026 19:15	109050.0	109070.0	109040.0	109040.0	12
04.06.2026 19:30	109210.0	109210.0	109200.0	109210.0	4
04.06.2026 19:45	109230.0	109230.0	109230.0	109230.0	1
04.06.2026 20:00	109300.0	109300.0	109230.0	109290.0	13
04.06.2026 20:15	109210.0	109380.0	109210.0	109380.0	9
04.06.2026 20:30	109360.0	109380.0	109340.0	109380.0	5
04.06.2026 20:45	109330.0	109330.0	109300.0	109300.0	5
04.06.2026 21:00	109180.0	109200.0	109000.0	109060.0	18
04.06.2026 21:15	109020.0	109020.0	109010.0	109010.0	3
04.06.2026 21:30	109210.0	109210.0	109190.0	109200.0	12
04.06.2026 21:45	109130.0	109130.0	109060.0	109090.0	16
04.06.2026 22:00	109090.0	109130.0	109080.0	109130.0	11
04.06.2026 22:15	109200.0	109200.0	109190.0	109190.0	38
04.06.2026 22:30	109220.0	109250.0	109180.0	109200.0	91
04.06.2026 22:45	109200.0	109300.0	109200.0	109300.0	27
04.06.2026 23:00	109320.0	109350.0	109320.0	109340.0	9
04.06.2026 23:15	109300.0	109300.0	109200.0	109200.0	11
04.06.2026 23:30	109190.0	109210.0	109180.0	109180.0	7
05.06.2026 09:00	109340.0	109360.0	108770.0	108770.0	53
05.06.2026 09:15	108750.0	108900.0	108600.0	108600.0	24
05.06.2026 09:30	108670.0	108830.0	108620.0	108830.0	9
05.06.2026 09:45	108780.0	108890.0	108700.0	108700.0	19
05.06.2026 10:00	108900.0	108990.0	108490.0	108740.0	51
05.06.2026 10:15	108500.0	108700.0	108450.0	108540.0	72
05.06.2026 10:30	108400.0	108490.0	108290.0	108400.0	45
05.06.2026 10:45	108440.0	108690.0	108430.0	108630.0	18
05.06.2026 11:00	108450.0	108510.0	108400.0	108480.0	11
05.06.2026 11:15	108330.0	108420.0	108160.0	108300.0	41
05.06.2026 11:30	108270.0	108570.0	108260.0	108570.0	8
05.06.2026 11:45	108470.0	108860.0	108470.0	108840.0	36
05.06.2026 12:00	108890.0	109020.0	108880.0	109010.0	35
05.06.2026 12:15	109010.0	109110.0	109010.0	109010.0	70
05.06.2026 12:30	109040.0	109110.0	108920.0	109000.0	48
05.06.2026 12:45	109050.0	109050.0	109050.0	109050.0	3
05.06.2026 13:00	109130.0	109200.0	109020.0	109110.0	18
05.06.2026 13:15	109130.0	109130.0	109090.0	109120.0	18
05.06.2026 13:30	109050.0	109060.0	108890.0	108890.0	18
05.06.2026 13:45	108890.0	108890.0	108610.0	108610.0	35
05.06.2026 14:00	108680.0	109040.0	108680.0	109040.0	6
05.06.2026 14:15	108670.0	108710.0	108650.0	108660.0	35
05.06.2026 14:30	108700.0	108720.0	108650.0	108700.0	6
05.06.2026 14:45	108680.0	108930.0	108680.0	108930.0	5
05.06.2026 15:00	108800.0	108810.0	108800.0	108810.0	2
05.06.2026 15:15	108890.0	108890.0	108780.0	108780.0	3
05.06.2026 15:30	108630.0	108650.0	108560.0	108650.0	18
05.06.2026 15:45	108670.0	108670.0	108320.0	108320.0	36
05.06.2026 16:00	108400.0	108450.0	108320.0	108370.0	15
05.06.2026 16:15	108310.0	108510.0	108220.0	108460.0	25
05.06.2026 16:30	108460.0	108460.0	108300.0	108330.0	43
05.06.2026 16:45	108330.0	108410.0	108260.0	108410.0	34
05.06.2026 17:00	108260.0	108440.0	108120.0	108210.0	27
05.06.2026 17:15	108180.0	108180.0	108000.0	108040.0	70
05.06.2026 17:30	108120.0	108130.0	108000.0	108000.0	30
05.06.2026 17:45	108150.0	108150.0	108150.0	108150.0	4
05.06.2026 18:00	108120.0	108340.0	108070.0	108170.0	12
05.06.2026 18:15	108100.0	108100.0	107530.0	107870.0	134
05.06.2026 18:30	108000.0	108090.0	107690.0	107780.0	31
05.06.2026 18:45	107830.0	107830.0	107780.0	107830.0	5
05.06.2026 19:00	107820.0	107850.0	107700.0	107750.0	45
05.06.2026 19:15	107720.0	107940.0	107580.0	107940.0	20
05.06.2026 19:30	107900.0	107940.0	107880.0	107880.0	11
05.06.2026 19:45	107860.0	107860.0	107810.0	107830.0	7
05.06.2026 20:00	107870.0	108060.0	107840.0	108060.0	11
05.06.2026 20:15	108060.0	108140.0	108050.0	108080.0	26
05.06.2026 20:30	108110.0	108110.0	108100.0	108100.0	17
05.06.2026 20:45	108130.0	108200.0	108130.0	108130.0	25
05.06.2026 21:00	108130.0	108150.0	108030.0	108050.0	8
05.06.2026 21:15	108050.0	108050.0	108020.0	108040.0	4
05.06.2026 21:30	108130.0	108130.0	108130.0	108130.0	1
05.06.2026 21:45	108120.0	108130.0	108000.0	108000.0	4
05.06.2026 22:00	108000.0	108000.0	108000.0	108000.0	3
05.06.2026 22:15	107960.0	107970.0	107920.0	107970.0	14
05.06.2026 22:30	107970.0	107970.0	107940.0	107950.0	5
05.06.2026 22:45	108020.0	108020.0	108020.0	108020.0	2
05.06.2026 23:00	107960.0	107960.0	107950.0	107950.0	8
05.06.2026 23:15	107990.0	107990.0	107950.0	107960.0	11
05.06.2026 23:30	108010.0	108040.0	107920.0	107980.0	30
05.06.2026 23:45	107990.0	108010.0	107970.0	108010.0	20
06.06.2026 10:00	108000.0	108100.0	108000.0	108070.0	8
06.06.2026 10:15	108030.0	108090.0	108030.0	108090.0	2
06.06.2026 10:30	108050.0	108050.0	108050.0	108050.0	2
06.06.2026 11:30	108010.0	108010.0	108000.0	108000.0	3
06.06.2026 11:45	108000.0	108000.0	107960.0	107960.0	5
06.06.2026 12:00	107990.0	108000.0	107990.0	108000.0	2
06.06.2026 12:15	108000.0	108000.0	108000.0	108000.0	2
06.06.2026 12:45	107950.0	107950.0	107950.0	107950.0	1
06.06.2026 13:00	107950.0	107950.0	107950.0	107950.0	1
06.06.2026 13:30	107960.0	107960.0	107920.0	107920.0	2
06.06.2026 14:00	108000.0	108000.0	108000.0	108000.0	2
06.06.2026 14:15	107900.0	107900.0	107900.0	107900.0	1
06.06.2026 14:45	107860.0	107860.0	107850.0	107850.0	2
06.06.2026 16:15	107970.0	108000.0	107970.0	108000.0	11
06.06.2026 17:45	108010.0	108010.0	108010.0	108010.0	1
06.06.2026 18:00	108020.0	108020.0	108020.0	108020.0	1
06.06.2026 18:45	108050.0	108060.0	108050.0	108060.0	2
07.06.2026 10:15	108050.0	108050.0	108050.0	108050.0	1
07.06.2026 11:00	108080.0	108080.0	108080.0	108080.0	1
07.06.2026 11:45	108130.0	108160.0	108130.0	108160.0	2
07.06.2026 12:00	108190.0	108190.0	108190.0	108190.0	1
07.06.2026 12:15	108160.0	108160.0	108160.0	108160.0	1
07.06.2026 12:30	108160.0	108160.0	108160.0	108160.0	1
07.06.2026 13:15	108160.0	108160.0	108140.0	108140.0	4
07.06.2026 13:30	108120.0	108120.0	108120.0	108120.0	1
07.06.2026 14:45	108150.0	108150.0	108150.0	108150.0	1
07.06.2026 15:30	108150.0	108150.0	108150.0	108150.0	1
07.06.2026 18:15	108140.0	108140.0	108140.0	108140.0	1
07.06.2026 18:45	108100.0	108100.0	108100.0	108100.0	2
08.06.2026 08:45	108140.0	108140.0	108140.0	108140.0	5
08.06.2026 09:00	108200.0	108420.0	108060.0	108120.0	94
08.06.2026 09:15	108180.0	108400.0	108180.0	108180.0	10
08.06.2026 09:30	108120.0	108520.0	108120.0	108520.0	7
08.06.2026 09:45	108450.0	108500.0	108440.0	108500.0	82
08.06.2026 10:00	108500.0	108650.0	108270.0	108270.0	134
08.06.2026 10:15	108450.0	108450.0	108340.0	108340.0	52
08.06.2026 10:30	108500.0	108560.0	108350.0	108560.0	61
08.06.2026 10:45	108550.0	108780.0	108510.0	108760.0	32
08.06.2026 11:00	108780.0	109010.0	108780.0	108990.0	558
08.06.2026 11:15	109000.0	109070.0	108590.0	108770.0	682
08.06.2026 11:30	108710.0	108970.0	108610.0	108690.0	71
08.06.2026 11:45	108710.0	108880.0	108710.0	108880.0	10
08.06.2026 12:00	108870.0	108900.0	108860.0	108890.0	6
08.06.2026 12:15	108680.0	108680.0	108350.0	108400.0	25
08.06.2026 12:30	108440.0	108530.0	108350.0	108390.0	62
08.06.2026 12:45	108370.0	108480.0	108360.0	108400.0	86
08.06.2026 13:00	108400.0	108440.0	108280.0	108280.0	43
08.06.2026 13:15	108350.0	108390.0	108160.0	108230.0	111
08.06.2026 13:30	108180.0	108340.0	108120.0	108230.0	26
08.06.2026 13:45	108300.0	108430.0	108300.0	108360.0	12
08.06.2026 14:00	108110.0	108330.0	108000.0	108330.0	84
08.06.2026 14:15	108260.0	108260.0	108220.0	108240.0	3
08.06.2026 14:30	108190.0	108370.0	108160.0	108160.0	11
08.06.2026 14:45	108140.0	108220.0	108070.0	108080.0	11
08.06.2026 15:00	108050.0	108050.0	107680.0	107720.0	136
08.06.2026 15:15	107680.0	107690.0	107450.0	107510.0	233
08.06.2026 15:30	107450.0	107490.0	107260.0	107490.0	108
08.06.2026 15:45	107490.0	107780.0	107470.0	107640.0	36
08.06.2026 16:00	107610.0	107620.0	107270.0	107280.0	38
08.06.2026 16:15	107310.0	107310.0	107000.0	107060.0	58
08.06.2026 16:30	107090.0	107330.0	107060.0	107280.0	35
08.06.2026 16:45	107490.0	107560.0	107330.0	107560.0	23
08.06.2026 17:00	107590.0	107970.0	107500.0	107830.0	77
08.06.2026 17:15	107690.0	107850.0	107230.0	107270.0	208
08.06.2026 17:30	107210.0	107300.0	107010.0	107300.0	80
08.06.2026 17:45	107230.0	107310.0	107100.0	107160.0	27
08.06.2026 18:00	107270.0	107310.0	107110.0	107130.0	14
08.06.2026 18:15	107160.0	107270.0	107130.0	107270.0	23
08.06.2026 18:30	107320.0	107580.0	107320.0	107580.0	9
08.06.2026 18:45	107580.0	107590.0	107500.0	107540.0	9
08.06.2026 19:00	107610.0	107780.0	107610.0	107710.0	27
08.06.2026 19:15	107720.0	107840.0	107720.0	107840.0	12
08.06.2026 19:30	107850.0	107870.0	107720.0	107720.0	24
08.06.2026 19:45	107750.0	107760.0	107750.0	107760.0	2
08.06.2026 20:00	107710.0	107710.0	107710.0	107710.0	1
08.06.2026 20:15	107700.0	107750.0	107680.0	107740.0	51
08.06.2026 20:30	107740.0	107740.0	107660.0	107700.0	25
08.06.2026 20:45	107710.0	107940.0	107710.0	107940.0	6
08.06.2026 21:00	107910.0	107910.0	107850.0	107890.0	14
08.06.2026 21:30	107790.0	107790.0	107710.0	107710.0	2
08.06.2026 21:45	107720.0	107720.0	107610.0	107630.0	7
08.06.2026 22:00	107640.0	107690.0	107640.0	107690.0	2
08.06.2026 22:15	107910.0	107950.0	107910.0	107940.0	20
08.06.2026 22:30	107980.0	107990.0	107930.0	107930.0	7
08.06.2026 22:45	107910.0	107920.0	107890.0	107920.0	6
08.06.2026 23:00	107960.0	107960.0	107930.0	107930.0	5
08.06.2026 23:15	107880.0	107880.0	107830.0	107830.0	4
08.06.2026 23:30	107900.0	108000.0	107890.0	107950.0	31
08.06.2026 23:45	108010.0	108040.0	107990.0	108020.0	24
09.06.2026 09:00	107560.0	107810.0	107370.0	107810.0	40
09.06.2026 09:15	107820.0	107830.0	107700.0	107830.0	17
09.06.2026 09:30	107960.0	108160.0	107960.0	108160.0	35
09.06.2026 09:45	108140.0	108140.0	107950.0	107950.0	40
09.06.2026 10:00	108170.0	108630.0	108100.0	108390.0	177
09.06.2026 10:15	108280.0	108410.0	107920.0	108010.0	113
09.06.2026 10:30	108130.0	108130.0	107560.0	107830.0	58
09.06.2026 10:45	107670.0	108230.0	107450.0	108210.0	539
09.06.2026 11:00	108210.0	108590.0	108210.0	108290.0	822
09.06.2026 11:15	108360.0	108650.0	108320.0	108450.0	119
09.06.2026 11:30	108470.0	108810.0	108420.0	108610.0	109
09.06.2026 11:45	108650.0	108740.0	108350.0	108350.0	40
09.06.2026 12:00	108370.0	108400.0	108040.0	108130.0	64
09.06.2026 12:15	108180.0	108180.0	107770.0	107930.0	155
09.06.2026 12:30	107910.0	108440.0	107840.0	108400.0	118
09.06.2026 12:45	108330.0	109040.0	108310.0	108990.0	134
09.06.2026 13:00	108980.0	109360.0	108980.0	109230.0	227
09.06.2026 13:15	109190.0	109190.0	108980.0	109110.0	49
09.06.2026 13:30	109100.0	109250.0	109100.0	109110.0	18
09.06.2026 13:45	109110.0	109220.0	108940.0	108960.0	54
09.06.2026 14:00	108960.0	108960.0	108670.0	108670.0	91
09.06.2026 14:15	108680.0	108830.0	108680.0	108820.0	36
09.06.2026 14:30	108800.0	109190.0	108800.0	109000.0	70
09.06.2026 14:45	109030.0	109150.0	108920.0	109130.0	12
09.06.2026 15:00	109140.0	109210.0	108900.0	108910.0	56
09.06.2026 15:15	108910.0	109600.0	108890.0	109440.0	130
09.06.2026 15:30	109460.0	109660.0	109320.0	109510.0	59
09.06.2026 15:45	109430.0	109430.0	109170.0	109310.0	52
09.06.2026 16:00	109210.0	109510.0	108960.0	109510.0	19
09.06.2026 16:15	109420.0	109540.0	109390.0	109510.0	13
09.06.2026 16:30	109550.0	109640.0	109390.0	109640.0	16
09.06.2026 16:45	109720.0	109820.0	109460.0	109750.0	64
09.06.2026 17:00	109800.0	109910.0	109550.0	109590.0	55
09.06.2026 17:15	109600.0	109600.0	109290.0	109450.0	211
09.06.2026 17:30	109290.0	109390.0	109050.0	109060.0	143
09.06.2026 17:45	109060.0	109060.0	108680.0	108700.0	94
09.06.2026 18:00	108690.0	108990.0	108680.0	108980.0	39
09.06.2026 18:15	108970.0	108990.0	108880.0	108970.0	84
09.06.2026 18:30	108980.0	109300.0	108980.0	109300.0	33
09.06.2026 18:45	109310.0	109330.0	109070.0	109080.0	43
09.06.2026 19:00	109080.0	109180.0	108990.0	108990.0	19
09.06.2026 19:15	108990.0	109020.0	108760.0	108760.0	74
09.06.2026 19:30	108800.0	109120.0	108800.0	109120.0	24
09.06.2026 19:45	109120.0	109120.0	109090.0	109100.0	7
09.06.2026 20:00	109100.0	109110.0	109070.0	109110.0	9
09.06.2026 20:15	109040.0	109040.0	109030.0	109030.0	2
09.06.2026 20:30	108950.0	109110.0	108950.0	109110.0	4
09.06.2026 20:45	109070.0	109150.0	109070.0	109150.0	4
09.06.2026 21:00	109170.0	109250.0	109140.0	109250.0	19
09.06.2026 21:15	109310.0	109310.0	109290.0	109290.0	14
09.06.2026 21:30	109260.0	109260.0	109220.0	109230.0	11
09.06.2026 21:45	109180.0	109180.0	109140.0	109140.0	5
09.06.2026 22:00	109150.0	109190.0	109150.0	109180.0	5
09.06.2026 22:15	109070.0	109110.0	109040.0	109110.0	6
09.06.2026 22:30	109180.0	109180.0	109180.0	109180.0	30
09.06.2026 22:45	109110.0	109110.0	109080.0	109080.0	3
09.06.2026 23:00	109020.0	109160.0	108970.0	109160.0	9
09.06.2026 23:15	109140.0	109140.0	109060.0	109060.0	3
09.06.2026 23:30	109020.0	109060.0	109020.0	109050.0	3
09.06.2026 23:45	109060.0	109070.0	109060.0	109060.0	5
10.06.2026 08:45	109230.0	109230.0	109230.0	109230.0	1
10.06.2026 09:00	109000.0	109000.0	108660.0	108800.0	41
10.06.2026 09:15	108810.0	109150.0	108790.0	108970.0	47
10.06.2026 09:30	109030.0	109030.0	108880.0	108980.0	7
10.06.2026 09:45	109020.0	109150.0	108860.0	108950.0	35
10.06.2026 10:00	108910.0	108950.0	108360.0	108390.0	153
10.06.2026 10:15	108200.0	108650.0	107880.0	107920.0	174
10.06.2026 10:30	107980.0	108200.0	107950.0	108200.0	56
10.06.2026 10:45	108100.0	108150.0	107750.0	107810.0	136
10.06.2026 11:00	107750.0	107810.0	107410.0	107450.0	171
10.06.2026 11:15	107450.0	107550.0	107330.0	107440.0	83
10.06.2026 11:30	107420.0	107630.0	107380.0	107600.0	50
10.06.2026 11:45	107510.0	107750.0	107480.0	107560.0	54
10.06.2026 12:00	107710.0	107740.0	107280.0	107670.0	89
10.06.2026 12:15	107500.0	107650.0	107400.0	107430.0	70
10.06.2026 12:30	107440.0	107490.0	107220.0	107220.0	131
10.06.2026 12:45	107290.0	107530.0	107290.0	107350.0	41
10.06.2026 13:00	107470.0	108000.0	107410.0	107910.0	116
10.06.2026 13:15	107950.0	107980.0	107650.0	107920.0	62
10.06.2026 13:30	107940.0	107990.0	107850.0	107990.0	11
10.06.2026 13:45	107860.0	108190.0	107860.0	107990.0	57
10.06.2026 14:00	107990.0	108390.0	107950.0	108000.0	106
10.06.2026 14:15	107970.0	108220.0	107910.0	108030.0	107
10.06.2026 14:30	107900.0	108070.0	107660.0	107660.0	73
10.06.2026 14:45	107670.0	107790.0	107300.0	107370.0	174
10.06.2026 15:00	107350.0	107350.0	106860.0	107250.0	335
10.06.2026 15:15	107280.0	107380.0	107010.0	107330.0	145
10.06.2026 15:30	107360.0	107830.0	107190.0	107220.0	198
10.06.2026 15:45	107360.0	107460.0	107320.0	107460.0	29
10.06.2026 16:00	107570.0	107800.0	107570.0	107580.0	113
10.06.2026 16:15	107500.0	107970.0	107500.0	107930.0	69
10.06.2026 16:30	107990.0	108090.0	107870.0	107950.0	78
10.06.2026 16:45	108030.0	108280.0	107880.0	107890.0	233
10.06.2026 17:00	107960.0	108300.0	107870.0	108270.0	143
10.06.2026 17:15	107910.0	107950.0	107800.0	107800.0	32
10.06.2026 17:30	107990.0	108730.0	107640.0	108640.0	227
10.06.2026 17:45	108660.0	109270.0	108630.0	109080.0	404
10.06.2026 18:00	109150.0	109320.0	109000.0	109000.0	200
10.06.2026 18:15	109010.0	109040.0	108470.0	108470.0	142
10.06.2026 18:30	108460.0	108570.0	108360.0	108360.0	143
10.06.2026 18:45	108400.0	108610.0	108330.0	108610.0	31
10.06.2026 19:00	108530.0	108590.0	108440.0	108560.0	54
10.06.2026 19:15	108640.0	108760.0	108640.0	108670.0	111
10.06.2026 19:30	108710.0	108740.0	108650.0	108650.0	11
10.06.2026 19:45	108720.0	108720.0	108640.0	108650.0	6
10.06.2026 20:00	108660.0	108700.0	108660.0	108670.0	18
10.06.2026 20:15	108710.0	108810.0	108650.0	108660.0	38
10.06.2026 20:30	108660.0	108660.0	108630.0	108660.0	13
10.06.2026 20:45	108680.0	108740.0	108680.0	108730.0	29
10.06.2026 21:00	108770.0	108770.0	108680.0	108720.0	4
10.06.2026 21:15	108700.0	108710.0	108570.0	108570.0	9
10.06.2026 21:30	108560.0	108570.0	108560.0	108570.0	4
10.06.2026 21:45	108580.0	108600.0	108490.0	108500.0	21
10.06.2026 22:00	108540.0	108540.0	108520.0	108520.0	11
10.06.2026 22:15	108450.0	108450.0	108450.0	108450.0	10
10.06.2026 22:30	108460.0	108470.0	108450.0	108470.0	24
10.06.2026 22:45	108450.0	108450.0	108350.0	108390.0	27
10.06.2026 23:00	108320.0	108320.0	108290.0	108300.0	12
10.06.2026 23:15	108300.0	108320.0	108260.0	108260.0	39
10.06.2026 23:30	108260.0	108280.0	108110.0	108220.0	47
10.06.2026 23:45	108070.0	108220.0	107970.0	107970.0	35
11.06.2026 09:00	108400.0	108640.0	108280.0	108310.0	84
11.06.2026 09:15	108390.0	108520.0	108360.0	108520.0	26
11.06.2026 09:30	108460.0	108590.0	108390.0	108590.0	38
11.06.2026 09:45	108550.0	108740.0	108480.0	108500.0	26
11.06.2026 10:00	108730.0	108880.0	107980.0	108200.0	96
11.06.2026 10:15	107980.0	108140.0	107800.0	108140.0	101
11.06.2026 10:30	108170.0	108420.0	108170.0	108380.0	124
11.06.2026 10:45	108400.0	108520.0	108310.0	108310.0	44
11.06.2026 11:00	108350.0	108590.0	108350.0	108450.0	63
11.06.2026 11:15	108360.0	108360.0	108020.0	108150.0	78
11.06.2026 11:30	108200.0	108420.0	108150.0	108330.0	61
11.06.2026 11:45	108360.0	108600.0	108360.0	108480.0	67
11.06.2026 12:00	108520.0	108800.0	108520.0	108670.0	82
11.06.2026 12:15	108560.0	108800.0	108540.0	108800.0	81
11.06.2026 12:30	108760.0	108780.0	108660.0	108730.0	25
11.06.2026 12:45	108700.0	108700.0	108170.0	108170.0	50
11.06.2026 13:00	108100.0	108180.0	108000.0	108180.0	98
11.06.2026 13:15	108130.0	108170.0	108020.0	108020.0	43
11.06.2026 13:30	108050.0	108080.0	107980.0	108080.0	42
11.06.2026 13:45	108200.0	108210.0	108060.0	108170.0	21
11.06.2026 14:00	108020.0	108070.0	107920.0	107980.0	46
11.06.2026 14:15	107960.0	108090.0	107870.0	108080.0	39
11.06.2026 14:30	108040.0	108040.0	107690.0	107750.0	134
11.06.2026 14:45	107730.0	107820.0	107700.0	107740.0	67
11.06.2026 15:00	107790.0	107940.0	107730.0	107860.0	14
11.06.2026 15:15	107750.0	108040.0	107740.0	107900.0	103
11.06.2026 15:30	107940.0	108010.0	107840.0	107840.0	48
11.06.2026 15:45	107810.0	107840.0	107600.0	107800.0	65
11.06.2026 16:00	107780.0	107940.0	107780.0	107860.0	23
11.06.2026 16:15	107870.0	108050.0	107870.0	107940.0	34
11.06.2026 16:30	107870.0	107870.0	107700.0	107810.0	56
11.06.2026 16:45	107820.0	107880.0	107770.0	107880.0	15
11.06.2026 17:00	107920.0	107990.0	107910.0	107930.0	32
11.06.2026 17:15	107830.0	107900.0	107720.0	107900.0	108
11.06.2026 17:30	107860.0	107860.0	107600.0	107620.0	64
11.06.2026 17:45	107650.0	107820.0	107580.0	107640.0	56
11.06.2026 18:00	107570.0	107810.0	107520.0	107750.0	95
11.06.2026 18:15	107770.0	107920.0	107770.0	107920.0	51
11.06.2026 18:30	107850.0	107920.0	107800.0	107890.0	34
11.06.2026 18:45	107950.0	107970.0	107930.0	107940.0	33
11.06.2026 19:00	107940.0	108000.0	107940.0	107970.0	27
11.06.2026 19:15	107970.0	108000.0	107960.0	108000.0	10
11.06.2026 19:45	107850.0	107940.0	107850.0	107940.0	50
11.06.2026 20:00	107940.0	107960.0	107850.0	107880.0	36
11.06.2026 20:15	107890.0	107930.0	107880.0	107880.0	11
11.06.2026 20:30	107990.0	107990.0	107810.0	107960.0	30
11.06.2026 20:45	107990.0	108110.0	107990.0	108060.0	33
11.06.2026 21:00	107980.0	107990.0	107960.0	107960.0	14
11.06.2026 21:15	107990.0	107990.0	107980.0	107980.0	2
11.06.2026 21:30	108010.0	108040.0	108000.0	108000.0	29
11.06.2026 21:45	108010.0	108010.0	108010.0	108010.0	3
11.06.2026 22:00	107980.0	107990.0	107980.0	107980.0	6
11.06.2026 22:15	107960.0	107970.0	107960.0	107970.0	5
11.06.2026 22:30	108000.0	108050.0	107930.0	108050.0	36
11.06.2026 22:45	108050.0	108050.0	107930.0	107930.0	19
11.06.2026 23:00	107820.0	107870.0	107790.0	107790.0	11
11.06.2026 23:15	107800.0	107800.0	107800.0	107800.0	2
11.06.2026 23:30	107750.0	107790.0	107670.0	107670.0	59
12.06.2026 10:00	107700.0	108590.0	107690.0	108170.0	73
12.06.2026 10:15	108250.0	108340.0	108180.0	108210.0	13
12.06.2026 10:30	108270.0	108350.0	108020.0	108020.0	17
12.06.2026 10:45	108100.0	108120.0	108070.0	108120.0	3
12.06.2026 11:15	108090.0	108100.0	108040.0	108050.0	4
12.06.2026 11:30	108000.0	108000.0	107870.0	107880.0	13
12.06.2026 11:45	107990.0	107990.0	107870.0	107870.0	6
12.06.2026 12:00	107930.0	107930.0	107920.0	107920.0	3
12.06.2026 12:15	107940.0	107940.0	107940.0	107940.0	12
12.06.2026 12:30	107940.0	107940.0	107930.0	107930.0	4
12.06.2026 12:45	107900.0	107900.0	107890.0	107890.0	4
12.06.2026 13:00	107860.0	107910.0	107860.0	107890.0	6
12.06.2026 13:15	107890.0	107890.0	107860.0	107860.0	4
12.06.2026 13:30	107880.0	107920.0	107880.0	107900.0	9
12.06.2026 14:00	107850.0	107880.0	107830.0	107830.0	22
12.06.2026 14:15	107810.0	107830.0	107810.0	107830.0	2
12.06.2026 14:30	107810.0	107810.0	107690.0	107780.0	22
12.06.2026 14:45	107810.0	107830.0	107800.0	107800.0	3
12.06.2026 15:00	107840.0	107840.0	107840.0	107840.0	1
12.06.2026 15:15	107800.0	107890.0	107770.0	107890.0	4
12.06.2026 15:45	107880.0	107880.0	107880.0	107880.0	1
12.06.2026 16:00	107860.0	107880.0	107860.0	107880.0	2
12.06.2026 16:15	107860.0	108000.0	107860.0	107950.0	43
12.06.2026 16:30	107950.0	107950.0	107920.0	107920.0	2
12.06.2026 16:45	107900.0	107900.0	107890.0	107890.0	2
12.06.2026 17:00	107880.0	107920.0	107880.0	107920.0	8
12.06.2026 17:15	107960.0	107960.0	107960.0	107960.0	1
12.06.2026 17:45	107940.0	107940.0	107800.0	107800.0	40
12.06.2026 18:00	107880.0	107900.0	107860.0	107900.0	8
12.06.2026 18:30	107960.0	107960.0	107960.0	107960.0	1
12.06.2026 19:15	107900.0	107900.0	107900.0	107900.0	1
12.06.2026 20:00	107920.0	107930.0	107920.0	107930.0	4
12.06.2026 20:30	107880.0	107880.0	107880.0	107880.0	1
12.06.2026 20:45	107850.0	107850.0	107850.0	107850.0	3
12.06.2026 21:15	107820.0	107820.0	107800.0	107800.0	4
12.06.2026 22:00	107830.0	107860.0	107830.0	107860.0	3
12.06.2026 22:15	107820.0	107820.0	107820.0	107820.0	3
12.06.2026 22:30	107730.0	107730.0	107730.0	107730.0	1
12.06.2026 23:00	107720.0	107810.0	107710.0	107780.0	18
12.06.2026 23:15	107780.0	107780.0	107780.0	107780.0	2
12.06.2026 23:30	107790.0	107790.0	107790.0	107790.0	1
13.06.2026 10:00	107820.0	107960.0	107750.0	107900.0	20
13.06.2026 10:15	107920.0	107920.0	107920.0	107920.0	1
13.06.2026 10:30	107900.0	107900.0	107900.0	107900.0	3
13.06.2026 10:45	107890.0	107890.0	107890.0	107890.0	1
13.06.2026 11:00	107890.0	107890.0	107890.0	107890.0	1
13.06.2026 11:45	107910.0	107910.0	107910.0	107910.0	1
13.06.2026 12:00	107900.0	107900.0	107890.0	107890.0	5
13.06.2026 12:15	107890.0	108060.0	107890.0	108010.0	44
13.06.2026 12:30	107940.0	107940.0	107200.0	107660.0	211
13.06.2026 12:45	107790.0	107800.0	107790.0	107800.0	5
13.06.2026 13:00	107760.0	107760.0	107760.0	107760.0	1
13.06.2026 13:30	107760.0	107760.0	107760.0	107760.0	2
13.06.2026 13:45	107790.0	107820.0	107790.0	107820.0	3
13.06.2026 15:15	107830.0	107830.0	107830.0	107830.0	2
13.06.2026 15:45	107860.0	107860.0	107860.0	107860.0	2
13.06.2026 17:45	107880.0	107880.0	107880.0	107880.0	1
13.06.2026 18:45	107850.0	107850.0	107850.0	107850.0	1
14.06.2026 10:00	107890.0	107890.0	107840.0	107840.0	4
14.06.2026 10:45	107840.0	107860.0	107840.0	107860.0	4
14.06.2026 11:00	107850.0	107850.0	107840.0	107840.0	9
14.06.2026 11:30	107750.0	107750.0	107700.0	107700.0	2
14.06.2026 11:45	107680.0	107680.0	107590.0	107640.0	11
14.06.2026 12:00	107590.0	107590.0	107540.0	107550.0	4
14.06.2026 12:15	107600.0	107600.0	107600.0	107600.0	4
14.06.2026 12:30	107600.0	107600.0	107310.0	107330.0	21
14.06.2026 12:45	107310.0	107490.0	107300.0	107490.0	8
14.06.2026 13:00	107480.0	107480.0	107430.0	107430.0	2
14.06.2026 13:15	107390.0	107420.0	107390.0	107420.0	2
14.06.2026 13:30	107340.0	107530.0	107340.0	107460.0	11
14.06.2026 13:45	107440.0	107440.0	107440.0	107440.0	1
14.06.2026 14:00	107500.0	107500.0	107440.0	107460.0	6
14.06.2026 14:45	107500.0	107500.0	107500.0	107500.0	1
14.06.2026 15:00	107520.0	107580.0	107520.0	107580.0	7
14.06.2026 15:15	107600.0	107600.0	107580.0	107580.0	20
14.06.2026 16:00	107600.0	107600.0	107600.0	107600.0	2
14.06.2026 16:15	107570.0	107570.0	107570.0	107570.0	3
14.06.2026 16:30	107570.0	107570.0	107570.0	107570.0	2
14.06.2026 16:45	107600.0	107600.0	107600.0	107600.0	1
14.06.2026 17:30	107490.0	107550.0	107490.0	107490.0	5
14.06.2026 17:45	107450.0	107450.0	107450.0	107450.0	1
14.06.2026 18:00	107490.0	107490.0	107490.0	107490.0	2
14.06.2026 18:45	107560.0	107890.0	107560.0	107890.0	13
15.06.2026 09:00	107900.0	107900.0	107410.0	107660.0	259
15.06.2026 09:15	107640.0	107640.0	107390.0	107480.0	70
15.06.2026 09:30	107570.0	107760.0	107540.0	107680.0	84
15.06.2026 09:45	107680.0	107920.0	107600.0	107900.0	102
15.06.2026 10:00	107890.0	108610.0	107790.0	108380.0	676
15.06.2026 10:15	108360.0	108430.0	108050.0	108190.0	203
15.06.2026 10:30	108140.0	108260.0	108050.0	108060.0	144
15.06.2026 10:45	108070.0	108080.0	107910.0	108030.0	209
15.06.2026 11:00	108030.0	108110.0	107900.0	107980.0	145
15.06.2026 11:15	107980.0	108230.0	107980.0	108150.0	100
15.06.2026 11:30	108150.0	108420.0	108150.0	108420.0	162
15.06.2026 11:45	108380.0	108380.0	108200.0	108200.0	46
15.06.2026 12:00	108190.0	108300.0	108110.0	108240.0	74
15.06.2026 12:15	108240.0	108300.0	108150.0	108240.0	51
15.06.2026 12:30	108280.0	108340.0	108260.0	108310.0	27
15.06.2026 12:45	108310.0	108480.0	108000.0	108430.0	200
15.06.2026 13:00	108420.0	108850.0	108420.0	108680.0	236
15.06.2026 13:15	108730.0	108760.0	108680.0	108680.0	44
15.06.2026 13:30	108730.0	108780.0	108580.0	108580.0	89
15.06.2026 13:45	108580.0	108700.0	108450.0	108480.0	254
15.06.2026 14:00	108480.0	108600.0	108360.0	108530.0	178
15.06.2026 14:15	108470.0	108600.0	108380.0	108600.0	120
15.06.2026 14:30	108610.0	108800.0	108560.0	108760.0	142
15.06.2026 14:45	108740.0	108860.0	108690.0	108820.0	125
15.06.2026 15:00	108850.0	108910.0	108770.0	108800.0	105
15.06.2026 15:15	108760.0	109000.0	108700.0	108980.0	221
15.06.2026 15:30	108990.0	109030.0	108750.0	108780.0	142
15.06.2026 15:45	108840.0	109130.0	108830.0	109100.0	296
15.06.2026 16:00	109100.0	109170.0	109080.0	109120.0	188
15.06.2026 16:15	109120.0	109140.0	108940.0	108990.0	157
15.06.2026 16:30	108980.0	109150.0	108970.0	109090.0	135
15.06.2026 16:45	109180.0	109720.0	109170.0	109720.0	589
15.06.2026 17:00	109730.0	109850.0	109600.0	109710.0	567
15.06.2026 17:15	109670.0	109760.0	109410.0	109410.0	181
15.06.2026 17:30	109420.0	109530.0	109410.0	109440.0	148
15.06.2026 17:45	109440.0	109580.0	107410.0	109140.0	1748
15.06.2026 18:00	109150.0	109230.0	109030.0	109210.0	354
15.06.2026 18:15	109230.0	109260.0	109100.0	109260.0	82
15.06.2026 18:30	109260.0	109500.0	109260.0	109490.0	198
15.06.2026 18:45	109450.0	109480.0	109390.0	109400.0	35
15.06.2026 19:00	109440.0	109880.0	109420.0	109820.0	241
15.06.2026 19:15	109880.0	109910.0	109630.0	109870.0	198
15.06.2026 19:30	109890.0	111060.0	109870.0	109970.0	1985
15.06.2026 19:45	109960.0	110110.0	109900.0	110070.0	172
15.06.2026 20:00	110060.0	110080.0	109990.0	110000.0	57
15.06.2026 20:15	109980.0	110000.0	109910.0	110000.0	79
15.06.2026 20:30	109990.0	110300.0	109940.0	110150.0	284
15.06.2026 20:45	110150.0	110170.0	110100.0	110140.0	21
15.06.2026 21:00	110110.0	110160.0	110080.0	110110.0	28
15.06.2026 21:15	110120.0	110150.0	110050.0	110060.0	55
15.06.2026 21:30	110050.0	110070.0	110000.0	110070.0	49
15.06.2026 21:45	110060.0	110160.0	110010.0	110160.0	129
15.06.2026 22:00	110140.0	110140.0	109960.0	110020.0	47
15.06.2026 22:15	110020.0	110050.0	110020.0	110040.0	35
15.06.2026 22:30	110050.0	110080.0	109990.0	110020.0	40
15.06.2026 22:45	110010.0	110020.0	109930.0	109930.0	29
15.06.2026 23:00	109950.0	109990.0	109920.0	109970.0	27
15.06.2026 23:15	110000.0	110050.0	109970.0	109970.0	22
15.06.2026 23:30	110000.0	110010.0	109810.0	109910.0	162
15.06.2026 23:45	109860.0	109940.0	109730.0	109870.0	69
16.06.2026 08:45	109900.0	109900.0	109900.0	109900.0	12
16.06.2026 09:00	109900.0	109910.0	109440.0	109620.0	381
16.06.2026 09:15	109640.0	109890.0	109590.0	109880.0	207
16.06.2026 09:30	109870.0	109870.0	109490.0	109500.0	235
16.06.2026 09:45	109550.0	109670.0	109480.0	109510.0	113
16.06.2026 10:00	109590.0	109720.0	109240.0	109410.0	300
16.06.2026 10:15	109400.0	109620.0	109230.0	109260.0	162
16.06.2026 10:30	109220.0	109240.0	108920.0	108960.0	815
16.06.2026 10:45	108950.0	109320.0	108910.0	109190.0	341
16.06.2026 11:00	109180.0	109340.0	109010.0	109050.0	374
16.06.2026 11:15	109080.0	109230.0	108980.0	109230.0	125
16.06.2026 11:30	109220.0	109640.0	109210.0	109590.0	260
16.06.2026 11:45	109580.0	109770.0	109550.0	109560.0	294
16.06.2026 12:00	109580.0	109680.0	109510.0	109590.0	71
16.06.2026 12:15	109570.0	109570.0	109290.0	109310.0	213
16.06.2026 12:30	109300.0	109350.0	109180.0	109320.0	105
16.06.2026 12:45	109330.0	109400.0	108870.0	108950.0	327
16.06.2026 13:00	108930.0	109040.0	108780.0	109040.0	301
16.06.2026 13:15	109030.0	109060.0	108750.0	108850.0	170
16.06.2026 13:30	108830.0	108950.0	108780.0	108890.0	177
16.06.2026 13:45	108860.0	108870.0	108580.0	108620.0	435
16.06.2026 14:00	108590.0	108920.0	108580.0	108920.0	263
16.06.2026 14:15	108920.0	109100.0	108850.0	108940.0	219
16.06.2026 14:30	108910.0	108910.0	108430.0	108470.0	598
16.06.2026 14:45	108450.0	108700.0	108400.0	108520.0	543
16.06.2026 15:00	108490.0	108610.0	108300.0	108330.0	525
16.06.2026 15:15	108300.0	108310.0	108050.0	108170.0	296
16.06.2026 15:30	108130.0	108150.0	107270.0	107300.0	1223
16.06.2026 15:45	107330.0	107330.0	106850.0	107060.0	1893
16.06.2026 16:00	107050.0	107270.0	106940.0	107140.0	1444
16.06.2026 16:15	107170.0	107220.0	106770.0	106770.0	667
16.06.2026 16:30	106750.0	106750.0	105500.0	105870.0	2865
16.06.2026 16:45	105810.0	105990.0	105560.0	105830.0	859
16.06.2026 17:00	105840.0	106000.0	105670.0	105930.0	822
16.06.2026 17:15	105940.0	106170.0	105770.0	105880.0	581
16.06.2026 17:30	105920.0	105920.0	105650.0	105900.0	968
16.06.2026 17:45	105930.0	105960.0	105430.0	105500.0	847
16.06.2026 18:00	105490.0	106250.0	105340.0	106220.0	865
16.06.2026 18:15	106240.0	106240.0	105880.0	105950.0	342
16.06.2026 18:30	105940.0	105970.0	105840.0	105880.0	193
16.06.2026 18:45	105850.0	105850.0	105650.0	105790.0	255
16.06.2026 19:00	105800.0	106070.0	105660.0	105930.0	184
16.06.2026 19:15	105960.0	106080.0	105960.0	105980.0	70
16.06.2026 19:30	105980.0	106080.0	105970.0	105970.0	42
16.06.2026 19:45	105950.0	105950.0	105780.0	105890.0	98
16.06.2026 20:00	105890.0	105930.0	105870.0	105930.0	50
16.06.2026 20:15	105900.0	105930.0	105830.0	105890.0	66
16.06.2026 20:30	105870.0	105940.0	105730.0	105770.0	166
16.06.2026 20:45	105750.0	105810.0	105750.0	105810.0	39
16.06.2026 21:00	105780.0	105870.0	105770.0	105870.0	25
16.06.2026 21:15	105850.0	105910.0	105830.0	105890.0	77
16.06.2026 21:30	105890.0	105890.0	105790.0	105820.0	36
16.06.2026 21:45	105870.0	105920.0	105860.0	105870.0	27
16.06.2026 22:00	105870.0	105930.0	105850.0	105850.0	43
16.06.2026 22:15	105860.0	105950.0	105850.0	105900.0	70
16.06.2026 22:30	105910.0	105960.0	105890.0	105930.0	57
16.06.2026 22:45	105940.0	105950.0	105800.0	105820.0	75
16.06.2026 23:00	105820.0	105920.0	105820.0	105860.0	115
16.06.2026 23:15	105880.0	105880.0	105690.0	105740.0	172
16.06.2026 23:30	105740.0	105840.0	105740.0	105750.0	134
16.06.2026 23:45	105750.0	105830.0	105670.0	105780.0	136
17.06.2026 09:00	105900.0	105900.0	105380.0	105550.0	459
17.06.2026 09:15	105580.0	105700.0	105230.0	105270.0	493
17.06.2026 09:30	105290.0	105430.0	105120.0	105280.0	514
17.06.2026 09:45	105260.0	105410.0	105190.0	105300.0	348
17.06.2026 10:00	105250.0	105620.0	105190.0	105530.0	517
17.06.2026 10:15	105520.0	105790.0	105520.0	105760.0	290
17.06.2026 10:30	105780.0	106060.0	105770.0	106020.0	692
17.06.2026 10:45	106050.0	106150.0	105960.0	105980.0	585
17.06.2026 11:00	106000.0	106060.0	105780.0	105900.0	801
17.06.2026 11:15	105860.0	106160.0	105850.0	106000.0	883
17.06.2026 11:30	105990.0	106020.0	105410.0	105520.0	858
17.06.2026 11:45	105550.0	105620.0	105080.0	105130.0	940
17.06.2026 12:00	105120.0	105400.0	105100.0	105230.0	569
17.06.2026 12:15	105210.0	105280.0	105080.0	105100.0	420
17.06.2026 12:30	105110.0	105370.0	105110.0	105370.0	307
17.06.2026 12:45	105390.0	105530.0	105310.0	105330.0	262
17.06.2026 13:00	105350.0	105350.0	105010.0	105120.0	423
17.06.2026 13:15	105120.0	105230.0	104800.0	104930.0	607
17.06.2026 13:30	104890.0	105390.0	104820.0	105260.0	659
17.06.2026 13:45	105250.0	105370.0	105200.0	105240.0	250
17.06.2026 14:00	105240.0	105520.0	105020.0	105140.0	802
17.06.2026 14:15	105070.0	105160.0	104880.0	105140.0	450
17.06.2026 14:30	105110.0	105230.0	105070.0	105110.0	183
17.06.2026 14:45	105110.0	105550.0	105100.0	105480.0	289
17.06.2026 15:00	105490.0	105730.0	105380.0	105380.0	445
17.06.2026 15:15	105420.0	105450.0	105180.0	105250.0	230
17.06.2026 15:30	105290.0	105330.0	105100.0	105230.0	386
17.06.2026 15:45	105260.0	105340.0	104920.0	104950.0	654
17.06.2026 16:00	104940.0	105190.0	104890.0	105180.0	683
17.06.2026 16:15	105180.0	105260.0	105040.0	105110.0	638
17.06.2026 16:30	105110.0	105110.0	104890.0	105000.0	493
17.06.2026 16:45	104980.0	105270.0	104980.0	105150.0	312
17.06.2026 17:00	105180.0	105290.0	104950.0	105070.0	643
17.06.2026 17:15	105050.0	105050.0	104870.0	104920.0	518
17.06.2026 17:30	104920.0	105050.0	104740.0	104790.0	686
17.06.2026 17:45	104770.0	104970.0	104620.0	104940.0	1020
17.06.2026 18:00	104930.0	104950.0	104710.0	104720.0	276
17.06.2026 18:15	104740.0	104870.0	104640.0	104700.0	230
17.06.2026 18:30	104680.0	104840.0	104680.0	104840.0	449
17.06.2026 18:45	104830.0	104840.0	104650.0	104730.0	443
17.06.2026 19:00	104690.0	104770.0	104600.0	104620.0	225
17.06.2026 19:15	104620.0	104650.0	104520.0	104650.0	233
17.06.2026 19:30	104640.0	104640.0	104480.0	104550.0	207
17.06.2026 19:45	104550.0	104580.0	104530.0	104540.0	67
17.06.2026 20:00	104550.0	104740.0	104530.0	104740.0	142
17.06.2026 20:15	104700.0	104710.0	104660.0	104690.0	93
17.06.2026 20:30	104680.0	104790.0	104630.0	104760.0	534
17.06.2026 20:45	104750.0	104790.0	104660.0	104670.0	461
17.06.2026 21:00	104660.0	104660.0	104530.0	104560.0	287
17.06.2026 21:15	104530.0	104580.0	104430.0	104460.0	365
17.06.2026 21:30	104430.0	104650.0	104420.0	104640.0	229
17.06.2026 21:45	104640.0	104660.0	104570.0	104590.0	102
17.06.2026 22:00	104580.0	104610.0	104560.0	104560.0	44
17.06.2026 22:15	104570.0	104580.0	104490.0	104490.0	237
17.06.2026 22:30	104500.0	104520.0	104360.0	104370.0	261
17.06.2026 22:45	104380.0	104380.0	104310.0	104320.0	197
17.06.2026 23:00	104330.0	104390.0	104320.0	104390.0	86
17.06.2026 23:15	104380.0	104400.0	104310.0	104340.0	66
17.06.2026 23:30	104320.0	104330.0	104160.0	104320.0	207
17.06.2026 23:45	104340.0	104370.0	104300.0	104330.0	62
18.06.2026 08:45	104070.0	104070.0	104070.0	104070.0	4
18.06.2026 09:00	104050.0	104070.0	103700.0	103860.0	1556
18.06.2026 09:15	103840.0	103890.0	103510.0	103530.0	1402
18.06.2026 09:30	103540.0	103720.0	103400.0	103650.0	957
18.06.2026 09:45	103650.0	103800.0	103520.0	103530.0	787
18.06.2026 10:00	103510.0	103640.0	103060.0	103270.0	2516
18.06.2026 10:15	103250.0	103300.0	102720.0	103010.0	3236
18.06.2026 10:30	103010.0	103090.0	102760.0	103060.0	1126
18.06.2026 10:45	103080.0	103260.0	102860.0	103190.0	916
18.06.2026 11:00	103190.0	103260.0	103030.0	103160.0	1377
18.06.2026 11:15	103130.0	103350.0	102990.0	103290.0	733
18.06.2026 11:30	103310.0	103430.0	103250.0	103260.0	675
18.06.2026 11:45	103280.0	103390.0	103210.0	103270.0	339
18.06.2026 12:00	103300.0	103530.0	103150.0	103320.0	1752
18.06.2026 12:15	103340.0	103480.0	103100.0	103240.0	884
18.06.2026 12:30	103240.0	103350.0	103140.0	103220.0	419
18.06.2026 12:45	103180.0	103310.0	103120.0	103310.0	381
18.06.2026 13:00	103320.0	103340.0	103120.0	103180.0	301
18.06.2026 13:15	103170.0	103520.0	103170.0	103430.0	703
18.06.2026 13:30	103490.0	103510.0	103370.0	103510.0	269
18.06.2026 13:45	103510.0	103570.0	103250.0	103270.0	579
18.06.2026 14:00	103270.0	103410.0	103180.0	103320.0	1020
18.06.2026 14:15	103290.0	103370.0	103180.0	103260.0	477
18.06.2026 14:30	103240.0	103290.0	102820.0	102900.0	1185
18.06.2026 14:45	102890.0	103130.0	102670.0	103050.0	1743
18.06.2026 15:00	103000.0	103000.0	102470.0	102660.0	1778
18.06.2026 15:15	102630.0	102760.0	102440.0	102680.0	1229
18.06.2026 15:30	102640.0	102760.0	102540.0	102690.0	714
18.06.2026 15:45	102700.0	102740.0	102450.0	102620.0	1183
18.06.2026 16:00	102620.0	103070.0	102610.0	102910.0	1241
18.06.2026 16:15	102960.0	103230.0	102830.0	103200.0	879
18.06.2026 16:30	103200.0	103310.0	102710.0	103210.0	1863
18.06.2026 16:45	103190.0	103350.0	102970.0	103020.0	1294
18.06.2026 17:00	103030.0	103150.0	102790.0	103040.0	1119
18.06.2026 17:15	103070.0	103460.0	103030.0	103350.0	1176
18.06.2026 17:30	103350.0	103480.0	103210.0	103310.0	1138
18.06.2026 17:45	103310.0	103310.0	102720.0	103140.0	1885
18.06.2026 18:00	103070.0	103260.0	103010.0	103030.0	365
18.06.2026 18:15	103050.0	103090.0	102780.0	102950.0	604
18.06.2026 18:30	102920.0	102970.0	102790.0	102940.0	447
18.06.2026 18:45	102920.0	103070.0	102890.0	103010.0	194
18.06.2026 19:00	103020.0	103090.0	102930.0	102970.0	553
18.06.2026 19:15	103020.0	103440.0	103000.0	103000.0	1218
18.06.2026 19:30	102990.0	103020.0	102830.0	102980.0	563
18.06.2026 19:45	102990.0	103120.0	102960.0	103090.0	238
18.06.2026 20:00	103080.0	103230.0	103020.0	103200.0	301
18.06.2026 20:15	103150.0	103180.0	103110.0	103180.0	65
18.06.2026 20:30	103190.0	103190.0	103080.0	103120.0	107
18.06.2026 20:45	103090.0	103090.0	102900.0	103020.0	177
18.06.2026 21:00	103020.0	103110.0	103000.0	103030.0	147
18.06.2026 21:15	103020.0	103030.0	102990.0	103020.0	91
18.06.2026 21:30	103010.0	103080.0	103000.0	103050.0	80
18.06.2026 21:45	103070.0	103130.0	103010.0	103010.0	127
18.06.2026 22:00	102990.0	103020.0	102720.0	102750.0	724
18.06.2026 22:15	102750.0	102880.0	102750.0	102880.0	111
18.06.2026 22:30	102860.0	102880.0	102760.0	102770.0	133
18.06.2026 22:45	102780.0	102830.0	102750.0	102830.0	95
18.06.2026 23:00	102810.0	102880.0	102740.0	102760.0	155
18.06.2026 23:15	102760.0	102800.0	102500.0	102520.0	524
18.06.2026 23:30	102520.0	102540.0	102380.0	102510.0	516
18.06.2026 23:45	102520.0	102600.0	102410.0	102420.0	228
19.06.2026 08:45	102600.0	102600.0	102600.0	102600.0	41
19.06.2026 09:00	102670.0	103000.0	102470.0	102950.0	1501
19.06.2026 09:15	102950.0	102950.0	102700.0	102950.0	874
19.06.2026 09:30	102950.0	103130.0	102950.0	103010.0	811
19.06.2026 09:45	103000.0	103110.0	102910.0	103040.0	472
19.06.2026 10:00	103030.0	103100.0	102410.0	102470.0	2091
19.06.2026 10:15	102440.0	102580.0	102270.0	102270.0	2559
19.06.2026 10:30	102280.0	102590.0	102260.0	102540.0	961
19.06.2026 10:45	102540.0	102590.0	102430.0	102520.0	578
19.06.2026 11:00	102510.0	102620.0	102430.0	102530.0	678
19.06.2026 11:15	102520.0	102630.0	102370.0	102580.0	825
19.06.2026 11:30	102550.0	102810.0	102490.0	102780.0	839
19.06.2026 11:45	102770.0	102780.0	102650.0	102770.0	340
19.06.2026 12:00	102780.0	103150.0	102690.0	103110.0	2313
19.06.2026 12:15	103100.0	103470.0	103100.0	103260.0	2467
19.06.2026 12:30	103300.0	103330.0	103120.0	103170.0	721
19.06.2026 12:45	103160.0	103190.0	102900.0	103000.0	1447
19.06.2026 13:00	102970.0	103080.0	102650.0	102750.0	1043
19.06.2026 13:15	102700.0	102870.0	102660.0	102770.0	1455
19.06.2026 13:30	102750.0	102750.0	101040.0	101470.0	12441
19.06.2026 13:45	101480.0	101940.0	101240.0	101710.0	3742
19.06.2026 14:00	101700.0	101830.0	101520.0	101600.0	1567
19.06.2026 14:15	101630.0	101760.0	101410.0	101450.0	887
19.06.2026 14:30	101480.0	101710.0	101420.0	101470.0	749
19.06.2026 14:45	101480.0	101550.0	101220.0	101420.0	1151
19.06.2026 15:00	101410.0	101760.0	101400.0	101410.0	775
19.06.2026 15:15	101470.0	101590.0	101240.0	101420.0	1192
19.06.2026 15:30	101420.0	101860.0	101290.0	101660.0	1762
19.06.2026 15:45	101670.0	102330.0	101650.0	101970.0	2536
19.06.2026 16:00	101960.0	102540.0	101900.0	102270.0	2191
19.06.2026 16:15	102270.0	102280.0	102020.0	102160.0	569
19.06.2026 16:30	102200.0	102410.0	101950.0	102040.0	856
19.06.2026 16:45	102020.0	102120.0	101790.0	101880.0	673
19.06.2026 17:00	101850.0	101900.0	101670.0	101690.0	1086
19.06.2026 17:15	101690.0	101880.0	101650.0	101720.0	413
19.06.2026 17:30	101720.0	101720.0	101310.0	101350.0	1084
19.06.2026 17:45	101360.0	101740.0	101260.0	101720.0	1065
19.06.2026 18:00	101710.0	101750.0	101410.0	101480.0	829
19.06.2026 18:15	101460.0	101780.0	101430.0	101700.0	1224
19.06.2026 18:30	101710.0	101820.0	101620.0	101690.0	530
19.06.2026 18:45	101680.0	101940.0	101670.0	101830.0	653
19.06.2026 19:00	101830.0	101940.0	101790.0	101790.0	525
19.06.2026 19:15	101790.0	101790.0	101620.0	101700.0	263
19.06.2026 19:30	101640.0	101780.0	101630.0	101760.0	90
19.06.2026 19:45	101750.0	101750.0	101680.0	101720.0	59
19.06.2026 20:00	101720.0	101750.0	101560.0	101560.0	122
19.06.2026 20:15	101550.0	101620.0	101420.0	101520.0	234
19.06.2026 20:30	101530.0	101570.0	101420.0	101430.0	160
19.06.2026 20:45	101430.0	101460.0	101260.0	101320.0	254
19.06.2026 21:00	101310.0	101450.0	101250.0	101410.0	181
19.06.2026 21:15	101410.0	101420.0	101330.0	101340.0	71
19.06.2026 21:30	101330.0	101360.0	101250.0	101270.0	112
19.06.2026 21:45	101260.0	101360.0	101250.0	101250.0	159
19.06.2026 22:00	101250.0	101370.0	101250.0	101360.0	141
19.06.2026 22:15	101340.0	101360.0	101300.0	101330.0	24
19.06.2026 22:30	101350.0	101400.0	101320.0	101380.0	95
19.06.2026 22:45	101400.0	101440.0	101350.0	101360.0	64
19.06.2026 23:00	101340.0	101350.0	101270.0	101330.0	138
19.06.2026 23:15	101330.0	101340.0	101250.0	101260.0	95
19.06.2026 23:30	101270.0	101300.0	101150.0	101200.0	386
19.06.2026 23:45	101210.0	101280.0	101060.0	101060.0	358
22.06.2026 08:45	101150.0	101150.0	101150.0	101150.0	2
22.06.2026 09:00	101150.0	101200.0	100630.0	100960.0	1923
22.06.2026 09:15	100970.0	101440.0	100970.0	101400.0	1051
22.06.2026 09:30	101410.0	101450.0	101240.0	101260.0	875
22.06.2026 09:45	101260.0	101320.0	101070.0	101200.0	1106
22.06.2026 10:00	101220.0	101610.0	100850.0	101360.0	2825
22.06.2026 10:15	101360.0	101360.0	100560.0	100600.0	3240
22.06.2026 10:30	100590.0	100760.0	100150.0	100280.0	5954
22.06.2026 10:45	100270.0	100760.0	100080.0	100650.0	3366
22.06.2026 11:00	100630.0	100770.0	100350.0	100690.0	2761
22.06.2026 11:15	100690.0	100860.0	100340.0	100750.0	2605
22.06.2026 11:30	100760.0	100810.0	100650.0	100740.0	801
22.06.2026 11:45	100720.0	100870.0	100450.0	100640.0	1672
22.06.2026 12:00	100670.0	100870.0	100560.0	100850.0	1220
22.06.2026 12:15	100850.0	100880.0	100410.0	100550.0	939
22.06.2026 12:30	100560.0	100580.0	99900.0	99910.0	2326
22.06.2026 12:45	99900.0	100150.0	99610.0	99680.0	6406
22.06.2026 13:00	99690.0	99820.0	99160.0	99300.0	4054
22.06.2026 13:15	99300.0	99490.0	99130.0	99210.0	3776
22.06.2026 13:30	99210.0	99440.0	99030.0	99320.0	2721
22.06.2026 13:45	99330.0	99440.0	99220.0	99400.0	1717
22.06.2026 14:00	99390.0	99490.0	98850.0	99360.0	2069
22.06.2026 14:15	99350.0	99530.0	99180.0	99290.0	1135
22.06.2026 14:30	99290.0	99470.0	99090.0	99400.0	1378
22.06.2026 14:45	99410.0	99500.0	97790.0	97790.0	7535
22.06.2026 15:00	97790.0	98260.0	97570.0	98080.0	7146
22.06.2026 15:15	98040.0	98150.0	97520.0	97680.0	4165
22.06.2026 15:30	97700.0	97910.0	97290.0	97890.0	3343
22.06.2026 15:45	97890.0	98200.0	97830.0	98120.0	2064
22.06.2026 16:00	98110.0	98410.0	97920.0	98200.0	2745
22.06.2026 16:15	98220.0	98290.0	97720.0	97860.0	1994
22.06.2026 16:30	97860.0	97930.0	97000.0	97090.0	5769
22.06.2026 16:45	97110.0	97390.0	96850.0	97190.0	4357
22.06.2026 17:00	97160.0	97160.0	96560.0	97080.0	4067
22.06.2026 17:15	97080.0	97200.0	96710.0	96880.0	2478
22.06.2026 17:30	96840.0	97190.0	96800.0	96960.0	1541
22.06.2026 17:45	96930.0	97120.0	96100.0	96170.0	4942
22.06.2026 18:00	96210.0	96500.0	96140.0	96440.0	2022
22.06.2026 18:15	96410.0	96410.0	95740.0	95940.0	2549
22.06.2026 18:30	95950.0	96020.0	95390.0	95740.0	3616
22.06.2026 18:45	95750.0	96010.0	95560.0	95960.0	1463
22.06.2026 19:00	95970.0	96200.0	95640.0	95910.0	1634
22.06.2026 19:15	95930.0	96090.0	95770.0	95980.0	644
22.06.2026 19:30	95970.0	96010.0	95770.0	95770.0	558
22.06.2026 19:45	95780.0	95850.0	95670.0	95800.0	470
22.06.2026 20:00	95780.0	95880.0	95630.0	95860.0	359
22.06.2026 20:15	95850.0	95880.0	95310.0	95330.0	856
22.06.2026 20:30	95330.0	95520.0	95320.0	95390.0	811
22.06.2026 20:45	95390.0	95460.0	95090.0	95190.0	1508
22.06.2026 21:00	95200.0	95320.0	95030.0	95170.0	676
22.06.2026 21:15	95170.0	95170.0	94820.0	94890.0	1798
22.06.2026 21:30	94870.0	94990.0	94760.0	94890.0	1534
22.06.2026 21:45	94900.0	94960.0	94540.0	94590.0	981
22.06.2026 22:00	94580.0	94700.0	94200.0	94200.0	1849
22.06.2026 22:15	94200.0	94340.0	94130.0	94160.0	1507
22.06.2026 22:30	94150.0	94200.0	93540.0	93760.0	1796
22.06.2026 22:45	93750.0	94430.0	93750.0	94400.0	1337
22.06.2026 23:00	94400.0	94650.0	94120.0	94120.0	1120
22.06.2026 23:15	94130.0	94320.0	94060.0	94140.0	687
22.06.2026 23:30	94150.0	94270.0	94120.0	94250.0	367
22.06.2026 23:45	94250.0	94290.0	94170.0	94250.0	344
23.06.2026 08:45	93940.0	93940.0	93940.0	93940.0	41
23.06.2026 09:00	93830.0	94860.0	93500.0	94860.0	6145
23.06.2026 09:15	94870.0	95170.0	94260.0	94420.0	3916
23.06.2026 09:30	94420.0	94650.0	93770.0	93810.0	2787
23.06.2026 09:45	93780.0	94450.0	93350.0	94150.0	6817
23.06.2026 10:00	94130.0	95110.0	93600.0	94850.0	7234
23.06.2026 10:15	94860.0	95300.0	94670.0	94830.0	7779
23.06.2026 10:30	94820.0	95450.0	94730.0	95160.0	8482
23.06.2026 10:45	95180.0	95680.0	95180.0	95600.0	5776
23.06.2026 11:00	95610.0	96090.0	95380.0	95810.0	6582
23.06.2026 11:15	95800.0	95810.0	95200.0	95290.0	2378
23.06.2026 11:30	95270.0	95850.0	95220.0	95640.0	3203
23.06.2026 11:45	95640.0	96070.0	95500.0	96040.0	3094
23.06.2026 12:00	96040.0	96340.0	95920.0	96260.0	3617
23.06.2026 12:15	96260.0	96450.0	96050.0	96360.0	3623
23.06.2026 12:30	96330.0	96550.0	96130.0	96400.0	3896
23.06.2026 12:45	96400.0	96650.0	96280.0	96380.0	2984
23.06.2026 13:00	96390.0	96950.0	96390.0	96710.0	3083
23.06.2026 13:15	96730.0	96910.0	96570.0	96620.0	1819
23.06.2026 13:30	96630.0	96950.0	96260.0	96290.0	2377
23.06.2026 13:45	96310.0	96510.0	96290.0	96430.0	2034
23.06.2026 14:00	96470.0	96620.0	96320.0	96470.0	2390
23.06.2026 14:15	96490.0	96570.0	95490.0	95490.0	6070
23.06.2026 14:30	95490.0	95720.0	95260.0	95480.0	3040
23.06.2026 14:45	95480.0	96150.0	95390.0	96120.0	4044
23.06.2026 15:00	96120.0	96260.0	95860.0	96000.0	2049
23.06.2026 15:15	95970.0	96430.0	95670.0	96300.0	1898
23.06.2026 15:30	96330.0	96340.0	95610.0	95880.0	2283
23.06.2026 15:45	95880.0	97060.0	95780.0	96780.0	3982
23.06.2026 16:00	96780.0	96960.0	96400.0	96490.0	3341
23.06.2026 16:15	96500.0	96810.0	96500.0	96700.0	1320
23.06.2026 16:30	96710.0	96960.0	96410.0	96960.0	1504
23.06.2026 16:45	96960.0	97280.0	96750.0	97160.0	3049
23.06.2026 17:00	97160.0	97320.0	97040.0	97130.0	1559
23.06.2026 17:15	97140.0	97220.0	96920.0	97030.0	1299
23.06.2026 17:30	97020.0	97060.0	96630.0	96840.0	1693
23.06.2026 17:45	96900.0	97280.0	96870.0	97210.0	1514
23.06.2026 18:00	97220.0	97330.0	97000.0	97010.0	1417
23.06.2026 18:15	97050.0	97180.0	96850.0	96980.0	1940
23.06.2026 18:30	96960.0	97130.0	96820.0	96900.0	716
23.06.2026 18:45	96900.0	97110.0	96780.0	97100.0	547
23.06.2026 19:00	97100.0	97150.0	97000.0	97010.0	215
23.06.2026 19:15	97000.0	97090.0	96950.0	97070.0	164
23.06.2026 19:30	97070.0	97380.0	97070.0	97140.0	620
23.06.2026 19:45	97110.0	97150.0	97040.0	97110.0	210
23.06.2026 20:00	97140.0	97160.0	97100.0	97130.0	169
23.06.2026 20:15	97140.0	97150.0	97040.0	97070.0	138
23.06.2026 20:30	97070.0	97120.0	97010.0	97120.0	134
23.06.2026 20:45	97090.0	97100.0	96950.0	96960.0	117
23.06.2026 21:00	96980.0	97030.0	96920.0	96920.0	87
23.06.2026 21:15	96920.0	96980.0	96870.0	96890.0	114
23.06.2026 21:30	96890.0	96970.0	96870.0	96880.0	67
23.06.2026 21:45	96880.0	96930.0	96790.0	96900.0	218
23.06.2026 22:00	96900.0	96980.0	96890.0	96970.0	144
23.06.2026 22:15	96960.0	97050.0	96930.0	97050.0	153
23.06.2026 22:30	97020.0	97080.0	96990.0	97040.0	108
23.06.2026 22:45	97010.0	97010.0	96880.0	96880.0	171
23.06.2026 23:00	96880.0	96960.0	96830.0	96940.0	242
23.06.2026 23:15	96940.0	96980.0	96840.0	96890.0	449
23.06.2026 23:30	96890.0	96900.0	96780.0	96860.0	382
23.06.2026 23:45	96860.0	96900.0	96750.0	96840.0	173
24.06.2026 08:45	96890.0	96890.0	96890.0	96890.0	18
24.06.2026 09:00	96890.0	96910.0	96110.0	96250.0	2173
24.06.2026 09:15	96250.0	96430.0	96060.0	96130.0	1228
24.06.2026 09:30	96130.0	96300.0	95910.0	96070.0	1797
24.06.2026 09:45	96060.0	96210.0	95770.0	95910.0	1496
24.06.2026 10:00	95900.0	95920.0	95040.0	95300.0	5980
24.06.2026 10:15	95310.0	95670.0	95160.0	95310.0	2811
24.06.2026 10:30	95270.0	95360.0	94970.0	95150.0	3803
24.06.2026 10:45	95170.0	95240.0	94590.0	94640.0	3361
24.06.2026 11:00	94640.0	95190.0	94580.0	95130.0	2230
24.06.2026 11:15	95110.0	95290.0	94820.0	95150.0	1730
24.06.2026 11:30	95150.0	95150.0	94840.0	95050.0	1329
24.06.2026 11:45	95020.0	95400.0	94870.0	94920.0	2459
24.06.2026 12:00	94910.0	95530.0	94720.0	95280.0	2118
24.06.2026 12:15	95270.0	95300.0	94950.0	95030.0	1047
24.06.2026 12:30	95020.0	95120.0	94750.0	94820.0	1502
24.06.2026 12:45	94800.0	94960.0	94730.0	94770.0	889
24.06.2026 13:00	94760.0	94760.0	93830.0	94060.0	5134
24.06.2026 13:15	94020.0	94410.0	93870.0	94380.0	2550
24.06.2026 13:30	94390.0	95160.0	94240.0	94720.0	4365
24.06.2026 13:45	94720.0	94830.0	94470.0	94510.0	1402
24.06.2026 14:00	94510.0	94730.0	94330.0	94520.0	1150
24.06.2026 14:15	94550.0	94560.0	93590.0	93950.0	3098
24.06.2026 14:30	93980.0	94260.0	93830.0	94200.0	1807
24.06.2026 14:45	94200.0	94360.0	93970.0	94200.0	1083
24.06.2026 15:00	94190.0	94450.0	94160.0	94210.0	887
24.06.2026 15:15	94190.0	94310.0	94020.0	94020.0	536
24.06.2026 15:30	94040.0	94680.0	94030.0	94180.0	1845
24.06.2026 15:45	94200.0	94420.0	94080.0	94100.0	593
24.06.2026 16:00	94080.0	94170.0	93850.0	93920.0	1574
24.06.2026 16:15	93930.0	93960.0	93310.0	93540.0	3226
24.06.2026 16:30	93530.0	93850.0	93370.0	93750.0	2610
24.06.2026 16:45	93770.0	94020.0	93690.0	93830.0	1322
24.06.2026 17:00	93820.0	94100.0	93650.0	93750.0	1703
24.06.2026 17:15	93750.0	93750.0	93030.0	93060.0	3283
24.06.2026 17:30	93090.0	93240.0	92710.0	92960.0	3305
24.06.2026 17:45	92980.0	92980.0	91930.0	92420.0	5745
24.06.2026 18:00	92420.0	92920.0	91840.0	92900.0	7058
24.06.2026 18:15	92900.0	93210.0	92490.0	92590.0	4383
24.06.2026 18:30	92620.0	92690.0	91870.0	91880.0	2138
24.06.2026 18:45	91880.0	92290.0	91820.0	92250.0	1939
24.06.2026 19:00	92270.0	92960.0	92050.0	92950.0	2246
24.06.2026 19:15	92940.0	93350.0	92660.0	93190.0	2430
24.06.2026 19:30	93170.0	93210.0	92670.0	92760.0	1169
24.06.2026 19:45	92790.0	92900.0	92520.0	92530.0	722
24.06.2026 20:00	92520.0	92650.0	92290.0	92590.0	1486
24.06.2026 20:15	92600.0	92710.0	92410.0	92490.0	403
24.06.2026 20:30	92500.0	92750.0	92500.0	92590.0	260
24.06.2026 20:45	92610.0	92640.0	92470.0	92470.0	281
24.06.2026 21:00	92470.0	92650.0	92380.0	92610.0	1182
24.06.2026 21:15	92660.0	92840.0	92620.0	92630.0	379
24.06.2026 21:30	92680.0	92730.0	92530.0	92660.0	137
24.06.2026 21:45	92650.0	92720.0	92560.0	92700.0	129
24.06.2026 22:00	92650.0	92720.0	92530.0	92530.0	155
24.06.2026 22:15	92520.0	92630.0	92480.0	92520.0	206
24.06.2026 22:30	92540.0	92620.0	92530.0	92580.0	157
24.06.2026 22:45	92590.0	92680.0	92580.0	92680.0	148
24.06.2026 23:00	92680.0	92690.0	92510.0	92560.0	187
24.06.2026 23:15	92530.0	92590.0	92520.0	92560.0	240
24.06.2026 23:30	92580.0	92710.0	92570.0	92620.0	415
24.06.2026 23:45	92640.0	92800.0	92630.0	92670.0	360
25.06.2026 08:45	92780.0	92780.0	92780.0	92780.0	3
25.06.2026 09:00	92700.0	92820.0	92230.0	92340.0	1618
25.06.2026 09:15	92340.0	92860.0	92320.0	92770.0	2540
25.06.2026 09:30	92710.0	92930.0	92430.0	92780.0	1505
25.06.2026 09:45	92750.0	92930.0	92630.0	92760.0	499
25.06.2026 10:00	92800.0	93690.0	92630.0	93570.0	5784
25.06.2026 10:15	93570.0	93730.0	93240.0	93270.0	2852
25.06.2026 10:30	93260.0	93350.0	92790.0	93050.0	2296
25.06.2026 10:45	93020.0	93080.0	92480.0	92630.0	2364
25.06.2026 11:00	92620.0	93130.0	92570.0	92820.0	4341
25.06.2026 11:15	92810.0	93360.0	92580.0	92650.0	2946
25.06.2026 11:30	92670.0	92920.0	92290.0	92490.0	1568
25.06.2026 11:45	92450.0	92620.0	92140.0	92420.0	1330
25.06.2026 12:00	92410.0	92850.0	92290.0	92440.0	2721
25.06.2026 12:15	92450.0	93120.0	92310.0	92890.0	2716
25.06.2026 12:30	92860.0	92910.0	92580.0	92630.0	1709
25.06.2026 12:45	92600.0	92650.0	92080.0	92130.0	1993
25.06.2026 13:00	92150.0	92220.0	91210.0	91240.0	3617
25.06.2026 13:15	91240.0	91250.0	90400.0	90550.0	8439
25.06.2026 13:30	90530.0	91090.0	90470.0	90880.0	3359
25.06.2026 13:45	90850.0	91340.0	90610.0	90990.0	4212
25.06.2026 14:00	90980.0	91220.0	90770.0	91070.0	2234
25.06.2026 14:15	91040.0	91090.0	90510.0	90920.0	2109
25.06.2026 14:30	90920.0	90950.0	90230.0	90550.0	3496
25.06.2026 14:45	90550.0	90720.0	90010.0	90150.0	3640
25.06.2026 15:00	90140.0	90510.0	90060.0	90090.0	2902
25.06.2026 15:15	90120.0	90270.0	89850.0	89870.0	2143
25.06.2026 15:30	89860.0	90430.0	89620.0	90330.0	3999
25.06.2026 15:45	90330.0	90940.0	90260.0	90680.0	2774
25.06.2026 16:00	90700.0	90960.0	90470.0	90600.0	1953
25.06.2026 16:15	90610.0	90850.0	90430.0	90640.0	1433
25.06.2026 16:30	90640.0	90640.0	90260.0	90350.0	1006
25.06.2026 16:45	90380.0	90540.0	90030.0	90520.0	1412
25.06.2026 17:00	90520.0	90840.0	90310.0	90740.0	1800
25.06.2026 17:15	90770.0	90900.0	90470.0	90680.0	799
25.06.2026 17:30	90680.0	90760.0	90090.0	90270.0	4178
25.06.2026 17:45	90310.0	90550.0	90160.0	90310.0	1405
25.06.2026 18:00	90290.0	90620.0	90100.0	90400.0	993
25.06.2026 18:15	90390.0	91340.0	90310.0	91130.0	3152
25.06.2026 18:30	91130.0	91330.0	90850.0	90950.0	1671
25.06.2026 18:45	90950.0	91210.0	90820.0	90880.0	1294
25.06.2026 19:00	90850.0	91070.0	90850.0	90960.0	674
25.06.2026 19:15	90970.0	90990.0	90820.0	90880.0	638
25.06.2026 19:30	90860.0	90920.0	90740.0	90890.0	492
25.06.2026 19:45	90890.0	91190.0	90890.0	91090.0	541
25.06.2026 20:00	91070.0	91180.0	90700.0	90810.0	1387
25.06.2026 20:15	90830.0	90870.0	90690.0	90800.0	614
25.06.2026 20:30	90830.0	90910.0	90800.0	90910.0	204
25.06.2026 20:45	90920.0	90940.0	90810.0	90860.0	238
25.06.2026 21:00	90860.0	90960.0	90830.0	90870.0	259
25.06.2026 21:15	90860.0	90970.0	90840.0	90850.0	109
25.06.2026 21:30	90880.0	90910.0	90310.0	90320.0	615
25.06.2026 21:45	90330.0	90450.0	90170.0	90300.0	747
25.06.2026 22:00	90310.0	90380.0	90060.0	90160.0	578
25.06.2026 22:15	90160.0	90190.0	89960.0	90100.0	550
25.06.2026 22:30	90110.0	90260.0	90020.0	90220.0	295
25.06.2026 22:45	90240.0	90250.0	90090.0	90210.0	152
25.06.2026 23:00	90180.0	90210.0	90070.0	90110.0	409
25.06.2026 23:15	90100.0	90250.0	90100.0	90100.0	402
25.06.2026 23:30	90120.0	90150.0	90000.0	90020.0	559
25.06.2026 23:45	90020.0	90200.0	90020.0	90100.0	163
26.06.2026 08:45	89450.0	89870.0	89450.0	89570.0	67
26.06.2026 09:00	89440.0	89630.0	89060.0	89220.0	3601
26.06.2026 09:15	89210.0	89310.0	88710.0	88810.0	2459
26.06.2026 09:30	88800.0	88980.0	88650.0	88910.0	1748
26.06.2026 09:45	88900.0	89380.0	88850.0	89300.0	1662
26.06.2026 10:00	89310.0	89470.0	88930.0	89140.0	2778
26.06.2026 10:15	89140.0	89850.0	89080.0	89180.0	3691
26.06.2026 10:30	89190.0	89260.0	88820.0	89030.0	2597
26.06.2026 10:45	89020.0	89580.0	88490.0	89000.0	4711
26.06.2026 11:00	89060.0	89080.0	88360.0	88410.0	2737
26.06.2026 11:15	88400.0	88630.0	87980.0	88000.0	4354
26.06.2026 11:30	88000.0	88370.0	88000.0	88280.0	1695
26.06.2026 11:45	88270.0	88350.0	87620.0	87620.0	3190
26.06.2026 12:00	87620.0	88060.0	87530.0	87960.0	3001
26.06.2026 12:15	87970.0	88040.0	87690.0	87990.0	1024
26.06.2026 12:30	87980.0	88240.0	87800.0	88000.0	2263
26.06.2026 12:45	88010.0	88130.0	87580.0	87670.0	1972
26.06.2026 13:00	87690.0	87870.0	87510.0	87680.0	1417
26.06.2026 13:15	87630.0	87640.0	87110.0	87350.0	3474
26.06.2026 13:30	87350.0	87360.0	87020.0	87120.0	1954
26.06.2026 13:45	87100.0	87100.0	86700.0	87040.0	3055
26.06.2026 14:00	87030.0	87280.0	86970.0	87120.0	1581
26.06.2026 14:15	87140.0	87800.0	87130.0	87390.0	3385
26.06.2026 14:30	87440.0	88070.0	87410.0	87810.0	3437
26.06.2026 14:45	87810.0	88960.0	87620.0	88770.0	4121
26.06.2026 15:00	88770.0	91640.0	88370.0	90890.0	29160
26.06.2026 15:15	90880.0	90930.0	89650.0	90340.0	10688
26.06.2026 15:30	90350.0	91660.0	90320.0	91120.0	13293
26.06.2026 15:45	91120.0	91840.0	90470.0	91380.0	7610
26.06.2026 16:00	91380.0	91780.0	90650.0	90800.0	5742
26.06.2026 16:15	90820.0	90890.0	90380.0	90760.0	3208
26.06.2026 16:30	90790.0	90850.0	90150.0	90440.0	3231
26.06.2026 16:45	90450.0	90650.0	90020.0	90330.0	2702
26.06.2026 17:00	90340.0	90500.0	89250.0	89290.0	6754
26.06.2026 17:15	89300.0	89900.0	89100.0	89220.0	3773
26.06.2026 17:30	89220.0	89340.0	88470.0	88500.0	4258
26.06.2026 17:45	88520.0	88560.0	87590.0	88080.0	5946
26.06.2026 18:00	88080.0	88980.0	87970.0	88800.0	4890
26.06.2026 18:15	88800.0	89300.0	88610.0	88760.0	3549
26.06.2026 18:30	88730.0	89530.0	88580.0	89370.0	3125
26.06.2026 18:45	89430.0	90340.0	89430.0	89810.0	7204
26.06.2026 19:00	89890.0	90450.0	89790.0	90360.0	1882
26.06.2026 19:15	90350.0	90360.0	89710.0	89930.0	1543
26.06.2026 19:30	89900.0	89990.0	89650.0	89690.0	309
26.06.2026 19:45	89690.0	89720.0	89550.0	89640.0	429
26.06.2026 20:00	89600.0	89780.0	89560.0	89700.0	252
26.06.2026 20:15	89700.0	89910.0	89460.0	89860.0	602
26.06.2026 20:30	89860.0	90020.0	89790.0	90010.0	363
26.06.2026 20:45	90020.0	90040.0	89880.0	89930.0	327
26.06.2026 21:00	89940.0	90320.0	89910.0	90200.0	758
26.06.2026 21:15	90190.0	90290.0	90080.0	90230.0	541
26.06.2026 21:30	90230.0	90240.0	90030.0	90030.0	576
26.06.2026 21:45	90050.0	90180.0	89940.0	90140.0	350
26.06.2026 22:00	90170.0	90210.0	89950.0	90000.0	188
26.06.2026 22:15	89980.0	90020.0	89880.0	90010.0	233
26.06.2026 22:30	90020.0	90110.0	90010.0	90110.0	186
26.06.2026 22:45	90090.0	90210.0	90090.0	90130.0	126
26.06.2026 23:00	90120.0	90350.0	90120.0	90350.0	276
26.06.2026 23:15	90360.0	90380.0	90200.0	90210.0	206
26.06.2026 23:30	90210.0	90310.0	89980.0	90310.0	662
26.06.2026 23:45	90300.0	90310.0	90250.0	90300.0	105
27.06.2026 09:45	90380.0	90380.0	90380.0	90380.0	4
27.06.2026 10:00	90340.0	90960.0	90330.0	90420.0	382
27.06.2026 10:15	90390.0	90400.0	90290.0	90400.0	85
27.06.2026 10:30	90400.0	90400.0	90300.0	90300.0	52
27.06.2026 10:45	90300.0	90330.0	90210.0	90280.0	38
27.06.2026 11:00	90280.0	90300.0	90240.0	90280.0	13
27.06.2026 11:15	90240.0	90240.0	90140.0	90140.0	64
27.06.2026 11:30	90140.0	90190.0	90130.0	90180.0	71
27.06.2026 11:45	90180.0	90300.0	90180.0	90220.0	109
27.06.2026 12:00	90240.0	90250.0	90080.0	90080.0	80
27.06.2026 12:15	90080.0	90080.0	90060.0	90070.0	12
27.06.2026 12:30	90080.0	90120.0	90080.0	90100.0	9
27.06.2026 12:45	90110.0	90110.0	90110.0	90110.0	4
27.06.2026 13:00	90140.0	90180.0	90120.0	90180.0	14
27.06.2026 13:15	90180.0	90250.0	90180.0	90230.0	19
27.06.2026 13:30	90250.0	90250.0	90170.0	90170.0	33
27.06.2026 13:45	90210.0	90250.0	90170.0	90250.0	17
27.06.2026 14:00	90280.0	90280.0	90240.0	90270.0	7
27.06.2026 14:15	90250.0	90250.0	90230.0	90230.0	12
27.06.2026 14:30	90230.0	90230.0	90230.0	90230.0	25
27.06.2026 14:45	90250.0	90280.0	90250.0	90280.0	43
27.06.2026 15:00	90280.0	90320.0	90280.0	90280.0	28
27.06.2026 15:30	90310.0	90390.0	90310.0	90320.0	52
27.06.2026 15:45	90310.0	90360.0	90310.0	90320.0	10
27.06.2026 16:00	90310.0	90310.0	90300.0	90310.0	31
27.06.2026 16:15	90340.0	90360.0	90260.0	90300.0	34
27.06.2026 16:30	90280.0	90290.0	90160.0	90170.0	111
27.06.2026 16:45	90170.0	90170.0	90150.0	90160.0	21
27.06.2026 17:00	90150.0	90160.0	90110.0	90110.0	35
27.06.2026 17:15	90120.0	90170.0	90110.0	90170.0	28
27.06.2026 17:30	90160.0	90160.0	90160.0	90160.0	2
27.06.2026 17:45	90120.0	90120.0	90120.0	90120.0	2
27.06.2026 18:00	90130.0	90130.0	90110.0	90130.0	7
27.06.2026 18:15	90120.0	90120.0	90120.0	90120.0	2
27.06.2026 18:30	90110.0	90150.0	90090.0	90100.0	20
27.06.2026 18:45	90120.0	90180.0	89990.0	89990.0	74
28.06.2026 10:00	90160.0	90250.0	90060.0	90230.0	119
28.06.2026 10:15	90270.0	90270.0	90110.0	90210.0	89
28.06.2026 10:30	90130.0	90130.0	90010.0	90020.0	108
28.06.2026 10:45	90070.0	90080.0	90030.0	90040.0	13
28.06.2026 11:00	90040.0	90070.0	90010.0	90070.0	34
28.06.2026 11:15	90100.0	90140.0	90070.0	90070.0	64
28.06.2026 11:30	90060.0	90100.0	90040.0	90090.0	22
28.06.2026 11:45	90090.0	90100.0	90090.0	90090.0	3
28.06.2026 12:00	90060.0	90060.0	90060.0	90060.0	4
28.06.2026 12:15	90090.0	90090.0	90070.0	90070.0	3
28.06.2026 12:30	90080.0	90090.0	89930.0	90030.0	174
28.06.2026 12:45	90030.0	90060.0	90030.0	90060.0	20
28.06.2026 13:00	90080.0	90100.0	90080.0	90100.0	13
28.06.2026 13:15	90090.0	90110.0	90050.0	90050.0	22
28.06.2026 13:30	90050.0	90050.0	90030.0	90030.0	25
28.06.2026 13:45	90050.0	90050.0	90050.0	90050.0	2
28.06.2026 14:00	90050.0	90060.0	90040.0	90040.0	12
28.06.2026 14:15	90040.0	90070.0	90030.0	90070.0	26
28.06.2026 14:30	90050.0	90070.0	89960.0	89960.0	92
28.06.2026 14:45	90020.0	90020.0	89990.0	89990.0	10
28.06.2026 15:00	90000.0	90040.0	90000.0	90040.0	4
28.06.2026 15:15	90000.0	90000.0	89950.0	89970.0	13
28.06.2026 15:30	89950.0	89950.0	89950.0	89950.0	78
28.06.2026 15:45	89950.0	89950.0	89950.0	89950.0	9
28.06.2026 16:00	89920.0	89920.0	89860.0	89880.0	86
28.06.2026 16:15	89920.0	89940.0	89920.0	89920.0	12
28.06.2026 16:30	89890.0	89900.0	89830.0	89860.0	34
28.06.2026 16:45	89850.0	89850.0	89800.0	89820.0	97
28.06.2026 17:00	89830.0	89850.0	89750.0	89800.0	69
28.06.2026 17:15	89820.0	89880.0	89780.0	89880.0	82
28.06.2026 17:30	89880.0	89880.0	89800.0	89860.0	11
28.06.2026 17:45	89850.0	89900.0	89850.0	89860.0	48
28.06.2026 18:00	89890.0	89890.0	89850.0	89850.0	22
28.06.2026 18:15	89890.0	89890.0	89830.0	89830.0	9
28.06.2026 18:30	89820.0	89880.0	89790.0	89840.0	38
28.06.2026 18:45	89840.0	89890.0	89820.0	89890.0	20
29.06.2026 08:45	89800.0	89800.0	89800.0	89800.0	5
29.06.2026 09:00	89800.0	90200.0	89510.0	89670.0	3740
29.06.2026 09:15	89650.0	89650.0	88750.0	88990.0	2078
29.06.2026 09:30	88980.0	88980.0	88530.0	88880.0	1520
29.06.2026 09:45	88880.0	88970.0	88360.0	88750.0	1922
29.06.2026 10:00	88750.0	89160.0	88350.0	89160.0	4956
29.06.2026 10:15	89190.0	89550.0	88970.0	89080.0	4314
29.06.2026 10:30	89080.0	89150.0	88470.0	88580.0	3998
29.06.2026 10:45	88570.0	89080.0	88450.0	89040.0	2664
29.06.2026 11:00	89040.0	90490.0	88970.0	90340.0	12084
29.06.2026 11:15	90360.0	91880.0	90360.0	91470.0	13061
29.06.2026 11:30	91510.0	92220.0	91500.0	92030.0	6191
29.06.2026 11:45	92020.0	92170.0	91390.0	92040.0	4427
29.06.2026 12:00	92070.0	92750.0	91680.0	91900.0	6855
29.06.2026 12:15	91900.0	91920.0	91310.0	91720.0	3478
29.06.2026 12:30	91720.0	91930.0	91360.0	91490.0	3067
29.06.2026 12:45	91530.0	91650.0	91240.0	91350.0	2658
29.06.2026 13:00	91370.0	91590.0	91210.0	91460.0	3109
29.06.2026 13:15	91440.0	91730.0	91280.0	91510.0	2817
29.06.2026 13:30	91500.0	92080.0	91450.0	91460.0	2770
29.06.2026 13:45	91450.0	91660.0	91080.0	91120.0	3372
29.06.2026 14:00	91110.0	91200.0	90640.0	90680.0	3479
29.06.2026 14:15	90700.0	91030.0	90550.0	90970.0	2539
29.06.2026 14:30	90980.0	91170.0	90590.0	90780.0	2484
29.06.2026 14:45	90770.0	90970.0	90580.0	90970.0	1596
29.06.2026 15:00	90940.0	91540.0	90930.0	91330.0	2864
29.06.2026 15:15	91320.0	91510.0	91210.0	91370.0	1299
29.06.2026 15:30	91370.0	92090.0	91340.0	92050.0	2855
29.06.2026 15:45	92080.0	92600.0	92000.0	92390.0	2932
29.06.2026 16:00	92390.0	92570.0	92020.0	92090.0	2932
29.06.2026 16:15	92060.0	92360.0	92060.0	92260.0	1271
29.06.2026 16:30	92250.0	92510.0	91880.0	92090.0	1969
29.06.2026 16:45	92080.0	92580.0	92050.0	92530.0	1987
29.06.2026 17:00	92560.0	92780.0	92430.0	92680.0	1781
29.06.2026 17:15	92690.0	93960.0	92690.0	93810.0	6872
29.06.2026 17:30	93810.0	94320.0	93810.0	94050.0	5679
29.06.2026 17:45	94040.0	94240.0	93670.0	93780.0	4408
29.06.2026 18:00	93790.0	94140.0	93730.0	93770.0	1843
29.06.2026 18:15	93760.0	93900.0	93320.0	93470.0	2246
29.06.2026 18:30	93470.0	94330.0	93470.0	94130.0	3364
29.06.2026 18:45	94120.0	94180.0	93940.0	94110.0	1101
29.06.2026 19:00	94130.0	94190.0	93660.0	93820.0	805
29.06.2026 19:15	93820.0	93910.0	93700.0	93880.0	425
29.06.2026 19:30	93890.0	94290.0	93760.0	94260.0	1036
29.06.2026 19:45	94280.0	94550.0	93890.0	94470.0	1834
29.06.2026 20:00	94480.0	94490.0	94230.0	94280.0	534
29.06.2026 20:15	94280.0	94320.0	94170.0	94220.0	290
29.06.2026 20:30	94190.0	94190.0	94030.0	94090.0	192
29.06.2026 20:45	94090.0	94170.0	94080.0	94140.0	94
29.06.2026 21:00	94100.0	94650.0	94040.0	94640.0	1177
29.06.2026 21:15	94620.0	94740.0	94410.0	94460.0	1151
29.06.2026 21:30	94490.0	94600.0	94390.0	94590.0	507
29.06.2026 21:45	94590.0	94700.0	94480.0	94550.0	617
29.06.2026 22:00	94640.0	94650.0	94520.0	94570.0	252
29.06.2026 22:15	94560.0	94610.0	94500.0	94510.0	175
29.06.2026 22:30	94530.0	94600.0	94470.0	94540.0	357
29.06.2026 22:45	94550.0	94570.0	94420.0	94450.0	287
29.06.2026 23:00	94460.0	94480.0	94180.0	94220.0	697
29.06.2026 23:15	94220.0	94250.0	94030.0	94100.0	375
29.06.2026 23:30	94130.0	94290.0	94040.0	94190.0	589
29.06.2026 23:45	94270.0	94320.0	94170.0	94320.0	298
30.06.2026 08:45	94430.0	94430.0	94320.0	94320.0	27
30.06.2026 09:00	94330.0	94420.0	93540.0	93700.0	3164
30.06.2026 09:15	93720.0	93930.0	93620.0	93630.0	703
30.06.2026 09:30	93620.0	93630.0	93160.0	93220.0	2177
30.06.2026 09:45	93230.0	93910.0	93200.0	93510.0	2164
30.06.2026 10:00	93510.0	93730.0	93030.0	93420.0	4139
30.06.2026 10:15	93400.0	94000.0	93260.0	93980.0	3157
30.06.2026 10:30	93980.0	94070.0	93680.0	93730.0	1860
30.06.2026 10:45	93720.0	94010.0	93690.0	93710.0	1069
30.06.2026 11:00	93710.0	93990.0	93560.0	93740.0	1747
30.06.2026 11:15	93740.0	94000.0	93600.0	93760.0	1482
30.06.2026 11:30	93760.0	93810.0	93430.0	93680.0	1704
30.06.2026 11:45	93700.0	93850.0	93610.0	93840.0	1321
30.06.2026 12:00	93830.0	94650.0	93640.0	94550.0	3729
30.06.2026 12:15	94540.0	94880.0	94370.0	94810.0	5209
30.06.2026 12:30	94800.0	95100.0	94530.0	94900.0	3814
30.06.2026 12:45	94890.0	95100.0	94760.0	94780.0	2274
30.06.2026 13:00	94770.0	94940.0	94670.0	94710.0	1256
30.06.2026 13:15	94750.0	94890.0	94600.0	94670.0	832
30.06.2026 13:30	94660.0	94830.0	94160.0	94160.0	2466
30.06.2026 13:45	94160.0	94230.0	93890.0	93950.0	2007
30.06.2026 14:00	93950.0	94130.0	93650.0	93920.0	3013
30.06.2026 14:15	93920.0	94160.0	93850.0	93870.0	1348
30.06.2026 14:30	93850.0	93910.0	93620.0	93650.0	1642
30.06.2026 14:45	93650.0	94070.0	93520.0	93990.0	1990
30.06.2026 15:00	93950.0	93990.0	93630.0	93800.0	1755
30.06.2026 15:15	93800.0	93930.0	93340.0	93350.0	1951
30.06.2026 15:30	93350.0	93490.0	93110.0	93220.0	2859
30.06.2026 15:45	93210.0	93410.0	93110.0	93270.0	2056
30.06.2026 16:00	93260.0	93620.0	93230.0	93590.0	1270
30.06.2026 16:15	93600.0	93600.0	93050.0	93230.0	1575
30.06.2026 16:30	93250.0	93440.0	93060.0	93120.0	1949
30.06.2026 16:45	93120.0	93140.0	92060.0	92230.0	8570
30.06.2026 17:00	92220.0	92610.0	92100.0	92540.0	3049
30.06.2026 17:15	92540.0	92760.0	92350.0	92470.0	2395
30.06.2026 17:30	92470.0	92630.0	92170.0	92380.0	2223
30.06.2026 17:45	92360.0	92380.0	91750.0	91800.0	2954
30.06.2026 18:00	91790.0	92200.0	91690.0	92030.0	1651
30.06.2026 18:15	92050.0	92050.0	91440.0	91600.0	2471
30.06.2026 18:30	91590.0	91600.0	91390.0	91580.0	1293
30.06.2026 18:45	91590.0	91900.0	91550.0	91620.0	1114
30.06.2026 19:00	91580.0	91650.0	91370.0	91410.0	895
30.06.2026 19:15	91390.0	91430.0	91220.0	91280.0	1118
30.06.2026 19:30	91270.0	91540.0	91230.0	91530.0	622
30.06.2026 19:45	91540.0	91690.0	91410.0	91600.0	566
30.06.2026 20:00	91600.0	91720.0	91510.0	91580.0	451
30.06.2026 20:15	91560.0	91850.0	91480.0	91740.0	752
30.06.2026 20:30	91720.0	91960.0	91710.0	91880.0	1447
30.06.2026 20:45	91880.0	91890.0	91680.0	91840.0	365
30.06.2026 21:00	91810.0	91810.0	91590.0	91610.0	366
30.06.2026 21:15	91580.0	91580.0	91370.0	91510.0	524
30.06.2026 21:30	91480.0	91570.0	91460.0	91570.0	113
30.06.2026 21:45	91580.0	91790.0	91560.0	91770.0	180
30.06.2026 22:00	91770.0	91790.0	91610.0	91670.0	160
30.06.2026 22:15	91680.0	91860.0	91530.0	91560.0	406
30.06.2026 22:30	91550.0	91640.0	91550.0	91600.0	121
30.06.2026 22:45	91620.0	91670.0	91530.0	91530.0	286
30.06.2026 23:00	91540.0	91550.0	91450.0	91450.0	467
30.06.2026 23:15	91460.0	91570.0	91460.0	91540.0	144
30.06.2026 23:30	91520.0	91530.0	91440.0	91530.0	163
30.06.2026 23:45	91530.0	91560.0	91510.0	91560.0	50
01.07.2026 09:00	91510.0	91920.0	91190.0	91450.0	3690
01.07.2026 09:15	91430.0	91740.0	91330.0	91640.0	1674
01.07.2026 09:30	91650.0	91880.0	91360.0	91360.0	1386
01.07.2026 09:45	91370.0	91800.0	91260.0	91800.0	1655
01.07.2026 10:00	91810.0	92870.0	91540.0	92840.0	6541
01.07.2026 10:15	92860.0	93020.0	92400.0	92720.0	3806
01.07.2026 10:30	92720.0	93090.0	92680.0	92800.0	3441
01.07.2026 10:45	92840.0	92900.0	92360.0	92410.0	2544
01.07.2026 11:00	92410.0	92690.0	91930.0	92630.0	3918
01.07.2026 11:15	92640.0	92930.0	92590.0	92740.0	2623
01.07.2026 11:30	92740.0	92960.0	92590.0	92920.0	2696
01.07.2026 11:45	92920.0	93310.0	92820.0	93280.0	4850
01.07.2026 12:00	93280.0	93420.0	92960.0	93180.0	2526
01.07.2026 12:15	93140.0	94680.0	93120.0	94190.0	9082
01.07.2026 12:30	94210.0	94370.0	93780.0	93980.0	2576
01.07.2026 12:45	93990.0	94150.0	93780.0	94000.0	1310
01.07.2026 13:00	94010.0	94140.0	93620.0	93670.0	1239
01.07.2026 13:15	93710.0	93950.0	93540.0	93940.0	1713
01.07.2026 13:30	93950.0	93960.0	93580.0	93580.0	609
01.07.2026 13:45	93570.0	93880.0	93560.0	93770.0	542
01.07.2026 14:00	93780.0	93820.0	93370.0	93580.0	1608
01.07.2026 14:15	93580.0	93820.0	93430.0	93550.0	991
01.07.2026 14:30	93540.0	93730.0	93440.0	93590.0	845
01.07.2026 14:45	93590.0	93970.0	93570.0	93700.0	1786
01.07.2026 15:00	93680.0	93880.0	93510.0	93640.0	1545
01.07.2026 15:15	93630.0	93890.0	93550.0	93650.0	1088
01.07.2026 15:30	93640.0	93850.0	93180.0	93540.0	2557
01.07.2026 15:45	93540.0	93640.0	93030.0	93130.0	1879
01.07.2026 16:00	93150.0	93540.0	93040.0	93420.0	2334
01.07.2026 16:15	93430.0	93970.0	93280.0	93630.0	2991
01.07.2026 16:30	93650.0	93970.0	93650.0	93940.0	1748
01.07.2026 16:45	93940.0	94110.0	93580.0	93630.0	2333
01.07.2026 17:00	93650.0	93720.0	93370.0	93530.0	2202
01.07.2026 17:15	93540.0	93570.0	93160.0	93230.0	2475
01.07.2026 17:30	93200.0	93230.0	92530.0	92700.0	3334
01.07.2026 17:45	92690.0	93040.0	92500.0	92890.0	2020
01.07.2026 18:00	92890.0	93090.0	92720.0	93060.0	2082
01.07.2026 18:15	93070.0	93210.0	92820.0	92960.0	1357
01.07.2026 18:30	92940.0	93290.0	92930.0	93090.0	1521
01.07.2026 18:45	93070.0	93100.0	92910.0	92920.0	437
01.07.2026 19:00	92990.0	93210.0	92890.0	93150.0	677
01.07.2026 19:15	93120.0	93170.0	92880.0	92930.0	235
01.07.2026 19:30	92930.0	93130.0	92870.0	93120.0	248
01.07.2026 19:45	93140.0	93250.0	93070.0	93250.0	191
01.07.2026 20:00	93260.0	93280.0	93120.0	93240.0	295
01.07.2026 20:15	93230.0	93230.0	93120.0	93160.0	67
01.07.2026 20:30	93170.0	93240.0	93120.0	93240.0	135
01.07.2026 20:45	93220.0	93250.0	93170.0	93190.0	107
01.07.2026 21:00	93200.0	93200.0	93000.0	93000.0	271
01.07.2026 21:15	93010.0	93170.0	92980.0	93170.0	217
01.07.2026 21:30	93180.0	93190.0	93150.0	93180.0	89
01.07.2026 21:45	93190.0	93240.0	93180.0	93230.0	109
01.07.2026 22:00	93210.0	93250.0	93090.0	93100.0	217
01.07.2026 22:15	93090.0	93160.0	93050.0	93050.0	146
01.07.2026 22:30	93050.0	93100.0	92980.0	92980.0	176
01.07.2026 22:45	93040.0	93040.0	92960.0	93020.0	100
01.07.2026 23:00	93010.0	93080.0	92960.0	93050.0	74
01.07.2026 23:15	93080.0	93080.0	93040.0	93080.0	111
01.07.2026 23:30	93090.0	93150.0	93060.0	93130.0	159
01.07.2026 23:45	93110.0	93170.0	93030.0	93170.0	134
02.07.2026 08:45	93000.0	93000.0	93000.0	93000.0	11
02.07.2026 09:00	92980.0	93060.0	92680.0	92870.0	1687
02.07.2026 09:15	92860.0	92870.0	92380.0	92570.0	1213
02.07.2026 09:30	92560.0	92620.0	92160.0	92180.0	1811
02.07.2026 09:45	92170.0	92460.0	92100.0	92230.0	1959
02.07.2026 10:00	92220.0	92290.0	92010.0	92180.0	2309
02.07.2026 10:15	92160.0	92680.0	92100.0	92270.0	3156
02.07.2026 10:30	92270.0	92470.0	92130.0	92270.0	1422
02.07.2026 10:45	92260.0	92440.0	92170.0	92410.0	987
02.07.2026 11:00	92400.0	92480.0	92110.0	92280.0	1076
02.07.2026 11:15	92260.0	92260.0	91720.0	91820.0	3543
02.07.2026 11:30	91810.0	91880.0	91610.0	91670.0	2420
02.07.2026 11:45	91650.0	91760.0	91350.0	91360.0	3336
02.07.2026 12:00	91350.0	91530.0	91150.0	91350.0	3527
02.07.2026 12:15	91360.0	91710.0	91340.0	91470.0	1448
02.07.2026 12:30	91490.0	91690.0	91440.0	91620.0	487
02.07.2026 12:45	91640.0	91680.0	91270.0	91450.0	1052
02.07.2026 13:00	91420.0	91430.0	91010.0	91260.0	2800
02.07.2026 13:15	91270.0	92200.0	91160.0	91620.0	5303
02.07.2026 13:30	91640.0	91680.0	91220.0	91360.0	1241
02.07.2026 13:45	91350.0	91520.0	91220.0	91360.0	988
02.07.2026 14:00	91350.0	91640.0	91230.0	91420.0	1353
02.07.2026 14:15	91410.0	91410.0	91060.0	91070.0	2083
02.07.2026 14:30	91070.0	91070.0	90410.0	90410.0	5933
02.07.2026 14:45	90410.0	90490.0	90100.0	90210.0	5964
02.07.2026 15:00	90200.0	90430.0	90010.0	90170.0	3199
02.07.2026 15:15	90190.0	90430.0	90010.0	90030.0	2496
02.07.2026 15:30	90040.0	90600.0	90010.0	90490.0	4522
02.07.2026 15:45	90490.0	90650.0	89920.0	89940.0	6507
02.07.2026 16:00	89960.0	90250.0	89880.0	89890.0	2953
02.07.2026 16:15	89910.0	90210.0	89900.0	90050.0	1981
02.07.2026 16:30	90030.0	90050.0	89740.0	89820.0	2170
02.07.2026 16:45	89840.0	90020.0	89160.0	89190.0	5081
02.07.2026 17:00	89190.0	89360.0	88930.0	89220.0	4130
02.07.2026 17:15	89220.0	89480.0	89060.0	89370.0	2108
02.07.2026 17:30	89340.0	89590.0	89200.0	89590.0	1648
02.07.2026 17:45	89590.0	89950.0	89590.0	89880.0	2479
02.07.2026 18:00	89890.0	90050.0	89770.0	89870.0	1653
02.07.2026 18:15	89880.0	89920.0	89610.0	89810.0	1331
02.07.2026 18:30	89800.0	89990.0	89570.0	89570.0	1201
02.07.2026 18:45	89590.0	89680.0	89450.0	89540.0	1211
02.07.2026 19:00	89550.0	89810.0	89330.0	89590.0	1334
02.07.2026 19:15	89580.0	89680.0	89180.0	89300.0	984
02.07.2026 19:30	89260.0	89360.0	89000.0	89090.0	1598
02.07.2026 19:45	89090.0	89220.0	88810.0	89010.0	2488
02.07.2026 20:00	89000.0	89300.0	88950.0	89200.0	697
02.07.2026 20:15	89210.0	89310.0	89170.0	89190.0	293
02.07.2026 20:30	89240.0	89350.0	89210.0	89220.0	230
02.07.2026 20:45	89220.0	89610.0	89220.0	89590.0	921
02.07.2026 21:00	89570.0	89610.0	89440.0	89450.0	418
02.07.2026 21:15	89440.0	89500.0	89430.0	89430.0	222
02.07.2026 21:30	89440.0	89600.0	89440.0	89560.0	110
02.07.2026 21:45	89550.0	89670.0	89490.0	89660.0	187
02.07.2026 22:00	89660.0	89710.0	89420.0	89440.0	741
02.07.2026 22:15	89420.0	89450.0	89350.0	89350.0	186
02.07.2026 22:30	89360.0	89460.0	89310.0	89450.0	374
02.07.2026 22:45	89440.0	89500.0	89240.0	89290.0	402
02.07.2026 23:00	89310.0	89430.0	89200.0	89430.0	232
02.07.2026 23:15	89440.0	89460.0	89160.0	89190.0	268
02.07.2026 23:30	89200.0	89380.0	89190.0	89280.0	319
02.07.2026 23:45	89300.0	89400.0	89280.0	89400.0	247
03.07.2026 08:45	89140.0	89140.0	89140.0	89140.0	14
03.07.2026 09:00	89130.0	89640.0	88750.0	89450.0	2729
03.07.2026 09:15	89430.0	90310.0	89330.0	89710.0	3292
03.07.2026 09:30	89690.0	90210.0	89650.0	89980.0	1389
03.07.2026 09:45	90000.0	90480.0	89990.0	90220.0	2328
03.07.2026 10:00	90210.0	90550.0	89770.0	90090.0	4038
03.07.2026 10:15	90080.0	90690.0	90080.0	90310.0	3573
03.07.2026 10:30	90290.0	90360.0	89360.0	89430.0	2585
03.07.2026 10:45	89400.0	89490.0	88230.0	88600.0	6108
03.07.2026 11:00	88620.0	89050.0	88320.0	88650.0	3781
03.07.2026 11:15	88700.0	89630.0	88690.0	89200.0	3776
03.07.2026 11:30	89200.0	89250.0	88770.0	88910.0	1821
03.07.2026 11:45	88930.0	89150.0	88520.0	88750.0	1464
03.07.2026 12:00	88750.0	89460.0	88480.0	88750.0	2850
03.07.2026 12:15	88740.0	89220.0	88650.0	89060.0	952
03.07.2026 12:30	89050.0	89290.0	88950.0	89070.0	758
03.07.2026 12:45	89110.0	89330.0	89080.0	89220.0	800
03.07.2026 13:00	89250.0	89280.0	88660.0	88800.0	1844
03.07.2026 13:15	88770.0	88780.0	88260.0	88610.0	2585
03.07.2026 13:30	88590.0	89400.0	88460.0	89070.0	4164
03.07.2026 13:45	89110.0	89220.0	88910.0	89070.0	646
03.07.2026 14:00	89070.0	89130.0	88860.0	88930.0	490
03.07.2026 14:15	88960.0	89890.0	88800.0	89730.0	3348
03.07.2026 14:30	89760.0	90600.0	89540.0	90250.0	4982
03.07.2026 14:45	90250.0	90570.0	90020.0	90230.0	2569
03.07.2026 15:00	90220.0	90330.0	89710.0	89900.0	1720
03.07.2026 15:15	89900.0	90510.0	89880.0	90430.0	1145
03.07.2026 15:30	90440.0	90680.0	90210.0	90250.0	1558
03.07.2026 15:45	90260.0	90320.0	90000.0	90160.0	828
03.07.2026 16:00	90150.0	90440.0	89800.0	90270.0	2141
03.07.2026 16:15	90280.0	90630.0	90110.0	90150.0	2576
03.07.2026 16:30	90190.0	90200.0	89600.0	89770.0	1428
03.07.2026 16:45	89740.0	89750.0	89160.0	89330.0	2055
03.07.2026 17:00	89330.0	89440.0	89170.0	89340.0	598
03.07.2026 17:15	89360.0	89440.0	88680.0	88830.0	2124
03.07.2026 17:30	88830.0	89180.0	88810.0	88880.0	1130
03.07.2026 17:45	88880.0	88880.0	88400.0	88640.0	1718
03.07.2026 18:00	88640.0	89000.0	88320.0	88730.0	1612
03.07.2026 18:15	88710.0	88830.0	88500.0	88800.0	764
03.07.2026 18:30	88790.0	88920.0	88730.0	88800.0	456
03.07.2026 18:45	88800.0	88980.0	88530.0	88600.0	833
03.07.2026 19:00	88630.0	88870.0	88510.0	88620.0	747
03.07.2026 19:15	88620.0	88750.0	88590.0	88670.0	325
03.07.2026 19:30	88660.0	88720.0	88510.0	88610.0	388
03.07.2026 19:45	88570.0	88610.0	88370.0	88440.0	856
03.07.2026 20:00	88420.0	88700.0	88400.0	88600.0	321
03.07.2026 20:15	88640.0	88680.0	88550.0	88550.0	134
03.07.2026 20:30	88580.0	88650.0	88550.0	88600.0	92
03.07.2026 20:45	88600.0	88740.0	88590.0	88730.0	145
03.07.2026 21:00	88740.0	88770.0	88400.0	88480.0	1315
03.07.2026 21:15	88470.0	88480.0	88100.0	88200.0	1287
03.07.2026 21:30	88190.0	88290.0	88010.0	88260.0	589
03.07.2026 21:45	88260.0	88320.0	88200.0	88280.0	165
03.07.2026 22:00	88290.0	88290.0	88110.0	88210.0	277
03.07.2026 22:15	88210.0	88320.0	88180.0	88300.0	83
03.07.2026 22:30	88280.0	88400.0	88180.0	88350.0	203
03.07.2026 22:45	88350.0	88350.0	88290.0	88330.0	72
03.07.2026 23:00	88330.0	88400.0	88320.0	88360.0	89
03.07.2026 23:15	88350.0	88420.0	88290.0	88390.0	159
03.07.2026 23:30	88410.0	88440.0	88320.0	88320.0	289
03.07.2026 23:45	88310.0	88350.0	88230.0	88340.0	83
04.07.2026 10:00	88390.0	88670.0	88200.0	88220.0	272
04.07.2026 10:15	88210.0	88220.0	88000.0	88040.0	137
04.07.2026 10:30	88030.0	88030.0	88000.0	88010.0	56
04.07.2026 10:45	88000.0	88000.0	87900.0	87980.0	141
04.07.2026 11:00	87990.0	88000.0	87940.0	87940.0	12
04.07.2026 11:15	87920.0	87920.0	87760.0	87760.0	133
04.07.2026 11:30	87770.0	87820.0	87550.0	87570.0	393
04.07.2026 11:45	87560.0	87600.0	87320.0	87600.0	287
04.07.2026 12:00	87550.0	87610.0	87490.0	87540.0	70
04.07.2026 12:15	87610.0	87680.0	87560.0	87590.0	97
04.07.2026 12:30	87590.0	87670.0	87520.0	87590.0	63
04.07.2026 12:45	87640.0	87670.0	87470.0	87580.0	73
04.07.2026 13:00	87600.0	87600.0	87490.0	87590.0	32
04.07.2026 13:15	87500.0	87550.0	87500.0	87550.0	14
04.07.2026 13:30	87510.0	87600.0	87480.0	87480.0	35
04.07.2026 13:45	87500.0	87660.0	87500.0	87660.0	50
04.07.2026 14:00	87660.0	87700.0	87570.0	87570.0	80
04.07.2026 14:15	87610.0	87710.0	87600.0	87640.0	30
04.07.2026 14:30	87630.0	87700.0	87600.0	87700.0	24
04.07.2026 14:45	87700.0	87730.0	87690.0	87730.0	40
04.07.2026 15:00	87730.0	87760.0	87700.0	87700.0	32
04.07.2026 15:15	87700.0	87750.0	87580.0	87750.0	34
04.07.2026 15:30	87740.0	87840.0	87720.0	87750.0	86
04.07.2026 15:45	87750.0	87750.0	87740.0	87750.0	12
04.07.2026 16:00	87790.0	87830.0	87560.0	87730.0	105
04.07.2026 16:15	87750.0	87840.0	87750.0	87810.0	54
04.07.2026 16:30	87780.0	87800.0	87770.0	87770.0	9
04.07.2026 16:45	87750.0	87770.0	87720.0	87720.0	8
04.07.2026 17:00	87720.0	87740.0	87700.0	87710.0	29
04.07.2026 17:15	87700.0	87700.0	87620.0	87630.0	24
04.07.2026 17:30	87670.0	87700.0	87640.0	87700.0	17
04.07.2026 18:00	87730.0	87730.0	87660.0	87660.0	23
04.07.2026 18:15	87660.0	87660.0	87660.0	87660.0	1
04.07.2026 18:30	87660.0	87670.0	87600.0	87600.0	14
04.07.2026 18:45	87680.0	87700.0	87630.0	87690.0	13
05.07.2026 09:45	88350.0	88350.0	88350.0	88350.0	225
05.07.2026 10:00	88350.0	89140.0	88350.0	88860.0	1256
05.07.2026 10:15	88810.0	89440.0	88710.0	89160.0	857
05.07.2026 10:30	89160.0	89430.0	89120.0	89300.0	370
05.07.2026 10:45	89280.0	89300.0	89010.0	89040.0	397
05.07.2026 11:00	89040.0	89100.0	88960.0	88970.0	94
05.07.2026 11:15	88980.0	89000.0	88910.0	89000.0	62
05.07.2026 11:30	89000.0	89000.0	88900.0	88900.0	39
05.07.2026 11:45	88900.0	88970.0	88770.0	88860.0	238
05.07.2026 12:00	88850.0	88890.0	88830.0	88840.0	34
05.07.2026 12:15	88830.0	88930.0	88830.0	88930.0	8
05.07.2026 12:30	88930.0	88990.0	88930.0	88960.0	49
05.07.2026 12:45	88920.0	88970.0	88900.0	88970.0	19
05.07.2026 13:00	88960.0	88990.0	88910.0	88910.0	36
05.07.2026 13:15	88910.0	88930.0	88860.0	88860.0	35
05.07.2026 13:30	88860.0	88890.0	88850.0	88890.0	17
05.07.2026 13:45	88900.0	88900.0	88880.0	88880.0	5
05.07.2026 14:00	88870.0	88960.0	88860.0	88960.0	19
05.07.2026 14:15	88920.0	88960.0	88910.0	88910.0	22
05.07.2026 14:30	88940.0	88970.0	88930.0	88930.0	16
05.07.2026 14:45	88970.0	88980.0	88930.0	88980.0	21
05.07.2026 15:00	88970.0	88990.0	88970.0	88980.0	22
05.07.2026 15:15	88980.0	88990.0	88960.0	88960.0	12
05.07.2026 15:30	88960.0	88960.0	88910.0	88950.0	14
05.07.2026 15:45	88950.0	88960.0	88910.0	88960.0	9
05.07.2026 16:00	88960.0	88990.0	88940.0	88990.0	38
05.07.2026 16:15	88960.0	89200.0	88960.0	89180.0	299
05.07.2026 16:30	89170.0	89200.0	89050.0	89120.0	183
05.07.2026 16:45	89120.0	89130.0	89060.0	89060.0	14
05.07.2026 17:00	89160.0	89190.0	89080.0	89150.0	39
05.07.2026 17:15	89080.0	89200.0	88960.0	89180.0	728
05.07.2026 17:30	89170.0	89170.0	89080.0	89080.0	8
05.07.2026 17:45	89110.0	89150.0	89110.0	89150.0	21
05.07.2026 18:00	89150.0	89150.0	89080.0	89090.0	21
05.07.2026 18:15	89130.0	89140.0	89080.0	89120.0	37
05.07.2026 18:30	89160.0	89180.0	89110.0	89160.0	25
05.07.2026 18:45	89150.0	89180.0	89020.0	89160.0	150
06.07.2026 08:45	89000.0	89000.0	89000.0	89000.0	84
06.07.2026 09:00	88980.0	89230.0	88520.0	88880.0	3785
06.07.2026 09:15	88870.0	89050.0	88710.0	88890.0	1133
06.07.2026 09:30	88880.0	88960.0	88570.0	88830.0	906
06.07.2026 09:45	88830.0	88860.0	88490.0	88670.0	930
06.07.2026 10:00	88700.0	88740.0	88180.0	88320.0	2993
06.07.2026 10:15	88320.0	88320.0	87900.0	88100.0	3086
06.07.2026 10:30	88080.0	88170.0	87850.0	87920.0	1515
06.07.2026 10:45	87940.0	88410.0	87820.0	88170.0	1816
06.07.2026 11:00	88190.0	89210.0	88180.0	88900.0	3556
06.07.2026 11:15	88920.0	89400.0	88820.0	89210.0	2734
06.07.2026 11:30	89220.0	89380.0	88890.0	89060.0	1574
06.07.2026 11:45	89070.0	89120.0	88710.0	88960.0	1718
06.07.2026 12:00	88960.0	88990.0	88700.0	88770.0	896
06.07.2026 12:15	88770.0	89300.0	88630.0	88650.0	1940
06.07.2026 12:30	88650.0	88770.0	88470.0	88710.0	837
06.07.2026 12:45	88720.0	88830.0	88660.0	88780.0	426
06.07.2026 13:00	88740.0	88930.0	88480.0	88750.0	3646
06.07.2026 13:15	88740.0	88910.0	88630.0	88800.0	811
06.07.2026 13:30	88810.0	88940.0	88600.0	88850.0	936
06.07.2026 13:45	88860.0	88940.0	88710.0	88790.0	473
06.07.2026 14:00	88800.0	89150.0	88740.0	88810.0	1095
06.07.2026 14:15	88810.0	88810.0	88370.0	88470.0	1249
06.07.2026 14:30	88450.0	88620.0	88380.0	88450.0	624
06.07.2026 14:45	88450.0	88530.0	88400.0	88400.0	403
06.07.2026 15:00	88400.0	88400.0	87990.0	87990.0	1933
06.07.2026 15:15	87990.0	88000.0	87750.0	87900.0	2544
06.07.2026 15:30	87890.0	87960.0	87620.0	87620.0	789
06.07.2026 15:45	87640.0	87990.0	87550.0	87570.0	1887
06.07.2026 16:00	87580.0	87580.0	86950.0	87450.0	7114
06.07.2026 16:15	87480.0	87760.0	87290.0	87600.0	2888
06.07.2026 16:30	87540.0	87720.0	86970.0	87150.0	4273
06.07.2026 16:45	87130.0	87550.0	86510.0	86850.0	5850
06.07.2026 17:00	86850.0	87990.0	86810.0	87650.0	5437
06.07.2026 17:15	87650.0	88590.0	87640.0	88300.0	5755
06.07.2026 17:30	88290.0	88400.0	87790.0	88270.0	4122
06.07.2026 17:45	88240.0	88330.0	87740.0	87830.0	2929
06.07.2026 18:00	87820.0	88840.0	87820.0	88450.0	5057
06.07.2026 18:15	88450.0	88630.0	88200.0	88260.0	995
06.07.2026 18:30	88290.0	88880.0	88270.0	88590.0	1760
06.07.2026 18:45	88560.0	88760.0	88450.0	88670.0	1196
06.07.2026 19:00	88670.0	88820.0	88390.0	88500.0	1074
06.07.2026 19:15	88520.0	88750.0	88450.0	88690.0	993
06.07.2026 19:30	88620.0	88810.0	88580.0	88780.0	857
06.07.2026 19:45	88760.0	89170.0	88760.0	88960.0	2282
06.07.2026 20:00	88970.0	89070.0	88770.0	88820.0	636
06.07.2026 20:15	88800.0	88820.0	88320.0	88520.0	1427
06.07.2026 20:30	88520.0	88660.0	88450.0	88660.0	417
06.07.2026 20:45	88670.0	88710.0	88360.0	88460.0	469
06.07.2026 21:00	88440.0	88540.0	88320.0	88450.0	522
06.07.2026 21:15	88430.0	88490.0	88310.0	88410.0	282
06.07.2026 21:30	88380.0	88560.0	88370.0	88500.0	413
06.07.2026 21:45	88500.0	88530.0	88420.0	88500.0	224
06.07.2026 22:00	88470.0	88580.0	88470.0	88580.0	109
06.07.2026 22:15	88570.0	88780.0	88550.0	88760.0	228
06.07.2026 22:30	88740.0	88920.0	88740.0	88860.0	631
06.07.2026 22:45	88890.0	88930.0	88850.0	88900.0	161
06.07.2026 23:00	88900.0	88920.0	88820.0	88820.0	166
06.07.2026 23:15	88820.0	88860.0	88760.0	88810.0	162
06.07.2026 23:30	88810.0	88990.0	88800.0	88950.0	259
06.07.2026 23:45	88990.0	89060.0	88970.0	89010.0	148
07.07.2026 08:45	88150.0	88150.0	88150.0	88150.0	38
07.07.2026 09:00	88120.0	88720.0	87940.0	88640.0	3896
07.07.2026 09:15	88610.0	88720.0	88380.0	88600.0	1008
07.07.2026 09:30	88580.0	88850.0	88530.0	88640.0	857
07.07.2026 09:45	88620.0	88670.0	87970.0	88110.0	1680
07.07.2026 10:00	88080.0	88350.0	87660.0	87940.0	3778
07.07.2026 10:15	87930.0	88020.0	87450.0	87450.0	3055
07.07.2026 10:30	87460.0	87930.0	87430.0	87600.0	2563
07.07.2026 10:45	87620.0	87620.0	85980.0	86280.0	9744
07.07.2026 11:00	86280.0	86280.0	85260.0	85880.0	8673
07.07.2026 11:15	85860.0	86410.0	85750.0	86100.0	5424
07.07.2026 11:30	86090.0	86490.0	85960.0	86070.0	3161
07.07.2026 11:45	86100.0	86270.0	85830.0	85940.0	1435
07.07.2026 12:00	85950.0	87350.0	85900.0	87210.0	9307
07.07.2026 12:15	87190.0	87690.0	86780.0	87620.0	5265
07.07.2026 12:30	87660.0	88260.0	87660.0	88050.0	6217
07.07.2026 12:45	88050.0	88340.0	87570.0	88340.0	2926
07.07.2026 13:00	88310.0	88600.0	87500.0	87580.0	4437
07.07.2026 13:15	87580.0	87700.0	87240.0	87570.0	1910
07.07.2026 13:30	87600.0	87890.0	87090.0	87340.0	1714
07.07.2026 13:45	87330.0	88560.0	87310.0	88130.0	3061
07.07.2026 14:00	88120.0	88550.0	87810.0	88340.0	2703
07.07.2026 14:15	88340.0	88560.0	87950.0	87980.0	1835
07.07.2026 14:30	87960.0	88030.0	87360.0	87650.0	2612
07.07.2026 14:45	87650.0	87870.0	87290.0	87620.0	2103
07.07.2026 15:00	87610.0	88280.0	87250.0	88070.0	2753
07.07.2026 15:15	88040.0	88090.0	87370.0	87470.0	1175
07.07.2026 15:30	87440.0	87470.0	86610.0	86910.0	3411
07.07.2026 15:45	86940.0	87480.0	86810.0	87310.0	2386
07.07.2026 16:00	87300.0	87780.0	87110.0	87640.0	1946
07.07.2026 16:15	87680.0	88070.0	87390.0	87580.0	1337
07.07.2026 16:30	87590.0	87710.0	87370.0	87680.0	977
07.07.2026 16:45	87660.0	88030.0	87000.0	87030.0	3054
07.07.2026 17:00	87050.0	87090.0	86670.0	86850.0	2374
07.07.2026 17:15	86870.0	87800.0	86810.0	87310.0	2103
07.07.2026 17:30	87260.0	87680.0	87060.0	87200.0	2206
07.07.2026 17:45	87180.0	87920.0	87090.0	87760.0	2321
07.07.2026 18:00	87820.0	88450.0	87820.0	88090.0	4525
07.07.2026 18:15	88110.0	88290.0	87670.0	87770.0	1628
07.07.2026 18:30	87840.0	88480.0	87770.0	88330.0	1143
07.07.2026 18:45	88330.0	88500.0	88140.0	88400.0	1066
07.07.2026 19:00	88420.0	88450.0	87980.0	88110.0	754
07.07.2026 19:15	88100.0	88290.0	88010.0	88210.0	299
07.07.2026 19:30	88200.0	88250.0	88000.0	88210.0	619
07.07.2026 19:45	88170.0	88290.0	88070.0	88290.0	327
07.07.2026 20:00	88290.0	88830.0	88290.0	88770.0	2173
07.07.2026 20:15	88760.0	88940.0	88580.0	88700.0	1300
07.07.2026 20:30	88710.0	88820.0	88560.0	88580.0	329
07.07.2026 20:45	88600.0	88770.0	88580.0	88770.0	200
07.07.2026 21:00	88770.0	88770.0	88230.0	88280.0	899
07.07.2026 21:15	88280.0	88390.0	88230.0	88280.0	318
07.07.2026 21:30	88340.0	88530.0	88300.0	88480.0	225
07.07.2026 21:45	88470.0	88480.0	88110.0	88290.0	648
07.07.2026 22:00	88290.0	88980.0	88290.0	88910.0	919
07.07.2026 22:15	88900.0	89140.0	88900.0	88990.0	1038
07.07.2026 22:30	89010.0	89250.0	88960.0	89120.0	1146
07.07.2026 22:45	89160.0	89390.0	89160.0	89320.0	1227
07.07.2026 23:00	89340.0	89610.0	89330.0	89440.0	1257
07.07.2026 23:15	89460.0	89520.0	89230.0	89250.0	379
07.07.2026 23:30	89260.0	89360.0	89250.0	89290.0	452
07.07.2026 23:45	89280.0	89300.0	89240.0	89260.0	75
08.07.2026 08:45	89550.0	89550.0	89400.0	89410.0	13
08.07.2026 09:00	89580.0	89850.0	88880.0	89120.0	3081
08.07.2026 09:15	89160.0	89240.0	88820.0	88990.0	1470
08.07.2026 09:30	89030.0	89270.0	88980.0	89170.0	1098
08.07.2026 09:45	89190.0	89610.0	88960.0	89010.0	1924
08.07.2026 10:00	89000.0	89020.0	88020.0	88070.0	3889
08.07.2026 10:15	88060.0	88130.0	87420.0	87730.0	5932
08.07.2026 10:30	87700.0	87920.0	87380.0	87540.0	1941
08.07.2026 10:45	87560.0	87710.0	87230.0	87600.0	1809
08.07.2026 11:00	87600.0	87680.0	87380.0	87660.0	1687
08.07.2026 11:15	87610.0	88470.0	87570.0	88390.0	4001
08.07.2026 11:30	88400.0	89750.0	88390.0	89420.0	7247
08.07.2026 11:45	89430.0	89480.0	88750.0	89130.0	3032
08.07.2026 12:00	89140.0	89500.0	89020.0	89390.0	3168
08.07.2026 12:15	89430.0	89640.0	89020.0	89100.0	3381
08.07.2026 12:30	89100.0	89180.0	88820.0	89140.0	2492
08.07.2026 12:45	89120.0	89550.0	89070.0	89380.0	1535
08.07.2026 13:00	89360.0	89450.0	88600.0	88600.0	1678
08.07.2026 13:15	88600.0	88730.0	88160.0	88430.0	2216
08.07.2026 13:30	88400.0	88850.0	88300.0	88760.0	1246
08.07.2026 13:45	88790.0	88920.0	88560.0	88700.0	1546
08.07.2026 14:00	88700.0	88870.0	88350.0	88390.0	1042
08.07.2026 14:15	88380.0	88640.0	88330.0	88450.0	956
08.07.2026 14:30	88480.0	89100.0	88460.0	88660.0	1336
08.07.2026 14:45	88620.0	88760.0	88120.0	88610.0	1588
08.07.2026 15:00	88610.0	88870.0	88210.0	88370.0	697
08.07.2026 15:15	88390.0	88580.0	88130.0	88440.0	1443
08.07.2026 15:30	88440.0	88740.0	88390.0	88520.0	1046
08.07.2026 15:45	88540.0	89100.0	88510.0	88850.0	2039
08.07.2026 16:00	88850.0	89030.0	87760.0	88010.0	5437
08.07.2026 16:15	88040.0	88450.0	87970.0	88210.0	1445
08.07.2026 16:30	88200.0	88480.0	88080.0	88210.0	698
08.07.2026 16:45	88210.0	88600.0	88130.0	88500.0	643
08.07.2026 17:00	88490.0	88640.0	88200.0	88250.0	997
08.07.2026 17:15	88250.0	89220.0	88250.0	89100.0	3281
08.07.2026 17:30	89080.0	89400.0	88920.0	89250.0	2258
08.07.2026 17:45	89220.0	89710.0	89210.0	89650.0	2857
08.07.2026 18:00	89660.0	90080.0	89650.0	90060.0	5434
08.07.2026 18:15	90050.0	90560.0	90050.0	90260.0	5040
08.07.2026 18:30	90260.0	90590.0	90230.0	90530.0	2203
08.07.2026 18:45	90510.0	90560.0	89900.0	90010.0	2410
08.07.2026 19:00	90000.0	90040.0	89770.0	89870.0	1098
08.07.2026 19:15	89870.0	90090.0	89590.0	89640.0	924
08.07.2026 19:30	89640.0	89970.0	89620.0	89740.0	713
08.07.2026 19:45	89740.0	89940.0	89720.0	89760.0	320
08.07.2026 20:00	89780.0	90030.0	89780.0	90020.0	272
08.07.2026 20:15	89980.0	90050.0	89880.0	89970.0	376
08.07.2026 20:30	89960.0	90290.0	89960.0	90210.0	556
08.07.2026 20:45	90230.0	90290.0	90020.0	90130.0	375
08.07.2026 21:00	90110.0	90170.0	89980.0	90010.0	165
08.07.2026 21:15	90000.0	90040.0	89910.0	89990.0	194
08.07.2026 21:30	89990.0	90180.0	89990.0	90060.0	198
08.07.2026 21:45	90090.0	90140.0	89980.0	90020.0	214
08.07.2026 22:00	90030.0	90240.0	90020.0	90200.0	368
08.07.2026 22:15	90190.0	90260.0	90110.0	90110.0	253
08.07.2026 22:30	90100.0	90190.0	89980.0	90170.0	179
08.07.2026 22:45	90170.0	90230.0	90130.0	90160.0	231
08.07.2026 23:00	90170.0	90220.0	90070.0	90160.0	219
08.07.2026 23:15	90180.0	90380.0	90170.0	90360.0	252
08.07.2026 23:30	90350.0	90650.0	90330.0	90590.0	1121
08.07.2026 23:45	90600.0	90620.0	90590.0	90610.0	76
09.07.2026 08:45	89790.0	89800.0	89790.0	89800.0	93
09.07.2026 09:00	89790.0	90090.0	89320.0	89560.0	3740
09.07.2026 09:15	89620.0	89940.0	89530.0	89810.0	1275
09.07.2026 09:30	89860.0	90190.0	89860.0	90050.0	850
09.07.2026 09:45	90060.0	90480.0	90060.0	90150.0	1544
09.07.2026 10:00	90150.0	90400.0	89740.0	90360.0	2275
09.07.2026 10:15	90350.0	90560.0	89870.0	89950.0	1490
09.07.2026 10:30	89920.0	90040.0	89520.0	89730.0	2147
09.07.2026 10:45	89700.0	89880.0	89540.0	89860.0	1607
09.07.2026 11:00	89850.0	90180.0	89630.0	90150.0	945
09.07.2026 11:15	90150.0	90560.0	90020.0	90430.0	1345
09.07.2026 11:30	90430.0	90870.0	90400.0	90420.0	2918
09.07.2026 11:45	90410.0	90480.0	90180.0	90300.0	1873
09.07.2026 12:00	90340.0	90670.0	90300.0	90550.0	1224
09.07.2026 12:15	90540.0	90800.0	90540.0	90790.0	971
09.07.2026 12:30	90800.0	91090.0	90690.0	90910.0	2920
09.07.2026 12:45	90910.0	91080.0	90560.0	90610.0	1233
09.07.2026 13:00	90660.0	90670.0	90480.0	90520.0	705
09.07.2026 13:15	90540.0	90770.0	90510.0	90640.0	562
09.07.2026 13:30	90620.0	90760.0	90590.0	90650.0	442
09.07.2026 13:45	90660.0	90930.0	90620.0	90710.0	2071
09.07.2026 14:00	90710.0	90730.0	90350.0	90430.0	1052
09.07.2026 14:15	90430.0	90560.0	90410.0	90500.0	355
09.07.2026 14:30	90520.0	90550.0	90310.0	90340.0	1072
09.07.2026 14:45	90320.0	90550.0	90220.0	90520.0	685
09.07.2026 15:00	90530.0	90750.0	90350.0	90490.0	963
09.07.2026 15:15	90480.0	90480.0	90340.0	90460.0	472
09.07.2026 15:30	90440.0	90500.0	90300.0	90440.0	566
09.07.2026 15:45	90430.0	90430.0	89660.0	89660.0	2187
09.07.2026 16:00	89650.0	90130.0	89600.0	89940.0	1330
09.07.2026 16:15	89960.0	89960.0	89260.0	89470.0	2800
09.07.2026 16:30	89460.0	89470.0	88960.0	89000.0	3658
09.07.2026 16:45	88990.0	89150.0	88720.0	88860.0	3728
09.07.2026 17:00	88850.0	89000.0	88490.0	88660.0	2196
09.07.2026 17:15	88620.0	88840.0	88500.0	88700.0	1132
09.07.2026 17:30	88690.0	89380.0	88660.0	89060.0	1945
09.07.2026 17:45	89070.0	89070.0	88680.0	88720.0	739
09.07.2026 18:00	88700.0	89150.0	88590.0	88950.0	1014
09.07.2026 18:15	88940.0	89130.0	88700.0	88800.0	1041
09.07.2026 18:30	88790.0	88810.0	88560.0	88700.0	1384
09.07.2026 18:45	88680.0	88710.0	88550.0	88680.0	826
09.07.2026 19:00	88680.0	88730.0	88550.0	88620.0	608
09.07.2026 19:15	88620.0	88620.0	87960.0	88040.0	2148
09.07.2026 19:30	88040.0	88180.0	87930.0	88170.0	1438
09.07.2026 19:45	88170.0	88180.0	87960.0	87970.0	748
09.07.2026 20:00	87970.0	88190.0	87950.0	88090.0	1159
09.07.2026 20:15	88080.0	88180.0	87820.0	87860.0	1708
09.07.2026 20:30	87870.0	88050.0	87870.0	87990.0	515
09.07.2026 20:45	88000.0	88030.0	87430.0	87460.0	2450
09.07.2026 21:00	87450.0	87680.0	87380.0	87660.0	957
09.07.2026 21:15	87660.0	88140.0	87650.0	88010.0	2084
09.07.2026 21:30	88010.0	88060.0	87900.0	87930.0	524
09.07.2026 21:45	87930.0	88000.0	87810.0	87860.0	483
09.07.2026 22:00	87870.0	88000.0	87850.0	87960.0	225
09.07.2026 22:15	87970.0	87990.0	87840.0	87940.0	169
09.07.2026 22:30	87920.0	88030.0	87910.0	87930.0	142
09.07.2026 22:45	87960.0	87970.0	87800.0	87840.0	158
09.07.2026 23:00	87830.0	87880.0	87800.0	87870.0	76
09.07.2026 23:15	87830.0	87840.0	87750.0	87800.0	246
09.07.2026 23:30	87800.0	87860.0	87760.0	87860.0	342
09.07.2026 23:45	87860.0	87930.0	87830.0	87830.0	190
10.07.2026 08:45	87470.0	87540.0	87470.0	87540.0	14
10.07.2026 09:00	87460.0	87810.0	87300.0	87610.0	1985
10.07.2026 09:15	87620.0	88130.0	87530.0	88000.0	1638
10.07.2026 09:30	87960.0	88180.0	87890.0	88020.0	906
10.07.2026 09:45	88010.0	88030.0	87700.0	87870.0	880
10.07.2026 10:00	87800.0	87820.0	87350.0	87550.0	2566
10.07.2026 10:15	87510.0	87590.0	86880.0	87120.0	3085
10.07.2026 10:30	87120.0	87860.0	86920.0	87790.0	3014
10.07.2026 10:45	87800.0	87900.0	87590.0	87610.0	849
10.07.2026 11:00	87680.0	87680.0	87260.0	87450.0	1412
10.07.2026 11:15	87450.0	87520.0	87090.0	87180.0	1341
10.07.2026 11:30	87210.0	87610.0	87170.0	87470.0	1049
10.07.2026 11:45	87470.0	87500.0	87140.0	87150.0	1027
10.07.2026 12:00	87150.0	87150.0	86410.0	86680.0	3800
10.07.2026 12:15	86680.0	86980.0	86460.0	86680.0	1696
10.07.2026 12:30	86710.0	87070.0	86630.0	86930.0	1481
10.07.2026 12:45	86920.0	87250.0	86740.0	86900.0	1285
10.07.2026 13:00	86920.0	87200.0	86780.0	86820.0	752
10.07.2026 13:15	86820.0	87030.0	86690.0	86960.0	415
10.07.2026 13:30	86960.0	87070.0	86770.0	86840.0	479
10.07.2026 13:45	86840.0	87050.0	86790.0	87020.0	259
10.07.2026 14:00	87020.0	87100.0	86790.0	86970.0	665
10.07.2026 14:15	86970.0	87760.0	86940.0	87430.0	3588
10.07.2026 14:30	87460.0	87910.0	87420.0	87510.0	1698
10.07.2026 14:45	87500.0	87510.0	87160.0	87230.0	1284
10.07.2026 15:00	87220.0	87280.0	86830.0	86890.0	1592
10.07.2026 15:15	86910.0	87150.0	86820.0	86940.0	671
10.07.2026 15:30	86940.0	87050.0	86770.0	86990.0	656
10.07.2026 15:45	86970.0	87000.0	86560.0	86660.0	1274
10.07.2026 16:00	86650.0	86880.0	86500.0	86750.0	932
10.07.2026 16:15	86790.0	87220.0	86790.0	87030.0	968
10.07.2026 16:30	87050.0	87120.0	86340.0	86680.0	2202
10.07.2026 16:45	86650.0	86720.0	86380.0	86550.0	1252
10.07.2026 17:00	86500.0	86740.0	86170.0	86170.0	1768
10.07.2026 17:15	86170.0	86310.0	85970.0	86280.0	1818
10.07.2026 17:30	86260.0	86700.0	86250.0	86450.0	1407
10.07.2026 17:45	86440.0	86440.0	86180.0	86300.0	539
10.07.2026 18:00	86280.0	86300.0	86010.0	86130.0	831
10.07.2026 18:15	86120.0	86330.0	86100.0	86150.0	519
10.07.2026 18:30	86160.0	86320.0	85930.0	86100.0	1421
10.07.2026 18:45	86090.0	86250.0	85920.0	85970.0	1203
10.07.2026 19:00	85960.0	86250.0	85950.0	86140.0	592
10.07.2026 19:15	86130.0	86210.0	86070.0	86140.0	154
10.07.2026 19:30	86120.0	86390.0	85970.0	86320.0	489
10.07.2026 19:45	86310.0	86320.0	86150.0	86230.0	313
10.07.2026 20:00	86220.0	86290.0	86030.0	86070.0	423
10.07.2026 20:15	86030.0	86120.0	86000.0	86120.0	206
10.07.2026 20:30	86130.0	86130.0	85980.0	86120.0	131
10.07.2026 20:45	86110.0	86120.0	85880.0	85900.0	449
10.07.2026 21:00	85900.0	85980.0	85840.0	85920.0	460
10.07.2026 21:15	85910.0	85920.0	85760.0	85850.0	249
10.07.2026 21:30	85850.0	85900.0	85810.0	85880.0	180
10.07.2026 21:45	85890.0	85950.0	85880.0	85890.0	119
10.07.2026 22:00	85900.0	86120.0	85890.0	86110.0	329
10.07.2026 22:15	86080.0	86160.0	86050.0	86130.0	250
10.07.2026 22:30	86080.0	86240.0	86080.0	86140.0	389
10.07.2026 22:45	86160.0	86210.0	86080.0	86200.0	243
10.07.2026 23:00	86210.0	86380.0	86210.0	86330.0	300
10.07.2026 23:15	86300.0	86310.0	86220.0	86250.0	205
10.07.2026 23:30	86270.0	86300.0	86230.0	86270.0	187
10.07.2026 23:45	86280.0	86350.0	86250.0	86250.0	328
11.07.2026 09:45	86240.0	86240.0	86240.0	86240.0	14
11.07.2026 10:00	86240.0	86540.0	86200.0	86260.0	326
11.07.2026 10:15	86240.0	86420.0	86220.0	86320.0	126
11.07.2026 10:30	86320.0	86340.0	86310.0	86340.0	30
11.07.2026 10:45	86350.0	86470.0	86070.0	86160.0	290
11.07.2026 11:00	86130.0	86160.0	86070.0	86070.0	70
11.07.2026 11:15	86090.0	86100.0	86020.0	86020.0	34
11.07.2026 11:30	86060.0	86100.0	86040.0	86040.0	25
11.07.2026 11:45	86040.0	86050.0	85900.0	86010.0	83
11.07.2026 12:00	85920.0	86000.0	85900.0	85930.0	74
11.07.2026 12:15	85910.0	85930.0	85780.0	85800.0	141
11.07.2026 12:30	85800.0	85890.0	85800.0	85890.0	22
11.07.2026 12:45	85900.0	85950.0	85900.0	85940.0	12
11.07.2026 13:00	85930.0	86050.0	85900.0	85960.0	141
11.07.2026 13:15	85980.0	86030.0	85980.0	85980.0	13
11.07.2026 13:30	85980.0	86020.0	85980.0	86000.0	6
11.07.2026 13:45	86010.0	86180.0	85970.0	86090.0	66
11.07.2026 14:00	86140.0	86150.0	86130.0	86150.0	43
11.07.2026 14:15	86130.0	86150.0	86130.0	86130.0	14
11.07.2026 14:30	86140.0	86170.0	86130.0	86170.0	7
11.07.2026 14:45	86130.0	86260.0	86130.0	86220.0	85
11.07.2026 15:00	86220.0	86260.0	86220.0	86220.0	14
11.07.2026 15:15	86220.0	86230.0	86220.0	86220.0	23
11.07.2026 15:30	86190.0	86220.0	86120.0	86120.0	17
11.07.2026 15:45	86120.0	86120.0	86120.0	86120.0	12
11.07.2026 16:00	86130.0	86160.0	86130.0	86160.0	2
11.07.2026 16:30	86140.0	86140.0	86140.0	86140.0	1
11.07.2026 16:45	86140.0	86160.0	86110.0	86110.0	20
11.07.2026 17:00	86150.0	86180.0	86120.0	86130.0	20
11.07.2026 17:15	86120.0	86180.0	86110.0	86170.0	52
11.07.2026 17:30	86130.0	86130.0	86120.0	86120.0	14
11.07.2026 17:45	86150.0	86170.0	86150.0	86170.0	5
11.07.2026 18:00	86150.0	86150.0	86120.0	86120.0	11
11.07.2026 18:15	86120.0	86120.0	86120.0	86120.0	2
11.07.2026 18:30	86120.0	86160.0	86110.0	86150.0	16
11.07.2026 18:45	86120.0	86210.0	86110.0	86200.0	41
12.07.2026 09:45	86550.0	86550.0	86390.0	86390.0	103
12.07.2026 10:00	86550.0	86640.0	86350.0	86620.0	805
12.07.2026 10:15	86600.0	86630.0	86410.0	86470.0	164
12.07.2026 10:30	86440.0	86560.0	86440.0	86550.0	38
12.07.2026 10:45	86550.0	86570.0	86510.0	86570.0	37
12.07.2026 11:00	86570.0	86700.0	86560.0	86630.0	98
12.07.2026 11:15	86620.0	86620.0	86470.0	86490.0	55
12.07.2026 11:30	86520.0	86650.0	86520.0	86610.0	69
12.07.2026 11:45	86640.0	86850.0	86640.0	86770.0	181
12.07.2026 12:00	86790.0	86900.0	86790.0	86860.0	166
12.07.2026 12:15	86860.0	86940.0	86790.0	86790.0	190
12.07.2026 12:30	86810.0	86810.0	86740.0	86770.0	37
12.07.2026 12:45	86760.0	86880.0	86750.0	86810.0	21
12.07.2026 13:00	86810.0	86880.0	86790.0	86800.0	46
12.07.2026 13:15	86780.0	86810.0	86740.0	86750.0	30
12.07.2026 13:30	86750.0	86780.0	86740.0	86770.0	68
12.07.2026 13:45	86770.0	86840.0	86770.0	86830.0	23
12.07.2026 14:00	86830.0	86850.0	86830.0	86840.0	18
12.07.2026 14:15	86840.0	86850.0	86830.0	86830.0	14
12.07.2026 14:30	86820.0	86860.0	86810.0	86860.0	19
12.07.2026 14:45	86860.0	86870.0	86740.0	86800.0	50
12.07.2026 15:00	86800.0	86870.0	86740.0	86830.0	23
12.07.2026 15:15	86780.0	86830.0	86730.0	86730.0	55
12.07.2026 15:30	86730.0	86810.0	86720.0	86720.0	38
12.07.2026 15:45	86720.0	86840.0	86710.0	86760.0	45
12.07.2026 16:00	86750.0	86790.0	86710.0	86750.0	141
12.07.2026 16:15	86760.0	86760.0	86710.0	86740.0	19
12.07.2026 16:30	86750.0	86750.0	86720.0	86720.0	16
12.07.2026 16:45	86730.0	86920.0	86730.0	86800.0	143
12.07.2026 17:00	86860.0	86890.0	86800.0	86800.0	20
12.07.2026 17:15	86790.0	86820.0	86780.0	86790.0	30
12.07.2026 17:30	86750.0	86790.0	86730.0	86790.0	24
12.07.2026 17:45	86800.0	86840.0	86800.0	86840.0	7
12.07.2026 18:00	86870.0	86870.0	86870.0	86870.0	3
12.07.2026 18:15	86860.0	86980.0	86800.0	86800.0	177
12.07.2026 18:30	86810.0	86810.0	86740.0	86760.0	44
12.07.2026 18:45	86750.0	86880.0	86730.0	86880.0	66
13.07.2026 08:45	86920.0	86920.0	86920.0	86920.0	2
13.07.2026 09:00	86920.0	87220.0	86770.0	86770.0	1946
13.07.2026 09:15	86760.0	86990.0	86530.0	86550.0	1417
13.07.2026 09:30	86550.0	86770.0	86520.0	86740.0	777
13.07.2026 09:45	86760.0	86920.0	86570.0	86780.0	967
13.07.2026 10:00	86780.0	87190.0	86350.0	87060.0	3770
13.07.2026 10:15	87060.0	87790.0	86980.0	87510.0	6466
13.07.2026 10:30	87520.0	88410.0	87390.0	88050.0	7670
13.07.2026 10:45	88070.0	88710.0	87790.0	88710.0	3829
13.07.2026 11:00	88710.0	88840.0	88130.0	88180.0	6371
13.07.2026 11:15	88210.0	88480.0	88030.0	88280.0	2831
13.07.2026 11:30	88270.0	88670.0	88100.0	88540.0	3006
13.07.2026 11:45	88520.0	88550.0	88130.0	88450.0	1100
13.07.2026 12:00	88450.0	88490.0	88100.0	88360.0	1246
13.07.2026 12:15	88400.0	88690.0	88300.0	88460.0	2146
13.07.2026 12:30	88460.0	88760.0	88350.0	88370.0	2357
13.07.2026 12:45	88370.0	88710.0	88220.0	88600.0	2401
13.07.2026 13:00	88610.0	88750.0	88300.0	88370.0	1740
13.07.2026 13:15	88350.0	88470.0	88240.0	88350.0	1337
13.07.2026 13:30	88370.0	88640.0	88340.0	88570.0	1014
13.07.2026 13:45	88600.0	88920.0	88530.0	88850.0	2159
13.07.2026 14:00	88850.0	89090.0	88630.0	88660.0	3128
13.07.2026 14:15	88640.0	88920.0	88540.0	88750.0	1384
13.07.2026 14:30	88750.0	89140.0	88670.0	88810.0	1586
13.07.2026 14:45	88820.0	88820.0	88380.0	88480.0	1762
13.07.2026 15:00	88490.0	88610.0	88310.0	88480.0	1292
13.07.2026 15:15	88500.0	88790.0	88390.0	88700.0	870
13.07.2026 15:30	88730.0	88800.0	88570.0	88600.0	803
13.07.2026 15:45	88630.0	88640.0	88420.0	88550.0	927
13.07.2026 16:00	88550.0	88840.0	88350.0	88700.0	1153
13.07.2026 16:15	88700.0	88750.0	88470.0	88470.0	744
13.07.2026 16:30	88470.0	88840.0	88410.0	88650.0	1314
13.07.2026 16:45	88690.0	88940.0	88560.0	88710.0	1975
13.07.2026 17:00	88710.0	88790.0	87670.0	87920.0	3942
13.07.2026 17:15	87900.0	88170.0	87550.0	87600.0	4153
13.07.2026 17:30	87590.0	87920.0	87500.0	87920.0	2797
13.07.2026 17:45	87930.0	87980.0	87190.0	87370.0	3004
13.07.2026 18:00	87370.0	87370.0	86700.0	86750.0	3910
13.07.2026 18:15	86770.0	87060.0	86570.0	86800.0	3596
13.07.2026 18:30	86770.0	87040.0	86730.0	86910.0	1897
13.07.2026 18:45	86900.0	86980.0	86840.0	86890.0	450
13.07.2026 19:00	86910.0	87150.0	86850.0	87140.0	1108
13.07.2026 19:15	87130.0	87160.0	86990.0	87040.0	772
13.07.2026 19:30	87030.0	87160.0	86950.0	87150.0	547
13.07.2026 19:45	87150.0	87290.0	87100.0	87170.0	403
13.07.2026 20:00	87240.0	87260.0	87040.0	87070.0	383
13.07.2026 20:15	87070.0	87220.0	87030.0	87190.0	183
13.07.2026 20:30	87220.0	87360.0	87200.0	87350.0	264
13.07.2026 20:45	87330.0	87740.0	87330.0	87740.0	1341
13.07.2026 21:00	87740.0	87740.0	87590.0	87600.0	686
13.07.2026 21:15	87610.0	87720.0	87550.0	87680.0	1232
13.07.2026 21:30	87680.0	87940.0	87680.0	87770.0	872
13.07.2026 21:45	87770.0	88020.0	87770.0	87870.0	529
13.07.2026 22:00	87900.0	88030.0	87900.0	87950.0	318
13.07.2026 22:15	87920.0	88020.0	87870.0	87880.0	353
13.07.2026 22:30	87880.0	88150.0	87410.0	87480.0	1526
13.07.2026 22:45	87460.0	87630.0	87440.0	87610.0	692
13.07.2026 23:00	87600.0	87780.0	87490.0	87660.0	696
13.07.2026 23:15	87640.0	87940.0	87630.0	87910.0	218
13.07.2026 23:30	87910.0	88000.0	87870.0	88000.0	558
13.07.2026 23:45	88000.0	88000.0	87900.0	87950.0	118
14.07.2026 07:00	88000.0	88850.0	88000.0	88550.0	700
14.07.2026 07:15	88550.0	88550.0	88290.0	88400.0	468
14.07.2026 07:30	88360.0	88650.0	88340.0	88550.0	319
14.07.2026 07:45	88540.0	88560.0	88380.0	88440.0	362
14.07.2026 08:00	88450.0	88530.0	88390.0	88390.0	371
14.07.2026 08:15	88310.0	88450.0	88200.0	88200.0	235
14.07.2026 08:30	88200.0	88280.0	88010.0	88150.0	347
14.07.2026 08:45	88150.0	88300.0	88140.0	88150.0	330
14.07.2026 09:00	88170.0	88320.0	88110.0	88200.0	1492
14.07.2026 09:15	88200.0	88240.0	87930.0	88110.0	791
14.07.2026 09:30	88080.0	88080.0	87780.0	87960.0	1002
14.07.2026 09:45	87970.0	88450.0	87940.0	88350.0	1606
14.07.2026 10:00	88330.0	88540.0	87960.0	88340.0	4690
14.07.2026 10:15	88330.0	88340.0	88000.0	88270.0	1628
14.07.2026 10:30	88270.0	88380.0	88110.0	88250.0	1371
14.07.2026 10:45	88250.0	88390.0	88020.0	88060.0	1082
14.07.2026 11:00	88050.0	88150.0	87880.0	88090.0	1381
14.07.2026 11:15	88130.0	88140.0	87820.0	87970.0	986
14.07.2026 11:30	88010.0	88190.0	87960.0	88030.0	631
14.07.2026 11:45	88000.0	88370.0	88000.0	88270.0	1501
14.07.2026 12:00	88280.0	88370.0	87770.0	87800.0	1484
14.07.2026 12:15	87800.0	87860.0	87540.0	87560.0	2157
14.07.2026 12:30	87550.0	87550.0	87210.0	87290.0	3740
14.07.2026 12:45	87290.0	87410.0	87220.0	87330.0	1387
14.07.2026 13:00	87330.0	87350.0	86990.0	87100.0	2522
14.07.2026 13:15	87070.0	87220.0	86890.0	87040.0	1672
14.07.2026 13:30	87020.0	87080.0	86790.0	86830.0	1900
14.07.2026 13:45	86860.0	87350.0	86820.0	87200.0	2466
14.07.2026 14:00	87190.0	87430.0	86670.0	86730.0	2434
14.07.2026 14:15	86740.0	86880.0	86540.0	86720.0	1901
14.07.2026 14:30	86730.0	86760.0	86500.0	86760.0	1068
14.07.2026 14:45	86700.0	86940.0	86460.0	86570.0	1996
14.07.2026 15:00	86530.0	86810.0	86410.0	86700.0	1919
14.07.2026 15:15	86650.0	86800.0	86510.0	86570.0	636
14.07.2026 15:30	86570.0	86780.0	86450.0	86610.0	1502
14.07.2026 15:45	86620.0	86620.0	86270.0	86350.0	2901
14.07.2026 16:00	86370.0	86680.0	86300.0	86390.0	2409
14.07.2026 16:15	86380.0	86580.0	86360.0	86430.0	695
14.07.2026 16:30	86450.0	86470.0	86000.0	86100.0	3163
14.07.2026 16:45	86050.0	86290.0	85960.0	86120.0	1520
14.07.2026 17:00	86100.0	86100.0	85820.0	85890.0	1917
14.07.2026 17:15	85890.0	85980.0	85610.0	85710.0	2771
14.07.2026 17:30	85710.0	85840.0	85550.0	85760.0	1432
14.07.2026 17:45	85740.0	85740.0	85520.0	85620.0	1615
14.07.2026 18:00	85610.0	85930.0	85500.0	85850.0	2276
14.07.2026 18:15	85850.0	86020.0	85740.0	85790.0	1369
14.07.2026 18:30	85800.0	86140.0	85610.0	86050.0	3179
14.07.2026 18:45	86060.0	86250.0	86000.0	86020.0	1627
14.07.2026 19:00	86000.0	86090.0	85870.0	85910.0	771
14.07.2026 19:15	85910.0	85930.0	85720.0	85760.0	544
14.07.2026 19:30	85750.0	85810.0	85640.0	85690.0	491
14.07.2026 19:45	85690.0	85840.0	85690.0	85780.0	321
14.07.2026 20:00	85790.0	85790.0	85690.0	85700.0	118
14.07.2026 20:15	85680.0	85730.0	85650.0	85680.0	141
14.07.2026 20:30	85650.0	85730.0	85550.0	85570.0	395
14.07.2026 20:45	85570.0	85590.0	85360.0	85370.0	1155
14.07.2026 21:00	85380.0	85570.0	85370.0	85510.0	466
14.07.2026 21:15	85520.0	85560.0	85360.0	85550.0	341
14.07.2026 21:30	85520.0	85660.0	85490.0	85640.0	206
14.07.2026 21:45	85640.0	85770.0	85600.0	85720.0	584
14.07.2026 22:00	85700.0	85920.0	85610.0	85880.0	378
14.07.2026 22:15	85910.0	85950.0	85740.0	85820.0	181
14.07.2026 22:30	85800.0	85950.0	85800.0	85850.0	206
14.07.2026 22:45	85840.0	85860.0	85790.0	85800.0	76
14.07.2026 23:00	85820.0	85900.0	85800.0	85800.0	306
14.07.2026 23:15	85800.0	85810.0	85700.0	85750.0	202
14.07.2026 23:30	85750.0	85800.0	85730.0	85780.0	286
14.07.2026 23:45	85750.0	85820.0	85710.0	85790.0	197
15.07.2026 07:00	85820.0	85880.0	85520.0	85700.0	454
15.07.2026 07:15	85700.0	85800.0	85550.0	85790.0	173
15.07.2026 07:30	85800.0	85870.0	85720.0	85860.0	169
15.07.2026 07:45	85860.0	85950.0	85820.0	85820.0	150
15.07.2026 08:00	85820.0	85820.0	85400.0	85550.0	365
15.07.2026 08:15	85550.0	85570.0	85310.0	85370.0	332
15.07.2026 08:30	85380.0	85420.0	85120.0	85280.0	507
15.07.2026 08:45	85260.0	85320.0	85060.0	85300.0	842
15.07.2026 09:00	85310.0	85340.0	84720.0	84730.0	1821
15.07.2026 09:15	84720.0	85000.0	84670.0	84960.0	1468
15.07.2026 09:30	84950.0	84960.0	84570.0	84860.0	1752
15.07.2026 09:45	84860.0	84860.0	84500.0	84690.0	1680
15.07.2026 10:00	84690.0	85190.0	84640.0	85050.0	4012
15.07.2026 10:15	85030.0	85070.0	84450.0	84670.0	5133
15.07.2026 10:30	84650.0	84970.0	84550.0	84730.0	2113
15.07.2026 10:45	84730.0	84790.0	84360.0	84440.0	2395
15.07.2026 11:00	84450.0	84520.0	84250.0	84370.0	3141
15.07.2026 11:15	84370.0	84600.0	84170.0	84280.0	2903
15.07.2026 11:30	84250.0	84590.0	84130.0	84170.0	1671
15.07.2026 11:45	84200.0	84250.0	83690.0	83750.0	5636
15.07.2026 12:00	83740.0	83940.0	83700.0	83770.0	4245
15.07.2026 12:15	83760.0	83910.0	83710.0	83890.0	3049
15.07.2026 12:30	83880.0	84230.0	83780.0	83830.0	4383
15.07.2026 12:45	83850.0	84270.0	83730.0	84150.0	3261
15.07.2026 13:00	84140.0	84280.0	84060.0	84160.0	2185
15.07.2026 13:15	84180.0	84310.0	84040.0	84100.0	1958
15.07.2026 13:30	84120.0	84180.0	83940.0	84080.0	1519
15.07.2026 13:45	84080.0	84100.0	83540.0	83650.0	3680
15.07.2026 14:00	83640.0	83920.0	83540.0	83610.0	2953
15.07.2026 14:15	83610.0	84830.0	83340.0	84680.0	10740
15.07.2026 14:30	84650.0	84980.0	84240.0	84380.0	6315
15.07.2026 14:45	84370.0	84400.0	83930.0	84160.0	3458
15.07.2026 15:00	84150.0	84430.0	83920.0	84050.0	3291
15.07.2026 15:15	84070.0	84350.0	83970.0	84030.0	1543
15.07.2026 15:30	84040.0	84270.0	84010.0	84240.0	880
15.07.2026 15:45	84240.0	84470.0	84020.0	84070.0	1765
15.07.2026 16:00	84080.0	84690.0	83780.0	84470.0	3403
15.07.2026 16:15	84480.0	84680.0	84000.0	84030.0	1985
15.07.2026 16:30	84050.0	84170.0	83880.0	84170.0	1225
15.07.2026 16:45	84160.0	84230.0	83840.0	83880.0	1126
15.07.2026 17:00	83850.0	84210.0	83780.0	83990.0	1305
15.07.2026 17:15	83950.0	83950.0	83670.0	83700.0	1619
15.07.2026 17:30	83690.0	84160.0	83620.0	84030.0	1475
15.07.2026 17:45	84040.0	84040.0	83680.0	83750.0	1217
15.07.2026 18:00	83750.0	84290.0	83750.0	83990.0	1619
15.07.2026 18:15	83980.0	84360.0	83880.0	84230.0	1890
15.07.2026 18:30	84200.0	84400.0	84200.0	84300.0	1058
15.07.2026 18:45	84300.0	84300.0	83920.0	84010.0	1112
15.07.2026 19:00	84020.0	84190.0	83930.0	83930.0	495
15.07.2026 19:15	83930.0	84140.0	83920.0	84110.0	233
15.07.2026 19:30	84120.0	84220.0	84110.0	84140.0	231
15.07.2026 19:45	84150.0	84300.0	84130.0	84210.0	362
15.07.2026 20:00	84200.0	84210.0	84080.0	84100.0	286
15.07.2026 20:15	84100.0	84170.0	84030.0	84090.0	245
15.07.2026 20:30	84070.0	84100.0	84020.0	84020.0	300
15.07.2026 20:45	84020.0	84090.0	83930.0	84030.0	448
15.07.2026 21:00	84040.0	84040.0	83850.0	83850.0	395
15.07.2026 21:15	83850.0	83850.0	83760.0	83780.0	255
15.07.2026 21:30	83780.0	83910.0	83740.0	83830.0	513
15.07.2026 21:45	83840.0	83930.0	83820.0	83890.0	138
15.07.2026 22:00	83890.0	83890.0	83840.0	83840.0	47
15.07.2026 22:15	83840.0	83910.0	83790.0	83900.0	196
15.07.2026 22:30	83880.0	84010.0	83830.0	83870.0	455
15.07.2026 22:45	83900.0	83930.0	83830.0	83850.0	158
15.07.2026 23:00	83860.0	83870.0	83810.0	83850.0	93
15.07.2026 23:15	83840.0	83840.0	83740.0	83820.0	270
15.07.2026 23:30	83800.0	83870.0	83750.0	83760.0	183
15.07.2026 23:45	83770.0	83810.0	83720.0	83770.0	96
16.07.2026 07:00	83820.0	83820.0	82750.0	82800.0	1300
16.07.2026 07:15	82800.0	83020.0	82600.0	82920.0	719
16.07.2026 07:30	82920.0	83040.0	82670.0	82810.0	773
16.07.2026 07:45	82820.0	83210.0	82730.0	83080.0	536
16.07.2026 08:00	83140.0	83150.0	82580.0	82790.0	645
16.07.2026 08:15	82760.0	82760.0	82480.0	82480.0	1051
16.07.2026 08:30	82480.0	82750.0	82450.0	82730.0	679
16.07.2026 08:45	82760.0	82900.0	82680.0	82710.0	687
16.07.2026 09:00	82740.0	83010.0	82690.0	82760.0	2305
16.07.2026 09:15	82760.0	82810.0	82470.0	82670.0	2545
16.07.2026 09:30	82660.0	82670.0	82420.0	82640.0	1243
16.07.2026 09:45	82650.0	82670.0	82370.0	82460.0	1421
16.07.2026 10:00	82460.0	82530.0	82020.0	82200.0	5615
16.07.2026 10:15	82190.0	82230.0	81690.0	81690.0	5620
16.07.2026 10:30	81690.0	81690.0	81060.0	81610.0	9535
16.07.2026 10:45	81590.0	81750.0	81370.0	81680.0	6247
16.07.2026 11:00	81680.0	82130.0	81510.0	81920.0	3947
16.07.2026 11:15	81960.0	82440.0	81770.0	82380.0	5161
16.07.2026 11:30	82390.0	82530.0	81880.0	82110.0	3307
16.07.2026 11:45	82120.0	82150.0	81580.0	81640.0	2959
16.07.2026 12:00	81650.0	81730.0	80990.0	81090.0	7227
16.07.2026 12:15	81080.0	81560.0	80970.0	81320.0	5019
16.07.2026 12:30	81330.0	81570.0	81330.0	81530.0	2314
16.07.2026 12:45	81530.0	81790.0	81370.0	81520.0	3442
16.07.2026 13:00	81560.0	81980.0	81480.0	81740.0	2580
16.07.2026 13:15	81740.0	81890.0	81370.0	81440.0	1863
16.07.2026 13:30	81440.0	81520.0	81210.0	81250.0	2136
16.07.2026 13:45	81240.0	81310.0	81120.0	81180.0	1620
16.07.2026 14:00	81180.0	81700.0	81120.0	81670.0	2704
16.07.2026 14:15	81660.0	81790.0	81310.0	81440.0	2440
16.07.2026 14:30	81440.0	81580.0	81140.0	81260.0	2042
16.07.2026 14:45	81250.0	81530.0	81170.0	81420.0	2591
16.07.2026 15:00	81420.0	81460.0	80590.0	80840.0	6626
16.07.2026 15:15	80850.0	80960.0	80670.0	80870.0	2541
16.07.2026 15:30	80880.0	81150.0	80720.0	81100.0	3187
16.07.2026 15:45	81100.0	81160.0	80800.0	80850.0	1393
16.07.2026 16:00	80890.0	81130.0	80800.0	80910.0	1916
16.07.2026 16:15	80920.0	81070.0	80390.0	80460.0	3547
16.07.2026 16:30	80470.0	81030.0	80440.0	80820.0	3949
16.07.2026 16:45	80810.0	80810.0	80510.0	80650.0	1768
16.07.2026 17:00	80620.0	80890.0	80410.0	80750.0	3362
16.07.2026 17:15	80710.0	80710.0	80340.0	80410.0	1961
16.07.2026 17:30	80420.0	80760.0	80360.0	80650.0	2075
16.07.2026 17:45	80650.0	80650.0	80190.0	80430.0	3296
16.07.2026 18:00	80400.0	80420.0	79720.0	79870.0	6167
16.07.2026 18:15	79890.0	80130.0	79850.0	80060.0	4132
16.07.2026 18:30	80060.0	80090.0	79620.0	79670.0	3399
16.07.2026 18:45	79670.0	79840.0	79570.0	79790.0	3092
16.07.2026 19:00	79770.0	79800.0	79160.0	79160.0	4444
16.07.2026 19:15	79160.0	79320.0	78970.0	79240.0	3764
16.07.2026 19:30	79220.0	79770.0	79120.0	79460.0	3385
16.07.2026 19:45	79440.0	79560.0	79040.0	79040.0	1289
16.07.2026 20:00	79050.0	79260.0	78840.0	79120.0	2747
16.07.2026 20:15	79140.0	79280.0	79080.0	79260.0	866
16.07.2026 20:30	79270.0	79290.0	78990.0	79020.0	1426
16.07.2026 20:45	79020.0	79130.0	78910.0	79040.0	1094
16.07.2026 21:00	79040.0	79390.0	79020.0	79310.0	1364
16.07.2026 21:15	79310.0	79500.0	79310.0	79410.0	943
16.07.2026 21:30	79380.0	79400.0	79130.0	79260.0	662
16.07.2026 21:45	79260.0	79300.0	79190.0	79250.0	353
16.07.2026 22:00	79260.0	79290.0	78790.0	78800.0	2031
16.07.2026 22:15	78810.0	79050.0	78800.0	78900.0	1190
16.07.2026 22:30	78900.0	78920.0	78680.0	78700.0	952
16.07.2026 22:45	78710.0	78860.0	78570.0	78600.0	1541
16.07.2026 23:00	78600.0	78810.0	78590.0	78740.0	1105
16.07.2026 23:15	78750.0	78830.0	78620.0	78650.0	776
16.07.2026 23:30	78620.0	78690.0	78430.0	78520.0	1046
16.07.2026 23:45	78520.0	78600.0	78340.0	78380.0	566
17.07.2026 07:00	78410.0	78670.0	77530.0	77950.0	2385
17.07.2026 07:15	77960.0	79600.0	77960.0	78980.0	2523
17.07.2026 07:30	78940.0	79490.0	78510.0	78890.0	1361
17.07.2026 07:45	78920.0	79370.0	78920.0	79290.0	555
17.07.2026 08:00	79290.0	79310.0	78960.0	79030.0	449
17.07.2026 08:15	79040.0	79210.0	79010.0	79010.0	334
17.07.2026 08:30	79030.0	79930.0	79030.0	79700.0	1821
17.07.2026 08:45	79690.0	79790.0	79520.0	79640.0	1014
17.07.2026 09:00	79620.0	79770.0	79400.0	79680.0	1589
17.07.2026 09:15	79700.0	80000.0	79700.0	79820.0	2031
17.07.2026 09:30	79830.0	80180.0	79760.0	79840.0	2567
17.07.2026 09:45	79840.0	80170.0	79800.0	79880.0	2823
17.07.2026 10:00	79890.0	80280.0	79660.0	80020.0	6198
17.07.2026 10:15	79990.0	80210.0	79490.0	79750.0	3746
17.07.2026 10:30	79760.0	79940.0	79500.0	79830.0	2755
17.07.2026 10:45	79840.0	79910.0	79120.0	79140.0	3327
17.07.2026 11:00	79140.0	79230.0	78660.0	78780.0	3985
17.07.2026 11:15	78800.0	79120.0	78640.0	79030.0	2804
17.07.2026 11:30	79030.0	79190.0	78550.0	78610.0	2906
17.07.2026 11:45	78620.0	79060.0	78520.0	79030.0	3473
17.07.2026 12:00	79050.0	79850.0	78990.0	79680.0	6261
17.07.2026 12:15	79740.0	79780.0	79510.0	79650.0	2047
17.07.2026 12:30	79630.0	79630.0	79260.0	79350.0	2643
17.07.2026 12:45	79330.0	79680.0	79260.0	79520.0	1552
17.07.2026 13:00	79550.0	79810.0	79420.0	79620.0	1788
17.07.2026 13:15	79630.0	79870.0	79590.0	79730.0	1283
17.07.2026 13:30	79740.0	80450.0	79690.0	80300.0	4172
17.07.2026 13:45	80290.0	80450.0	79970.0	80010.0	2781
17.07.2026 14:00	80000.0	80200.0	79740.0	79910.0	2226
17.07.2026 14:15	79910.0	79930.0	79310.0	79650.0	4501
17.07.2026 14:30	79650.0	79770.0	79470.0	79660.0	1695
17.07.2026 14:45	79690.0	79730.0	79480.0	79640.0	1130
17.07.2026 15:00	79610.0	79750.0	79420.0	79730.0	861
17.07.2026 15:15	79730.0	80000.0	79410.0	79790.0	1843
17.07.2026 15:30	79790.0	79830.0	79500.0	79530.0	964
17.07.2026 15:45	79530.0	79600.0	79410.0	79510.0	908
17.07.2026 16:00	79500.0	79630.0	79430.0	79480.0	713
17.07.2026 16:15	79490.0	79490.0	79080.0	79160.0	2408
17.07.2026 16:30	79170.0	79500.0	78880.0	79310.0	3786
17.07.2026 16:45	79310.0	79430.0	79110.0	79340.0	2006
17.07.2026 17:00	79330.0	79360.0	79140.0	79230.0	865
17.07.2026 17:15	79220.0	79220.0	78820.0	78980.0	2193
17.07.2026 17:30	78970.0	78990.0	78460.0	78560.0	3892
17.07.2026 17:45	78560.0	78640.0	77850.0	78160.0	5365
17.07.2026 18:00	78150.0	78370.0	77940.0	78210.0	2342
17.07.2026 18:15	78200.0	78200.0	77340.0	77340.0	5203
17.07.2026 18:30	77360.0	77810.0	77330.0	77560.0	4217
17.07.2026 18:45	77580.0	77640.0	77020.0	77180.0	3465
17.07.2026 19:00	77170.0	77600.0	77120.0	77560.0	2744
17.07.2026 19:15	77560.0	77570.0	77050.0	77210.0	2202
17.07.2026 19:30	77230.0	77370.0	77120.0	77130.0	631
17.07.2026 19:45	77170.0	77190.0	76230.0	76230.0	5262
17.07.2026 20:00	76240.0	76700.0	76100.0	76520.0	3559
17.07.2026 20:15	76500.0	76850.0	76320.0	76620.0	2486
17.07.2026 20:30	76600.0	76720.0	76420.0	76710.0	1276
17.07.2026 20:45	76680.0	76920.0	76450.0	76910.0	992
17.07.2026 21:00	76920.0	77060.0	76790.0	76970.0	1248
17.07.2026 21:15	76960.0	76970.0	76770.0	76960.0	1030
17.07.2026 21:30	76980.0	77000.0	76710.0	76830.0	1012
17.07.2026 21:45	76810.0	76900.0	76500.0	76520.0	901
17.07.2026 22:00	76540.0	76600.0	76330.0	76450.0	796
17.07.2026 22:15	76430.0	76570.0	76060.0	76160.0	2056
17.07.2026 22:30	76140.0	76260.0	75880.0	75920.0	2275
17.07.2026 22:45	75910.0	76130.0	75800.0	76030.0	1799
17.07.2026 23:00	76010.0	76330.0	75990.0	76310.0	1244
17.07.2026 23:15	76310.0	76450.0	76230.0	76300.0	682
17.07.2026 23:30	76300.0	76960.0	76290.0	76700.0	1307
17.07.2026 23:45	76710.0	76820.0	76670.0	76810.0	254
18.07.2026 10:00	76740.0	77960.0	76420.0	77940.0	2022
18.07.2026 10:15	77900.0	77990.0	77390.0	77500.0	497
18.07.2026 10:30	77460.0	77460.0	77160.0	77290.0	312
18.07.2026 10:45	77290.0	77410.0	77190.0	77240.0	114
18.07.2026 11:00	77240.0	77450.0	77150.0	77180.0	192
18.07.2026 11:15	77200.0	77220.0	77000.0	77220.0	107
18.07.2026 11:30	77270.0	77270.0	77130.0	77240.0	68
18.07.2026 11:45	77200.0	77280.0	77070.0	77150.0	66
18.07.2026 12:00	77140.0	77160.0	76810.0	76880.0	143
18.07.2026 12:15	76840.0	76990.0	76710.0	76800.0	119
18.07.2026 12:30	76830.0	76830.0	76720.0	76810.0	114
18.07.2026 12:45	76810.0	76890.0	76780.0	76880.0	57
18.07.2026 13:00	76900.0	76910.0	76740.0	76860.0	58
18.07.2026 13:15	76850.0	76980.0	76720.0	76970.0	231
18.07.2026 13:30	76910.0	77140.0	76860.0	77110.0	103
18.07.2026 13:45	77110.0	77310.0	77030.0	77160.0	157
18.07.2026 14:00	77160.0	77340.0	77110.0	77160.0	156
18.07.2026 14:15	77180.0	77340.0	77180.0	77270.0	120
18.07.2026 14:30	77270.0	77450.0	77270.0	77270.0	161
18.07.2026 14:45	77310.0	77310.0	77270.0	77280.0	61
18.07.2026 15:00	77310.0	77570.0	77310.0	77500.0	233
18.07.2026 15:15	77500.0	77600.0	77500.0	77500.0	176
18.07.2026 15:30	77500.0	77530.0	77460.0	77530.0	80
18.07.2026 15:45	77530.0	77530.0	77490.0	77520.0	105
18.07.2026 16:00	77510.0	77520.0	77450.0	77470.0	186
18.07.2026 16:15	77470.0	77530.0	77470.0	77500.0	60
18.07.2026 16:30	77500.0	77510.0	77470.0	77510.0	31
18.07.2026 16:45	77520.0	77520.0	77410.0	77410.0	27
18.07.2026 17:00	77450.0	77470.0	77440.0	77440.0	35
18.07.2026 17:15	77470.0	77530.0	77380.0	77470.0	122
18.07.2026 17:30	77500.0	77520.0	77420.0	77420.0	42
18.07.2026 17:45	77410.0	77640.0	77390.0	77390.0	225
18.07.2026 18:00	77440.0	77460.0	77370.0	77400.0	204
18.07.2026 18:15	77410.0	77470.0	77400.0	77470.0	177
18.07.2026 18:30	77480.0	77800.0	77470.0	77500.0	275
18.07.2026 18:45	77500.0	77610.0	77480.0	77480.0	46
19.07.2026 09:45	77610.0	77610.0	77610.0	77610.0	3
19.07.2026 10:00	77640.0	77940.0	77550.0	77760.0	439
19.07.2026 10:15	77720.0	77790.0	77720.0	77790.0	45
19.07.2026 10:30	77790.0	77900.0	77740.0	77870.0	120
19.07.2026 10:45	77890.0	78080.0	77890.0	77980.0	279
19.07.2026 11:00	78010.0	78020.0	77890.0	77900.0	170
19.07.2026 11:15	77900.0	78190.0	77890.0	78140.0	237
19.07.2026 11:30	78180.0	78240.0	78100.0	78240.0	291
19.07.2026 11:45	78230.0	78290.0	78110.0	78110.0	375
19.07.2026 12:00	78140.0	78420.0	78130.0	78330.0	325
19.07.2026 12:15	78340.0	78860.0	78330.0	78730.0	1400
19.07.2026 12:30	78720.0	78740.0	78490.0	78580.0	221
19.07.2026 12:45	78570.0	78580.0	78430.0	78510.0	125
19.07.2026 13:00	78520.0	78740.0	78520.0	78630.0	196
19.07.2026 13:15	78600.0	78600.0	78530.0	78530.0	15
19.07.2026 13:30	78530.0	78580.0	78530.0	78580.0	20
19.07.2026 13:45	78580.0	78590.0	78540.0	78560.0	37
19.07.2026 14:00	78560.0	78630.0	78540.0	78540.0	51
19.07.2026 14:15	78540.0	78540.0	78270.0	78410.0	456
19.07.2026 14:30	78430.0	78560.0	78430.0	78490.0	134
19.07.2026 14:45	78500.0	78520.0	78400.0	78500.0	52
19.07.2026 15:00	78500.0	78570.0	78490.0	78560.0	18
19.07.2026 15:15	78560.0	78560.0	78520.0	78520.0	8
19.07.2026 15:30	78510.0	78750.0	78510.0	78630.0	98
19.07.2026 15:45	78630.0	78800.0	78580.0	78600.0	276
19.07.2026 16:00	78590.0	78620.0	78590.0	78590.0	49
19.07.2026 16:15	78580.0	78750.0	78560.0	78660.0	172
19.07.2026 16:30	78650.0	78650.0	78440.0	78560.0	174
19.07.2026 16:45	78560.0	78560.0	78440.0	78490.0	49
19.07.2026 17:00	78490.0	78610.0	78490.0	78540.0	90
19.07.2026 17:15	78550.0	78640.0	78550.0	78580.0	50
19.07.2026 17:30	78560.0	78560.0	78500.0	78540.0	38
19.07.2026 17:45	78540.0	78560.0	78440.0	78500.0	139
19.07.2026 18:00	78460.0	78490.0	78350.0	78420.0	124
19.07.2026 18:15	78430.0	78450.0	78400.0	78430.0	62
19.07.2026 18:30	78420.0	78600.0	78400.0	78530.0	283
19.07.2026 18:45	78530.0	78630.0	78500.0	78630.0	110
20.07.2026 07:00	78630.0	78730.0	77650.0	77770.0	1541
20.07.2026 07:15	77760.0	78160.0	77580.0	78010.0	875
20.07.2026 07:30	78040.0	78140.0	77310.0	77400.0	858
20.07.2026 07:45	77410.0	77630.0	77160.0	77210.0	1412
20.07.2026 08:00	77180.0	77470.0	77080.0	77460.0	506
20.07.2026 08:15	77470.0	77780.0	77350.0	77610.0	498
20.07.2026 08:30	77620.0	77700.0	77500.0	77600.0	350
20.07.2026 08:45	77570.0	77570.0	77070.0	77290.0	1058
20.07.2026 09:00	77280.0	77350.0	76560.0	76950.0	2608
20.07.2026 09:15	76930.0	77070.0	76710.0	76790.0	1215
20.07.2026 09:30	76790.0	76930.0	76270.0	76330.0	2104
20.07.2026 09:45	76350.0	78250.0	76330.0	78080.0	8434
20.07.2026 10:00	78110.0	78370.0	77390.0	77550.0	7236
20.07.2026 10:15	77540.0	78540.0	77450.0	78520.0	3885
20.07.2026 10:30	78520.0	78790.0	78200.0	78280.0	4975
20.07.2026 10:45	78260.0	78520.0	77090.0	77170.0	4562
20.07.2026 11:00	77170.0	77280.0	76800.0	77250.0	4481
20.07.2026 11:15	77260.0	77880.0	77090.0	77820.0	5090
20.07.2026 11:30	77840.0	78260.0	77780.0	77980.0	2971
20.07.2026 11:45	77990.0	78280.0	77750.0	77980.0	2599
20.07.2026 12:00	77970.0	78700.0	77660.0	78660.0	4721
20.07.2026 12:15	78650.0	78900.0	78300.0	78330.0	4743
20.07.2026 12:30	78330.0	78410.0	77970.0	78200.0	2461
20.07.2026 12:45	78220.0	78740.0	78210.0	78400.0	2859
20.07.2026 13:00	78400.0	78930.0	78400.0	78840.0	2796
20.07.2026 13:15	78830.0	78960.0	78180.0	78190.0	2905
20.07.2026 13:30	78190.0	78370.0	78150.0	78230.0	1080
20.07.2026 13:45	78230.0	78550.0	78040.0	78230.0	1956
20.07.2026 14:00	78200.0	78520.0	78050.0	78490.0	1194
20.07.2026 14:15	78490.0	78550.0	78280.0	78370.0	788
20.07.2026 14:30	78390.0	78850.0	78180.0	78520.0	2516
20.07.2026 14:45	78520.0	79410.0	78520.0	79290.0	5662
20.07.2026 15:00	79310.0	79440.0	78630.0	78680.0	3529
20.07.2026 15:15	78670.0	79160.0	78640.0	79030.0	1292
20.07.2026 15:30	79030.0	79740.0	78930.0	79740.0	3494
20.07.2026 15:45	79750.0	80350.0	79740.0	80110.0	8228
20.07.2026 16:00	80090.0	80920.0	79920.0	80680.0	9492
20.07.2026 16:15	80700.0	81310.0	80420.0	81140.0	5771
20.07.2026 16:30	81120.0	81410.0	80340.0	80340.0	8842
20.07.2026 16:45	80340.0	80570.0	80050.0	80190.0	5993
20.07.2026 17:00	80180.0	80610.0	79840.0	79940.0	5301
20.07.2026 17:15	79930.0	80340.0	79880.0	80180.0	2456
20.07.2026 17:30	80210.0	80320.0	80010.0	80190.0	1164
20.07.2026 17:45	80180.0	80640.0	80180.0	80430.0	2462
20.07.2026 18:00	80420.0	80530.0	79940.0	80210.0	2603
20.07.2026 18:15	80220.0	81020.0	80140.0	80600.0	7307
20.07.2026 18:30	80620.0	80670.0	80250.0	80630.0	2285
20.07.2026 18:45	80620.0	80800.0	80400.0	80650.0	1322
20.07.2026 19:00	80630.0	81640.0	80530.0	81490.0	4749
20.07.2026 19:15	81530.0	81960.0	81380.0	81580.0	3348
20.07.2026 19:30	81590.0	82610.0	81460.0	82270.0	3072
20.07.2026 19:45	82280.0	82330.0	81630.0	81680.0	1931
20.07.2026 20:00	81660.0	81920.0	81430.0	81780.0	1349
20.07.2026 20:15	81790.0	81960.0	81570.0	81950.0	611
20.07.2026 20:30	81950.0	82340.0	81950.0	82290.0	992
20.07.2026 20:45	82290.0	82320.0	82120.0	82300.0	882
20.07.2026 21:00	82300.0	82340.0	81720.0	81920.0	1938
20.07.2026 21:15	81920.0	81960.0	81500.0	81670.0	796
20.07.2026 21:30	81680.0	81940.0	81650.0	81690.0	490
20.07.2026 21:45	81730.0	81940.0	81640.0	81920.0	347
20.07.2026 22:00	81920.0	82360.0	81880.0	82260.0	1799
20.07.2026 22:15	82230.0	82550.0	82210.0	82380.0	814
20.07.2026 22:30	82370.0	82440.0	82270.0	82270.0	459
20.07.2026 22:45	82270.0	82360.0	82190.0	82230.0	608
20.07.2026 23:00	82270.0	82490.0	82220.0	82360.0	544
20.07.2026 23:15	82360.0	82410.0	82270.0	82280.0	250
20.07.2026 23:30	82280.0	82430.0	82230.0	82330.0	475
20.07.2026 23:45	82360.0	82510.0	82300.0	82410.0	524
21.07.2026 07:00	82420.0	83340.0	81710.0	83070.0	3904
21.07.2026 07:15	83060.0	83350.0	82540.0	82570.0	2247
21.07.2026 07:30	82550.0	83000.0	82150.0	82270.0	1492
21.07.2026 07:45	82250.0	82500.0	81970.0	82130.0	1082
21.07.2026 08:00	82110.0	82790.0	82090.0	82790.0	640
21.07.2026 08:15	82770.0	82800.0	82340.0	82660.0	404
21.07.2026 08:30	82690.0	82940.0	82590.0	82800.0	693
21.07.2026 08:45	82800.0	83230.0	82800.0	83040.0	1541
21.07.2026 09:00	83050.0	84190.0	82830.0	83870.0	7009
21.07.2026 09:15	83870.0	84550.0	83750.0	83750.0	6184
21.07.2026 09:30	83760.0	84130.0	83360.0	83580.0	4330
21.07.2026 09:45	83580.0	84540.0	83380.0	83890.0	4796
21.07.2026 10:00	83870.0	84190.0	82450.0	82870.0	12822
21.07.2026 10:15	82870.0	83300.0	82460.0	82480.0	7216
21.07.2026 10:30	82480.0	83620.0	82410.0	83090.0	5773
21.07.2026 10:45	83100.0	83180.0	81740.0	81830.0	8280
21.07.2026 11:00	81810.0	82530.0	81750.0	82290.0	7196
21.07.2026 11:15	82300.0	82900.0	82220.0	82670.0	4633
21.07.2026 11:30	82650.0	82900.0	82510.0	82700.0	2134
21.07.2026 11:45	82700.0	82880.0	82430.0	82570.0	1661
21.07.2026 12:00	82570.0	83360.0	82550.0	82800.0	3473
21.07.2026 12:15	82780.0	82780.0	82310.0	82320.0	2360
21.07.2026 12:30	82320.0	82440.0	81520.0	81710.0	6347
21.07.2026 12:45	81690.0	81830.0	81400.0	81600.0	3872
21.07.2026 13:00	81550.0	82400.0	81030.0	82310.0	6956
21.07.2026 13:15	82300.0	82310.0	81830.0	81830.0	2813
21.07.2026 13:30	81830.0	81910.0	81450.0	81510.0	2379
21.07.2026 13:45	81490.0	82190.0	81430.0	82040.0	3700
21.07.2026 14:00	82060.0	82610.0	82000.0	82390.0	3575
21.07.2026 14:15	82410.0	82490.0	82140.0	82270.0	1305
21.07.2026 14:30	82190.0	83230.0	82020.0	82930.0	3242
21.07.2026 14:45	82940.0	83470.0	82770.0	83200.0	3905
21.07.2026 15:00	83200.0	83430.0	82960.0	83220.0	2510
21.07.2026 15:15	83200.0	83400.0	82360.0	82770.0	6923
21.07.2026 15:30	82780.0	83060.0	82380.0	82560.0	3017
21.07.2026 15:45	82590.0	83030.0	82410.0	82970.0	2110
21.07.2026 16:00	83000.0	84000.0	83000.0	83700.0	6081
21.07.2026 16:15	83700.0	84220.0	83440.0	84060.0	5824
21.07.2026 16:30	84070.0	84240.0	83750.0	84050.0	4958
21.07.2026 16:45	84050.0	84900.0	83800.0	84660.0	5832
21.07.2026 17:00	84670.0	84980.0	84490.0	84780.0	5582
21.07.2026 17:15	84820.0	84950.0	84490.0	84860.0	3503
21.07.2026 17:30	84830.0	85050.0	84530.0	84730.0	2721
21.07.2026 17:45	84760.0	85080.0	84480.0	84610.0	4075
21.07.2026 18:00	84620.0	84950.0	84500.0	84610.0	3051
21.07.2026 18:15	84610.0	84690.0	83640.0	83680.0	6316
21.07.2026 18:30	83640.0	84120.0	83590.0	83850.0	3743
21.07.2026 18:45	83850.0	84350.0	83700.0	84080.0	2888
21.07.2026 19:00	84050.0	84240.0	83800.0	83850.0	1832
21.07.2026 19:15	83900.0	84040.0	83520.0	83670.0	1891
21.07.2026 19:30	83700.0	84320.0	83680.0	83970.0	3400
21.07.2026 19:45	83930.0	83950.0	83370.0	83390.0	2117
21.07.2026 20:00	83390.0	83710.0	83350.0	83520.0	1015
21.07.2026 20:15	83520.0	83770.0	83450.0	83740.0	537
21.07.2026 20:30	83720.0	83820.0	83600.0	83740.0	332
21.07.2026 20:45	83740.0	83840.0	83710.0	83740.0	180
21.07.2026 21:00	83750.0	83940.0	83680.0	83890.0	346
21.07.2026 21:15	83900.0	83940.0	83610.0	83680.0	424
21.07.2026 21:30	83680.0	83890.0	83660.0	83840.0	410
21.07.2026 21:45	83810.0	84180.0	83810.0	84050.0	866
21.07.2026 22:00	84050.0	84180.0	84010.0	84140.0	425
21.07.2026 22:15	84190.0	84220.0	83900.0	84000.0	524
21.07.2026 22:30	83980.0	84080.0	83880.0	83910.0	482
21.07.2026 22:45	83940.0	84070.0	83910.0	84030.0	262
21.07.2026 23:00	84040.0	84180.0	84040.0	84170.0	289
21.07.2026 23:15	84150.0	84180.0	84050.0	84100.0	176
21.07.2026 23:30	84080.0	84120.0	84020.0	84100.0	206
21.07.2026 23:45	84070.0	84140.0	84030.0	84080.0	71
22.07.2026 07:00	84010.0	84130.0	83430.0	83770.0	1136
22.07.2026 07:15	83790.0	83930.0	83300.0	83490.0	694
22.07.2026 07:30	83490.0	83630.0	83350.0	83500.0	329
22.07.2026 07:45	83500.0	83740.0	83430.0	83560.0	254
22.07.2026 08:00	83540.0	83650.0	83400.0	83440.0	236
22.07.2026 08:15	83420.0	83420.0	83060.0	83170.0	610
22.07.2026 08:30	83190.0	83430.0	83080.0	83410.0	595
22.07.2026 08:45	83400.0	83470.0	82600.0	82920.0	2090
22.07.2026 09:00	82940.0	83000.0	82510.0	82770.0	3120
22.07.2026 09:15	82760.0	83160.0	82660.0	82800.0	2229
22.07.2026 09:30	82790.0	83150.0	82720.0	83060.0	1756
22.07.2026 09:45	83050.0	83380.0	82950.0	83160.0	1949
22.07.2026 10:00	83210.0	83840.0	82610.0	83640.0	5792
22.07.2026 10:15	83660.0	83790.0	83250.0	83690.0	3159
22.07.2026 10:30	83670.0	83760.0	82970.0	83530.0	3265
22.07.2026 10:45	83540.0	84100.0	83390.0	83670.0	4035
22.07.2026 11:00	83720.0	83920.0	83560.0	83610.0	1469
22.07.2026 11:15	83620.0	83940.0	83400.0	83750.0	1971
22.07.2026 11:30	83760.0	83790.0	83310.0	83590.0	1993
22.07.2026 11:45	83590.0	83650.0	83210.0	83270.0	1347
22.07.2026 12:00	83250.0	85630.0	83230.0	85270.0	16484
22.07.2026 12:15	85260.0	85330.0	85020.0	85290.0	3492
22.07.2026 12:30	85280.0	85350.0	84910.0	85330.0	3832
22.07.2026 12:45	85350.0	86530.0	85280.0	86460.0	11431
22.07.2026 13:00	86480.0	87090.0	86180.0	86420.0	11538
22.07.2026 13:15	86430.0	86730.0	86290.0	86430.0	8878
22.07.2026 13:30	86410.0	86650.0	86350.0	86420.0	1515
22.07.2026 13:45	86440.0	86560.0	86240.0	86370.0	2226
22.07.2026 14:00	86360.0	86870.0	86320.0	86500.0	2888
22.07.2026 14:15	86530.0	87060.0	86410.0	86490.0	2921
22.07.2026 14:30	86490.0	86500.0	85770.0	85810.0	5578
22.07.2026 14:45	85810.0	86040.0	85720.0	85850.0	2293
22.07.2026 15:00	85880.0	86280.0	85840.0	86040.0	2159
22.07.2026 15:15	86020.0	86250.0	85960.0	86000.0	1687
22.07.2026 15:30	86010.0	86540.0	85970.0	86370.0	2762
22.07.2026 15:45	86370.0	86440.0	86140.0	86290.0	1194
22.07.2026 16:00	86290.0	86750.0	86050.0	86480.0	3741
22.07.2026 16:15	86490.0	86840.0	86010.0	86610.0	3671
22.07.2026 16:30	86650.0	86950.0	86600.0	86600.0	2843
22.07.2026 16:45	86620.0	86780.0	86520.0	86710.0	1616
22.07.2026 17:00	86750.0	86990.0	86530.0	86540.0	3074
22.07.2026 17:15	86540.0	87130.0	86340.0	86600.0	4744
22.07.2026 17:30	86630.0	86720.0	86300.0	86440.0	2800
22.07.2026 17:45	86450.0	86840.0	86410.0	86720.0	1693
22.07.2026 18:00	86700.0	87000.0	86700.0	86870.0	1101
22.07.2026 18:15	86890.0	87000.0	86680.0	86710.0	1842
22.07.2026 18:30	86730.0	86820.0	86250.0	86370.0	2758
22.07.2026 18:45	86380.0	86550.0	86150.0	86500.0	1335
22.07.2026 19:00	86530.0	86950.0	86360.0	86820.0	1975
22.07.2026 19:15	86820.0	87030.0	86800.0	86920.0	1582
22.07.2026 19:30	86920.0	86920.0	86700.0	86890.0	692
22.07.2026 19:45	86870.0	86920.0	86750.0	86870.0	463
22.07.2026 20:00	86910.0	86910.0	86810.0	86830.0	230
22.07.2026 20:15	86820.0	86870.0	86690.0	86730.0	602
22.07.2026 20:30	86720.0	86820.0	86700.0	86750.0	408
22.07.2026 20:45	86750.0	86960.0	86650.0	86950.0	539
22.07.2026 21:00	86950.0	87050.0	86830.0	86860.0	1055
22.07.2026 21:15	86870.0	87010.0	86860.0	87000.0	761
22.07.2026 21:30	87000.0	87100.0	86950.0	86960.0	711
22.07.2026 21:45	86960.0	87080.0	86960.0	87030.0	153
22.07.2026 22:00	87050.0	87190.0	87030.0	87130.0	1082
22.07.2026 22:15	87120.0	87200.0	87040.0	87180.0	678
22.07.2026 22:30	87180.0	87200.0	87030.0	87080.0	1173
22.07.2026 22:45	87070.0	87120.0	86970.0	87010.0	471
22.07.2026 23:00	86990.0	86990.0	86930.0	86930.0	266
22.07.2026 23:15	86940.0	86990.0	86930.0	86970.0	219
22.07.2026 23:30	86970.0	87090.0	86890.0	86970.0	758
22.07.2026 23:45	86960.0	86970.0	86890.0	86890.0	310
23.07.2026 07:00	86910.0	87350.0	86720.0	86810.0	1255
23.07.2026 07:15	86810.0	87010.0	86720.0	86880.0	886
23.07.2026 07:30	86900.0	86950.0	86510.0	86630.0	889
23.07.2026 07:45	86630.0	86760.0	86610.0	86640.0	413
23.07.2026 08:00	86630.0	86840.0	86520.0	86660.0	374
23.07.2026 08:15	86690.0	87040.0	86680.0	87030.0	369
23.07.2026 08:30	87030.0	87030.0	86560.0	86560.0	714
23.07.2026 08:45	86560.0	86960.0	86450.0	86840.0	1510
23.07.2026 09:00	86890.0	87430.0	86850.0	87110.0	3085
23.07.2026 09:15	87130.0	87750.0	87030.0	87600.0	3780
23.07.2026 09:30	87600.0	87800.0	87300.0	87510.0	3122
23.07.2026 09:45	87490.0	87580.0	86800.0	86800.0	2409
23.07.2026 10:00	86800.0	86950.0	85910.0	86220.0	10718
23.07.2026 10:15	86190.0	86490.0	86130.0	86300.0	2372
23.07.2026 10:30	86270.0	86340.0	85380.0	85530.0	9138
23.07.2026 10:45	85520.0	85570.0	85120.0	85390.0	5592
23.07.2026 11:00	85390.0	85810.0	85190.0	85540.0	6006
23.07.2026 11:15	85540.0	85540.0	85020.0	85200.0	4663
23.07.2026 11:30	85210.0	85490.0	85100.0	85200.0	3083
23.07.2026 11:45	85210.0	85440.0	85030.0	85190.0	2945
23.07.2026 12:00	85160.0	85450.0	85100.0	85330.0	2941
23.07.2026 12:15	85330.0	85680.0	85190.0	85560.0	2095
23.07.2026 12:30	85550.0	85560.0	85160.0	85200.0	1357
23.07.2026 12:45	85200.0	85350.0	84900.0	85050.0	2615
23.07.2026 13:00	85060.0	85530.0	84890.0	85410.0	2123
23.07.2026 13:15	85410.0	86500.0	85410.0	86180.0	6475
23.07.2026 13:30	86190.0	86230.0	85880.0	85950.0	2017
23.07.2026 13:45	85960.0	86050.0	85740.0	85910.0	1376
23.07.2026 14:00	85870.0	86180.0	85540.0	85690.0	3140
23.07.2026 14:15	85670.0	85820.0	85600.0	85680.0	1008
23.07.2026 14:30	85690.0	86020.0	85440.0	85740.0	2880
23.07.2026 14:45	85740.0	86250.0	85710.0	86160.0	2165
23.07.2026 15:00	86160.0	86380.0	86070.0	86310.0	1756
23.07.2026 15:15	86330.0	86490.0	85900.0	86090.0	2513
23.07.2026 15:30	86090.0	86880.0	86020.0	86590.0	4878
23.07.2026 15:45	86580.0	86690.0	86290.0	86370.0	1870
23.07.2026 16:00	86350.0	86600.0	86170.0	86590.0	1803
23.07.2026 16:15	86590.0	86600.0	86100.0	86430.0	1609
23.07.2026 16:30	86420.0	86680.0	86170.0	86610.0	1402
23.07.2026 16:45	86620.0	87110.0	86510.0	86830.0	4587
23.07.2026 17:00	86830.0	86970.0	86680.0	86760.0	1863
23.07.2026 17:15	86770.0	86950.0	86680.0	86900.0	1131
23.07.2026 17:30	86910.0	87340.0	86910.0	87120.0	4390
23.07.2026 17:45	87100.0	87230.0	86920.0	87170.0	1937
23.07.2026 18:00	87150.0	87240.0	86720.0	86900.0	1851
23.07.2026 18:15	86900.0	86930.0	86700.0	86860.0	1317
23.07.2026 18:30	86890.0	86930.0	86460.0	86570.0	2241
23.07.2026 18:45	86550.0	86670.0	86310.0	86640.0	1438
23.07.2026 19:00	86650.0	86710.0	86370.0	86470.0	1288
23.07.2026 19:15	86450.0	86510.0	86240.0	86330.0	1266
23.07.2026 19:30	86340.0	86590.0	86320.0	86480.0	529
23.07.2026 19:45	86520.0	86720.0	86480.0	86710.0	711
23.07.2026 20:00	86700.0	86840.0	86570.0	86800.0	594
23.07.2026 20:15	86810.0	86960.0	86510.0	86610.0	814
23.07.2026 20:30	86570.0	86840.0	86550.0	86770.0	480
23.07.2026 20:45	86790.0	86890.0	86590.0	86660.0	473
23.07.2026 21:00	86720.0	86770.0	86520.0	86560.0	317
23.07.2026 21:15	86560.0	86590.0	86150.0	86150.0	1056
23.07.2026 21:30	86150.0	86550.0	86140.0	86410.0	997
23.07.2026 21:45	86420.0	86580.0	86410.0	86520.0	322
23.07.2026 22:00	86510.0	86520.0	86290.0	86320.0	370
23.07.2026 22:15	86300.0	86390.0	86270.0	86300.0	244
23.07.2026 22:30	86300.0	86350.0	86260.0	86310.0	365
23.07.2026 22:45	86320.0	86500.0	86310.0	86390.0	507
23.07.2026 23:00	86370.0	86530.0	86350.0	86480.0	161
23.07.2026 23:15	86480.0	86650.0	86480.0	86590.0	331
23.07.2026 23:30	86580.0	86600.0	86440.0	86460.0	309
23.07.2026 23:45	86460.0	86570.0	86460.0	86550.0	66
24.07.2026 07:00	86350.0	86450.0	85770.0	85940.0	1014
24.07.2026 07:15	85930.0	85980.0	85640.0	85760.0	333
24.07.2026 07:30	85750.0	85870.0	85710.0	85850.0	397
24.07.2026 07:45	85840.0	86190.0	85840.0	86040.0	967
24.07.2026 08:00	86010.0	86300.0	85950.0	85950.0	384
24.07.2026 08:15	85950.0	86000.0	85750.0	85880.0	438
24.07.2026 08:30	85880.0	85920.0	85710.0	85770.0	132
24.07.2026 08:45	85750.0	85750.0	85570.0	85650.0	753
24.07.2026 09:00	85640.0	85720.0	85530.0	85550.0	961
24.07.2026 09:15	85550.0	85770.0	85520.0	85660.0	988
24.07.2026 09:30	85660.0	85840.0	85590.0	85590.0	889
24.07.2026 09:45	85580.0	85820.0	85570.0	85620.0	823
24.07.2026 10:00	85630.0	85650.0	84560.0	85040.0	6668
24.07.2026 10:15	85050.0	85360.0	84840.0	85140.0	4437
24.07.2026 10:30	85130.0	85330.0	85020.0	85100.0	1206
24.07.2026 10:45	85060.0	85170.0	84820.0	84910.0	1989
24.07.2026 11:00	84890.0	85280.0	84750.0	85100.0	2110
24.07.2026 11:15	85120.0	85150.0	84820.0	84980.0	1959
24.07.2026 11:30	84990.0	85780.0	84970.0	85780.0	3861
24.07.2026 11:45	85790.0	85880.0	85430.0	85510.0	1610
24.07.2026 12:00	85540.0	85660.0	85250.0	85280.0	1328
24.07.2026 12:15	85270.0	85430.0	85200.0	85350.0	1185
24.07.2026 12:30	85340.0	85740.0	85250.0	85520.0	2229
24.07.2026 12:45	85540.0	85680.0	85350.0	85670.0	905
24.07.2026 13:00	85670.0	85790.0	85510.0	85690.0	1456
24.07.2026 13:15	85710.0	86540.0	85200.0	86000.0	9223
24.07.2026 13:30	86010.0	88290.0	86000.0	87000.0	34237
24.07.2026 13:45	86990.0	87150.0	86570.0	86920.0	4545
24.07.2026 14:00	86940.0	87270.0	86520.0	86610.0	4142
24.07.2026 14:15	86600.0	86860.0	86300.0	86800.0	3463
24.07.2026 14:30	86790.0	86820.0	85870.0	86040.0	4222
24.07.2026 14:45	86040.0	86330.0	85930.0	86050.0	2881
24.07.2026 15:00	86040.0	86660.0	86040.0	86210.0	5316
24.07.2026 15:15	86190.0	86650.0	86070.0	86480.0	3529
24.07.2026 15:30	86480.0	87380.0	86470.0	87320.0	6028
24.07.2026 15:45	87350.0	87730.0	87190.0	87380.0	5299
24.07.2026 16:00	87410.0	87480.0	87060.0	87400.0	1904
24.07.2026 16:15	87420.0	88500.0	87310.0	88330.0	8081
24.07.2026 16:30	88330.0	88940.0	88000.0	88070.0	6224
24.07.2026 16:45	88070.0	89500.0	88050.0	89250.0	9565
24.07.2026 17:00	89250.0	89760.0	88940.0	89100.0	6032
24.07.2026 17:15	89100.0	89270.0	88900.0	89190.0	3574
24.07.2026 17:30	89200.0	89410.0	89010.0	89190.0	2047
24.07.2026 17:45	89200.0	89500.0	89020.0	89160.0	2999
24.07.2026 18:00	89170.0	89430.0	88620.0	88780.0	4311
24.07.2026 18:15	88800.0	88820.0	88130.0	88310.0	5959
24.07.2026 18:30	88320.0	88500.0	88150.0	88490.0	2650
24.07.2026 18:45	88490.0	88660.0	88370.0	88600.0	1261
24.07.2026 19:00	88600.0	88870.0	88580.0	88820.0	1198
24.07.2026 19:15	88820.0	88960.0	88670.0	88790.0	930
24.07.2026 19:30	88840.0	88900.0	88700.0	88870.0	633
24.07.2026 19:45	88860.0	88870.0	88730.0	88760.0	568
24.07.2026 20:00	88770.0	89330.0	88750.0	89120.0	1413
24.07.2026 20:15	89090.0	89260.0	89000.0	89040.0	437
24.07.2026 20:30	89040.0	89210.0	89040.0	89180.0	352
24.07.2026 20:45	89140.0	89200.0	89020.0	89050.0	346
24.07.2026 21:00	89100.0	89200.0	88890.0	89160.0	679
24.07.2026 21:15	89150.0	89410.0	89130.0	89380.0	861
24.07.2026 21:30	89360.0	89620.0	89260.0	89580.0	653
24.07.2026 21:45	89590.0	89920.0	89440.0	89470.0	2849
24.07.2026 22:00	89490.0	89900.0	89480.0	89830.0	1159
24.07.2026 22:15	89810.0	89850.0	89640.0	89830.0	1340
24.07.2026 22:30	89830.0	89840.0	89660.0	89790.0	479
24.07.2026 22:45	89790.0	89790.0	89570.0	89580.0	379
24.07.2026 23:00	89580.0	89720.0	89560.0	89650.0	518
24.07.2026 23:15	89640.0	89690.0	89570.0	89630.0	577
24.07.2026 23:30	89640.0	89640.0	89400.0	89520.0	677
24.07.2026 23:45	89590.0	89670.0	89440.0	89670.0	281
25.07.2026 09:45	89680.0	89680.0	89680.0	89680.0	41
25.07.2026 10:00	89700.0	89780.0	89510.0	89510.0	420
25.07.2026 10:15	89500.0	89560.0	89390.0	89560.0	146
25.07.2026 10:30	89530.0	89680.0	89480.0	89540.0	263
25.07.2026 10:45	89580.0	89680.0	89540.0	89640.0	191
25.07.2026 11:00	89640.0	89640.0	89540.0	89600.0	172
25.07.2026 11:15	89610.0	89860.0	89610.0	89820.0	503
25.07.2026 11:30	89820.0	90130.0	89800.0	90110.0	623
25.07.2026 11:45	90110.0	90130.0	89970.0	90020.0	404
25.07.2026 12:00	90020.0	90030.0	89880.0	89880.0	116
25.07.2026 12:15	89890.0	89910.0	89840.0	89840.0	39
25.07.2026 12:30	89850.0	89850.0	89750.0	89810.0	260
25.07.2026 12:45	89800.0	89810.0	89760.0	89810.0	166
25.07.2026 13:00	89800.0	89800.0	89690.0	89720.0	97
25.07.2026 13:15	89720.0	89810.0	89690.0	89790.0	84
25.07.2026 13:30	89810.0	89810.0	89780.0	89810.0	79
25.07.2026 13:45	89810.0	89810.0	89760.0	89780.0	26
25.07.2026 14:00	89800.0	89800.0	89680.0	89690.0	74
25.07.2026 14:15	89690.0	89690.0	89680.0	89690.0	15
25.07.2026 14:30	89700.0	89840.0	89700.0	89810.0	302
25.07.2026 14:45	89830.0	89850.0	89790.0	89790.0	14
25.07.2026 15:00	89800.0	89800.0	89760.0	89760.0	11
25.07.2026 15:15	89780.0	89840.0	89780.0	89840.0	30
25.07.2026 15:30	89840.0	89840.0	89800.0	89800.0	10
25.07.2026 15:45	89820.0	89830.0	89770.0	89800.0	17
25.07.2026 16:00	89780.0	89840.0	89780.0	89840.0	14
25.07.2026 16:15	89850.0	89860.0	89850.0	89860.0	14
25.07.2026 16:30	89860.0	89860.0	89840.0	89850.0	31
25.07.2026 16:45	89820.0	89840.0	89660.0	89710.0	319
25.07.2026 17:00	89710.0	89780.0	89620.0	89780.0	133
25.07.2026 17:15	89770.0	89780.0	89750.0	89780.0	16
25.07.2026 17:30	89780.0	89780.0	89770.0	89770.0	18
25.07.2026 17:45	89760.0	89770.0	89720.0	89770.0	14
25.07.2026 18:00	89770.0	89780.0	89770.0	89780.0	22
25.07.2026 18:15	89770.0	89770.0	89760.0	89770.0	48
25.07.2026 18:30	89760.0	89770.0	89740.0	89760.0	31
25.07.2026 18:45	89770.0	89840.0	89720.0	89840.0	73
26.07.2026 09:45	89840.0	89840.0	89840.0	89840.0	1
26.07.2026 10:00	89760.0	89840.0	89300.0	89310.0	562
26.07.2026 10:15	89300.0	89420.0	89040.0	89250.0	484
26.07.2026 10:30	89280.0	89430.0	89280.0	89400.0	136
26.07.2026 10:45	89410.0	89420.0	89290.0	89290.0	68
26.07.2026 11:00	89290.0	89330.0	89140.0	89140.0	134
26.07.2026 11:15	89140.0	89140.0	88880.0	88930.0	401
26.07.2026 11:30	88940.0	88990.0	88800.0	88840.0	269
26.07.2026 11:45	88860.0	88950.0	88770.0	88870.0	101
26.07.2026 12:00	88900.0	88900.0	88700.0	88780.0	207
26.07.2026 12:15	88780.0	88860.0	88750.0	88770.0	98
26.07.2026 12:30	88770.0	88910.0	88770.0	88840.0	99
26.07.2026 12:45	88840.0	88930.0	88830.0	88830.0	90
26.07.2026 13:00	88820.0	88820.0	88740.0	88820.0	72
26.07.2026 13:15	88800.0	88850.0	88800.0	88800.0	61
26.07.2026 13:30	88830.0	88830.0	88660.0	88770.0	204
26.07.2026 13:45	88700.0	88770.0	88460.0	88770.0	545
26.07.2026 14:00	88760.0	88770.0	88680.0	88680.0	36
26.07.2026 14:15	88680.0	88680.0	88270.0	88600.0	445
26.07.2026 14:30	88610.0	88640.0	88460.0	88490.0	75
26.07.2026 14:45	88490.0	88570.0	88450.0	88460.0	91
26.07.2026 15:00	88450.0	88530.0	88290.0	88530.0	232
26.07.2026 15:15	88530.0	88530.0	88330.0	88370.0	90
26.07.2026 15:30	88370.0	88490.0	88300.0	88490.0	162
26.07.2026 15:45	88490.0	88500.0	88370.0	88370.0	40
26.07.2026 16:00	88370.0	88470.0	88370.0	88450.0	53
26.07.2026 16:15	88430.0	88590.0	88430.0	88590.0	198
26.07.2026 16:30	88620.0	88730.0	88580.0	88700.0	212
26.07.2026 16:45	88700.0	88790.0	88660.0	88780.0	104
26.07.2026 17:00	88790.0	88870.0	88780.0	88810.0	185
26.07.2026 17:15	88780.0	88800.0	88680.0	88750.0	97
26.07.2026 17:30	88750.0	88800.0	88740.0	88750.0	26
26.07.2026 17:45	88740.0	88740.0	88650.0	88650.0	41
26.07.2026 18:00	88660.0	88710.0	88640.0	88650.0	57
26.07.2026 18:15	88640.0	88670.0	88580.0	88600.0	53
26.07.2026 18:30	88600.0	88600.0	88460.0	88590.0	109
26.07.2026 18:45	88610.0	88610.0	88510.0	88550.0	201
27.07.2026 07:00	88490.0	88610.0	87960.0	88330.0	1851
27.07.2026 07:15	88380.0	88800.0	88350.0	88590.0	832
27.07.2026 07:30	88570.0	88790.0	88570.0	88610.0	294
27.07.2026 07:45	88620.0	88880.0	88480.0	88780.0	916
27.07.2026 08:00	88770.0	89310.0	88720.0	89080.0	699
27.07.2026 08:15	89110.0	89230.0	88830.0	88930.0	646
27.07.2026 08:30	88920.0	89170.0	88910.0	89090.0	313
27.07.2026 08:45	89090.0	89090.0	88890.0	88970.0	411
27.07.2026 09:00	88920.0	89050.0	88290.0	88350.0	2560
27.07.2026 09:15	88340.0	88340.0	87810.0	87870.0	2396
27.07.2026 09:30	87900.0	88130.0	87850.0	87960.0	1148
27.07.2026 09:45	88010.0	88110.0	87500.0	87820.0	2572
27.07.2026 10:00	87800.0	87970.0	87540.0	87890.0	2922
27.07.2026 10:15	87850.0	88600.0	87700.0	88400.0	4055
27.07.2026 10:30	88420.0	88630.0	88330.0	88450.0	1434
27.07.2026 10:45	88470.0	89190.0	88450.0	89050.0	4620
27.07.2026 11:00	89070.0	89430.0	88780.0	88970.0	3767
27.07.2026 11:15	88960.0	89040.0	88500.0	88500.0	2492
27.07.2026 11:30	88500.0	88820.0	88460.0	88680.0	1217
27.07.2026 11:45	88670.0	88990.0	88370.0	88920.0	1608
27.07.2026 12:00	88890.0	89210.0	88820.0	88940.0	1455
27.07.2026 12:15	88910.0	88990.0	88440.0	88600.0	1420
27.07.2026 12:30	88590.0	88860.0	88530.0	88840.0	906
27.07.2026 12:45	88830.0	89110.0	88730.0	89060.0	1484
27.07.2026 13:00	89060.0	89490.0	89000.0	89330.0	2568
27.07.2026 13:15	89350.0	90120.0	89350.0	90050.0	7578
27.07.2026 13:30	90040.0	90630.0	90030.0	90260.0	6187
27.07.2026 13:45	90290.0	90430.0	90160.0	90240.0	1615
27.07.2026 14:00	90250.0	90450.0	90160.0	90260.0	1485
27.07.2026 14:15	90250.0	90260.0	90120.0	90160.0	676
27.07.2026 14:30	90190.0	90370.0	90120.0	90270.0	1035
27.07.2026 14:45	90260.0	90690.0	90180.0	90310.0	3149
27.07.2026 15:00	90310.0	90360.0	89790.0	89840.0	3292
27.07.2026 15:15	89840.0	90080.0	89740.0	90010.0	1369
27.07.2026 15:30	90030.0	90290.0	89890.0	90240.0	1269
27.07.2026 15:45	90240.0	90310.0	90050.0	90270.0	1118
27.07.2026 16:00	90270.0	90580.0	90140.0	90440.0	1783
27.07.2026 16:15	90450.0	90520.0	90150.0	90240.0	2163
27.07.2026 16:30	90230.0	90280.0	89560.0	89960.0	3791
27.07.2026 16:45	89960.0	90180.0	89880.0	90080.0	1675
27.07.2026 17:00	90080.0	90330.0	89980.0	90120.0	1338
27.07.2026 17:15	90120.0	90330.0	89760.0	89820.0	2927
27.07.2026 17:30	89840.0	90070.0	89730.0	90000.0	2159
27.07.2026 17:45	90020.0	90390.0	89810.0	89920.0	3693
27.07.2026 18:00	89920.0	90070.0	89700.0	89870.0	2096
27.07.2026 18:15	89880.0	90160.0	89880.0	89980.0	955
27.07.2026 18:30	90030.0	90160.0	89730.0	89960.0	1540
27.07.2026 18:45	89970.0	90000.0	89830.0	89930.0	263
27.07.2026 19:00	89920.0	89950.0	89810.0	89890.0	332
27.07.2026 19:15	89910.0	90100.0	89840.0	89960.0	496
27.07.2026 19:30	89960.0	89970.0	89800.0	89970.0	622
27.07.2026 19:45	89960.0	89990.0	89850.0	89950.0	386
27.07.2026 20:00	89970.0	90090.0	89920.0	90020.0	433
27.07.2026 20:15	90030.0	90170.0	90020.0	90020.0	175
27.07.2026 20:30	90020.0	90060.0	89930.0	90020.0	188
27.07.2026 20:45	90000.0	90030.0	89870.0	89930.0	359
27.07.2026 21:00	89900.0	89930.0	89820.0	89930.0	127
27.07.2026 21:15	89880.0	89930.0	89810.0	89900.0	510
27.07.2026 21:30	89910.0	89940.0	89850.0	89880.0	97
27.07.2026 21:45	89860.0	89890.0	89800.0	89830.0	199
27.07.2026 22:00	89840.0	89850.0	89620.0	89710.0	1411
27.07.2026 22:15	89730.0	89800.0	89680.0	89710.0	231
27.07.2026 22:30	89740.0	89850.0	89720.0	89850.0	296
27.07.2026 22:45	89840.0	89840.0	89720.0	89740.0	111
27.07.2026 23:00	89730.0	89760.0	89650.0	89740.0	387
27.07.2026 23:15	89740.0	89800.0	89740.0	89800.0	293
27.07.2026 23:30	89800.0	89830.0	89770.0	89800.0	297
27.07.2026 23:45	89800.0	89820.0	89740.0	89760.0	174
28.07.2026 07:00	89700.0	89930.0	89610.0	89720.0	600
28.07.2026 07:15	89750.0	90010.0	89750.0	89870.0	409
28.07.2026 07:30	89850.0	90010.0	89830.0	89990.0	172
28.07.2026 07:45	89980.0	89990.0	89750.0	89830.0	213
28.07.2026 08:00	89820.0	89840.0	89510.0	89540.0	587
28.07.2026 08:15	89580.0	89670.0	89500.0	89560.0	813
28.07.2026 08:30	89570.0	89840.0	89550.0	89680.0	312
28.07.2026 08:45	89700.0	90000.0	89640.0	89880.0	557
28.07.2026 09:00	89850.0	89990.0	89690.0	89980.0	1094
28.07.2026 09:15	89980.0	90420.0	89530.0	90160.0	3199
28.07.2026 09:30	90120.0	90120.0	89730.0	89840.0	1593
28.07.2026 09:45	89750.0	89750.0	89240.0	89450.0	2746
28.07.2026 10:00	89420.0	89490.0	88510.0	89090.0	6196
28.07.2026 10:15	89080.0	89350.0	88920.0	88960.0	3454
28.07.2026 10:30	88970.0	89180.0	88700.0	88830.0	2488
28.07.2026 10:45	88820.0	89150.0	88640.0	88650.0	2942
28.07.2026 11:00	88680.0	88690.0	88060.0	88250.0	5130
28.07.2026 11:15	88240.0	88550.0	88160.0	88420.0	2011
28.07.2026 11:30	88410.0	89090.0	88410.0	88810.0	3601
28.07.2026 11:45	88810.0	88970.0	88560.0	88680.0	1472
28.07.2026 12:00	88670.0	88950.0	88530.0	88690.0	1425
28.07.2026 12:15	88700.0	88950.0	88610.0	88840.0	800
28.07.2026 12:30	88810.0	88870.0	88600.0	88780.0	764
28.07.2026 12:45	88790.0	88880.0	88650.0	88790.0	757
28.07.2026 13:00	88800.0	88820.0	88340.0	88660.0	1984
28.07.2026 13:15	88590.0	89430.0	88580.0	89170.0	4860
28.07.2026 13:30	89180.0	89250.0	89010.0	89200.0	1095
28.07.2026 13:45	89180.0	89410.0	89070.0	89360.0	999
28.07.2026 14:00	89360.0	89410.0	89130.0	89180.0	1004
28.07.2026 14:15	89170.0	89310.0	89130.0	89240.0	386
28.07.2026 14:30	89240.0	89320.0	89120.0	89310.0	398
28.07.2026 14:45	89320.0	89770.0	89320.0	89660.0	2215
28.07.2026 15:00	89670.0	89750.0	89460.0	89550.0	1013
28.07.2026 15:15	89560.0	89560.0	89310.0	89340.0	692
28.07.2026 15:30	89330.0	89560.0	89260.0	89420.0	868
28.07.2026 15:45	89410.0	89530.0	89300.0	89370.0	1215
28.07.2026 16:00	89350.0	89530.0	89350.0	89380.0	352
28.07.2026 16:15	89410.0	89410.0	89140.0	89200.0	2249
28.07.2026 16:30	89200.0	89240.0	88660.0	88660.0	2936
28.07.2026 16:45	88670.0	88970.0	88540.0	88660.0	2844
28.07.2026 17:00	88660.0	88900.0	88650.0	88850.0	1225
28.07.2026 17:15	88850.0	88990.0	88430.0	88530.0	2432
28.07.2026 17:30	88500.0	88540.0	88000.0	88240.0	5089
28.07.2026 17:45	88240.0	88750.0	88070.0	88470.0	3284
28.07.2026 18:00	88460.0	88580.0	88300.0	88310.0	1549
28.07.2026 18:15	88340.0	88370.0	87870.0	88140.0	2950
28.07.2026 18:30	88070.0	88150.0	88000.0	88040.0	907
28.07.2026 18:45	88040.0	88780.0	87780.0	88250.0	3954
28.07.2026 19:00	88270.0	88520.0	87980.0	88060.0	2784
28.07.2026 19:15	88060.0	88180.0	87900.0	87910.0	595
28.07.2026 19:30	87940.0	88020.0	87610.0	87850.0	1420
28.07.2026 19:45	87850.0	87920.0	87730.0	87780.0	672
28.07.2026 20:00	87780.0	87910.0	87680.0	87880.0	730
28.07.2026 20:15	87870.0	87880.0	87720.0	87780.0	275
28.07.2026 20:30	87790.0	88140.0	87760.0	87900.0	1252
28.07.2026 20:45	87900.0	87970.0	87730.0	87790.0	454
28.07.2026 21:00	87810.0	87890.0	87730.0	87850.0	456
28.07.2026 21:15	87840.0	87890.0	87760.0	87790.0	208
28.07.2026 21:30	87810.0	87870.0	87780.0	87850.0	130
28.07.2026 21:45	87840.0	88020.0	87830.0	87970.0	258
28.07.2026 22:00	87930.0	87950.0	87790.0	87800.0	283
28.07.2026 22:15	87790.0	87870.0	87790.0	87860.0	75
28.07.2026 22:30	87870.0	87900.0	87780.0	87780.0	158
28.07.2026 22:45	87770.0	87810.0	87720.0	87780.0	295
28.07.2026 23:00	87790.0	87940.0	87750.0	87900.0	237
28.07.2026 23:15	87940.0	87960.0	87860.0	87930.0	187
28.07.2026 23:30	87950.0	87960.0	87890.0	87900.0	232
28.07.2026 23:45	87890.0	87970.0	87850.0	87850.0	209
29.07.2026 07:00	87980.0	88490.0	87980.0	88410.0	780
29.07.2026 07:15	88380.0	88770.0	88330.0	88690.0	568
29.07.2026 07:30	88720.0	88760.0	88440.0	88520.0	265
29.07.2026 07:45	88500.0	88500.0	88420.0	88440.0	141
29.07.2026 08:00	88430.0	88430.0	88280.0	88300.0	192
29.07.2026 08:15	88290.0	88370.0	88290.0	88340.0	122
29.07.2026 08:30	88360.0	88520.0	88310.0	88440.0	472
29.07.2026 08:45	88440.0	88470.0	87940.0	88030.0	1078
29.07.2026 09:00	88000.0	88440.0	87980.0	88410.0	933
29.07.2026 09:15	88380.0	88430.0	88240.0	88300.0	395
29.07.2026 09:30	88340.0	88430.0	88010.0	88040.0	1347
29.07.2026 09:45	88060.0	88300.0	88020.0	88200.0	762
29.07.2026 10:00	88190.0	88540.0	88030.0	88220.0	2678
29.07.2026 10:15	88220.0	88420.0	88200.0	88390.0	811
29.07.2026 10:30	88390.0	88500.0	88140.0	88500.0	1419
29.07.2026 10:45	88500.0	88850.0	88440.0	88590.0	3205
29.07.2026 11:00	88580.0	88970.0	88350.0	88790.0	3427
29.07.2026 11:15	88800.0	89000.0	88650.0	88970.0	2044
29.07.2026 11:30	88970.0	88980.0	88700.0	88850.0	1097
29.07.2026 11:45	88870.0	89130.0	88860.0	89060.0	2052
29.07.2026 12:00	89060.0	89120.0	88880.0	88910.0	859
29.07.2026 12:15	88920.0	89000.0	88760.0	88770.0	1079
29.07.2026 12:30	88760.0	88940.0	88450.0	88510.0	2582
29.07.2026 12:45	88500.0	88720.0	88430.0	88690.0	1242
29.07.2026 13:00	88670.0	88680.0	88450.0	88500.0	667
29.07.2026 13:15	88490.0	88730.0	88400.0	88710.0	1144
29.07.2026 13:30	88700.0	88960.0	88600.0	88780.0	967
29.07.2026 13:45	88780.0	89010.0	88700.0	88970.0	1517
29.07.2026 14:00	88960.0	89190.0	88770.0	89090.0	1775
29.07.2026 14:15	89080.0	89100.0	88810.0	88890.0	1286
29.07.2026 14:30	88880.0	88940.0	88630.0	88720.0	827
29.07.2026 14:45	88710.0	88740.0	88440.0	88520.0	1556
29.07.2026 15:00	88550.0	88710.0	88530.0	88680.0	814
29.07.2026 15:15	88630.0	88890.0	88620.0	88750.0	1147
29.07.2026 15:30	88770.0	88850.0	88560.0	88620.0	737
29.07.2026 15:45	88610.0	88660.0	88370.0	88550.0	1438
29.07.2026 16:00	88540.0	88710.0	88430.0	88610.0	729
29.07.2026 16:15	88570.0	88880.0	88540.0	88730.0	753
29.07.2026 16:30	88740.0	88760.0	88460.0	88640.0	884
29.07.2026 16:45	88620.0	88780.0	88590.0	88750.0	833
29.07.2026 17:00	88750.0	88790.0	88470.0	88590.0	1140
29.07.2026 17:15	88590.0	88710.0	88410.0	88460.0	1364
29.07.2026 17:30	88450.0	88550.0	88310.0	88340.0	1953
29.07.2026 17:45	88330.0	88580.0	88330.0	88500.0	1020
29.07.2026 18:00	88480.0	88590.0	88400.0	88490.0	878
29.07.2026 18:15	88480.0	88790.0	88410.0	88530.0	2783
29.07.2026 18:30	88520.0	88780.0	88460.0	88700.0	1521
29.07.2026 18:45	88700.0	88930.0	88670.0	88770.0	926
29.07.2026 19:00	88800.0	89090.0	88790.0	88980.0	1691
29.07.2026 19:15	88950.0	89090.0	88850.0	88850.0	497
29.07.2026 19:30	88850.0	89020.0	88850.0	88950.0	333
29.07.2026 19:45	88970.0	89100.0	88920.0	89060.0	477
29.07.2026 20:00	89060.0	89290.0	89040.0	89240.0	1666
29.07.2026 20:15	89230.0	89240.0	89140.0	89210.0	293
29.07.2026 20:30	89220.0	89260.0	89160.0	89190.0	179
29.07.2026 20:45	89200.0	89360.0	89200.0	89260.0	794
29.07.2026 21:00	89260.0	89400.0	89260.0	89320.0	428
29.07.2026 21:15	89340.0	89370.0	89270.0	89300.0	190
29.07.2026 21:30	89290.0	89400.0	89230.0	89370.0	239
29.07.2026 21:45	89390.0	89520.0	89240.0	89420.0	694
29.07.2026 22:00	89420.0	89450.0	89170.0	89180.0	527
29.07.2026 22:15	89170.0	89210.0	89010.0	89060.0	669
29.07.2026 22:30	89060.0	89090.0	88980.0	88980.0	344
29.07.2026 22:45	88980.0	89140.0	88930.0	88960.0	658
29.07.2026 23:00	88960.0	89040.0	88940.0	89010.0	193
29.07.2026 23:15	89030.0	89070.0	88930.0	89070.0	273
29.07.2026 23:30	89060.0	89100.0	88990.0	89030.0	176
29.07.2026 23:45	89050.0	89120.0	89000.0	89000.0	88
30.07.2026 07:00	89190.0	89220.0	88890.0	89070.0	281
30.07.2026 07:15	89090.0	89120.0	89010.0	89110.0	129
30.07.2026 07:30	89120.0	89270.0	89110.0	89210.0	368
30.07.2026 07:45	89200.0	89350.0	89170.0	89300.0	146
30.07.2026 08:00	89310.0	89360.0	89280.0	89320.0	207
30.07.2026 08:15	89330.0	89650.0	89320.0	89490.0	434
30.07.2026 08:30	89490.0	89800.0	89460.0	89630.0	831
30.07.2026 08:45	89660.0	89790.0	89620.0	89770.0	388
30.07.2026 09:00	89760.0	89820.0	89540.0	89630.0	1122
30.07.2026 09:15	89630.0	89900.0	89530.0	89880.0	744
30.07.2026 09:30	89870.0	90150.0	89830.0	89940.0	2872
30.07.2026 09:45	89930.0	89950.0	89720.0	89810.0	2009
30.07.2026 10:00	89790.0	90230.0	89600.0	90070.0	4715
30.07.2026 10:15	90050.0	90280.0	89890.0	90070.0	2268
30.07.2026 10:30	90090.0	90680.0	89950.0	90550.0	6638
30.07.2026 10:45	90550.0	90590.0	90250.0	90270.0	2813
30.07.2026 11:00	90270.0	90310.0	89760.0	89890.0	2380
30.07.2026 11:15	89890.0	90010.0	89740.0	89840.0	1502
30.07.2026 11:30	89820.0	90120.0	89810.0	90050.0	1135
30.07.2026 11:45	90020.0	90230.0	89880.0	89900.0	1424
30.07.2026 12:00	89900.0	90130.0	89780.0	89840.0	1417
30.07.2026 12:15	89850.0	89870.0	89360.0	89430.0	3452
30.07.2026 12:30	89430.0	89480.0	89160.0	89300.0	3378
30.07.2026 12:45	89300.0	89560.0	89280.0	89550.0	1835
30.07.2026 13:00	89540.0	89580.0	88870.0	88930.0	3941
30.07.2026 13:15	88950.0	89260.0	88900.0	89120.0	1970
30.07.2026 13:30	89130.0	89130.0	88880.0	89020.0	1244
30.07.2026 13:45	89030.0	89060.0	88820.0	88820.0	1028
30.07.2026 14:00	88850.0	89020.0	88740.0	88860.0	1677
30.07.2026 14:15	88900.0	89440.0	88880.0	89260.0	3885
30.07.2026 14:30	89250.0	89260.0	88970.0	89130.0	1150
30.07.2026 14:45	89150.0	89260.0	89070.0	89110.0	623
30.07.2026 15:00	89090.0	89390.0	88990.0	89320.0	864
