datetime	open	high	low	close	volume
11.03.2025 16:00	102442.0	102787.0	102432.0	102787.0	3
11.03.2025 18:00	102486.0	102792.0	102486.0	102792.0	12
11.03.2025 19:00	103231.0	103907.0	103231.0	103600.0	12
11.03.2025 21:00	102875.0	102976.0	101700.0	102976.0	31
12.03.2025 10:00	102350.0	102869.0	102003.0	102869.0	3
12.03.2025 13:00	102869.0	102968.0	102869.0	102968.0	5
13.03.2025 10:00	103440.0	104233.0	103440.0	104233.0	5
13.03.2025 12:00	102701.0	102701.0	102539.0	102539.0	7
13.03.2025 15:00	102300.0	102300.0	102000.0	102000.0	26
13.03.2025 19:00	101863.0	101863.0	101550.0	101550.0	8
13.03.2025 20:00	101550.0	101550.0	101300.0	101300.0	2
13.03.2025 22:00	101251.0	101601.0	101250.0	101600.0	6
14.03.2025 12:00	101809.0	101809.0	101808.0	101808.0	2
14.03.2025 13:00	101786.0	101786.0	101500.0	101500.0	5
14.03.2025 16:00	101300.0	101499.0	101000.0	101499.0	7
17.03.2025 11:00	101000.0	101397.0	100260.0	100260.0	26
17.03.2025 14:00	100260.0	100260.0	100001.0	100101.0	14
17.03.2025 16:00	100015.0	100015.0	99860.0	99860.0	19
17.03.2025 17:00	99870.0	99870.0	99474.0	99474.0	5
17.03.2025 18:00	99899.0	99899.0	99371.0	99371.0	2
17.03.2025 19:00	99358.0	99934.0	99358.0	99934.0	2
17.03.2025 23:00	99172.0	99172.0	99000.0	99000.0	5
18.03.2025 09:00	98602.0	99170.0	98602.0	99170.0	5
18.03.2025 10:00	98607.0	98607.0	98182.0	98182.0	8
18.03.2025 12:00	98000.0	98837.0	97385.0	98000.0	17
18.03.2025 13:00	98885.0	99250.0	98885.0	99000.0	18
18.03.2025 14:00	99249.0	99350.0	99002.0	99350.0	9
18.03.2025 15:00	98806.0	99500.0	98806.0	99500.0	8
18.03.2025 16:00	99950.0	100000.0	99600.0	100000.0	7
18.03.2025 17:00	100138.0	100839.0	100127.0	100839.0	20
18.03.2025 18:00	100840.0	101395.0	98508.0	99874.0	39
18.03.2025 20:00	100470.0	100599.0	100470.0	100599.0	14
18.03.2025 21:00	100780.0	100780.0	98056.0	98056.0	5
18.03.2025 22:00	100696.0	101700.0	100696.0	101700.0	7
19.03.2025 09:00	100158.0	100497.0	100156.0	100497.0	19
19.03.2025 10:00	100499.0	100980.0	100499.0	100980.0	20
19.03.2025 11:00	101001.0	101002.0	100899.0	101002.0	12
19.03.2025 12:00	100500.0	100500.0	100198.0	100380.0	20
19.03.2025 13:00	100400.0	100500.0	100400.0	100500.0	12
19.03.2025 14:00	100621.0	101554.0	100620.0	101554.0	18
19.03.2025 15:00	102155.0	102155.0	101793.0	101793.0	2
19.03.2025 18:00	101956.0	101956.0	101652.0	101652.0	4
19.03.2025 22:00	101940.0	101956.0	101940.0	101956.0	4
20.03.2025 09:00	102000.0	102200.0	102000.0	102200.0	3
20.03.2025 11:00	101901.0	102200.0	101900.0	102200.0	4
20.03.2025 12:00	102499.0	102500.0	102499.0	102500.0	3
20.03.2025 13:00	102800.0	103312.0	102404.0	103312.0	10
20.03.2025 14:00	102983.0	102983.0	102601.0	102601.0	4
20.03.2025 15:00	102744.0	102763.0	102744.0	102763.0	3
20.03.2025 16:00	102954.0	102985.0	102954.0	102985.0	2
20.03.2025 17:00	102800.0	102807.0	102432.0	102619.0	15
20.03.2025 18:00	102676.0	102826.0	102400.0	102400.0	13
20.03.2025 19:00	102501.0	102998.0	102500.0	102998.0	8
20.03.2025 20:00	102800.0	102900.0	102800.0	102900.0	2
20.03.2025 21:00	102733.0	102733.0	102732.0	102732.0	2
20.03.2025 22:00	103000.0	103100.0	102602.0	102602.0	5
20.03.2025 23:00	102797.0	102885.0	102797.0	102885.0	4
21.03.2025 10:00	103437.0	103606.0	103437.0	103478.0	6
21.03.2025 11:00	103299.0	103299.0	103006.0	103006.0	7
21.03.2025 12:00	102900.0	102995.0	102859.0	102995.0	7
21.03.2025 16:00	102812.0	103270.0	102225.0	103270.0	24
21.03.2025 17:00	102700.0	102700.0	102600.0	102600.0	4
21.03.2025 18:00	102501.0	102501.0	102305.0	102305.0	3
21.03.2025 20:00	102329.0	102486.0	102308.0	102486.0	14
21.03.2025 23:00	102743.0	102743.0	102742.0	102742.0	4
24.03.2025 09:00	102129.0	102129.0	101281.0	101281.0	17
24.03.2025 10:00	101190.0	101600.0	101147.0	101585.0	7
24.03.2025 11:00	101500.0	101799.0	101500.0	101799.0	35
24.03.2025 12:00	101799.0	103000.0	101799.0	103000.0	40
24.03.2025 13:00	103199.0	103280.0	102908.0	102908.0	7
24.03.2025 14:00	103272.0	103272.0	102845.0	102845.0	9
24.03.2025 15:00	103155.0	103697.0	103155.0	103200.0	14
24.03.2025 17:00	103294.0	103505.0	102873.0	103321.0	10
24.03.2025 18:00	103107.0	103113.0	103009.0	103113.0	17
24.03.2025 19:00	102771.0	102784.0	102770.0	102784.0	4
24.03.2025 20:00	102704.0	102704.0	102516.0	102516.0	6
24.03.2025 21:00	103042.0	103096.0	103042.0	103096.0	5
25.03.2025 11:00	102453.0	102453.0	102450.0	102450.0	6
25.03.2025 14:00	102051.0	102100.0	102050.0	102100.0	4
25.03.2025 17:00	102568.0	102838.0	102108.0	102110.0	11
25.03.2025 18:00	101834.0	102340.0	101834.0	102340.0	3
25.03.2025 19:00	101750.0	101909.0	101487.0	101487.0	5
25.03.2025 20:00	102213.0	102214.0	102213.0	102214.0	2
26.03.2025 14:00	101901.0	101901.0	101485.0	101699.0	35
26.03.2025 15:00	101371.0	101696.0	101370.0	101500.0	17
26.03.2025 16:00	101205.0	101300.0	101070.0	101300.0	22
26.03.2025 17:00	101567.0	101569.0	101567.0	101569.0	9
26.03.2025 21:00	101567.0	101568.0	101500.0	101500.0	13
26.03.2025 22:00	101500.0	101562.0	101401.0	101562.0	14
27.03.2025 13:00	101503.0	101503.0	101502.0	101502.0	2
27.03.2025 17:00	101272.0	101272.0	100800.0	100800.0	23
27.03.2025 21:00	100751.0	100864.0	100700.0	100864.0	12
28.03.2025 12:00	100991.0	100991.0	100990.0	100990.0	7
28.03.2025 13:00	101479.0	101544.0	101479.0	101544.0	11
28.03.2025 16:00	102348.0	102500.0	102348.0	102500.0	4
28.03.2025 20:00	103304.0	103404.0	103304.0	103404.0	2
28.03.2025 21:00	103239.0	103500.0	103239.0	103500.0	3
31.03.2025 09:00	103473.0	103777.0	103473.0	103777.0	3
31.03.2025 10:00	103411.0	103411.0	103247.0	103247.0	6
31.03.2025 11:00	102670.0	103399.0	102670.0	103399.0	2
31.03.2025 16:00	102962.0	102962.0	102859.0	102859.0	2
31.03.2025 18:00	102607.0	102607.0	102500.0	102500.0	5
01.04.2025 10:00	102501.0	102501.0	102500.0	102500.0	2
01.04.2025 16:00	102000.0	102297.0	101880.0	101880.0	7
01.04.2025 18:00	101852.0	101879.0	101852.0	101879.0	5
01.04.2025 19:00	101132.0	101500.0	101131.0	101500.0	4
01.04.2025 20:00	101500.0	101875.0	101500.0	101875.0	2
02.04.2025 16:00	101499.0	101600.0	101460.0	101600.0	5
02.04.2025 19:00	101498.0	101498.0	101497.0	101497.0	2
03.04.2025 09:00	101104.0	101700.0	101104.0	101410.0	16
03.04.2025 12:00	102105.0	102219.0	100800.0	100800.0	11
03.04.2025 16:00	101254.0	101360.0	101254.0	101360.0	4
03.04.2025 17:00	101000.0	101538.0	100801.0	101538.0	16
03.04.2025 18:00	101533.0	101538.0	101533.0	101538.0	5
03.04.2025 19:00	101909.0	101909.0	101838.0	101838.0	5
04.04.2025 11:00	101080.0	101200.0	101080.0	101100.0	15
04.04.2025 12:00	101100.0	101100.0	101000.0	101000.0	10
04.04.2025 13:00	101309.0	102000.0	101309.0	101600.0	57
04.04.2025 14:00	101809.0	102187.0	101500.0	101601.0	14
04.04.2025 15:00	102890.0	102899.0	102850.0	102850.0	6
04.04.2025 16:00	103000.0	103288.0	102930.0	103010.0	19
04.04.2025 17:00	102950.0	103500.0	102950.0	103500.0	9
04.04.2025 18:00	103501.0	103501.0	103000.0	103000.0	15
04.04.2025 19:00	103002.0	103200.0	103000.0	103200.0	19
04.04.2025 20:00	102900.0	102900.0	102629.0	102900.0	6
04.04.2025 21:00	102666.0	102900.0	102666.0	102900.0	2
07.04.2025 09:00	103369.0	104494.0	103369.0	104287.0	17
07.04.2025 10:00	104016.0	104016.0	103819.0	103819.0	10
07.04.2025 11:00	104177.0	104287.0	104003.0	104003.0	7
07.04.2025 13:00	104288.0	104288.0	103689.0	103689.0	6
07.04.2025 14:00	103710.0	103710.0	103695.0	103696.0	9
07.04.2025 15:00	103891.0	103892.0	103891.0	103892.0	2
07.04.2025 16:00	103512.0	103512.0	103401.0	103401.0	2
07.04.2025 17:00	103271.0	103345.0	103271.0	103345.0	6
07.04.2025 20:00	103300.0	103791.0	103300.0	103791.0	2
07.04.2025 21:00	103501.0	103502.0	103501.0	103502.0	2
08.04.2025 11:00	103192.0	103194.0	103192.0	103194.0	5
08.04.2025 12:00	103201.0	103201.0	102948.0	102950.0	13
08.04.2025 15:00	103366.0	103366.0	102842.0	103331.0	4
08.04.2025 16:00	102910.0	102910.0	102909.0	102909.0	2
08.04.2025 20:00	103500.0	103500.0	103400.0	103400.0	4
08.04.2025 21:00	103799.0	103799.0	103701.0	103734.0	3
08.04.2025 22:00	103798.0	103799.0	103798.0	103799.0	8
09.04.2025 10:00	104300.0	104300.0	103799.0	103799.0	10
09.04.2025 11:00	103722.0	105478.0	103719.0	103888.0	49
09.04.2025 12:00	103720.0	103927.0	103719.0	103719.0	9
09.04.2025 14:00	103800.0	104292.0	103800.0	104292.0	12
09.04.2025 15:00	104129.0	104129.0	103713.0	103713.0	7
09.04.2025 17:00	103713.0	103741.0	103354.0	103741.0	16
09.04.2025 19:00	103553.0	103557.0	103553.0	103557.0	2
09.04.2025 20:00	102861.0	103000.0	102861.0	103000.0	6
09.04.2025 21:00	102737.0	102737.0	102192.0	102370.0	5
10.04.2025 09:00	102138.0	102660.0	102106.0	102660.0	7
10.04.2025 10:00	102222.0	102234.0	102222.0	102233.0	4
10.04.2025 13:00	102437.0	102712.0	102400.0	102712.0	40
10.04.2025 14:00	102722.0	102725.0	102722.0	102725.0	6
10.04.2025 16:00	102350.0	102442.0	102350.0	102442.0	12
11.04.2025 10:00	101777.0	101777.0	101707.0	101707.0	2
11.04.2025 13:00	101603.0	101603.0	101600.0	101600.0	3
11.04.2025 15:00	101057.0	101057.0	101050.0	101050.0	2
11.04.2025 18:00	100810.0	101343.0	100513.0	100513.0	59
11.04.2025 19:00	100890.0	100900.0	100000.0	100850.0	9
11.04.2025 20:00	100026.0	100694.0	100000.0	100600.0	10
14.04.2025 10:00	100592.0	100793.0	100281.0	100281.0	6
14.04.2025 11:00	100003.0	100003.0	100000.0	100000.0	5
14.04.2025 14:00	99998.0	100173.0	99998.0	99999.0	23
14.04.2025 15:00	100172.0	100175.0	100172.0	100175.0	10
14.04.2025 16:00	100175.0	100175.0	100100.0	100100.0	8
14.04.2025 20:00	100345.0	100345.0	100344.0	100344.0	2
14.04.2025 22:00	100700.0	100700.0	100201.0	100201.0	3
15.04.2025 12:00	99530.0	99530.0	99398.0	99499.0	17
16.04.2025 09:00	99901.0	100399.0	99900.0	100399.0	8
16.04.2025 10:00	100444.0	100444.0	100100.0	100100.0	13
16.04.2025 12:00	100371.0	100919.0	100371.0	100919.0	4
16.04.2025 15:00	101130.0	101197.0	101130.0	101197.0	8
16.04.2025 16:00	101474.0	101698.0	101474.0	101698.0	3
16.04.2025 17:00	101130.0	101152.0	101130.0	101130.0	8
16.04.2025 19:00	100849.0	100849.0	100753.0	100753.0	20
17.04.2025 09:00	101030.0	101030.0	100411.0	100411.0	2
17.04.2025 10:00	100487.0	100487.0	100003.0	100266.0	9
17.04.2025 11:00	99901.0	99901.0	99900.0	99900.0	2
17.04.2025 12:00	99706.0	99988.0	99700.0	99719.0	11
17.04.2025 13:00	99716.0	99716.0	99715.0	99715.0	2
17.04.2025 14:00	99600.0	99905.0	99200.0	99369.0	24
17.04.2025 18:00	99220.0	99220.0	99000.0	99050.0	16
17.04.2025 20:00	98631.0	98631.0	98350.0	98350.0	30
17.04.2025 21:00	98290.0	98290.0	98280.0	98280.0	8
17.04.2025 22:00	98647.0	98768.0	98647.0	98710.0	12
17.04.2025 23:00	98722.0	98723.0	98359.0	98545.0	17
18.04.2025 09:00	98890.0	98891.0	98621.0	98621.0	3
18.04.2025 10:00	98632.0	98632.0	98400.0	98400.0	4
18.04.2025 11:00	98000.0	98000.0	97673.0	97673.0	2
18.04.2025 12:00	98493.0	98723.0	98493.0	98723.0	5
18.04.2025 13:00	98688.0	99239.0	98688.0	99239.0	13
18.04.2025 15:00	99240.0	99300.0	99240.0	99300.0	2
18.04.2025 16:00	98999.0	99000.0	98999.0	99000.0	2
18.04.2025 17:00	98982.0	98983.0	98604.0	98899.0	6
18.04.2025 18:00	98610.0	98981.0	98500.0	98500.0	13
18.04.2025 19:00	98523.0	98994.0	98523.0	98994.0	15
21.04.2025 09:00	98400.0	98400.0	97946.0	98000.0	3
21.04.2025 10:00	97801.0	98070.0	97767.0	98040.0	9
21.04.2025 13:00	98289.0	98300.0	98289.0	98300.0	6
21.04.2025 15:00	98250.0	98280.0	98250.0	98279.0	16
21.04.2025 16:00	98211.0	98211.0	98108.0	98108.0	7
21.04.2025 17:00	98288.0	98295.0	98288.0	98295.0	15
21.04.2025 19:00	98400.0	98800.0	98400.0	98800.0	2
22.04.2025 12:00	98660.0	98660.0	98327.0	98327.0	11
22.04.2025 13:00	98121.0	98121.0	98120.0	98120.0	17
22.04.2025 15:00	98175.0	98300.0	98000.0	98300.0	24
22.04.2025 16:00	98459.0	98636.0	97000.0	97681.0	53
22.04.2025 17:00	97500.0	97767.0	97500.0	97767.0	3
22.04.2025 18:00	97874.0	98004.0	97874.0	98004.0	73
22.04.2025 20:00	97997.0	97998.0	97997.0	97998.0	2
22.04.2025 21:00	97707.0	97707.0	97705.0	97705.0	4
22.04.2025 22:00	97974.0	97999.0	97968.0	97997.0	9
23.04.2025 10:00	97999.0	98932.0	97999.0	98932.0	153
23.04.2025 11:00	98886.0	99627.0	97702.0	98341.0	42
23.04.2025 12:00	98797.0	98802.0	98506.0	98506.0	11
23.04.2025 13:00	98526.0	98531.0	98526.0	98531.0	5
23.04.2025 16:00	98891.0	98896.0	98683.0	98896.0	17
23.04.2025 18:00	98896.0	98898.0	98896.0	98898.0	12
24.04.2025 10:00	99023.0	99023.0	98900.0	98900.0	7
24.04.2025 13:00	98500.0	98510.0	98390.0	98420.0	164
24.04.2025 14:00	98380.0	98380.0	98240.0	98240.0	33
24.04.2025 15:00	98007.0	98460.0	98005.0	98380.0	47
24.04.2025 16:00	98360.0	98400.0	98360.0	98400.0	8
24.04.2025 18:00	98005.0	98210.0	98004.0	98210.0	3
24.04.2025 19:00	98511.0	98511.0	98333.0	98333.0	2
25.04.2025 09:00	98109.0	98110.0	97600.0	97600.0	32
25.04.2025 11:00	97580.0	97689.0	97280.0	97689.0	6
25.04.2025 12:00	97611.0	97649.0	97276.0	97649.0	5
25.04.2025 13:00	97702.0	97755.0	97631.0	97631.0	14
25.04.2025 14:00	97541.0	97541.0	97510.0	97510.0	3
25.04.2025 15:00	97707.0	97756.0	97707.0	97756.0	10
25.04.2025 16:00	97756.0	97757.0	97638.0	97756.0	10
25.04.2025 17:00	97757.0	97757.0	97675.0	97675.0	3
25.04.2025 19:00	97979.0	97980.0	97979.0	97980.0	2
28.04.2025 10:00	97710.0	97710.0	97260.0	97260.0	16
28.04.2025 11:00	97450.0	97450.0	97130.0	97130.0	3
28.04.2025 12:00	97120.0	97120.0	97000.0	97059.0	11
28.04.2025 13:00	97328.0	97328.0	96999.0	96999.0	2
28.04.2025 14:00	96910.0	96910.0	96760.0	96870.0	17
28.04.2025 15:00	96970.0	96970.0	96800.0	96800.0	4
28.04.2025 16:00	96784.0	96998.0	96609.0	96609.0	23
28.04.2025 17:00	96609.0	96740.0	96570.0	96740.0	10
28.04.2025 18:00	96502.0	96690.0	96470.0	96688.0	8
29.04.2025 09:00	96665.0	96665.0	96623.0	96623.0	7
29.04.2025 10:00	96605.0	96605.0	96400.0	96400.0	10
29.04.2025 11:00	96350.0	96699.0	96350.0	96699.0	2
29.04.2025 16:00	96698.0	96698.0	96378.0	96378.0	2
30.04.2025 11:00	96198.0	96346.0	96196.0	96346.0	9
30.04.2025 17:00	96006.0	96006.0	96005.0	96005.0	3
30.04.2025 18:00	96006.0	96006.0	96005.0	96005.0	2
30.04.2025 19:00	96160.0	96160.0	96085.0	96085.0	2
30.04.2025 20:00	96347.0	96348.0	96347.0	96348.0	2
30.04.2025 23:00	96349.0	96350.0	96349.0	96350.0	19
02.05.2025 10:00	97392.0	97596.0	97392.0	97596.0	8
02.05.2025 11:00	97599.0	98053.0	97599.0	97801.0	27
02.05.2025 12:00	97801.0	97839.0	97801.0	97839.0	6
02.05.2025 13:00	97822.0	98200.0	97822.0	98200.0	20
02.05.2025 14:00	98076.0	98182.0	97875.0	98182.0	40
02.05.2025 16:00	98111.0	98112.0	98111.0	98111.0	13
02.05.2025 17:00	97985.0	97985.0	97880.0	97880.0	2
02.05.2025 18:00	98005.0	98263.0	97912.0	97912.0	9
05.05.2025 09:00	98003.0	98004.0	98003.0	98004.0	2
05.05.2025 10:00	97600.0	97600.0	97510.0	97510.0	2
05.05.2025 11:00	97225.0	97225.0	97140.0	97140.0	7
05.05.2025 13:00	96679.0	96679.0	96300.0	96396.0	12
05.05.2025 16:00	96116.0	96170.0	96115.0	96170.0	9
06.05.2025 11:00	96638.0	96799.0	96588.0	96588.0	11
06.05.2025 12:00	96588.0	96755.0	96588.0	96755.0	2
06.05.2025 13:00	96406.0	96443.0	96406.0	96443.0	3
06.05.2025 17:00	96252.0	96252.0	96251.0	96251.0	3
06.05.2025 20:00	96286.0	96288.0	96286.0	96288.0	3
07.05.2025 11:00	96103.0	96103.0	95525.0	95906.0	18
07.05.2025 13:00	96059.0	96100.0	95542.0	95542.0	109
07.05.2025 15:00	96181.0	96271.0	96181.0	96271.0	15
08.05.2025 09:00	96697.0	97200.0	96697.0	97200.0	10
08.05.2025 10:00	96900.0	97197.0	96408.0	96685.0	15
08.05.2025 12:00	97003.0	97489.0	97003.0	97489.0	3
08.05.2025 15:00	97102.0	97102.0	97100.0	97100.0	3
08.05.2025 16:00	96871.0	96921.0	96871.0	96921.0	2
12.05.2025 09:00	96405.0	96979.0	96001.0	96300.0	47
12.05.2025 10:00	96627.0	96627.0	96450.0	96540.0	7
12.05.2025 11:00	96500.0	96500.0	96400.0	96431.0	10
12.05.2025 12:00	96006.0	96006.0	95900.0	95900.0	7
12.05.2025 13:00	95900.0	96009.0	95900.0	96009.0	8
12.05.2025 16:00	96198.0	96273.0	96198.0	96273.0	4
12.05.2025 17:00	96181.0	96274.0	95800.0	95801.0	25
12.05.2025 18:00	95794.0	95800.0	95610.0	95610.0	54
13.05.2025 11:00	95690.0	95897.0	95670.0	95897.0	9
13.05.2025 12:00	95900.0	95900.0	95882.0	95883.0	7
13.05.2025 13:00	95800.0	95800.0	95750.0	95750.0	4
13.05.2025 14:00	95610.0	95610.0	95600.0	95600.0	4
13.05.2025 15:00	95599.0	95599.0	95571.0	95571.0	22
13.05.2025 16:00	95320.0	95461.0	95320.0	95461.0	2
13.05.2025 17:00	95550.0	95550.0	95455.0	95455.0	19
13.05.2025 18:00	95409.0	95409.0	95250.0	95250.0	10
14.05.2025 13:00	95111.0	95111.0	95000.0	95035.0	20
14.05.2025 15:00	95000.0	95353.0	95000.0	95096.0	59
14.05.2025 18:00	95199.0	95200.0	95199.0	95200.0	2
14.05.2025 20:00	95251.0	95251.0	95002.0	95002.0	10
14.05.2025 21:00	95299.0	95300.0	95299.0	95300.0	2
15.05.2025 10:00	95303.0	95303.0	95300.0	95300.0	8
15.05.2025 11:00	95300.0	95393.0	95300.0	95393.0	2
15.05.2025 15:00	95040.0	95445.0	95040.0	95445.0	6
15.05.2025 18:00	95051.0	95167.0	95002.0	95050.0	21
16.05.2025 16:00	96299.0	96299.0	96060.0	96060.0	2
16.05.2025 19:00	96187.0	98850.0	96187.0	96390.0	54
16.05.2025 20:00	96133.0	96188.0	96000.0	96188.0	7
16.05.2025 21:00	96158.0	96159.0	95737.0	95745.0	14
16.05.2025 23:00	95800.0	95800.0	95774.0	95774.0	7
19.05.2025 11:00	95507.0	95507.0	95404.0	95404.0	24
19.05.2025 16:00	95027.0	95120.0	95027.0	95120.0	2
19.05.2025 18:00	95100.0	95100.0	94900.0	94900.0	33
20.05.2025 10:00	95234.0	95240.0	95200.0	95240.0	8
20.05.2025 14:00	95359.0	95628.0	95359.0	95628.0	4
20.05.2025 16:00	95352.0	95352.0	95250.0	95250.0	14
20.05.2025 17:00	95360.0	95360.0	94818.0	94818.0	8
20.05.2025 20:00	95294.0	95295.0	95294.0	95295.0	2
20.05.2025 23:00	95371.0	95371.0	95370.0	95370.0	3
21.05.2025 09:00	95299.0	95299.0	95134.0	95134.0	4
21.05.2025 10:00	95007.0	95007.0	94000.0	94000.0	9
21.05.2025 12:00	94009.0	94286.0	94003.0	94286.0	14
21.05.2025 14:00	94082.0	94082.0	94010.0	94010.0	5
21.05.2025 15:00	94002.0	94080.0	94000.0	94000.0	75
21.05.2025 16:00	93750.0	94030.0	93750.0	94012.0	17
21.05.2025 18:00	93516.0	93516.0	93305.0	93305.0	2
21.05.2025 19:00	93387.0	93611.0	93387.0	93610.0	6
21.05.2025 23:00	94079.0	94080.0	94079.0	94080.0	4
22.05.2025 10:00	93630.0	93750.0	93501.0	93750.0	23
22.05.2025 13:00	93420.0	93504.0	93420.0	93504.0	3
22.05.2025 14:00	93320.0	93320.0	92546.0	93151.0	67
22.05.2025 15:00	93414.0	93714.0	93414.0	93714.0	2
22.05.2025 20:00	93445.0	93445.0	93252.0	93252.0	4
23.05.2025 13:00	93511.0	93512.0	93511.0	93512.0	9
23.05.2025 15:00	93511.0	93512.0	93511.0	93512.0	2
23.05.2025 18:00	93061.0	93061.0	92751.0	93019.0	9
23.05.2025 22:00	93324.0	93335.0	93324.0	93335.0	2
26.05.2025 10:00	92930.0	92930.0	92831.0	92832.0	10
26.05.2025 11:00	92947.0	92947.0	92844.0	92844.0	10
26.05.2025 14:00	93247.0	93256.0	92954.0	92954.0	5
26.05.2025 16:00	93210.0	93257.0	93210.0	93257.0	6
26.05.2025 22:00	93621.0	93998.0	93621.0	93998.0	5
27.05.2025 12:00	93386.0	93386.0	93383.0	93383.0	3
27.05.2025 14:00	93438.0	93438.0	93437.0	93437.0	2
28.05.2025 10:00	93456.0	93456.0	93443.0	93443.0	18
28.05.2025 16:00	93198.0	93200.0	93198.0	93200.0	4
28.05.2025 22:00	93074.0	93179.0	93074.0	93179.0	3
29.05.2025 09:00	92900.0	93001.0	92718.0	92718.0	13
29.05.2025 10:00	92663.0	92663.0	92278.0	92397.0	19
29.05.2025 11:00	91856.0	92484.0	91856.0	92000.0	10
29.05.2025 12:00	92001.0	92051.0	91855.0	91950.0	16
29.05.2025 13:00	91850.0	91850.0	91600.0	91600.0	8
29.05.2025 14:00	91599.0	91798.0	91599.0	91796.0	13
29.05.2025 15:00	91798.0	91800.0	91788.0	91800.0	12
29.05.2025 17:00	91800.0	91851.0	91800.0	91850.0	14
29.05.2025 22:00	91651.0	91651.0	91150.0	91150.0	10
30.05.2025 12:00	91949.0	91949.0	91676.0	91676.0	2
30.05.2025 13:00	91408.0	91646.0	91407.0	91646.0	5
30.05.2025 15:00	91717.0	91718.0	91717.0	91718.0	4
30.05.2025 16:00	91718.0	91719.0	91718.0	91719.0	12
02.06.2025 10:00	92005.0	92005.0	91704.0	91704.0	12
02.06.2025 13:00	91993.0	91995.0	91993.0	91995.0	40
02.06.2025 22:00	91751.0	91751.0	91699.0	91699.0	4
03.06.2025 11:00	91901.0	91901.0	91699.0	91699.0	4
03.06.2025 14:00	91551.0	91551.0	91550.0	91550.0	3
03.06.2025 16:00	91612.0	91612.0	91293.0	91293.0	2
03.06.2025 18:00	91996.0	92002.0	91996.0	92002.0	4
04.06.2025 09:00	91226.0	92719.0	91226.0	92719.0	16
04.06.2025 10:00	91597.0	91697.0	91231.0	91642.0	13
04.06.2025 15:00	91749.0	91750.0	91749.0	91750.0	3
04.06.2025 20:00	92344.0	92344.0	92343.0	92343.0	2
04.06.2025 21:00	92344.0	92354.0	92344.0	92354.0	2
04.06.2025 22:00	92343.0	92343.0	92093.0	92093.0	4
05.06.2025 10:00	92661.0	92764.0	92661.0	92764.0	6
05.06.2025 11:00	92768.0	92768.0	92013.0	92013.0	3
05.06.2025 13:00	92300.0	92300.0	92298.0	92299.0	5
05.06.2025 19:00	92498.0	92775.0	92498.0	92775.0	8
05.06.2025 20:00	92353.0	92353.0	92251.0	92251.0	15
05.06.2025 21:00	92356.0	92357.0	92356.0	92356.0	3
06.06.2025 11:00	91968.0	91968.0	91959.0	91959.0	6
06.06.2025 13:00	92285.0	92292.0	92285.0	92292.0	3
06.06.2025 14:00	91971.0	91971.0	91969.0	91969.0	5
06.06.2025 16:00	91775.0	91775.0	91700.0	91710.0	19
06.06.2025 17:00	92025.0	92026.0	92025.0	92026.0	2
09.06.2025 09:00	92190.0	92247.0	92190.0	92247.0	4
09.06.2025 11:00	91701.0	91701.0	91402.0	91402.0	25
09.06.2025 12:00	91458.0	91458.0	91457.0	91457.0	3
09.06.2025 14:00	91750.0	91750.0	91603.0	91603.0	3
09.06.2025 15:00	91561.0	91561.0	91560.0	91560.0	2
09.06.2025 19:00	91411.0	91411.0	91400.0	91400.0	5
10.06.2025 10:00	91555.0	91555.0	91213.0	91213.0	3
10.06.2025 11:00	91298.0	91299.0	90901.0	91144.0	20
10.06.2025 12:00	90925.0	90925.0	90900.0	90900.0	6
10.06.2025 13:00	91000.0	91000.0	90700.0	90822.0	6
10.06.2025 15:00	90712.0	90979.0	90710.0	90950.0	23
10.06.2025 16:00	90900.0	90900.0	90516.0	90516.0	36
10.06.2025 18:00	90411.0	90789.0	90333.0	90540.0	20
10.06.2025 19:00	90451.0	90451.0	90450.0	90450.0	2
10.06.2025 22:00	90539.0	90539.0	90000.0	90539.0	11
11.06.2025 09:00	90302.0	90302.0	90301.0	90301.0	22
11.06.2025 10:00	90489.0	90685.0	90482.0	90685.0	4
11.06.2025 11:00	90719.0	90749.0	90703.0	90749.0	3
11.06.2025 13:00	90748.0	90749.0	90748.0	90749.0	2
11.06.2025 14:00	90749.0	91098.0	90749.0	91098.0	37
11.06.2025 15:00	91097.0	91098.0	91064.0	91064.0	6
11.06.2025 21:00	91095.0	91095.0	91000.0	91000.0	35
11.06.2025 22:00	91102.0	91103.0	91102.0	91103.0	2
11.06.2025 23:00	91300.0	91714.0	91300.0	91714.0	7
13.06.2025 10:00	90943.0	90943.0	90503.0	90510.0	14
13.06.2025 12:00	90365.0	90366.0	90365.0	90366.0	2
13.06.2025 13:00	90330.0	90368.0	90329.0	90368.0	8
13.06.2025 14:00	90418.0	90418.0	90408.0	90410.0	23
13.06.2025 15:00	90285.0	90331.0	90285.0	90331.0	3
13.06.2025 16:00	90209.0	90210.0	90013.0	90132.0	8
13.06.2025 22:00	90036.0	90036.0	88601.0	89671.0	181
13.06.2025 23:00	89722.0	89773.0	89711.0	89773.0	3
16.06.2025 09:00	89853.0	89853.0	89370.0	89370.0	20
16.06.2025 10:00	89596.0	89999.0	89596.0	89846.0	19
16.06.2025 11:00	89731.0	89731.0	89607.0	89607.0	3
16.06.2025 12:00	89772.0	89772.0	89607.0	89729.0	98
16.06.2025 14:00	89693.0	89729.0	89607.0	89607.0	4
16.06.2025 15:00	89580.0	89580.0	89566.0	89566.0	2
16.06.2025 16:00	89620.0	89729.0	89620.0	89729.0	16
16.06.2025 17:00	89732.0	89733.0	89732.0	89733.0	4
16.06.2025 19:00	89644.0	89665.0	89644.0	89665.0	21
16.06.2025 20:00	89654.0	89677.0	89640.0	89640.0	66
16.06.2025 21:00	89667.0	89667.0	89573.0	89573.0	2
17.06.2025 10:00	89623.0	89753.0	89575.0	89700.0	5
17.06.2025 11:00	89801.0	89801.0	89800.0	89800.0	4
17.06.2025 12:00	89792.0	89799.0	89792.0	89799.0	27
17.06.2025 17:00	89800.0	89801.0	89800.0	89800.0	302
17.06.2025 18:00	89627.0	89627.0	89522.0	89527.0	20
17.06.2025 22:00	89699.0	89700.0	89699.0	89700.0	2
17.06.2025 23:00	89678.0	89793.0	89678.0	89793.0	50
18.06.2025 09:00	89832.0	89832.0	89756.0	89756.0	4
18.06.2025 10:00	89671.0	89810.0	89670.0	89810.0	13
18.06.2025 12:00	89550.0	89703.0	89550.0	89703.0	4
18.06.2025 13:00	89695.0	89700.0	89695.0	89700.0	3
18.06.2025 17:00	89710.0	89730.0	89569.0	89569.0	58
18.06.2025 18:00	89689.0	89689.0	89656.0	89670.0	8
18.06.2025 19:00	89529.0	89620.0	89499.0	89620.0	11
19.06.2025 09:00	89520.0	89599.0	89515.0	89599.0	13
19.06.2025 10:00	89606.0	89606.0	89593.0	89597.0	4
19.06.2025 11:00	89581.0	89581.0	89580.0	89580.0	3
19.06.2025 12:00	89475.0	89502.0	89475.0	89502.0	3
19.06.2025 13:00	89624.0	89694.0	89624.0	89694.0	3
19.06.2025 14:00	89601.0	89701.0	89537.0	89537.0	22
19.06.2025 15:00	89537.0	89652.0	89537.0	89542.0	23
19.06.2025 16:00	89530.0	89658.0	89530.0	89658.0	4
19.06.2025 17:00	89557.0	89761.0	89555.0	89720.0	20
19.06.2025 18:00	89740.0	89870.0	89740.0	89859.0	26
19.06.2025 19:00	89920.0	90170.0	89920.0	90142.0	63
19.06.2025 20:00	90192.0	90432.0	90192.0	90350.0	24
19.06.2025 22:00	90295.0	90343.0	90275.0	90300.0	5
19.06.2025 23:00	90360.0	90360.0	90311.0	90311.0	3
20.06.2025 09:00	90300.0	90394.0	90111.0	90250.0	60
20.06.2025 10:00	90244.0	90244.0	90180.0	90200.0	11
20.06.2025 11:00	90265.0	90265.0	90204.0	90211.0	7
20.06.2025 12:00	90201.0	90201.0	90049.0	90049.0	8
20.06.2025 13:00	90018.0	90105.0	90018.0	90063.0	20
20.06.2025 15:00	90190.0	90197.0	90190.0	90197.0	7
20.06.2025 16:00	90133.0	90177.0	90133.0	90177.0	2
20.06.2025 17:00	90060.0	90060.0	89898.0	89898.0	32
20.06.2025 20:00	89939.0	89953.0	89939.0	89953.0	4
20.06.2025 22:00	90002.0	90002.0	89892.0	89892.0	3
23.06.2025 09:00	89806.0	89865.0	89634.0	89746.0	43
23.06.2025 10:00	89846.0	89846.0	89734.0	89734.0	14
23.06.2025 11:00	89786.0	89819.0	89705.0	89814.0	15
23.06.2025 12:00	89887.0	90111.0	89878.0	90099.0	122
23.06.2025 13:00	90068.0	90068.0	89978.0	90054.0	7
23.06.2025 14:00	89988.0	89999.0	89963.0	89963.0	10
23.06.2025 15:00	89834.0	89900.0	89798.0	89900.0	13
23.06.2025 16:00	89901.0	89956.0	89600.0	89604.0	285
23.06.2025 17:00	89603.0	89603.0	89500.0	89571.0	14
23.06.2025 18:00	89620.0	89639.0	89610.0	89635.0	19
23.06.2025 19:00	89632.0	89659.0	89548.0	89548.0	8
23.06.2025 20:00	89540.0	89542.0	89540.0	89542.0	3
23.06.2025 22:00	89630.0	89700.0	89630.0	89700.0	20
24.06.2025 09:00	89802.0	89826.0	89601.0	89826.0	9
24.06.2025 10:00	89852.0	90538.0	89852.0	90450.0	61
24.06.2025 11:00	90431.0	90547.0	90220.0	90220.0	12
24.06.2025 12:00	90199.0	90199.0	90040.0	90044.0	9
24.06.2025 13:00	89978.0	89980.0	89901.0	89901.0	8
24.06.2025 14:00	89818.0	89898.0	89799.0	89800.0	147
24.06.2025 15:00	89800.0	89800.0	89782.0	89790.0	321
24.06.2025 16:00	89730.0	89759.0	89703.0	89759.0	8
24.06.2025 17:00	89612.0	89670.0	89570.0	89670.0	29
24.06.2025 18:00	89651.0	89651.0	89570.0	89570.0	34
24.06.2025 21:00	89656.0	89708.0	89656.0	89708.0	3
24.06.2025 22:00	89665.0	89690.0	89656.0	89690.0	5
24.06.2025 23:00	89670.0	89670.0	89656.0	89656.0	5
25.06.2025 09:00	89665.0	89800.0	89640.0	89789.0	12
25.06.2025 10:00	89645.0	89655.0	89300.0	89500.0	87
25.06.2025 11:00	89470.0	89520.0	89300.0	89300.0	39
25.06.2025 12:00	89298.0	89310.0	89220.0	89260.0	54
25.06.2025 13:00	89190.0	89292.0	89181.0	89281.0	11
25.06.2025 14:00	89280.0	89310.0	89250.0	89290.0	175
25.06.2025 15:00	89269.0	89270.0	89129.0	89130.0	169
25.06.2025 16:00	89150.0	89170.0	89080.0	89146.0	13
25.06.2025 17:00	89110.0	89121.0	89088.0	89120.0	22
25.06.2025 18:00	89080.0	89089.0	89004.0	89089.0	11
25.06.2025 19:00	89030.0	89102.0	89010.0	89080.0	39
25.06.2025 20:00	89071.0	89080.0	89067.0	89080.0	3
25.06.2025 21:00	89075.0	89141.0	89075.0	89141.0	2
25.06.2025 23:00	89148.0	89153.0	89148.0	89153.0	3
26.06.2025 09:00	89228.0	89253.0	89190.0	89251.0	35
26.06.2025 10:00	89186.0	89336.0	89113.0	89156.0	46
26.06.2025 11:00	89001.0	89070.0	88873.0	89070.0	148
26.06.2025 12:00	89021.0	89198.0	89019.0	89173.0	60
26.06.2025 13:00	89173.0	89320.0	89173.0	89280.0	11
26.06.2025 14:00	89352.0	89420.0	89352.0	89420.0	4
26.06.2025 16:00	89350.0	89399.0	89330.0	89360.0	10
26.06.2025 17:00	89220.0	89220.0	89170.0	89190.0	12
26.06.2025 18:00	89209.0	89209.0	89130.0	89134.0	29
26.06.2025 19:00	89220.0	89261.0	89186.0	89261.0	21
27.06.2025 09:00	89240.0	89240.0	89190.0	89190.0	98
27.06.2025 10:00	89058.0	89085.0	88855.0	88855.0	110
27.06.2025 11:00	88855.0	88888.0	88855.0	88888.0	93
27.06.2025 12:00	88856.0	88888.0	88855.0	88888.0	51
27.06.2025 13:00	88859.0	88885.0	88855.0	88885.0	87
27.06.2025 14:00	88894.0	88901.0	88856.0	88856.0	9
27.06.2025 15:00	88937.0	89030.0	88937.0	89002.0	33
27.06.2025 16:00	89033.0	89050.0	89004.0	89004.0	15
27.06.2025 18:00	88888.0	88888.0	88855.0	88855.0	23
27.06.2025 19:00	88800.0	88850.0	88800.0	88848.0	5
27.06.2025 23:00	88899.0	88900.0	88899.0	88900.0	2
30.06.2025 09:00	88989.0	89000.0	88977.0	89000.0	7
30.06.2025 10:00	88853.0	89000.0	88800.0	89000.0	41
30.06.2025 11:00	88864.0	88864.0	88760.0	88829.0	38
30.06.2025 12:00	88858.0	88858.0	88751.0	88822.0	7
30.06.2025 13:00	88823.0	88823.0	88618.0	88684.0	76
30.06.2025 14:00	88650.0	88688.0	88617.0	88626.0	34
30.06.2025 15:00	88618.0	88651.0	88502.0	88502.0	15
30.06.2025 16:00	88502.0	88502.0	88397.0	88462.0	37
30.06.2025 17:00	88525.0	88627.0	88430.0	88430.0	9
30.06.2025 19:00	88528.0	88528.0	88525.0	88525.0	3
30.06.2025 23:00	88541.0	88549.0	88541.0	88549.0	3
01.07.2025 09:00	88551.0	88551.0	88445.0	88445.0	8
01.07.2025 10:00	88551.0	88603.0	88424.0	88424.0	258
01.07.2025 11:00	88501.0	88527.0	88501.0	88527.0	2
01.07.2025 12:00	88577.0	88578.0	88453.0	88578.0	11
01.07.2025 13:00	88676.0	88821.0	88676.0	88734.0	49
01.07.2025 14:00	88678.0	88719.0	88601.0	88602.0	76
01.07.2025 15:00	88601.0	88602.0	88505.0	88505.0	50
01.07.2025 16:00	88474.0	88537.0	88455.0	88537.0	28
01.07.2025 17:00	88500.0	88522.0	88499.0	88522.0	17
01.07.2025 18:00	88450.0	88500.0	88450.0	88500.0	6
02.07.2025 09:00	88555.0	88555.0	88527.0	88527.0	31
02.07.2025 10:00	88527.0	88653.0	88527.0	88600.0	118
02.07.2025 11:00	88578.0	88650.0	88578.0	88650.0	12
02.07.2025 12:00	88690.0	88724.0	88606.0	88652.0	15
02.07.2025 13:00	88610.0	88620.0	88570.0	88620.0	27
02.07.2025 14:00	88615.0	88780.0	88615.0	88620.0	62
02.07.2025 15:00	88586.0	88615.0	88562.0	88576.0	43
02.07.2025 16:00	88576.0	88605.0	88537.0	88605.0	161
02.07.2025 17:00	88574.0	88625.0	88574.0	88590.0	30
02.07.2025 18:00	88620.0	88670.0	88610.0	88659.0	44
02.07.2025 19:00	88640.0	88750.0	88640.0	88750.0	2
02.07.2025 20:00	88700.0	88700.0	88699.0	88699.0	4
02.07.2025 22:00	88709.0	88710.0	88706.0	88706.0	7
02.07.2025 23:00	88725.0	88727.0	88725.0	88727.0	7
03.07.2025 09:00	88719.0	88729.0	88652.0	88652.0	17
03.07.2025 10:00	88752.0	89007.0	88694.0	88944.0	278
03.07.2025 11:00	88930.0	88944.0	88763.0	88763.0	13
03.07.2025 12:00	88779.0	88779.0	88742.0	88742.0	43
03.07.2025 13:00	88743.0	88765.0	88701.0	88710.0	46
03.07.2025 14:00	88701.0	88770.0	88701.0	88725.0	21
03.07.2025 15:00	88725.0	88840.0	88679.0	88840.0	27
03.07.2025 16:00	88840.0	88840.0	88779.0	88780.0	110
03.07.2025 17:00	88760.0	88852.0	88740.0	88852.0	89
03.07.2025 18:00	88852.0	88884.0	88780.0	88830.0	40
03.07.2025 19:00	88912.0	88959.0	88912.0	88949.0	9
03.07.2025 20:00	88899.0	88913.0	88899.0	88913.0	3
03.07.2025 21:00	88875.0	88876.0	88875.0	88875.0	6
03.07.2025 22:00	88899.0	88900.0	88862.0	88862.0	10
04.07.2025 09:00	88862.0	88953.0	88822.0	88926.0	33
04.07.2025 10:00	88926.0	88972.0	88834.0	88889.0	19
04.07.2025 11:00	88940.0	88940.0	88869.0	88895.0	203
04.07.2025 12:00	88915.0	88955.0	88859.0	88870.0	152
04.07.2025 13:00	88860.0	88885.0	88845.0	88865.0	120
04.07.2025 14:00	88890.0	88890.0	88795.0	88795.0	9
04.07.2025 15:00	88667.0	88710.0	88590.0	88590.0	199
04.07.2025 16:00	88647.0	88730.0	88627.0	88730.0	37
04.07.2025 17:00	88638.0	88639.0	88554.0	88554.0	336
04.07.2025 18:00	88520.0	88549.0	88520.0	88530.0	13
04.07.2025 20:00	88598.0	88598.0	88532.0	88532.0	12
04.07.2025 22:00	88586.0	88609.0	88586.0	88609.0	3
04.07.2025 23:00	88541.0	88541.0	88531.0	88531.0	4
07.07.2025 09:00	88652.0	88748.0	88652.0	88748.0	10
07.07.2025 10:00	88742.0	88759.0	88610.0	88610.0	33
07.07.2025 11:00	88634.0	88634.0	88125.0	88159.0	211
07.07.2025 12:00	88158.0	88160.0	88040.0	88090.0	46
07.07.2025 13:00	88045.0	88049.0	87940.0	87940.0	171
07.07.2025 14:00	87950.0	88010.0	87556.0	87950.0	86
07.07.2025 15:00	87990.0	88016.0	87960.0	87968.0	8
07.07.2025 16:00	87898.0	87919.0	87740.0	87760.0	73
07.07.2025 17:00	87750.0	87750.0	87384.0	87384.0	32
07.07.2025 18:00	87445.0	87446.0	87335.0	87445.0	29
07.07.2025 19:00	87676.0	87676.0	87460.0	87460.0	12
07.07.2025 20:00	87421.0	87449.0	87421.0	87449.0	5
07.07.2025 21:00	87430.0	87430.0	87379.0	87390.0	9
07.07.2025 22:00	87383.0	87383.0	87371.0	87371.0	11
07.07.2025 23:00	87409.0	87410.0	87377.0	87377.0	6
08.07.2025 09:00	87370.0	87400.0	87248.0	87290.0	212
08.07.2025 10:00	87340.0	87521.0	87330.0	87481.0	8
08.07.2025 11:00	87501.0	87551.0	87501.0	87551.0	4
08.07.2025 12:00	87500.0	87510.0	87410.0	87510.0	38
08.07.2025 13:00	87577.0	87577.0	87511.0	87530.0	7
08.07.2025 14:00	87609.0	87609.0	87420.0	87430.0	23
08.07.2025 15:00	87400.0	87489.0	87380.0	87489.0	12
08.07.2025 16:00	87489.0	87569.0	87489.0	87569.0	11
08.07.2025 17:00	87521.0	87521.0	87461.0	87470.0	6
08.07.2025 18:00	87480.0	87540.0	87400.0	87417.0	57
08.07.2025 19:00	87499.0	87510.0	87470.0	87480.0	8
08.07.2025 21:00	87519.0	87550.0	87519.0	87550.0	2
09.07.2025 09:00	87604.0	87668.0	87604.0	87668.0	5
09.07.2025 10:00	87573.0	87573.0	87435.0	87435.0	17
09.07.2025 11:00	87479.0	87479.0	87435.0	87440.0	6
09.07.2025 12:00	87540.0	87560.0	87540.0	87560.0	9
09.07.2025 13:00	87580.0	87625.0	87550.0	87550.0	18
09.07.2025 14:00	87514.0	87625.0	87513.0	87605.0	37
09.07.2025 15:00	87625.0	87645.0	87520.0	87520.0	142
09.07.2025 16:00	87500.0	87525.0	87500.0	87525.0	21
09.07.2025 17:00	87447.0	87535.0	87260.0	87535.0	63
09.07.2025 18:00	87575.0	87693.0	87515.0	87650.0	161
09.07.2025 19:00	87694.0	87744.0	87694.0	87727.0	12
09.07.2025 22:00	87671.0	87671.0	87670.0	87670.0	2
09.07.2025 23:00	87615.0	87615.0	87613.0	87613.0	10
10.07.2025 09:00	87531.0	87580.0	87515.0	87580.0	19
10.07.2025 10:00	87440.0	87440.0	87234.0	87394.0	142
10.07.2025 11:00	87380.0	87380.0	87240.0	87335.0	298
10.07.2025 12:00	87270.0	87280.0	87248.0	87260.0	20
10.07.2025 13:00	87275.0	87315.0	87239.0	87272.0	141
10.07.2025 14:00	87260.0	87300.0	87205.0	87205.0	101
10.07.2025 15:00	87262.0	87310.0	87235.0	87295.0	22
10.07.2025 16:00	87234.0	87290.0	87234.0	87290.0	14
10.07.2025 17:00	87280.0	87280.0	87250.0	87250.0	5
10.07.2025 18:00	87285.0	87285.0	87193.0	87193.0	21
10.07.2025 19:00	87246.0	87283.0	86779.0	86779.0	200
10.07.2025 20:00	86961.0	87050.0	86939.0	87050.0	52
10.07.2025 22:00	86956.0	87001.0	86955.0	87001.0	4
10.07.2025 23:00	86970.0	86970.0	86890.0	86890.0	3
11.07.2025 09:00	87001.0	87050.0	86980.0	87050.0	17
11.07.2025 10:00	87050.0	87200.0	87050.0	87078.0	108
11.07.2025 11:00	87127.0	87144.0	86970.0	86970.0	10
11.07.2025 12:00	87000.0	87102.0	86939.0	86950.0	82
11.07.2025 13:00	86931.0	86931.0	86885.0	86885.0	8
11.07.2025 16:00	87129.0	87200.0	87129.0	87200.0	15
11.07.2025 17:00	87270.0	87827.0	87270.0	87827.0	134
11.07.2025 18:00	87827.0	87827.0	87650.0	87651.0	27
11.07.2025 19:00	87826.0	87888.0	87665.0	87882.0	17
11.07.2025 22:00	87880.0	87899.0	87880.0	87899.0	36
11.07.2025 23:00	87885.0	87899.0	87885.0	87885.0	7
14.07.2025 09:00	87665.0	87850.0	87598.0	87765.0	57
14.07.2025 10:00	87680.0	87680.0	87340.0	87400.0	90
14.07.2025 11:00	87390.0	87400.0	87323.0	87323.0	19
14.07.2025 12:00	87323.0	87323.0	87229.0	87246.0	604
14.07.2025 13:00	87230.0	87390.0	87213.0	87306.0	220
14.07.2025 14:00	87306.0	87330.0	87213.0	87293.0	54
14.07.2025 15:00	87339.0	87430.0	87339.0	87375.0	16
14.07.2025 16:00	87375.0	87452.0	87331.0	87452.0	12
14.07.2025 17:00	87250.0	87355.0	87213.0	87315.0	23
14.07.2025 18:00	87338.0	87375.0	87213.0	87214.0	69
14.07.2025 19:00	87256.0	87352.0	87070.0	87070.0	158
14.07.2025 20:00	87060.0	87149.0	87049.0	87148.0	14
14.07.2025 21:00	87200.0	87200.0	87189.0	87189.0	2
14.07.2025 23:00	87220.0	87245.0	87220.0	87230.0	3
15.07.2025 09:00	87251.0	87259.0	87177.0	87201.0	9
15.07.2025 10:00	87201.0	87201.0	87000.0	87137.0	30
15.07.2025 11:00	87109.0	87109.0	87108.0	87108.0	4
15.07.2025 12:00	87000.0	87065.0	86850.0	86920.0	81
15.07.2025 13:00	86848.0	86848.0	86760.0	86790.0	133
15.07.2025 14:00	86800.0	86951.0	86780.0	86942.0	86
15.07.2025 15:00	86860.0	86902.0	86830.0	86850.0	49
15.07.2025 16:00	86895.0	86903.0	86830.0	86903.0	9
15.07.2025 17:00	86951.0	87038.0	86905.0	86971.0	19
15.07.2025 19:00	86970.0	86977.0	86970.0	86977.0	3
15.07.2025 21:00	86950.0	86951.0	86950.0	86950.0	11
16.07.2025 09:00	86892.0	86892.0	86825.0	86825.0	8
16.07.2025 10:00	86800.0	86921.0	86757.0	86757.0	3
16.07.2025 11:00	86740.0	86811.0	86701.0	86770.0	15
16.07.2025 12:00	86790.0	86790.0	86730.0	86777.0	43
16.07.2025 14:00	86830.0	86839.0	86830.0	86839.0	4
16.07.2025 18:00	86824.0	86824.0	86701.0	86701.0	13
16.07.2025 19:00	86702.0	86759.0	86701.0	86714.0	4
17.07.2025 09:00	86821.0	86898.0	86801.0	86884.0	8
17.07.2025 10:00	86881.0	87032.0	86835.0	86835.0	6
17.07.2025 11:00	86815.0	86894.0	86814.0	86855.0	86
17.07.2025 12:00	86895.0	86994.0	86850.0	86855.0	126
17.07.2025 13:00	86854.0	86894.0	86800.0	86836.0	34
17.07.2025 14:00	86872.0	86872.0	86810.0	86810.0	154
17.07.2025 15:00	86810.0	86810.0	86670.0	86710.0	344
17.07.2025 16:00	86716.0	86716.0	86550.0	86560.0	52
17.07.2025 17:00	86594.0	86670.0	86574.0	86632.0	27
17.07.2025 18:00	86695.0	86755.0	86695.0	86755.0	7
17.07.2025 19:00	86718.0	86752.0	86702.0	86752.0	4
17.07.2025 20:00	86714.0	86714.0	86690.0	86714.0	3
17.07.2025 21:00	86734.0	86734.0	86681.0	86681.0	6
17.07.2025 22:00	86700.0	86735.0	86700.0	86735.0	11
18.07.2025 09:00	86686.0	86977.0	86672.0	86977.0	22
18.07.2025 10:00	86742.0	86742.0	86631.0	86704.0	425
18.07.2025 11:00	86660.0	86797.0	86631.0	86797.0	11
18.07.2025 12:00	86791.0	86797.0	86791.0	86797.0	156
18.07.2025 13:00	86853.0	86920.0	86853.0	86920.0	16
18.07.2025 14:00	86952.0	86995.0	86952.0	86973.0	17
18.07.2025 15:00	86915.0	87115.0	86912.0	87114.0	66
18.07.2025 16:00	87100.0	87193.0	87099.0	87160.0	58
18.07.2025 17:00	87051.0	87051.0	86984.0	87000.0	28
18.07.2025 18:00	87050.0	87081.0	87001.0	87081.0	8
18.07.2025 19:00	87081.0	87185.0	87081.0	87185.0	10
18.07.2025 20:00	87022.0	87062.0	87021.0	87062.0	40
18.07.2025 23:00	87052.0	87052.0	87002.0	87002.0	7
21.07.2025 09:00	87011.0	87011.0	86872.0	86872.0	28
21.07.2025 10:00	86780.0	86780.0	86700.0	86700.0	20
21.07.2025 11:00	86722.0	86725.0	86700.0	86700.0	13
21.07.2025 12:00	86665.0	86665.0	86559.0	86560.0	13
21.07.2025 13:00	86502.0	86520.0	86441.0	86478.0	109
21.07.2025 14:00	86370.0	86470.0	86357.0	86470.0	13
21.07.2025 15:00	86535.0	86535.0	86434.0	86470.0	14
21.07.2025 16:00	86450.0	86450.0	86385.0	86387.0	20
21.07.2025 17:00	86419.0	86453.0	86419.0	86453.0	5
21.07.2025 18:00	86452.0	86452.0	86300.0	86300.0	23
21.07.2025 19:00	86296.0	86443.0	86296.0	86443.0	10
21.07.2025 21:00	86296.0	86314.0	86295.0	86314.0	4
21.07.2025 23:00	86338.0	86339.0	86338.0	86339.0	3
22.07.2025 10:00	86412.0	86412.0	86301.0	86301.0	7
22.07.2025 11:00	86300.0	86457.0	86300.0	86457.0	2
22.07.2025 12:00	86488.0	86552.0	86478.0	86552.0	12
22.07.2025 13:00	86514.0	86655.0	86514.0	86600.0	213
22.07.2025 14:00	86607.0	86772.0	86607.0	86757.0	8
22.07.2025 15:00	86803.0	86803.0	86760.0	86800.0	32
22.07.2025 16:00	86617.0	86618.0	86602.0	86611.0	11
22.07.2025 17:00	86650.0	86780.0	86650.0	86670.0	66
22.07.2025 18:00	86730.0	86800.0	86630.0	86800.0	135
22.07.2025 19:00	86646.0	86675.0	86641.0	86675.0	8
22.07.2025 20:00	86647.0	86693.0	86647.0	86665.0	20
22.07.2025 21:00	86654.0	86749.0	86650.0	86749.0	9
22.07.2025 23:00	86616.0	86616.0	86602.0	86602.0	6
23.07.2025 09:00	86647.0	86862.0	86647.0	86826.0	8
23.07.2025 10:00	86760.0	86789.0	86602.0	86602.0	34
23.07.2025 11:00	86714.0	86722.0	86714.0	86715.0	5
23.07.2025 12:00	86683.0	86782.0	86680.0	86751.0	21
23.07.2025 13:00	86801.0	86805.0	86741.0	86741.0	8
23.07.2025 14:00	86735.0	86792.0	86731.0	86792.0	209
23.07.2025 15:00	86702.0	86780.0	86702.0	86720.0	18
23.07.2025 16:00	86690.0	86690.0	86612.0	86639.0	14
23.07.2025 17:00	86599.0	86682.0	86599.0	86682.0	25
23.07.2025 22:00	86733.0	86737.0	86733.0	86737.0	6
23.07.2025 23:00	86643.0	86717.0	86643.0	86717.0	7
24.07.2025 10:00	86873.0	87185.0	86873.0	87150.0	110
24.07.2025 11:00	87200.0	87425.0	87200.0	87425.0	89
24.07.2025 12:00	87441.0	87787.0	87441.0	87500.0	85
24.07.2025 13:00	87498.0	87505.0	87454.0	87505.0	23
24.07.2025 14:00	87497.0	87497.0	87420.0	87425.0	6
24.07.2025 15:00	87339.0	87355.0	87275.0	87275.0	18
24.07.2025 16:00	87214.0	87243.0	87172.0	87243.0	19
24.07.2025 17:00	87181.0	87276.0	86982.0	87276.0	27
24.07.2025 18:00	87235.0	87275.0	87149.0	87275.0	17
24.07.2025 19:00	87345.0	87430.0	87315.0	87430.0	27
24.07.2025 20:00	87381.0	87381.0	87380.0	87380.0	3
24.07.2025 21:00	87273.0	87326.0	87273.0	87326.0	4
24.07.2025 23:00	87400.0	87400.0	87370.0	87370.0	2
25.07.2025 09:00	87383.0	87582.0	87379.0	87582.0	10
25.07.2025 10:00	87599.0	87600.0	87480.0	87500.0	91
25.07.2025 11:00	87532.0	87568.0	87465.0	87549.0	14
25.07.2025 13:00	87407.0	87407.0	87197.0	87201.0	39
25.07.2025 14:00	87145.0	87333.0	87041.0	87270.0	18
25.07.2025 15:00	87357.0	87600.0	87250.0	87250.0	173
25.07.2025 16:00	87377.0	87545.0	87377.0	87545.0	23
25.07.2025 20:00	87302.0	87320.0	87302.0	87320.0	6
28.07.2025 09:00	87306.0	87306.0	87040.0	87040.0	9
28.07.2025 10:00	87080.0	87220.0	87040.0	87220.0	10
28.07.2025 11:00	87422.0	87504.0	87402.0	87458.0	42
28.07.2025 12:00	87523.0	87700.0	87523.0	87656.0	16
28.07.2025 13:00	87786.0	87822.0	87641.0	87641.0	13
28.07.2025 14:00	87737.0	87739.0	87466.0	87466.0	25
28.07.2025 15:00	87598.0	88359.0	87598.0	88341.0	160
28.07.2025 16:00	88286.0	88915.0	88189.0	88888.0	184
28.07.2025 17:00	88874.0	89162.0	88822.0	89134.0	131
28.07.2025 18:00	89207.0	89247.0	88935.0	89213.0	54
28.07.2025 19:00	89228.0	89400.0	89197.0	89376.0	66
28.07.2025 20:00	89300.0	89300.0	89155.0	89174.0	22
28.07.2025 21:00	89195.0	89250.0	89130.0	89130.0	24
28.07.2025 22:00	89285.0	89388.0	89285.0	89388.0	15
28.07.2025 23:00	89356.0	89422.0	89326.0	89422.0	7
29.07.2025 09:00	89237.0	89884.0	89236.0	89608.0	172
29.07.2025 10:00	89781.0	90444.0	89500.0	90358.0	65
29.07.2025 11:00	90358.0	90400.0	89978.0	90109.0	168
29.07.2025 12:00	90000.0	90000.0	89798.0	89921.0	21
29.07.2025 13:00	89877.0	90065.0	89564.0	89598.0	87
29.07.2025 14:00	89555.0	89816.0	89384.0	89816.0	23
29.07.2025 15:00	89744.0	89906.0	89554.0	89554.0	9
29.07.2025 16:00	89457.0	89715.0	89455.0	89715.0	11
29.07.2025 17:00	89751.0	89876.0	89750.0	89798.0	6
29.07.2025 18:00	89898.0	89998.0	89670.0	89748.0	41
29.07.2025 19:00	89698.0	89727.0	89485.0	89598.0	16
29.07.2025 20:00	89548.0	89901.0	89490.0	89901.0	24
29.07.2025 21:00	89927.0	90177.0	89897.0	90008.0	87
29.07.2025 22:00	89908.0	90080.0	89908.0	90080.0	3
29.07.2025 23:00	89802.0	89904.0	89798.0	89904.0	7
30.07.2025 09:00	90004.0	90178.0	89439.0	89439.0	146
30.07.2025 10:00	89398.0	89425.0	89206.0	89220.0	154
30.07.2025 11:00	89220.0	89220.0	89205.0	89205.0	9
30.07.2025 12:00	89210.0	89372.0	89151.0	89151.0	40
30.07.2025 13:00	89105.0	89271.0	88995.0	89017.0	38
30.07.2025 14:00	89050.0	89100.0	88855.0	88864.0	51
30.07.2025 15:00	88852.0	89000.0	88800.0	88814.0	39
30.07.2025 16:00	88810.0	88810.0	88575.0	88588.0	80
30.07.2025 17:00	88539.0	88539.0	88307.0	88361.0	51
30.07.2025 19:00	88631.0	88631.0	88455.0	88499.0	14
30.07.2025 21:00	88644.0	88644.0	88575.0	88575.0	8
30.07.2025 22:00	88648.0	88765.0	88637.0	88765.0	14
31.07.2025 09:00	88501.0	88501.0	88180.0	88313.0	39
31.07.2025 10:00	88463.0	88463.0	87507.0	87507.0	108
31.07.2025 11:00	87507.0	87507.0	86980.0	87050.0	252
31.07.2025 12:00	87011.0	87622.0	86875.0	87622.0	80
31.07.2025 13:00	87426.0	87732.0	87426.0	87732.0	17
31.07.2025 14:00	87804.0	88061.0	87804.0	87903.0	9
31.07.2025 15:00	87836.0	87836.0	87804.0	87805.0	3
31.07.2025 16:00	87784.0	87845.0	87731.0	87775.0	15
31.07.2025 17:00	87711.0	87711.0	87356.0	87474.0	13
31.07.2025 18:00	87473.0	87518.0	87463.0	87463.0	3
31.07.2025 19:00	87605.0	87700.0	87605.0	87700.0	10
31.07.2025 21:00	87552.0	87710.0	87548.0	87710.0	22
31.07.2025 23:00	87740.0	87740.0	87725.0	87725.0	2
01.08.2025 09:00	87697.0	87711.0	87642.0	87642.0	24
01.08.2025 10:00	87634.0	87857.0	87634.0	87801.0	36
01.08.2025 11:00	87689.0	87707.0	87677.0	87677.0	5
01.08.2025 12:00	87670.0	87670.0	87601.0	87601.0	3
01.08.2025 13:00	87554.0	87554.0	87444.0	87444.0	2
01.08.2025 14:00	87398.0	87502.0	87381.0	87502.0	5
01.08.2025 16:00	87337.0	87430.0	87151.0	87151.0	110
01.08.2025 17:00	87103.0	87260.0	87065.0	87158.0	24
01.08.2025 18:00	87141.0	87141.0	87084.0	87084.0	8
01.08.2025 19:00	87002.0	87057.0	87002.0	87057.0	4
01.08.2025 20:00	87258.0	87363.0	87220.0	87220.0	13
01.08.2025 21:00	87224.0	87394.0	87224.0	87394.0	17
04.08.2025 09:00	87148.0	87400.0	87067.0	87067.0	36
04.08.2025 10:00	87000.0	87169.0	86924.0	86924.0	54
04.08.2025 11:00	87042.0	87042.0	86924.0	86963.0	21
04.08.2025 12:00	86918.0	86918.0	86660.0	86745.0	58
04.08.2025 13:00	86780.0	86821.0	86761.0	86796.0	9
04.08.2025 14:00	86761.0	86761.0	86701.0	86701.0	8
04.08.2025 15:00	86851.0	86851.0	86736.0	86736.0	2
04.08.2025 16:00	86788.0	86788.0	86701.0	86701.0	9
04.08.2025 17:00	86686.0	86760.0	86683.0	86760.0	5
04.08.2025 18:00	86828.0	86828.0	86815.0	86815.0	18
04.08.2025 19:00	86849.0	86873.0	86849.0	86873.0	5
04.08.2025 20:00	86873.0	86873.0	86856.0	86856.0	2
04.08.2025 23:00	86783.0	86827.0	86783.0	86827.0	2
05.08.2025 10:00	86897.0	87235.0	86897.0	87110.0	24
05.08.2025 11:00	87110.0	87140.0	86937.0	86937.0	23
05.08.2025 12:00	86900.0	86967.0	86813.0	86910.0	7
05.08.2025 13:00	86989.0	87029.0	86982.0	87029.0	7
05.08.2025 14:00	87100.0	87120.0	87100.0	87120.0	15
05.08.2025 15:00	87120.0	87180.0	87080.0	87080.0	25
05.08.2025 16:00	87140.0	87140.0	86989.0	86989.0	21
05.08.2025 17:00	86960.0	86960.0	86881.0	86934.0	4
05.08.2025 18:00	86934.0	86955.0	86765.0	86765.0	42
05.08.2025 19:00	86992.0	86993.0	86992.0	86993.0	2
05.08.2025 21:00	86964.0	86965.0	86964.0	86964.0	3
05.08.2025 22:00	86965.0	86965.0	86964.0	86964.0	2
06.08.2025 09:00	86988.0	86991.0	86898.0	86898.0	14
06.08.2025 10:00	87040.0	87103.0	86981.0	87101.0	9
06.08.2025 11:00	87131.0	87255.0	87131.0	87220.0	24
06.08.2025 12:00	87130.0	87132.0	87130.0	87132.0	2
06.08.2025 13:00	87164.0	87164.0	87134.0	87150.0	5
06.08.2025 14:00	87118.0	87133.0	87105.0	87105.0	4
06.08.2025 15:00	87102.0	87150.0	87102.0	87150.0	3
06.08.2025 16:00	87219.0	87219.0	87125.0	87177.0	508
06.08.2025 18:00	87144.0	87148.0	87071.0	87071.0	12
06.08.2025 20:00	87061.0	87061.0	86621.0	86888.0	50
06.08.2025 21:00	86852.0	86930.0	86802.0	86920.0	49
06.08.2025 22:00	86920.0	86920.0	86081.0	86500.0	212
06.08.2025 23:00	86500.0	86602.0	86450.0	86602.0	11
07.08.2025 09:00	86604.0	86643.0	86514.0	86629.0	26
07.08.2025 10:00	86503.0	86595.0	86011.0	86145.0	179
07.08.2025 11:00	86138.0	86252.0	86100.0	86192.0	180
07.08.2025 12:00	86156.0	86400.0	86156.0	86350.0	36
07.08.2025 13:00	86390.0	86441.0	86385.0	86439.0	62
07.08.2025 14:00	86311.0	86363.0	86270.0	86270.0	8
07.08.2025 15:00	86305.0	86336.0	86220.0	86336.0	22
07.08.2025 16:00	86301.0	86427.0	86301.0	86421.0	6
07.08.2025 17:00	86314.0	86510.0	86312.0	86375.0	37
07.08.2025 18:00	86300.0	86514.0	86242.0	86514.0	17
07.08.2025 23:00	86326.0	86326.0	86300.0	86300.0	2
08.08.2025 09:00	86200.0	86340.0	86107.0	86255.0	65
08.08.2025 10:00	86242.0	86355.0	86017.0	86043.0	464
08.08.2025 11:00	86043.0	86135.0	85902.0	85911.0	523
08.08.2025 12:00	85909.0	86348.0	85791.0	86338.0	585
08.08.2025 13:00	86357.0	86923.0	86357.0	86791.0	570
08.08.2025 14:00	86762.0	86957.0	86642.0	86770.0	586
08.08.2025 15:00	86760.0	86852.0	86649.0	86852.0	363
08.08.2025 16:00	86809.0	86988.0	86809.0	86833.0	24
08.08.2025 17:00	86770.0	86820.0	86654.0	86654.0	13
08.08.2025 18:00	86654.0	86665.0	86600.0	86665.0	17
08.08.2025 19:00	86702.0	86777.0	86702.0	86777.0	6
08.08.2025 20:00	86651.0	86655.0	86574.0	86574.0	18
08.08.2025 21:00	86562.0	86652.0	86562.0	86652.0	8
08.08.2025 22:00	86677.0	86702.0	86670.0	86670.0	8
08.08.2025 23:00	86609.0	86609.0	86509.0	86509.0	23
11.08.2025 09:00	86509.0	86509.0	86252.0	86404.0	61
11.08.2025 10:00	86460.0	86460.0	85850.0	86129.0	959
11.08.2025 11:00	86129.0	86260.0	85948.0	86203.0	1055
11.08.2025 12:00	86154.0	86423.0	86122.0	86400.0	1097
11.08.2025 13:00	86400.0	86415.0	86200.0	86246.0	1052
11.08.2025 14:00	86251.0	86295.0	86104.0	86240.0	975
11.08.2025 15:00	86230.0	86301.0	86210.0	86275.0	701
11.08.2025 16:00	86251.0	86323.0	86250.0	86261.0	26
11.08.2025 17:00	86201.0	86255.0	86130.0	86154.0	9
11.08.2025 18:00	86110.0	86110.0	86020.0	86107.0	11
11.08.2025 19:00	86100.0	86100.0	86050.0	86090.0	28
11.08.2025 20:00	86090.0	86111.0	86090.0	86111.0	85
12.08.2025 09:00	86197.0	86270.0	86197.0	86264.0	9
12.08.2025 10:00	86260.0	86304.0	86090.0	86100.0	912
12.08.2025 11:00	86100.0	86170.0	85918.0	86018.0	1137
12.08.2025 12:00	86017.0	86026.0	85831.0	85965.0	987
12.08.2025 13:00	85965.0	86010.0	85906.0	85930.0	971
12.08.2025 14:00	85914.0	85957.0	85751.0	85751.0	874
12.08.2025 15:00	85760.0	85813.0	85625.0	85776.0	692
12.08.2025 16:00	85765.0	85802.0	85765.0	85792.0	12
12.08.2025 17:00	85770.0	85790.0	85770.0	85780.0	22
12.08.2025 18:00	85770.0	85771.0	85625.0	85625.0	105
12.08.2025 19:00	85787.0	85799.0	85787.0	85799.0	10
12.08.2025 20:00	85732.0	85732.0	85715.0	85715.0	3
12.08.2025 21:00	85744.0	85801.0	85715.0	85715.0	11
13.08.2025 09:00	85747.0	85852.0	85686.0	85837.0	42
13.08.2025 10:00	85800.0	85928.0	85744.0	85928.0	7
13.08.2025 11:00	85918.0	86070.0	85917.0	86016.0	20
13.08.2025 12:00	86015.0	86068.0	85853.0	86068.0	18
13.08.2025 13:00	86015.0	86070.0	86015.0	86060.0	9
13.08.2025 14:00	86060.0	86095.0	86052.0	86095.0	159
13.08.2025 15:00	86042.0	86094.0	86042.0	86094.0	3
13.08.2025 16:00	86095.0	86095.0	85939.0	85967.0	11
13.08.2025 17:00	85859.0	85874.0	85798.0	85798.0	19
13.08.2025 19:00	85921.0	86000.0	85921.0	85999.0	7
13.08.2025 22:00	86000.0	86052.0	86000.0	86052.0	3
13.08.2025 23:00	86081.0	86122.0	86048.0	86102.0	14
14.08.2025 09:00	86036.0	86084.0	85939.0	85939.0	13
14.08.2025 10:00	86000.0	86070.0	85980.0	86000.0	63
14.08.2025 11:00	85941.0	86070.0	85888.0	85971.0	28
14.08.2025 12:00	86005.0	86011.0	85891.0	85959.0	44
14.08.2025 13:00	85902.0	85902.0	85801.0	85801.0	54
14.08.2025 14:00	85801.0	85849.0	85745.0	85849.0	22
14.08.2025 15:00	85912.0	85912.0	85736.0	85736.0	21
14.08.2025 16:00	85750.0	85801.0	85650.0	85650.0	52
14.08.2025 17:00	85633.0	85736.0	85627.0	85734.0	31
14.08.2025 19:00	85950.0	86275.0	85944.0	86013.0	109
14.08.2025 20:00	86100.0	86246.0	86100.0	86205.0	53
14.08.2025 21:00	86224.0	86225.0	86175.0	86175.0	42
14.08.2025 22:00	86140.0	86270.0	86123.0	86250.0	48
14.08.2025 23:00	86186.0	86250.0	86185.0	86250.0	3
15.08.2025 09:00	86262.0	86315.0	86167.0	86167.0	32
15.08.2025 10:00	86018.0	86189.0	86010.0	86079.0	18
15.08.2025 11:00	86002.0	86079.0	85990.0	85990.0	18
15.08.2025 12:00	85942.0	85950.0	85876.0	85876.0	11
15.08.2025 13:00	85885.0	85888.0	85832.0	85832.0	12
15.08.2025 14:00	85927.0	85951.0	85858.0	85884.0	10
15.08.2025 15:00	85952.0	86120.0	85952.0	86105.0	32
15.08.2025 16:00	86099.0	86107.0	86033.0	86107.0	11
15.08.2025 17:00	86039.0	86039.0	86000.0	86020.0	7
15.08.2025 18:00	86138.0	86201.0	86138.0	86200.0	68
15.08.2025 22:00	86161.0	86185.0	86102.0	86185.0	7
15.08.2025 23:00	86101.0	86101.0	86100.0	86100.0	2
18.08.2025 09:00	86194.0	86250.0	86170.0	86250.0	204
18.08.2025 10:00	86252.0	86317.0	85950.0	86317.0	1006
18.08.2025 11:00	86297.0	86435.0	86025.0	86092.0	813
18.08.2025 12:00	86087.0	86320.0	86068.0	86320.0	74
18.08.2025 13:00	86320.0	86549.0	86320.0	86549.0	102
18.08.2025 14:00	86549.0	86780.0	86549.0	86696.0	85
18.08.2025 15:00	86686.0	86780.0	86681.0	86780.0	56
18.08.2025 16:00	86713.0	86813.0	86681.0	86808.0	32
18.08.2025 17:00	86844.0	86945.0	86838.0	86910.0	20
18.08.2025 18:00	86944.0	86945.0	86903.0	86945.0	15
18.08.2025 19:00	86914.0	86917.0	86888.0	86900.0	13
18.08.2025 20:00	86856.0	86888.0	86829.0	86864.0	35
18.08.2025 21:00	86836.0	86872.0	86555.0	86555.0	172
18.08.2025 22:00	86550.0	86774.0	86433.0	86774.0	20
18.08.2025 23:00	86722.0	86725.0	86636.0	86660.0	19
19.08.2025 09:00	86872.0	86950.0	86872.0	86892.0	54
19.08.2025 10:00	86870.0	86911.0	86474.0	86557.0	1016
19.08.2025 11:00	86557.0	86588.0	86470.0	86524.0	1041
19.08.2025 12:00	86524.0	86634.0	86466.0	86551.0	1037
19.08.2025 13:00	86551.0	86604.0	86495.0	86500.0	984
19.08.2025 14:00	86499.0	86520.0	86386.0	86422.0	959
19.08.2025 15:00	86422.0	86434.0	86329.0	86396.0	633
19.08.2025 16:00	86396.0	86402.0	86360.0	86360.0	64
19.08.2025 17:00	86360.0	86427.0	86315.0	86400.0	145
19.08.2025 18:00	86401.0	86401.0	86365.0	86365.0	11
19.08.2025 19:00	86502.0	86568.0	86502.0	86568.0	14
19.08.2025 20:00	86522.0	86575.0	86476.0	86476.0	24
19.08.2025 22:00	86462.0	86462.0	86452.0	86452.0	3
19.08.2025 23:00	86484.0	86491.0	86484.0	86491.0	4
20.08.2025 09:00	86474.0	86494.0	86474.0	86494.0	2
20.08.2025 10:00	86544.0	86545.0	86000.0	86061.0	404
20.08.2025 11:00	86061.0	86131.0	86000.0	86073.0	950
20.08.2025 12:00	86073.0	86240.0	86047.0	86101.0	989
20.08.2025 13:00	86101.0	86203.0	86062.0	86120.0	960
20.08.2025 14:00	86080.0	86136.0	86045.0	86064.0	887
20.08.2025 15:00	86064.0	86092.0	86020.0	86058.0	939
20.08.2025 16:00	86058.0	86074.0	86020.0	86074.0	253
20.08.2025 18:00	86186.0	86190.0	86186.0	86190.0	2
20.08.2025 19:00	86189.0	86206.0	86101.0	86114.0	5
20.08.2025 21:00	86211.0	86212.0	86192.0	86192.0	7
20.08.2025 23:00	86159.0	86216.0	86158.0	86216.0	6
21.08.2025 09:00	86209.0	86440.0	86209.0	86410.0	36
21.08.2025 10:00	86410.0	86420.0	86201.0	86201.0	31
21.08.2025 11:00	86274.0	86397.0	86274.0	86362.0	14
21.08.2025 12:00	86361.0	86451.0	86356.0	86450.0	29
21.08.2025 13:00	86452.0	86452.0	86350.0	86350.0	29
21.08.2025 14:00	86383.0	86500.0	86365.0	86435.0	45
21.08.2025 16:00	86414.0	86542.0	86414.0	86534.0	39
21.08.2025 17:00	86569.0	86700.0	86557.0	86687.0	33
21.08.2025 18:00	86757.0	86890.0	86740.0	86805.0	118
21.08.2025 19:00	86765.0	86765.0	86661.0	86691.0	49
21.08.2025 20:00	86695.0	86700.0	86695.0	86700.0	3
21.08.2025 21:00	86715.0	86749.0	86696.0	86696.0	12
21.08.2025 22:00	86765.0	86807.0	86743.0	86744.0	11
22.08.2025 09:00	86750.0	86816.0	86722.0	86745.0	24
22.08.2025 10:00	86742.0	86819.0	86710.0	86760.0	29
22.08.2025 11:00	86801.0	86816.0	86781.0	86781.0	15
22.08.2025 12:00	86799.0	86826.0	86761.0	86788.0	18
22.08.2025 13:00	86822.0	86944.0	86822.0	86900.0	48
22.08.2025 14:00	86904.0	87156.0	86904.0	87059.0	40
22.08.2025 15:00	87097.0	87190.0	87092.0	87190.0	52
22.08.2025 16:00	87191.0	87275.0	87078.0	87208.0	76
22.08.2025 17:00	87204.0	87204.0	86926.0	86960.0	166
22.08.2025 18:00	86944.0	87008.0	86927.0	86939.0	17
22.08.2025 19:00	87009.0	87009.0	87001.0	87001.0	3
22.08.2025 20:00	87002.0	87006.0	87001.0	87001.0	4
22.08.2025 23:00	87002.0	87002.0	86900.0	86900.0	5
25.08.2025 09:00	87003.0	87137.0	86986.0	87119.0	64
25.08.2025 10:00	87027.0	87146.0	86937.0	87044.0	68
25.08.2025 11:00	87070.0	87070.0	86910.0	86958.0	42
25.08.2025 12:00	86950.0	86950.0	86849.0	86867.0	104
25.08.2025 13:00	86970.0	87059.0	86780.0	86780.0	75
25.08.2025 14:00	86769.0	86788.0	86731.0	86731.0	9
25.08.2025 15:00	86807.0	86834.0	86595.0	86595.0	88
25.08.2025 16:00	86551.0	86603.0	86481.0	86488.0	129
25.08.2025 17:00	86413.0	86413.0	86150.0	86195.0	79
25.08.2025 18:00	86177.0	86262.0	86077.0	86262.0	111
25.08.2025 19:00	86058.0	86269.0	86051.0	86230.0	26
25.08.2025 20:00	86230.0	86248.0	86230.0	86248.0	5
25.08.2025 21:00	86279.0	86306.0	86279.0	86305.0	5
25.08.2025 22:00	86297.0	86359.0	86297.0	86358.0	95
26.08.2025 09:00	86295.0	86295.0	86120.0	86120.0	16
26.08.2025 10:00	86122.0	86207.0	86010.0	86157.0	1797
26.08.2025 11:00	86157.0	86198.0	86013.0	86099.0	2060
26.08.2025 12:00	86099.0	86206.0	85950.0	86093.0	1832
26.08.2025 13:00	86090.0	86128.0	86012.0	86035.0	1988
26.08.2025 14:00	86027.0	86066.0	85900.0	85901.0	1840
26.08.2025 15:00	85905.0	86008.0	85850.0	85994.0	1655
26.08.2025 16:00	86020.0	86183.0	85966.0	86183.0	79
26.08.2025 17:00	86170.0	86269.0	86150.0	86217.0	140
26.08.2025 18:00	86217.0	86429.0	86215.0	86416.0	32
26.08.2025 19:00	86390.0	86415.0	86292.0	86415.0	26
26.08.2025 21:00	86334.0	86367.0	86334.0	86367.0	3
26.08.2025 22:00	86332.0	86387.0	86332.0	86362.0	3
26.08.2025 23:00	86354.0	86416.0	86353.0	86416.0	25
27.08.2025 09:00	86355.0	86406.0	86323.0	86363.0	79
27.08.2025 10:00	86380.0	86386.0	86058.0	86075.0	28
27.08.2025 11:00	86075.0	86343.0	86001.0	86289.0	44
27.08.2025 12:00	86252.0	86329.0	86252.0	86305.0	6
27.08.2025 13:00	86329.0	86337.0	86327.0	86327.0	21
27.08.2025 14:00	86289.0	86300.0	86176.0	86199.0	16
27.08.2025 15:00	86278.0	86292.0	86277.0	86288.0	13
27.08.2025 16:00	86287.0	86547.0	86277.0	86547.0	75
27.08.2025 17:00	86537.0	86558.0	86457.0	86480.0	122
27.08.2025 18:00	86480.0	86615.0	86383.0	86467.0	44
27.08.2025 19:00	86498.0	86542.0	86450.0	86499.0	72
27.08.2025 20:00	86499.0	86500.0	86489.0	86490.0	8
27.08.2025 21:00	86475.0	86475.0	86471.0	86475.0	13
27.08.2025 22:00	86466.0	86490.0	86464.0	86490.0	5
28.08.2025 09:00	86538.0	86561.0	86490.0	86490.0	16
28.08.2025 10:00	86436.0	86436.0	86280.0	86285.0	67
28.08.2025 11:00	86284.0	86334.0	86200.0	86217.0	294
28.08.2025 12:00	86216.0	86299.0	86188.0	86192.0	94
28.08.2025 13:00	86194.0	86210.0	86101.0	86210.0	49
28.08.2025 14:00	86147.0	86187.0	86101.0	86187.0	61
28.08.2025 15:00	86194.0	86200.0	86001.0	86030.0	138
28.08.2025 16:00	86070.0	86097.0	86000.0	86005.0	154
28.08.2025 17:00	86085.0	86085.0	86051.0	86051.0	5
28.08.2025 18:00	86060.0	86130.0	86021.0	86130.0	31
28.08.2025 19:00	86105.0	86199.0	86100.0	86100.0	14
28.08.2025 20:00	86189.0	86290.0	86189.0	86290.0	13
28.08.2025 21:00	86364.0	86372.0	86250.0	86263.0	14
28.08.2025 23:00	86244.0	86244.0	86204.0	86204.0	2
29.08.2025 09:00	86218.0	86373.0	86210.0	86274.0	44
29.08.2025 10:00	86299.0	86358.0	86150.0	86150.0	66
29.08.2025 11:00	86160.0	86189.0	86095.0	86152.0	123
29.08.2025 12:00	86178.0	86226.0	86036.0	86047.0	100
29.08.2025 13:00	86089.0	86119.0	85950.0	86080.0	79
29.08.2025 14:00	86167.0	86181.0	86055.0	86055.0	53
29.08.2025 15:00	86073.0	86166.0	86034.0	86166.0	85
29.08.2025 16:00	86109.0	86109.0	85900.0	86009.0	109
29.08.2025 17:00	86009.0	86039.0	85930.0	85935.0	49
29.08.2025 18:00	85977.0	86041.0	85977.0	85984.0	33
29.08.2025 19:00	86021.0	86034.0	86021.0	86023.0	17
29.08.2025 20:00	86022.0	86048.0	86022.0	86048.0	4
29.08.2025 21:00	86048.0	86052.0	86048.0	86052.0	3
29.08.2025 23:00	86063.0	86118.0	86063.0	86118.0	17
01.09.2025 09:00	86117.0	86182.0	86022.0	86039.0	38
01.09.2025 10:00	86023.0	86109.0	85915.0	86037.0	199
01.09.2025 11:00	86027.0	86080.0	85969.0	86031.0	28
01.09.2025 12:00	86037.0	86037.0	85984.0	86025.0	41
01.09.2025 13:00	86026.0	86026.0	85835.0	85920.0	122
01.09.2025 14:00	85902.0	85974.0	85891.0	85974.0	68
01.09.2025 15:00	85995.0	85998.0	85722.0	85735.0	258
01.09.2025 16:00	85733.0	85933.0	85720.0	85880.0	47
01.09.2025 17:00	85800.0	85892.0	85770.0	85891.0	886
01.09.2025 18:00	85891.0	85892.0	85838.0	85864.0	165
01.09.2025 19:00	85889.0	85899.0	85800.0	85899.0	20
01.09.2025 20:00	85836.0	85943.0	85812.0	85830.0	49
01.09.2025 21:00	85801.0	85897.0	85801.0	85897.0	3
01.09.2025 22:00	85865.0	85865.0	85700.0	85722.0	39
01.09.2025 23:00	85700.0	85752.0	85691.0	85752.0	5
02.09.2025 09:00	85777.0	85870.0	85701.0	85773.0	28
02.09.2025 10:00	85797.0	86102.0	85797.0	86102.0	116
02.09.2025 11:00	86076.0	86083.0	86000.0	86000.0	30
02.09.2025 12:00	86036.0	86080.0	85998.0	86058.0	55
02.09.2025 13:00	86079.0	86134.0	86075.0	86075.0	104
02.09.2025 14:00	86130.0	86130.0	86080.0	86080.0	49
02.09.2025 15:00	86049.0	86101.0	86043.0	86101.0	51
02.09.2025 16:00	86101.0	86101.0	86002.0	86002.0	288
02.09.2025 17:00	85970.0	86015.0	85924.0	86015.0	53
02.09.2025 18:00	86025.0	86102.0	86025.0	86102.0	104
02.09.2025 19:00	86116.0	86119.0	85992.0	86046.0	14
02.09.2025 20:00	86061.0	86092.0	86037.0	86037.0	17
02.09.2025 21:00	86100.0	86100.0	86013.0	86013.0	7
02.09.2025 22:00	85997.0	86041.0	85980.0	86041.0	20
02.09.2025 23:00	86033.0	86092.0	86033.0	86092.0	3
03.09.2025 09:00	86099.0	86103.0	86060.0	86103.0	20
03.09.2025 10:00	86142.0	86205.0	86124.0	86186.0	61
03.09.2025 11:00	86185.0	86390.0	86185.0	86318.0	163
03.09.2025 12:00	86345.0	86345.0	86248.0	86325.0	106
03.09.2025 13:00	86339.0	86470.0	86305.0	86470.0	136
03.09.2025 14:00	86393.0	86454.0	86253.0	86253.0	74
03.09.2025 15:00	86294.0	86370.0	86284.0	86350.0	17
03.09.2025 16:00	86327.0	86417.0	86327.0	86369.0	87
03.09.2025 17:00	86396.0	86403.0	86369.0	86369.0	30
03.09.2025 18:00	86347.0	86349.0	86347.0	86349.0	3
03.09.2025 19:00	86345.0	86370.0	86286.0	86356.0	5
03.09.2025 20:00	86328.0	86380.0	86328.0	86380.0	2
03.09.2025 21:00	86380.0	86590.0	86327.0	86360.0	52
03.09.2025 22:00	86360.0	86392.0	86286.0	86366.0	32
03.09.2025 23:00	86422.0	86432.0	86422.0	86432.0	14
04.09.2025 09:00	86474.0	86475.0	86407.0	86407.0	22
04.09.2025 10:00	86419.0	86552.0	86390.0	86448.0	133
04.09.2025 11:00	86489.0	86800.0	86489.0	86773.0	250
04.09.2025 12:00	86802.0	86840.0	86640.0	86651.0	24
04.09.2025 13:00	86643.0	86691.0	86620.0	86644.0	79
04.09.2025 14:00	86604.0	86635.0	86500.0	86563.0	99
04.09.2025 15:00	86585.0	86678.0	86483.0	86678.0	125
04.09.2025 16:00	86611.0	86659.0	86600.0	86610.0	24
04.09.2025 17:00	86601.0	86791.0	86601.0	86683.0	55
04.09.2025 18:00	86664.0	86711.0	86585.0	86585.0	21
04.09.2025 19:00	86774.0	86980.0	86696.0	86785.0	13
04.09.2025 20:00	86761.0	86780.0	86761.0	86780.0	6
04.09.2025 21:00	86721.0	86721.0	86659.0	86708.0	11
04.09.2025 22:00	86699.0	86793.0	86699.0	86793.0	31
05.09.2025 09:00	86691.0	86767.0	86643.0	86643.0	66
05.09.2025 10:00	86767.0	86852.0	86767.0	86835.0	158
05.09.2025 11:00	86840.0	86948.0	86815.0	86815.0	156
05.09.2025 12:00	86852.0	87049.0	86852.0	87029.0	54
05.09.2025 13:00	87100.0	87145.0	86751.0	86975.0	373
05.09.2025 14:00	86959.0	86989.0	86930.0	86930.0	72
05.09.2025 15:00	86947.0	86960.0	86877.0	86877.0	96
05.09.2025 16:00	86900.0	86988.0	86809.0	86988.0	21
05.09.2025 17:00	87020.0	87063.0	86950.0	87062.0	64
05.09.2025 18:00	87003.0	87045.0	87000.0	87015.0	42
05.09.2025 19:00	86903.0	87077.0	86903.0	87019.0	30
05.09.2025 20:00	87019.0	87051.0	86952.0	86953.0	21
05.09.2025 21:00	87029.0	87043.0	87029.0	87043.0	4
05.09.2025 22:00	87030.0	87043.0	87030.0	87043.0	2
05.09.2025 23:00	87043.0	87080.0	87043.0	87080.0	50
08.09.2025 09:00	87089.0	87289.0	87089.0	87287.0	168
08.09.2025 10:00	87303.0	87640.0	87289.0	87490.0	65
08.09.2025 11:00	87466.0	87469.0	87339.0	87356.0	184
08.09.2025 12:00	87342.0	87533.0	87330.0	87454.0	22
08.09.2025 13:00	87462.0	87533.0	87431.0	87447.0	120
08.09.2025 14:00	87515.0	87551.0	87471.0	87551.0	205
08.09.2025 15:00	87559.0	87740.0	87559.0	87723.0	317
08.09.2025 16:00	87701.0	87869.0	87701.0	87750.0	151
08.09.2025 17:00	87778.0	88001.0	87776.0	87838.0	98
08.09.2025 18:00	87925.0	88215.0	87925.0	88111.0	398
08.09.2025 19:00	88199.0	88469.0	88199.0	88307.0	46
08.09.2025 20:00	88343.0	88471.0	88322.0	88400.0	81
08.09.2025 21:00	88391.0	88460.0	88349.0	88393.0	80
08.09.2025 22:00	88400.0	88400.0	88385.0	88385.0	9
08.09.2025 23:00	88387.0	88410.0	88376.0	88376.0	13
09.09.2025 09:00	88395.0	88700.0	88390.0	88552.0	339
09.09.2025 10:00	88640.0	88925.0	88600.0	88869.0	513
09.09.2025 11:00	88902.0	89163.0	88902.0	89150.0	229
09.09.2025 12:00	89136.0	89136.0	88731.0	88731.0	340
09.09.2025 13:00	88796.0	88974.0	88796.0	88930.0	58
09.09.2025 14:00	88927.0	89222.0	88927.0	89222.0	132
09.09.2025 15:00	89222.0	89569.0	89215.0	89546.0	184
09.09.2025 16:00	89576.0	89601.0	89157.0	89380.0	278
09.09.2025 17:00	89332.0	89498.0	89269.0	89416.0	133
09.09.2025 18:00	89372.0	89494.0	89362.0	89494.0	59
09.09.2025 19:00	89619.0	89622.0	89396.0	89414.0	54
09.09.2025 20:00	89402.0	89402.0	89231.0	89332.0	133
09.09.2025 21:00	89377.0	89428.0	89377.0	89428.0	17
09.09.2025 22:00	89490.0	89622.0	89490.0	89562.0	116
09.09.2025 23:00	89562.0	89563.0	89562.0	89563.0	6
10.09.2025 09:00	89621.0	89780.0	89578.0	89689.0	249
10.09.2025 10:00	89759.0	90444.0	89735.0	90388.0	370
10.09.2025 11:00	90441.0	90500.0	90154.0	90271.0	478
10.09.2025 12:00	90371.0	90490.0	90240.0	90483.0	268
10.09.2025 13:00	90469.0	90490.0	90231.0	90400.0	227
10.09.2025 14:00	90275.0	90300.0	90118.0	90199.0	98
10.09.2025 15:00	90149.0	90178.0	89553.0	89553.0	589
10.09.2025 16:00	89620.0	89925.0	89403.0	89850.0	368
10.09.2025 17:00	89884.0	89986.0	89780.0	89857.0	76
10.09.2025 18:00	89981.0	90200.0	89981.0	90185.0	276
10.09.2025 19:00	90169.0	90333.0	90140.0	90165.0	75
10.09.2025 20:00	90117.0	90157.0	90085.0	90085.0	20
10.09.2025 21:00	90085.0	90290.0	89965.0	90225.0	122
10.09.2025 22:00	90234.0	90289.0	90200.0	90200.0	39
10.09.2025 23:00	90196.0	90250.0	90180.0	90250.0	32
11.09.2025 09:00	90349.0	90599.0	90288.0	90571.0	175
11.09.2025 10:00	90598.0	90930.0	90500.0	90519.0	382
11.09.2025 11:00	90400.0	90499.0	89942.0	90283.0	773
11.09.2025 12:00	90212.0	90350.0	90144.0	90315.0	207
11.09.2025 13:00	90356.0	90451.0	90088.0	90107.0	118
11.09.2025 14:00	90107.0	90107.0	89621.0	90100.0	679
11.09.2025 15:00	90166.0	90249.0	90026.0	90241.0	122
11.09.2025 16:00	90105.0	90117.0	89990.0	89990.0	36
11.09.2025 17:00	89956.0	90200.0	89911.0	90121.0	410
11.09.2025 18:00	90125.0	90320.0	90072.0	90130.0	240
11.09.2025 19:00	90143.0	90333.0	90143.0	90222.0	57
11.09.2025 20:00	90222.0	90288.0	90200.0	90241.0	26
11.09.2025 21:00	90226.0	90291.0	90190.0	90280.0	59
11.09.2025 22:00	90251.0	90269.0	90241.0	90257.0	16
11.09.2025 23:00	90282.0	90286.0	90214.0	90261.0	12
12.09.2025 09:00	90301.0	90552.0	90214.0	90299.0	228
12.09.2025 10:00	90324.0	90324.0	89893.0	90002.0	230
12.09.2025 11:00	89992.0	90025.0	89790.0	89956.0	690
12.09.2025 12:00	89960.0	90080.0	89843.0	89996.0	1525
12.09.2025 13:00	89950.0	90120.0	89305.0	89387.0	842
12.09.2025 14:00	89373.0	89373.0	88843.0	89156.0	1335
12.09.2025 15:00	89177.0	89432.0	88945.0	89372.0	571
12.09.2025 16:00	89335.0	89391.0	89301.0	89325.0	501
12.09.2025 17:00	89300.0	89366.0	89000.0	89011.0	262
12.09.2025 18:00	89005.0	89046.0	88931.0	89046.0	180
12.09.2025 19:00	89112.0	89242.0	89040.0	89137.0	94
12.09.2025 20:00	89110.0	89156.0	89106.0	89137.0	50
12.09.2025 21:00	89117.0	89137.0	89090.0	89121.0	61
12.09.2025 22:00	89122.0	89140.0	89040.0	89040.0	57
12.09.2025 23:00	89120.0	89120.0	89098.0	89098.0	6
15.09.2025 09:00	89099.0	89099.0	88605.0	88881.0	407
15.09.2025 10:00	88800.0	88880.0	88400.0	88547.0	456
15.09.2025 11:00	88512.0	88578.0	88049.0	88080.0	923
15.09.2025 12:00	88082.0	88114.0	87625.0	87625.0	876
15.09.2025 13:00	87618.0	87967.0	87584.0	87715.0	459
15.09.2025 14:00	87741.0	87960.0	87658.0	87947.0	247
15.09.2025 15:00	87890.0	88078.0	87750.0	87756.0	540
15.09.2025 16:00	87777.0	88002.0	87777.0	87839.0	469
15.09.2025 17:00	87870.0	87907.0	87629.0	87806.0	421
15.09.2025 18:00	87788.0	87829.0	87779.0	87829.0	91
15.09.2025 19:00	87814.0	87902.0	87811.0	87828.0	74
15.09.2025 20:00	87873.0	87955.0	87841.0	87880.0	152
15.09.2025 21:00	87869.0	87869.0	87811.0	87853.0	30
15.09.2025 22:00	87871.0	87871.0	87811.0	87845.0	33
16.09.2025 09:00	87840.0	87841.0	87363.0	87551.0	663
16.09.2025 10:00	87552.0	88315.0	87368.0	88000.0	410
16.09.2025 11:00	87980.0	88037.0	87654.0	87829.0	211
16.09.2025 12:00	87867.0	88146.0	87566.0	88071.0	278
16.09.2025 13:00	88105.0	88288.0	88105.0	88218.0	328
16.09.2025 14:00	88211.0	88358.0	88189.0	88301.0	272
16.09.2025 15:00	88345.0	88532.0	88317.0	88510.0	208
16.09.2025 16:00	88514.0	88873.0	88514.0	88840.0	262
16.09.2025 17:00	88861.0	88861.0	88488.0	88657.0	233
16.09.2025 18:00	88644.0	88650.0	88400.0	88400.0	365
16.09.2025 19:00	88401.0	88566.0	88399.0	88566.0	106
16.09.2025 20:00	88553.0	88598.0	88553.0	88573.0	31
16.09.2025 21:00	88574.0	88888.0	88565.0	88612.0	35
16.09.2025 22:00	88612.0	88612.0	88585.0	88597.0	12
16.09.2025 23:00	88571.0	88571.0	88550.0	88550.0	24
17.09.2025 09:00	88586.0	88812.0	88586.0	88812.0	184
17.09.2025 10:00	88850.0	89000.0	88741.0	88900.0	444
17.09.2025 11:00	88900.0	88900.0	88588.0	88750.0	957
17.09.2025 12:00	88750.0	88980.0	88750.0	88913.0	903
17.09.2025 13:00	88930.0	89000.0	88891.0	88959.0	319
17.09.2025 14:00	88968.0	89112.0	88951.0	89022.0	361
17.09.2025 15:00	89057.0	89314.0	89000.0	89160.0	451
17.09.2025 16:00	89156.0	89206.0	89028.0	89130.0	345
17.09.2025 17:00	89120.0	89120.0	88973.0	88990.0	465
17.09.2025 18:00	88958.0	89059.0	88958.0	89036.0	2471
17.09.2025 19:00	89181.0	89186.0	89036.0	89176.0	21
17.09.2025 20:00	89198.0	89206.0	89146.0	89193.0	55
17.09.2025 21:00	89173.0	89216.0	89123.0	89210.0	152
17.09.2025 22:00	89215.0	89274.0	89193.0	89252.0	59
17.09.2025 23:00	89262.0	89511.0	89262.0	89434.0	99
18.09.2025 09:00	89430.0	89710.0	89355.0	89406.0	306
18.09.2025 10:00	89400.0	89400.0	89004.0	89010.0	5711
18.09.2025 11:00	89010.0	89151.0	88600.0	88673.0	6124
18.09.2025 12:00	88672.0	88949.0	88632.0	88854.0	5647
18.09.2025 13:00	88848.0	88868.0	88409.0	88524.0	5461
18.09.2025 14:00	88514.0	88795.0	88430.0	88783.0	6008
18.09.2025 15:00	88783.0	88850.0	88690.0	88765.0	4399
18.09.2025 16:00	88767.0	89020.0	88750.0	88988.0	363
18.09.2025 17:00	88991.0	89250.0	88850.0	89112.0	447
18.09.2025 18:00	89201.0	89250.0	89033.0	89058.0	388
18.09.2025 19:00	89062.0	89980.0	89040.0	89100.0	595
18.09.2025 20:00	89112.0	89295.0	89100.0	89278.0	58
18.09.2025 21:00	89329.0	89337.0	89190.0	89254.0	97
18.09.2025 22:00	89228.0	89231.0	89119.0	89157.0	80
18.09.2025 23:00	89133.0	89142.0	89100.0	89116.0	15
19.09.2025 09:00	89117.0	89303.0	89117.0	89302.0	146
19.09.2025 10:00	89243.0	89243.0	88950.0	89037.0	443
19.09.2025 11:00	89115.0	89639.0	89050.0	89530.0	164
19.09.2025 12:00	89563.0	89650.0	89460.0	89576.0	393
19.09.2025 13:00	89580.0	89730.0	89552.0	89663.0	647
19.09.2025 14:00	89689.0	89690.0	89400.0	89510.0	585
19.09.2025 15:00	89510.0	89539.0	89375.0	89450.0	752
19.09.2025 16:00	89461.0	89470.0	89292.0	89393.0	1043
19.09.2025 17:00	89414.0	89477.0	89320.0	89459.0	214
19.09.2025 18:00	89489.0	89510.0	89400.0	89457.0	201
19.09.2025 19:00	89425.0	89600.0	89418.0	89486.0	405
19.09.2025 20:00	89493.0	89512.0	89454.0	89462.0	30
19.09.2025 21:00	89461.0	89606.0	89438.0	89498.0	115
19.09.2025 22:00	89501.0	89512.0	89433.0	89436.0	40
19.09.2025 23:00	89452.0	89521.0	89393.0	89393.0	75
22.09.2025 09:00	89371.0	89616.0	89370.0	89531.0	221
22.09.2025 10:00	89512.0	89841.0	89481.0	89626.0	570
22.09.2025 11:00	89623.0	89623.0	89350.0	89438.0	912
22.09.2025 12:00	89400.0	89455.0	89350.0	89439.0	248
22.09.2025 13:00	89427.0	89428.0	89132.0	89147.0	298
22.09.2025 14:00	89155.0	89450.0	89125.0	89158.0	419
22.09.2025 15:00	89161.0	89330.0	89040.0	89240.0	1708
22.09.2025 16:00	89234.0	89244.0	89188.0	89232.0	102
22.09.2025 17:00	89235.0	89238.0	88875.0	88924.0	1321
22.09.2025 18:00	88875.0	89223.0	88865.0	88988.0	219
22.09.2025 19:00	89010.0	89139.0	89010.0	89120.0	78
22.09.2025 20:00	89117.0	89150.0	89075.0	89104.0	120
22.09.2025 21:00	89150.0	89198.0	89150.0	89187.0	127
22.09.2025 22:00	89169.0	89178.0	89169.0	89178.0	9
22.09.2025 23:00	89181.0	89206.0	89140.0	89206.0	42
23.09.2025 09:00	89175.0	89225.0	88983.0	89069.0	418
23.09.2025 10:00	89060.0	89184.0	88827.0	88953.0	1911
23.09.2025 11:00	88925.0	88925.0	88611.0	88803.0	774
23.09.2025 12:00	88738.0	89098.0	88686.0	88977.0	283
23.09.2025 13:00	88970.0	89415.0	88970.0	89373.0	306
23.09.2025 14:00	89349.0	89379.0	89275.0	89332.0	132
23.09.2025 15:00	89326.0	89415.0	89248.0	89299.0	60
23.09.2025 16:00	89304.0	89335.0	89263.0	89326.0	95
23.09.2025 17:00	89312.0	89312.0	89202.0	89301.0	686
23.09.2025 18:00	89301.0	89380.0	89221.0	89363.0	729
23.09.2025 19:00	89398.0	89398.0	89207.0	89207.0	307
23.09.2025 20:00	89241.0	89306.0	89230.0	89306.0	23
23.09.2025 21:00	89303.0	89382.0	89268.0	89382.0	22
23.09.2025 22:00	89390.0	89839.0	89347.0	89722.0	413
23.09.2025 23:00	89748.0	89781.0	89541.0	89650.0	241
24.09.2025 09:00	89700.0	89741.0	89505.0	89741.0	175
24.09.2025 10:00	89775.0	89891.0	89405.0	89405.0	560
24.09.2025 11:00	89400.0	89511.0	89350.0	89476.0	285
24.09.2025 12:00	89502.0	89519.0	89226.0	89228.0	6162
24.09.2025 13:00	89219.0	89250.0	89004.0	89028.0	463
24.09.2025 14:00	89000.0	89083.0	88895.0	89061.0	1416
24.09.2025 15:00	89069.0	89092.0	88909.0	88909.0	633
24.09.2025 16:00	88949.0	88980.0	88785.0	88800.0	3523
24.09.2025 17:00	88811.0	89149.0	88811.0	89075.0	4120
24.09.2025 18:00	89050.0	89100.0	88958.0	89017.0	1256
24.09.2025 19:00	89039.0	89141.0	89025.0	89029.0	129
24.09.2025 20:00	89001.0	89133.0	88962.0	89000.0	29
24.09.2025 21:00	88999.0	89007.0	88937.0	88963.0	114
24.09.2025 22:00	88982.0	89039.0	88975.0	89039.0	96
24.09.2025 23:00	89063.0	89073.0	88953.0	88980.0	122
25.09.2025 08:00	89650.0	89650.0	89017.0	89051.0	90
25.09.2025 09:00	88980.0	89116.0	88826.0	88950.0	256
25.09.2025 10:00	89063.0	89239.0	88737.0	89103.0	652
25.09.2025 11:00	89096.0	89328.0	89082.0	89234.0	2899
25.09.2025 12:00	89268.0	89335.0	89240.0	89260.0	999
25.09.2025 13:00	89256.0	89531.0	89253.0	89519.0	1506
25.09.2025 14:00	89525.0	89573.0	89435.0	89568.0	1355
25.09.2025 15:00	89573.0	89585.0	89450.0	89520.0	2127
25.09.2025 16:00	89482.0	89538.0	89332.0	89535.0	3719
25.09.2025 17:00	89535.0	89617.0	89440.0	89605.0	902
25.09.2025 18:00	89590.0	89601.0	89428.0	89435.0	913
25.09.2025 19:00	89430.0	89436.0	89160.0	89248.0	366
25.09.2025 20:00	89202.0	89270.0	89108.0	89260.0	149
25.09.2025 21:00	89218.0	89259.0	89194.0	89249.0	43
25.09.2025 22:00	89260.0	89260.0	89174.0	89229.0	71
25.09.2025 23:00	89269.0	89450.0	89251.0	89264.0	43
26.09.2025 09:00	89303.0	89336.0	89210.0	89237.0	160
26.09.2025 10:00	89254.0	89306.0	89042.0	89210.0	845
26.09.2025 11:00	89193.0	89357.0	89089.0	89209.0	3437
26.09.2025 12:00	89229.0	89266.0	88944.0	88971.0	950
26.09.2025 13:00	88975.0	89007.0	88733.0	88824.0	548
26.09.2025 14:00	88828.0	89190.0	88739.0	89040.0	651
26.09.2025 15:00	89044.0	89155.0	88941.0	89089.0	6693
26.09.2025 16:00	89033.0	89078.0	88971.0	89045.0	115
26.09.2025 17:00	89038.0	89039.0	88600.0	88621.0	821
26.09.2025 18:00	88600.0	88730.0	88377.0	88553.0	1603
26.09.2025 19:00	88490.0	88750.0	88412.0	88453.0	675
26.09.2025 20:00	88539.0	88648.0	88485.0	88547.0	377
26.09.2025 21:00	88554.0	88730.0	88536.0	88630.0	115
26.09.2025 22:00	88592.0	88607.0	88500.0	88566.0	66
26.09.2025 23:00	88613.0	88730.0	88600.0	88627.0	54
29.09.2025 09:00	88500.0	88715.0	88498.0	88595.0	297
29.09.2025 10:00	88595.0	88610.0	88200.0	88265.0	922
29.09.2025 11:00	88261.0	88429.0	88239.0	88287.0	974
29.09.2025 12:00	88264.0	88356.0	88200.0	88289.0	1227
29.09.2025 13:00	88289.0	88334.0	88136.0	88168.0	989
29.09.2025 14:00	88136.0	88171.0	88040.0	88124.0	1894
29.09.2025 15:00	88088.0	88240.0	88065.0	88219.0	829
29.09.2025 16:00	88259.0	88262.0	88047.0	88058.0	2470
29.09.2025 17:00	88069.0	88120.0	87916.0	87936.0	1031
29.09.2025 18:00	87924.0	88202.0	87841.0	87970.0	433
29.09.2025 19:00	87963.0	88173.0	87963.0	88140.0	156
29.09.2025 20:00	88137.0	88150.0	88027.0	88075.0	182
29.09.2025 21:00	88054.0	88094.0	87975.0	88055.0	50
29.09.2025 22:00	88074.0	88100.0	88074.0	88079.0	99
29.09.2025 23:00	88095.0	88095.0	88041.0	88077.0	149
30.09.2025 09:00	87999.0	88072.0	87882.0	87896.0	255
30.09.2025 10:00	87906.0	88228.0	87901.0	87974.0	1133
30.09.2025 11:00	87975.0	88068.0	87650.0	87688.0	2202
30.09.2025 12:00	87688.0	87724.0	87477.0	87477.0	3230
30.09.2025 13:00	87475.0	87475.0	87200.0	87294.0	1460
30.09.2025 14:00	87288.0	87364.0	87156.0	87256.0	201
30.09.2025 15:00	87309.0	87356.0	87023.0	87056.0	2565
30.09.2025 16:00	87052.0	87065.0	86812.0	86858.0	1286
30.09.2025 17:00	86828.0	87060.0	86760.0	86817.0	432
30.09.2025 18:00	86810.0	86991.0	86750.0	86869.0	3666
30.09.2025 19:00	86969.0	87325.0	86867.0	87027.0	5910
30.09.2025 20:00	86990.0	87162.0	86955.0	86992.0	69
30.09.2025 21:00	86998.0	87033.0	86990.0	86996.0	77
30.09.2025 22:00	86996.0	87045.0	86996.0	87029.0	82
30.09.2025 23:00	87010.0	87038.0	87010.0	87038.0	11
01.10.2025 09:00	87074.0	87159.0	86876.0	86936.0	984
01.10.2025 10:00	86937.0	87059.0	86366.0	86566.0	3161
01.10.2025 11:00	86565.0	86601.0	85700.0	86115.0	2750
01.10.2025 12:00	86132.0	86150.0	85870.0	86126.0	1221
01.10.2025 13:00	86126.0	86330.0	86022.0	86281.0	701
01.10.2025 14:00	86290.0	86478.0	86225.0	86255.0	515
01.10.2025 15:00	86244.0	86295.0	86131.0	86269.0	212
01.10.2025 16:00	86270.0	86284.0	85800.0	85873.0	225
01.10.2025 17:00	85862.0	85941.0	85581.0	85855.0	759
01.10.2025 18:00	85845.0	86157.0	85787.0	86030.0	662
01.10.2025 19:00	86135.0	86135.0	85716.0	85820.0	332
01.10.2025 20:00	85812.0	85946.0	85787.0	85879.0	154
01.10.2025 21:00	85875.0	85990.0	85740.0	85808.0	87
01.10.2025 22:00	85851.0	85875.0	85739.0	85799.0	29
01.10.2025 23:00	85799.0	85820.0	85701.0	85747.0	46
02.10.2025 09:00	85789.0	85900.0	85285.0	85439.0	1356
02.10.2025 10:00	85436.0	85950.0	85431.0	85662.0	655
02.10.2025 11:00	85632.0	85632.0	85423.0	85423.0	1768
02.10.2025 12:00	85423.0	85636.0	85374.0	85603.0	3436
02.10.2025 13:00	85607.0	85759.0	85581.0	85704.0	1823
02.10.2025 14:00	85602.0	85638.0	85459.0	85507.0	241
02.10.2025 15:00	85500.0	85567.0	85340.0	85476.0	2947
02.10.2025 16:00	85445.0	85690.0	85377.0	85548.0	469
02.10.2025 17:00	85500.0	85504.0	85300.0	85418.0	563
02.10.2025 18:00	85450.0	85478.0	85281.0	85324.0	306
02.10.2025 19:00	85275.0	85275.0	84729.0	85021.0	1096
02.10.2025 20:00	85030.0	85190.0	85017.0	85080.0	176
02.10.2025 21:00	85065.0	85184.0	85050.0	85105.0	262
02.10.2025 22:00	85121.0	85532.0	85121.0	85457.0	191
02.10.2025 23:00	85402.0	85404.0	85319.0	85360.0	16
03.10.2025 09:00	85399.0	85556.0	85288.0	85428.0	177
03.10.2025 10:00	85421.0	85761.0	85410.0	85594.0	333
03.10.2025 11:00	85699.0	85980.0	85699.0	85942.0	750
03.10.2025 12:00	85948.0	86456.0	85948.0	86397.0	1745
03.10.2025 13:00	86397.0	86550.0	86320.0	86440.0	2576
03.10.2025 14:00	86427.0	86760.0	86411.0	86760.0	366
03.10.2025 15:00	86773.0	87000.0	86652.0	86842.0	2741
03.10.2025 16:00	86848.0	86874.0	86569.0	86592.0	441
03.10.2025 17:00	86580.0	86710.0	86408.0	86600.0	231
03.10.2025 18:00	86572.0	86978.0	86393.0	86978.0	586
03.10.2025 19:00	86946.0	87217.0	86946.0	87100.0	753
03.10.2025 20:00	87164.0	87248.0	87075.0	87144.0	136
03.10.2025 21:00	87138.0	87138.0	87050.0	87050.0	176
03.10.2025 22:00	87058.0	87120.0	87050.0	87057.0	319
03.10.2025 23:00	87057.0	87118.0	87050.0	87116.0	109
06.10.2025 08:00	87101.0	87101.0	87049.0	87100.0	52
06.10.2025 09:00	87100.0	87638.0	87000.0	87467.0	2989
06.10.2025 10:00	87469.0	87636.0	87244.0	87468.0	1223
06.10.2025 11:00	87437.0	87460.0	87202.0	87355.0	707
06.10.2025 12:00	87335.0	87600.0	87270.0	87429.0	719
06.10.2025 13:00	87389.0	87550.0	87331.0	87336.0	151
06.10.2025 14:00	87396.0	87446.0	87222.0	87315.0	2349
06.10.2025 15:00	87301.0	87554.0	87244.0	87247.0	474
06.10.2025 16:00	87256.0	87377.0	86959.0	87056.0	282
06.10.2025 17:00	87054.0	87205.0	86877.0	87031.0	190
06.10.2025 18:00	87047.0	87056.0	86709.0	86721.0	750
06.10.2025 19:00	86797.0	86980.0	86600.0	86606.0	480
06.10.2025 20:00	86601.0	86850.0	86591.0	86650.0	109
06.10.2025 21:00	86722.0	86850.0	86629.0	86719.0	143
06.10.2025 22:00	86759.0	86807.0	86663.0	86710.0	57
06.10.2025 23:00	86753.0	86769.0	86731.0	86731.0	183
07.10.2025 09:00	86778.0	86778.0	86266.0	86300.0	506
07.10.2025 10:00	86266.0	86308.0	85875.0	86078.0	1270
07.10.2025 11:00	86080.0	86082.0	85808.0	85975.0	1764
07.10.2025 12:00	85973.0	86280.0	85952.0	86257.0	1485
07.10.2025 13:00	86297.0	86391.0	86198.0	86318.0	191
07.10.2025 14:00	86300.0	86323.0	86022.0	86090.0	2127
07.10.2025 15:00	86100.0	86207.0	86062.0	86207.0	245
07.10.2025 16:00	86260.0	86417.0	86100.0	86417.0	820
07.10.2025 17:00	86401.0	86489.0	86322.0	86396.0	178
07.10.2025 18:00	86407.0	86500.0	86188.0	86188.0	411
07.10.2025 19:00	86292.0	86488.0	86259.0	86329.0	131
07.10.2025 20:00	86315.0	86323.0	86192.0	86311.0	63
07.10.2025 21:00	86305.0	86306.0	86276.0	86306.0	34
07.10.2025 22:00	86277.0	86599.0	86277.0	86373.0	1073
07.10.2025 23:00	86386.0	86495.0	86356.0	86447.0	65
08.10.2025 09:00	86427.0	86620.0	86198.0	86511.0	2891
08.10.2025 10:00	86498.0	86498.0	85998.0	86153.0	2549
08.10.2025 11:00	86109.0	86360.0	86100.0	86309.0	1035
08.10.2025 12:00	86289.0	86449.0	86140.0	86153.0	700
08.10.2025 13:00	86128.0	86159.0	85684.0	85872.0	3823
08.10.2025 14:00	85923.0	86058.0	85828.0	85992.0	5036
08.10.2025 15:00	85992.0	86175.0	85899.0	86175.0	2390
08.10.2025 16:00	86175.0	86175.0	85754.0	85941.0	1417
08.10.2025 17:00	85919.0	85941.0	85400.0	85542.0	1671
08.10.2025 18:00	85525.0	85682.0	85497.0	85558.0	1165
08.10.2025 19:00	85617.0	85750.0	85400.0	85453.0	600
08.10.2025 20:00	85460.0	85595.0	85422.0	85468.0	721
08.10.2025 21:00	85490.0	85629.0	85480.0	85629.0	266
08.10.2025 22:00	85629.0	86050.0	85582.0	85650.0	289
08.10.2025 23:00	85656.0	85656.0	85548.0	85549.0	51
09.10.2025 09:00	85520.0	85800.0	85349.0	85713.0	412
09.10.2025 10:00	85741.0	86097.0	85741.0	86021.0	553
09.10.2025 11:00	85950.0	85979.0	85760.0	85903.0	838
09.10.2025 12:00	85914.0	86200.0	85808.0	86200.0	631
09.10.2025 13:00	86199.0	86250.0	86108.0	86205.0	431
09.10.2025 14:00	86196.0	86196.0	86040.0	86119.0	488
09.10.2025 15:00	86119.0	86141.0	86039.0	86067.0	1856
09.10.2025 16:00	86064.0	86075.0	85899.0	86050.0	3588
09.10.2025 17:00	86050.0	86070.0	85835.0	85900.0	1108
09.10.2025 18:00	85846.0	85970.0	85809.0	85901.0	455
09.10.2025 19:00	85959.0	86021.0	85881.0	85922.0	418
09.10.2025 20:00	85861.0	85943.0	85844.0	85912.0	211
09.10.2025 21:00	85929.0	85981.0	85902.0	85963.0	256
09.10.2025 22:00	85960.0	86041.0	85925.0	86018.0	184
09.10.2025 23:00	86025.0	86040.0	86000.0	86000.0	39
10.10.2025 09:00	86000.0	86300.0	86000.0	86021.0	1566
10.10.2025 10:00	86063.0	86154.0	85677.0	85773.0	1983
10.10.2025 11:00	85779.0	85935.0	85668.0	85907.0	733
10.10.2025 12:00	85934.0	85961.0	85759.0	85958.0	2035
10.10.2025 13:00	85970.0	85976.0	85808.0	85926.0	370
10.10.2025 14:00	85910.0	86125.0	85889.0	86105.0	2610
10.10.2025 15:00	86111.0	86119.0	86028.0	86081.0	442
10.10.2025 16:00	86081.0	86200.0	86032.0	86060.0	1978
10.10.2025 17:00	86100.0	86100.0	85622.0	85978.0	946
10.10.2025 18:00	85967.0	86098.0	85807.0	86040.0	321
10.10.2025 19:00	86087.0	86321.0	86063.0	86190.0	483
10.10.2025 20:00	86206.0	86224.0	86145.0	86187.0	105
10.10.2025 21:00	86180.0	86180.0	86045.0	86080.0	178
10.10.2025 22:00	86061.0	86187.0	86061.0	86185.0	150
10.10.2025 23:00	86176.0	86178.0	86095.0	86177.0	43
13.10.2025 09:00	86009.0	86064.0	85827.0	86015.0	971
13.10.2025 10:00	85998.0	85998.0	85286.0	85286.0	2427
13.10.2025 11:00	85273.0	85302.0	84914.0	85127.0	2194
13.10.2025 12:00	85026.0	85139.0	84861.0	85098.0	3043
13.10.2025 13:00	85087.0	85121.0	85020.0	85049.0	330
13.10.2025 14:00	85026.0	85109.0	84937.0	85060.0	363
13.10.2025 15:00	85070.0	85141.0	84977.0	85078.0	912
13.10.2025 16:00	85019.0	85021.0	84741.0	84907.0	3301
13.10.2025 17:00	84903.0	84903.0	84689.0	84764.0	1270
13.10.2025 18:00	84780.0	84803.0	84533.0	84621.0	895
13.10.2025 19:00	84621.0	84642.0	84220.0	84519.0	955
13.10.2025 20:00	84521.0	84561.0	84472.0	84490.0	396
13.10.2025 21:00	84491.0	84586.0	84473.0	84581.0	203
13.10.2025 22:00	84596.0	84659.0	84534.0	84549.0	117
13.10.2025 23:00	84557.0	84645.0	84535.0	84617.0	300
14.10.2025 09:00	84557.0	84769.0	84286.0	84335.0	1567
14.10.2025 10:00	84351.0	84588.0	83750.0	83839.0	3462
14.10.2025 11:00	83808.0	84158.0	83737.0	84060.0	1900
14.10.2025 12:00	84075.0	84288.0	83926.0	84281.0	959
14.10.2025 13:00	84287.0	84400.0	84131.0	84238.0	1344
14.10.2025 14:00	84219.0	84237.0	83972.0	83972.0	881
14.10.2025 15:00	83970.0	84149.0	83848.0	84139.0	2222
14.10.2025 16:00	84136.0	84300.0	84111.0	84156.0	345
14.10.2025 17:00	84165.0	84269.0	84032.0	84084.0	456
14.10.2025 18:00	84094.0	84154.0	83750.0	83750.0	540
14.10.2025 19:00	83783.0	83835.0	83714.0	83760.0	1207
14.10.2025 20:00	83752.0	83801.0	83716.0	83775.0	189
14.10.2025 21:00	83786.0	83937.0	83778.0	83810.0	498
14.10.2025 22:00	83835.0	83839.0	83780.0	83825.0	86
14.10.2025 23:00	83816.0	83897.0	83811.0	83895.0	46
15.10.2025 09:00	83809.0	83809.0	83250.0	83305.0	1646
15.10.2025 10:00	83357.0	83534.0	82966.0	83082.0	5498
15.10.2025 11:00	83064.0	83278.0	82798.0	83171.0	6495
15.10.2025 12:00	83148.0	83309.0	83050.0	83166.0	550
15.10.2025 13:00	83150.0	83225.0	83020.0	83104.0	2794
15.10.2025 14:00	83146.0	83146.0	83038.0	83104.0	831
15.10.2025 15:00	83121.0	83152.0	82949.0	82982.0	3268
15.10.2025 16:00	82964.0	82976.0	82760.0	82798.0	4517
15.10.2025 17:00	82750.0	83050.0	82724.0	82926.0	1597
15.10.2025 18:00	82918.0	83083.0	82755.0	82755.0	389
15.10.2025 19:00	82818.0	82955.0	82709.0	82838.0	226
15.10.2025 20:00	82843.0	82905.0	82804.0	82804.0	189
15.10.2025 21:00	82813.0	82813.0	82700.0	82705.0	235
15.10.2025 22:00	82715.0	82790.0	82500.0	82563.0	1170
15.10.2025 23:00	82550.0	82650.0	82460.0	82592.0	600
16.10.2025 09:00	82572.0	82618.0	82259.0	82486.0	2449
16.10.2025 10:00	82480.0	83800.0	82480.0	83207.0	3575
16.10.2025 11:00	83238.0	83339.0	82899.0	82972.0	759
16.10.2025 12:00	82970.0	83548.0	82967.0	83342.0	1329
16.10.2025 13:00	83393.0	83752.0	83393.0	83610.0	1048
16.10.2025 14:00	83632.0	84222.0	83550.0	83951.0	6975
16.10.2025 15:00	83981.0	84602.0	83846.0	84396.0	3708
16.10.2025 16:00	84415.0	84750.0	84320.0	84726.0	1391
16.10.2025 17:00	84756.0	84776.0	84141.0	84199.0	2919
16.10.2025 18:00	84230.0	84433.0	84181.0	84308.0	1291
16.10.2025 19:00	84278.0	84536.0	84278.0	84536.0	459
16.10.2025 20:00	84464.0	84464.0	83790.0	84090.0	1311
16.10.2025 21:00	84061.0	84141.0	83801.0	84034.0	1735
16.10.2025 22:00	84040.0	84115.0	83954.0	83970.0	327
16.10.2025 23:00	83970.0	84519.0	83908.0	84233.0	246
17.10.2025 09:00	84202.0	84933.0	84106.0	84828.0	2265
17.10.2025 10:00	84902.0	85348.0	84710.0	85150.0	2279
17.10.2025 11:00	85130.0	85152.0	84789.0	84931.0	765
17.10.2025 12:00	84913.0	85514.0	84895.0	85330.0	1198
17.10.2025 13:00	85306.0	85555.0	85146.0	85555.0	1330
17.10.2025 14:00	85537.0	85824.0	85430.0	85822.0	2840
17.10.2025 15:00	85830.0	86073.0	85714.0	86007.0	2681
17.10.2025 16:00	86070.0	86070.0	85695.0	85926.0	2047
17.10.2025 17:00	85920.0	85929.0	85400.0	85400.0	1887
17.10.2025 18:00	85400.0	85616.0	85326.0	85610.0	935
17.10.2025 19:00	85631.0	85713.0	85443.0	85453.0	800
17.10.2025 20:00	85449.0	85550.0	85400.0	85493.0	618
17.10.2025 21:00	85490.0	85660.0	85449.0	85648.0	188
17.10.2025 22:00	85649.0	85649.0	85500.0	85529.0	41
17.10.2025 23:00	85530.0	85649.0	85530.0	85600.0	82
20.10.2025 08:00	85658.0	85660.0	85658.0	85660.0	8
20.10.2025 09:00	85670.0	85728.0	85033.0	85202.0	1715
20.10.2025 10:00	85210.0	85677.0	85109.0	85261.0	1871
20.10.2025 11:00	85280.0	85408.0	85214.0	85286.0	1598
20.10.2025 12:00	85243.0	85295.0	84767.0	84965.0	1434
20.10.2025 13:00	84987.0	85287.0	84941.0	85215.0	3049
20.10.2025 14:00	85192.0	85426.0	84969.0	85364.0	5845
20.10.2025 15:00	85359.0	85421.0	85070.0	85172.0	2662
20.10.2025 16:00	85148.0	85390.0	85005.0	85202.0	1476
20.10.2025 17:00	85201.0	85474.0	85022.0	85080.0	6221
20.10.2025 18:00	85090.0	85158.0	84792.0	84932.0	2001
20.10.2025 19:00	84934.0	85080.0	84869.0	84986.0	143
20.10.2025 20:00	84986.0	85032.0	84949.0	85032.0	20
20.10.2025 21:00	84985.0	85106.0	84984.0	85102.0	62
20.10.2025 22:00	85080.0	85080.0	84926.0	84927.0	93
20.10.2025 23:00	84916.0	85040.0	84900.0	85040.0	70
21.10.2025 08:00	84809.0	85050.0	84809.0	85050.0	6
21.10.2025 09:00	85075.0	85527.0	85051.0	85376.0	1301
21.10.2025 10:00	85382.0	85425.0	85010.0	85133.0	1250
21.10.2025 11:00	85098.0	85820.0	85088.0	85620.0	1023
21.10.2025 12:00	85640.0	85814.0	85492.0	85814.0	604
21.10.2025 13:00	85820.0	86241.0	85748.0	86088.0	3045
21.10.2025 14:00	86066.0	86076.0	85548.0	85761.0	4075
21.10.2025 15:00	85748.0	86022.0	85573.0	85847.0	10223
21.10.2025 16:00	85844.0	86072.0	85820.0	86050.0	864
21.10.2025 17:00	86050.0	86079.0	85649.0	85762.0	904
21.10.2025 18:00	85780.0	86173.0	85729.0	86110.0	998
21.10.2025 19:00	86021.0	86070.0	85922.0	86027.0	762
21.10.2025 20:00	86022.0	86094.0	85982.0	86088.0	295
21.10.2025 21:00	86088.0	86090.0	86058.0	86060.0	40
21.10.2025 22:00	86067.0	86126.0	85996.0	86032.0	62
21.10.2025 23:00	86021.0	86021.0	85810.0	85819.0	230
22.10.2025 09:00	85891.0	86104.0	85794.0	86076.0	327
22.10.2025 10:00	86060.0	86898.0	86060.0	86674.0	2510
22.10.2025 11:00	86694.0	86700.0	86251.0	86279.0	1044
22.10.2025 12:00	86252.0	86494.0	86155.0	86278.0	550
22.10.2025 13:00	86272.0	86360.0	86151.0	86157.0	1101
22.10.2025 14:00	86146.0	86146.0	85650.0	85941.0	2729
22.10.2025 15:00	85944.0	86286.0	85835.0	86064.0	1386
22.10.2025 16:00	85983.0	86027.0	85561.0	85861.0	772
22.10.2025 17:00	85855.0	85875.0	85476.0	85745.0	729
22.10.2025 18:00	85759.0	85798.0	85443.0	85561.0	727
22.10.2025 19:00	85559.0	85639.0	85350.0	85400.0	480
22.10.2025 20:00	85400.0	85578.0	85372.0	85392.0	230
22.10.2025 21:00	85416.0	85467.0	85416.0	85429.0	66
22.10.2025 22:00	85390.0	85836.0	85387.0	85803.0	471
22.10.2025 23:00	85834.0	86045.0	85698.0	85849.0	259
23.10.2025 09:00	86095.0	86255.0	85789.0	85966.0	1414
23.10.2025 10:00	85951.0	85962.0	85142.0	85247.0	1288
23.10.2025 11:00	85228.0	85762.0	85155.0	85702.0	1905
23.10.2025 12:00	85650.0	85748.0	85471.0	85644.0	1571
23.10.2025 13:00	85650.0	85780.0	85567.0	85612.0	1085
23.10.2025 14:00	85678.0	85755.0	85488.0	85655.0	1915
23.10.2025 15:00	85658.0	86066.0	85658.0	85744.0	2994
23.10.2025 16:00	85692.0	85749.0	85607.0	85719.0	334
23.10.2025 17:00	85710.0	85799.0	85543.0	85604.0	519
23.10.2025 18:00	85603.0	85741.0	85586.0	85671.0	446
23.10.2025 19:00	85645.0	85730.0	85580.0	85683.0	83
23.10.2025 20:00	85673.0	85702.0	85569.0	85643.0	78
23.10.2025 21:00	85607.0	85642.0	85570.0	85570.0	182
23.10.2025 22:00	85574.0	85630.0	85498.0	85630.0	60
23.10.2025 23:00	85621.0	85628.0	85560.0	85627.0	37
24.10.2025 08:00	85740.0	85740.0	85629.0	85631.0	6
24.10.2025 09:00	85583.0	85905.0	85573.0	85631.0	692
24.10.2025 10:00	85610.0	85727.0	85200.0	85515.0	1698
24.10.2025 11:00	85512.0	85598.0	85295.0	85313.0	983
24.10.2025 12:00	85300.0	85431.0	85280.0	85385.0	555
24.10.2025 13:00	85397.0	85498.0	84451.0	84790.0	11671
24.10.2025 14:00	84750.0	84775.0	84092.0	84601.0	10562
24.10.2025 15:00	84588.0	84629.0	83992.0	84306.0	13171
24.10.2025 16:00	84306.0	84368.0	83821.0	83977.0	2818
24.10.2025 17:00	83951.0	83956.0	83402.0	83640.0	2719
24.10.2025 18:00	83664.0	83798.0	83568.0	83714.0	1846
24.10.2025 19:00	83665.0	83790.0	83650.0	83669.0	644
24.10.2025 20:00	83699.0	83800.0	83699.0	83800.0	325
24.10.2025 21:00	83784.0	83816.0	83744.0	83792.0	68
24.10.2025 22:00	83795.0	83795.0	83665.0	83665.0	50
24.10.2025 23:00	83686.0	83728.0	83653.0	83722.0	74
27.10.2025 09:00	83654.0	83660.0	83092.0	83153.0	1372
27.10.2025 10:00	83162.0	83163.0	82697.0	82999.0	2036
27.10.2025 11:00	82999.0	83114.0	82888.0	83041.0	2410
27.10.2025 12:00	83042.0	83229.0	82883.0	83164.0	1136
27.10.2025 13:00	83093.0	83093.0	82901.0	82981.0	712
27.10.2025 14:00	83039.0	83133.0	82876.0	83090.0	253
27.10.2025 15:00	83120.0	83312.0	83066.0	83224.0	3044
27.10.2025 16:00	83250.0	83390.0	83215.0	83215.0	2422
27.10.2025 17:00	83220.0	83322.0	83053.0	83160.0	984
27.10.2025 18:00	83185.0	83987.0	83101.0	83971.0	1252
27.10.2025 19:00	83893.0	84000.0	83682.0	83853.0	460
27.10.2025 20:00	83873.0	83992.0	83873.0	83970.0	711
27.10.2025 21:00	83970.0	84009.0	83886.0	83966.0	130
27.10.2025 22:00	83962.0	83978.0	83949.0	83949.0	158
27.10.2025 23:00	83961.0	83981.0	83709.0	83839.0	148
28.10.2025 09:00	83851.0	84098.0	83438.0	84098.0	727
28.10.2025 10:00	84102.0	84348.0	83611.0	84002.0	1094
28.10.2025 11:00	84000.0	84252.0	83959.0	84152.0	1186
28.10.2025 12:00	84162.0	84240.0	83879.0	84067.0	477
28.10.2025 13:00	84076.0	84126.0	83500.0	83500.0	822
28.10.2025 14:00	83509.0	83599.0	83335.0	83464.0	847
28.10.2025 15:00	83494.0	83866.0	83336.0	83493.0	1905
28.10.2025 16:00	83481.0	83530.0	83373.0	83458.0	742
28.10.2025 17:00	83472.0	83741.0	83459.0	83459.0	1080
28.10.2025 18:00	83459.0	83493.0	83249.0	83374.0	822
28.10.2025 19:00	83400.0	83502.0	83337.0	83444.0	296
28.10.2025 20:00	83460.0	83506.0	83415.0	83506.0	124
28.10.2025 21:00	83490.0	83573.0	83486.0	83524.0	51
28.10.2025 22:00	83517.0	83537.0	83440.0	83504.0	44
28.10.2025 23:00	83531.0	83570.0	83531.0	83570.0	39
29.10.2025 08:00	83602.0	83602.0	83587.0	83595.0	13
29.10.2025 09:00	83594.0	83773.0	83415.0	83579.0	768
29.10.2025 10:00	83485.0	83788.0	83293.0	83381.0	1260
29.10.2025 11:00	83381.0	83556.0	83333.0	83472.0	532
29.10.2025 12:00	83507.0	83780.0	83446.0	83710.0	722
29.10.2025 13:00	83740.0	84144.0	83654.0	84050.0	1290
29.10.2025 14:00	84054.0	84080.0	83874.0	83988.0	293
29.10.2025 15:00	84010.0	84010.0	83637.0	83843.0	3154
29.10.2025 16:00	83829.0	83973.0	83800.0	83900.0	411
29.10.2025 17:00	83891.0	83891.0	83691.0	83766.0	1043
29.10.2025 18:00	83749.0	84068.0	83748.0	83835.0	768
29.10.2025 19:00	83815.0	83870.0	83750.0	83843.0	84
29.10.2025 20:00	83850.0	83963.0	83850.0	83944.0	373
29.10.2025 21:00	83937.0	84005.0	83878.0	83939.0	142
29.10.2025 22:00	83940.0	83984.0	83912.0	83924.0	58
29.10.2025 23:00	83907.0	83937.0	83860.0	83865.0	47
30.10.2025 09:00	83883.0	84362.0	83883.0	84306.0	1346
30.10.2025 10:00	84348.0	84740.0	84122.0	84526.0	1902
30.10.2025 11:00	84527.0	84767.0	84527.0	84690.0	905
30.10.2025 12:00	84662.0	84848.0	84564.0	84820.0	1070
30.10.2025 13:00	84834.0	84850.0	84671.0	84803.0	410
30.10.2025 14:00	84798.0	84988.0	84605.0	84652.0	376
30.10.2025 15:00	84617.0	84803.0	84483.0	84580.0	265
30.10.2025 16:00	84498.0	84560.0	84252.0	84466.0	4023
30.10.2025 17:00	84482.0	84489.0	84066.0	84323.0	1219
30.10.2025 18:00	84333.0	84551.0	84272.0	84530.0	366
30.10.2025 19:00	84510.0	84540.0	84477.0	84518.0	1147
30.10.2025 20:00	84550.0	84590.0	84476.0	84483.0	180
30.10.2025 21:00	84493.0	84619.0	84486.0	84619.0	30
30.10.2025 22:00	84616.0	84629.0	84596.0	84629.0	71
30.10.2025 23:00	84650.0	84674.0	84636.0	84671.0	34
31.10.2025 09:00	84650.0	84777.0	84494.0	84628.0	357
31.10.2025 10:00	84607.0	85035.0	84337.0	84758.0	1179
31.10.2025 11:00	84778.0	84902.0	84677.0	84820.0	255
31.10.2025 12:00	84845.0	84950.0	84750.0	84760.0	1593
31.10.2025 13:00	84756.0	84850.0	84690.0	84829.0	1338
31.10.2025 14:00	84820.0	85013.0	84810.0	84885.0	914
31.10.2025 15:00	84882.0	84926.0	84496.0	84508.0	4534
31.10.2025 16:00	84508.0	84652.0	84300.0	84372.0	3340
31.10.2025 17:00	84330.0	84419.0	84048.0	84244.0	2540
31.10.2025 18:00	84245.0	84365.0	84125.0	84231.0	4035
31.10.2025 19:00	84212.0	84400.0	84212.0	84310.0	102
31.10.2025 20:00	84331.0	84422.0	84295.0	84331.0	85
31.10.2025 21:00	84336.0	84336.0	84282.0	84282.0	72
31.10.2025 22:00	84244.0	84362.0	84215.0	84342.0	57
31.10.2025 23:00	84334.0	84347.0	84209.0	84230.0	60
01.11.2025 09:00	84300.0	84339.0	84001.0	84051.0	120
01.11.2025 10:00	84001.0	84240.0	83760.0	83922.0	1116
01.11.2025 11:00	83894.0	83995.0	83835.0	83995.0	88
01.11.2025 12:00	83975.0	84140.0	83933.0	84009.0	240
01.11.2025 13:00	84007.0	84061.0	83915.0	83915.0	846
01.11.2025 14:00	83965.0	84410.0	83962.0	84410.0	538
01.11.2025 15:00	84410.0	84458.0	84327.0	84433.0	472
01.11.2025 16:00	84420.0	84420.0	84212.0	84244.0	3456
01.11.2025 17:00	84246.0	84355.0	84168.0	84330.0	1089
01.11.2025 18:00	84323.0	84445.0	84322.0	84329.0	345
01.11.2025 19:00	84416.0	84417.0	84372.0	84405.0	143
01.11.2025 20:00	84397.0	84407.0	84389.0	84389.0	9
01.11.2025 21:00	84367.0	84409.0	84367.0	84380.0	30
01.11.2025 22:00	84391.0	84391.0	84375.0	84375.0	5
01.11.2025 23:00	84360.0	84401.0	84360.0	84401.0	26
03.11.2025 09:00	84425.0	84570.0	84324.0	84456.0	295
03.11.2025 10:00	84477.0	84570.0	83934.0	84068.0	623
03.11.2025 11:00	84041.0	84189.0	84012.0	84108.0	325
03.11.2025 12:00	84099.0	84222.0	84069.0	84212.0	174
03.11.2025 13:00	84218.0	84218.0	83783.0	83815.0	378
03.11.2025 14:00	83815.0	83870.0	83458.0	83580.0	874
03.11.2025 15:00	83580.0	83733.0	83540.0	83650.0	432
03.11.2025 16:00	83650.0	83730.0	83567.0	83691.0	605
03.11.2025 17:00	83685.0	83700.0	83580.0	83580.0	325
03.11.2025 18:00	83610.0	83610.0	83386.0	83526.0	678
03.11.2025 19:00	83517.0	83610.0	83453.0	83565.0	182
03.11.2025 20:00	83549.0	83550.0	83465.0	83538.0	113
03.11.2025 21:00	83539.0	83690.0	83519.0	83690.0	113
03.11.2025 22:00	83714.0	83747.0	83671.0	83747.0	116
03.11.2025 23:00	83727.0	83739.0	83670.0	83710.0	46
05.11.2025 09:00	83717.0	84025.0	83717.0	84010.0	646
05.11.2025 10:00	84042.0	84809.0	84042.0	84776.0	3785
05.11.2025 11:00	84819.0	84967.0	84665.0	84665.0	2893
05.11.2025 12:00	84702.0	84965.0	84680.0	84798.0	365
05.11.2025 13:00	84796.0	85331.0	84796.0	85249.0	2211
05.11.2025 14:00	85256.0	85338.0	85012.0	85180.0	709
05.11.2025 15:00	85180.0	85273.0	85013.0	85086.0	682
05.11.2025 16:00	85062.0	85225.0	84984.0	85214.0	593
05.11.2025 17:00	85221.0	85236.0	85028.0	85082.0	3196
05.11.2025 18:00	85102.0	85257.0	85087.0	85242.0	630
05.11.2025 19:00	85220.0	85377.0	85207.0	85226.0	567
05.11.2025 20:00	85250.0	85299.0	85250.0	85274.0	64
05.11.2025 21:00	85266.0	85350.0	85228.0	85340.0	80
05.11.2025 22:00	85298.0	85320.0	85272.0	85295.0	143
05.11.2025 23:00	85259.0	85263.0	85184.0	85184.0	16
06.11.2025 09:00	85303.0	85362.0	85000.0	85300.0	1172
06.11.2025 10:00	85300.0	85481.0	84726.0	85028.0	1031
06.11.2025 11:00	84985.0	85213.0	84922.0	84922.0	341
06.11.2025 12:00	84932.0	85056.0	84772.0	84773.0	723
06.11.2025 13:00	84751.0	84801.0	84588.0	84608.0	1491
06.11.2025 14:00	84620.0	84825.0	84571.0	84818.0	1587
06.11.2025 15:00	84826.0	84944.0	84723.0	84822.0	443
06.11.2025 16:00	84826.0	84826.0	84598.0	84654.0	298
06.11.2025 17:00	84645.0	84687.0	84485.0	84592.0	540
06.11.2025 18:00	84659.0	84826.0	84627.0	84780.0	345
06.11.2025 20:00	84756.0	84873.0	84738.0	84800.0	189
06.11.2025 21:00	84739.0	84849.0	84736.0	84826.0	93
06.11.2025 22:00	84830.0	84887.0	84808.0	84833.0	93
06.11.2025 23:00	84833.0	84892.0	84826.0	84877.0	64
07.11.2025 09:00	84902.0	85174.0	84814.0	84985.0	977
07.11.2025 10:00	84994.0	85118.0	84669.0	84702.0	686
07.11.2025 11:00	84673.0	84850.0	84611.0	84800.0	441
07.11.2025 12:00	84795.0	84930.0	84742.0	84765.0	196
07.11.2025 13:00	84763.0	84832.0	84706.0	84720.0	273
07.11.2025 14:00	84727.0	84845.0	84698.0	84764.0	1048
07.11.2025 15:00	84757.0	84757.0	84631.0	84644.0	313
07.11.2025 16:00	84631.0	84631.0	84247.0	84345.0	2234
07.11.2025 17:00	84311.0	84465.0	84229.0	84348.0	1552
07.11.2025 18:00	84334.0	84520.0	84331.0	84462.0	451
07.11.2025 19:00	84440.0	84457.0	84390.0	84426.0	171
07.11.2025 20:00	84458.0	84469.0	84411.0	84440.0	62
07.11.2025 21:00	84431.0	84599.0	84430.0	84520.0	147
07.11.2025 22:00	84551.0	84593.0	84509.0	84548.0	96
07.11.2025 23:00	84550.0	84598.0	84520.0	84570.0	83
10.11.2025 09:00	84598.0	84673.0	84300.0	84430.0	538
10.11.2025 10:00	84397.0	84748.0	84295.0	84578.0	770
10.11.2025 11:00	84588.0	84728.0	84550.0	84603.0	485
10.11.2025 12:00	84625.0	84747.0	84565.0	84721.0	876
10.11.2025 13:00	84730.0	84911.0	84589.0	84853.0	2414
10.11.2025 14:00	84847.0	84900.0	84620.0	84735.0	3362
10.11.2025 15:00	84767.0	85048.0	84710.0	84925.0	1987
10.11.2025 16:00	84909.0	84975.0	84804.0	84835.0	500
10.11.2025 17:00	84811.0	84867.0	84703.0	84778.0	530
10.11.2025 18:00	84748.0	84839.0	84660.0	84798.0	369
10.11.2025 19:00	84782.0	84799.0	84735.0	84799.0	213
10.11.2025 20:00	84810.0	84860.0	84733.0	84737.0	48
10.11.2025 21:00	84721.0	84764.0	84716.0	84750.0	76
10.11.2025 22:00	84747.0	84816.0	84747.0	84813.0	22
10.11.2025 23:00	84793.0	84802.0	84726.0	84748.0	98
11.11.2025 09:00	84744.0	84940.0	84645.0	84854.0	686
11.11.2025 10:00	84940.0	85367.0	84808.0	85081.0	1356
11.11.2025 11:00	85114.0	85218.0	85024.0	85095.0	661
11.11.2025 12:00	85101.0	85101.0	84826.0	84945.0	1016
11.11.2025 13:00	84900.0	84950.0	84845.0	84884.0	1700
11.11.2025 14:00	84887.0	84920.0	84721.0	84839.0	1721
11.11.2025 15:00	84842.0	84863.0	84698.0	84698.0	806
11.11.2025 16:00	84698.0	84700.0	84365.0	84425.0	2276
11.11.2025 17:00	84401.0	84424.0	84171.0	84371.0	843
11.11.2025 18:00	84376.0	84550.0	84363.0	84429.0	349
11.11.2025 19:00	84358.0	84465.0	84358.0	84439.0	336
11.11.2025 20:00	84443.0	84500.0	84432.0	84445.0	165
11.11.2025 21:00	84453.0	84501.0	84449.0	84456.0	44
11.11.2025 22:00	84476.0	84534.0	84476.0	84534.0	162
11.11.2025 23:00	84545.0	84576.0	84524.0	84574.0	107
12.11.2025 09:00	84597.0	84605.0	84474.0	84492.0	266
12.11.2025 10:00	84519.0	84771.0	84387.0	84625.0	460
12.11.2025 11:00	84637.0	84878.0	84613.0	84814.0	975
12.11.2025 12:00	84850.0	84861.0	84620.0	84676.0	1156
12.11.2025 13:00	84716.0	84876.0	84647.0	84784.0	3289
12.11.2025 14:00	84776.0	84803.0	84590.0	84590.0	2570
12.11.2025 15:00	84590.0	84636.0	84300.0	84481.0	4588
12.11.2025 16:00	84494.0	84563.0	84274.0	84401.0	2112
12.11.2025 17:00	84400.0	84409.0	84283.0	84409.0	6706
12.11.2025 18:00	84412.0	84505.0	84327.0	84501.0	1213
12.11.2025 19:00	84487.0	84488.0	84342.0	84395.0	252
12.11.2025 20:00	84380.0	84410.0	84358.0	84361.0	196
12.11.2025 21:00	84353.0	84380.0	84339.0	84380.0	193
12.11.2025 22:00	84380.0	84380.0	84356.0	84365.0	102
12.11.2025 23:00	84393.0	84448.0	84370.0	84394.0	312
13.11.2025 08:00	84498.0	84498.0	84397.0	84397.0	12
13.11.2025 09:00	84340.0	84340.0	83713.0	83992.0	1533
13.11.2025 10:00	83991.0	84200.0	83860.0	83939.0	1947
13.11.2025 11:00	83941.0	84018.0	83723.0	83747.0	1461
13.11.2025 12:00	83723.0	83902.0	83562.0	83790.0	1482
13.11.2025 13:00	83785.0	83842.0	83660.0	83734.0	998
13.11.2025 14:00	83685.0	83685.0	83501.0	83638.0	2318
13.11.2025 15:00	83625.0	83856.0	83537.0	83789.0	2072
13.11.2025 16:00	83798.0	84098.0	83772.0	84048.0	1838
13.11.2025 17:00	84035.0	84081.0	83874.0	83901.0	1547
13.11.2025 18:00	83906.0	84108.0	83876.0	84084.0	771
13.11.2025 19:00	84081.0	84081.0	84008.0	84008.0	229
13.11.2025 20:00	83991.0	84066.0	83984.0	83994.0	130
13.11.2025 21:00	83993.0	84055.0	83956.0	84055.0	78
13.11.2025 22:00	84053.0	84066.0	84031.0	84064.0	215
13.11.2025 23:00	84080.0	84107.0	84041.0	84107.0	132
14.11.2025 09:00	84129.0	84927.0	84041.0	84555.0	1329
14.11.2025 10:00	84576.0	84802.0	84461.0	84732.0	5340
14.11.2025 11:00	84739.0	84852.0	84473.0	84646.0	15471
14.11.2025 12:00	84619.0	84700.0	84251.0	84333.0	3274
14.11.2025 13:00	84324.0	84370.0	84213.0	84300.0	3945
14.11.2025 14:00	84300.0	84355.0	84150.0	84220.0	5477
14.11.2025 15:00	84230.0	84338.0	84129.0	84269.0	3917
14.11.2025 16:00	84308.0	84368.0	84145.0	84201.0	2702
14.11.2025 17:00	84207.0	84380.0	84174.0	84250.0	1734
14.11.2025 18:00	84236.0	84303.0	84219.0	84259.0	1401
14.11.2025 19:00	84270.0	84297.0	84213.0	84265.0	175
14.11.2025 20:00	84246.0	84265.0	84205.0	84240.0	206
14.11.2025 21:00	84240.0	84253.0	84230.0	84238.0	364
14.11.2025 22:00	84239.0	84253.0	84229.0	84253.0	77
14.11.2025 23:00	84253.0	84350.0	84235.0	84309.0	176
17.11.2025 09:00	84300.0	84665.0	84215.0	84445.0	1280
17.11.2025 10:00	84446.0	84686.0	84043.0	84654.0	1927
17.11.2025 11:00	84674.0	84804.0	84660.0	84700.0	1488
17.11.2025 12:00	84695.0	84750.0	84454.0	84513.0	1711
17.11.2025 13:00	84485.0	84542.0	84350.0	84361.0	3369
17.11.2025 14:00	84360.0	84360.0	84180.0	84209.0	11593
17.11.2025 15:00	84201.0	84243.0	84100.0	84192.0	8885
17.11.2025 16:00	84192.0	84228.0	84015.0	84027.0	7741
17.11.2025 17:00	84027.0	84085.0	83898.0	83910.0	15398
17.11.2025 18:00	83908.0	84045.0	83858.0	83990.0	7638
17.11.2025 19:00	83937.0	84069.0	83937.0	84038.0	452
17.11.2025 20:00	84060.0	84155.0	84058.0	84115.0	593
17.11.2025 21:00	84125.0	84148.0	84111.0	84146.0	190
17.11.2025 22:00	84132.0	84206.0	84132.0	84203.0	142
17.11.2025 23:00	84185.0	84202.0	84153.0	84202.0	177
18.11.2025 09:00	84210.0	84260.0	84022.0	84141.0	1133
18.11.2025 10:00	84102.0	84161.0	83870.0	84100.0	2460
18.11.2025 11:00	84105.0	84472.0	84080.0	84389.0	14081
18.11.2025 12:00	84397.0	84450.0	84184.0	84365.0	8116
18.11.2025 13:00	84372.0	84376.0	84219.0	84292.0	627
18.11.2025 14:00	84282.0	84324.0	84160.0	84246.0	911
18.11.2025 15:00	84230.0	84242.0	84161.0	84240.0	2121
18.11.2025 16:00	84240.0	84371.0	84150.0	84294.0	6252
18.11.2025 17:00	84298.0	84367.0	84190.0	84365.0	2706
18.11.2025 18:00	84341.0	84371.0	84293.0	84298.0	3152
18.11.2025 19:00	84303.0	84441.0	84291.0	84327.0	599
18.11.2025 20:00	84320.0	84331.0	84265.0	84280.0	207
18.11.2025 21:00	84275.0	84330.0	84275.0	84318.0	105
18.11.2025 22:00	84309.0	84345.0	84309.0	84330.0	61
18.11.2025 23:00	84309.0	84353.0	84270.0	84353.0	90
19.11.2025 09:00	84304.0	84409.0	84201.0	84252.0	563
19.11.2025 10:00	84225.0	84262.0	84100.0	84107.0	831
19.11.2025 11:00	84099.0	84099.0	83920.0	84073.0	8741
19.11.2025 12:00	84073.0	84090.0	83886.0	83917.0	4655
19.11.2025 13:00	83924.0	84072.0	83910.0	84039.0	625
19.11.2025 14:00	84054.0	84054.0	83866.0	83904.0	4731
19.11.2025 15:00	83916.0	84000.0	83767.0	83809.0	2631
19.11.2025 16:00	83820.0	83980.0	83586.0	83810.0	12409
19.11.2025 17:00	83777.0	83832.0	83630.0	83682.0	2989
19.11.2025 18:00	83681.0	83734.0	83409.0	83628.0	2211
19.11.2025 19:00	83652.0	83781.0	83636.0	83636.0	563
19.11.2025 20:00	83639.0	83688.0	83625.0	83639.0	344
19.11.2025 21:00	83641.0	83750.0	83620.0	83687.0	223
19.11.2025 22:00	83695.0	83807.0	83685.0	83776.0	185
19.11.2025 23:00	83779.0	83795.0	83747.0	83758.0	177
20.11.2025 09:00	83800.0	83943.0	83662.0	83833.0	648
20.11.2025 10:00	83851.0	84199.0	83767.0	83974.0	18538
20.11.2025 11:00	83990.0	83990.0	83790.0	83805.0	1652
20.11.2025 12:00	83805.0	83811.0	83501.0	83587.0	5997
20.11.2025 13:00	83580.0	83653.0	83435.0	83580.0	6961
20.11.2025 14:00	83589.0	83640.0	83380.0	83636.0	4939
20.11.2025 15:00	83639.0	83705.0	83533.0	83544.0	7380
20.11.2025 16:00	83544.0	83558.0	83227.0	83259.0	6988
20.11.2025 17:00	83233.0	83248.0	82980.0	83112.0	8989
20.11.2025 18:00	83103.0	83219.0	83010.0	83061.0	3437
20.11.2025 19:00	83109.0	83186.0	83077.0	83174.0	399
20.11.2025 20:00	83152.0	83200.0	82924.0	82950.0	883
20.11.2025 21:00	82950.0	83033.0	82723.0	82801.0	1447
20.11.2025 22:00	82800.0	82851.0	82730.0	82743.0	1129
20.11.2025 23:00	82736.0	82758.0	82686.0	82706.0	494
21.11.2025 09:00	82705.0	82900.0	82600.0	82689.0	1241
21.11.2025 10:00	82735.0	82810.0	81700.0	81876.0	35693
21.11.2025 11:00	81878.0	81884.0	81533.0	81755.0	32078
21.11.2025 12:00	81755.0	82107.0	81755.0	81861.0	39881
21.11.2025 13:00	81854.0	81936.0	81773.0	81840.0	48168
21.11.2025 14:00	81845.0	81853.0	81661.0	81723.0	26788
21.11.2025 15:00	81721.0	81871.0	81644.0	81754.0	32075
21.11.2025 16:00	81754.0	82127.0	81749.0	82108.0	6237
21.11.2025 17:00	82108.0	82165.0	82040.0	82100.0	4568
21.11.2025 18:00	82100.0	82200.0	81850.0	81990.0	2482
21.11.2025 19:00	82026.0	82154.0	81989.0	82023.0	799
21.11.2025 20:00	82023.0	82024.0	81806.0	81919.0	645
21.11.2025 21:00	81915.0	81945.0	81892.0	81916.0	138
21.11.2025 22:00	81917.0	81925.0	81847.0	81880.0	255
21.11.2025 23:00	81895.0	81965.0	81760.0	81931.0	1100
24.11.2025 09:00	81821.0	82013.0	81658.0	81894.0	1979
24.11.2025 10:00	81908.0	82155.0	81404.0	81882.0	6646
24.11.2025 11:00	81880.0	81904.0	81620.0	81786.0	2785
24.11.2025 12:00	81786.0	81821.0	81588.0	81628.0	7612
24.11.2025 13:00	81628.0	81653.0	81250.0	81313.0	15176
24.11.2025 14:00	81324.0	81600.0	81309.0	81500.0	17384
24.11.2025 15:00	81535.0	81749.0	81494.0	81554.0	4634
24.11.2025 16:00	81575.0	81575.0	81383.0	81460.0	2753
24.11.2025 17:00	81442.0	81536.0	81372.0	81470.0	1915
24.11.2025 18:00	81470.0	81598.0	81361.0	81445.0	6156
24.11.2025 19:00	81430.0	81527.0	81321.0	81363.0	975
24.11.2025 20:00	81356.0	81497.0	81315.0	81439.0	604
24.11.2025 21:00	81438.0	81441.0	81371.0	81371.0	187
24.11.2025 22:00	81374.0	81475.0	81370.0	81471.0	187
24.11.2025 23:00	81481.0	81559.0	81452.0	81452.0	558
25.11.2025 09:00	81457.0	81506.0	81282.0	81343.0	1194
25.11.2025 10:00	81302.0	81827.0	81237.0	81740.0	17555
25.11.2025 11:00	81760.0	81774.0	81575.0	81701.0	17398
25.11.2025 12:00	81709.0	81802.0	81551.0	81679.0	8894
25.11.2025 13:00	81700.0	82257.0	81700.0	82250.0	8447
25.11.2025 14:00	82229.0	82229.0	81986.0	81993.0	5215
25.11.2025 15:00	82009.0	82140.0	81900.0	82023.0	2240
25.11.2025 16:00	82045.0	82101.0	81700.0	81815.0	2301
25.11.2025 17:00	81814.0	81820.0	81500.0	81505.0	5243
25.11.2025 18:00	81504.0	81662.0	81500.0	81560.0	3712
25.11.2025 19:00	81569.0	81569.0	81340.0	81472.0	877
25.11.2025 20:00	81459.0	81650.0	81444.0	81520.0	724
25.11.2025 21:00	81500.0	81700.0	81500.0	81601.0	471
25.11.2025 22:00	81601.0	81684.0	81558.0	81570.0	221
25.11.2025 23:00	81575.0	81707.0	81555.0	81684.0	450
26.11.2025 09:00	81686.0	81687.0	81508.0	81560.0	1212
26.11.2025 10:00	81575.0	81754.0	81290.0	81489.0	7815
26.11.2025 11:00	81463.0	81576.0	81380.0	81450.0	3772
26.11.2025 12:00	81450.0	81450.0	81259.0	81294.0	9201
26.11.2025 13:00	81294.0	81312.0	81129.0	81246.0	22081
26.11.2025 14:00	81257.0	81485.0	81230.0	81469.0	6383
26.11.2025 15:00	81462.0	81490.0	81327.0	81465.0	1587
26.11.2025 16:00	81467.0	81470.0	81297.0	81358.0	2823
26.11.2025 17:00	81350.0	81485.0	81333.0	81372.0	5585
26.11.2025 18:00	81400.0	81419.0	81320.0	81404.0	1863
26.11.2025 19:00	81400.0	81433.0	81205.0	81223.0	1347
26.11.2025 20:00	81222.0	81350.0	81217.0	81349.0	262
26.11.2025 21:00	81320.0	81371.0	81279.0	81349.0	261
26.11.2025 22:00	81349.0	81349.0	81300.0	81347.0	267
26.11.2025 23:00	81358.0	81358.0	81288.0	81291.0	189
27.11.2025 09:00	81348.0	81462.0	81246.0	81275.0	1450
27.11.2025 10:00	81232.0	81232.0	81038.0	81060.0	6768
27.11.2025 11:00	81050.0	81067.0	80800.0	80813.0	15759
27.11.2025 12:00	80813.0	80941.0	80737.0	80842.0	13220
27.11.2025 13:00	80842.0	81050.0	80805.0	81018.0	11750
27.11.2025 14:00	81037.0	81180.0	81037.0	81172.0	4877
27.11.2025 15:00	81172.0	81278.0	81162.0	81237.0	8134
27.11.2025 16:00	81238.0	81267.0	81022.0	81170.0	12154
27.11.2025 17:00	81170.0	81312.0	81092.0	81191.0	8328
27.11.2025 18:00	81193.0	81211.0	80953.0	81027.0	3412
27.11.2025 19:00	81048.0	81090.0	80943.0	80955.0	462
27.11.2025 20:00	80935.0	81029.0	80888.0	81026.0	671
27.11.2025 21:00	81027.0	81046.0	81009.0	81016.0	338
27.11.2025 22:00	81024.0	81039.0	80982.0	80982.0	55
27.11.2025 23:00	81000.0	81039.0	80955.0	80986.0	178
28.11.2025 08:00	80988.0	80989.0	80988.0	80989.0	20
28.11.2025 09:00	80988.0	81250.0	80988.0	81200.0	1907
28.11.2025 10:00	81222.0	81363.0	80979.0	81040.0	9723
28.11.2025 11:00	81010.0	81076.0	80783.0	81015.0	2917
28.11.2025 12:00	81015.0	81099.0	80930.0	81043.0	6984
28.11.2025 13:00	81048.0	81095.0	80940.0	81075.0	3235
28.11.2025 14:00	81095.0	81123.0	81008.0	81044.0	1248
28.11.2025 15:00	81024.0	81087.0	80905.0	80931.0	1579
28.11.2025 16:00	80932.0	80969.0	80600.0	80699.0	12083
28.11.2025 17:00	80691.0	80691.0	80264.0	80325.0	9960
28.11.2025 18:00	80320.0	80420.0	80100.0	80193.0	8939
28.11.2025 19:00	80215.0	80390.0	80163.0	80245.0	1782
28.11.2025 20:00	80247.0	80277.0	80217.0	80238.0	622
28.11.2025 21:00	80238.0	80266.0	80209.0	80220.0	387
28.11.2025 22:00	80226.0	80265.0	80104.0	80112.0	897
28.11.2025 23:00	80102.0	80220.0	80100.0	80142.0	597
01.12.2025 09:00	80248.0	80513.0	80132.0	80455.0	4684
01.12.2025 10:00	80466.0	80641.0	80343.0	80392.0	6922
01.12.2025 11:00	80388.0	80474.0	80367.0	80380.0	5749
01.12.2025 12:00	80380.0	80554.0	80330.0	80415.0	10358
01.12.2025 13:00	80405.0	80433.0	80267.0	80285.0	9545
01.12.2025 14:00	80298.0	80418.0	80290.0	80323.0	6376
01.12.2025 15:00	80323.0	80450.0	80279.0	80319.0	7030
01.12.2025 16:00	80330.0	80400.0	80102.0	80192.0	4747
01.12.2025 17:00	80192.0	80300.0	80115.0	80288.0	3902
01.12.2025 18:00	80275.0	80323.0	80181.0	80269.0	7516
01.12.2025 19:00	80250.0	80379.0	80158.0	80299.0	380
01.12.2025 20:00	80299.0	80359.0	80298.0	80358.0	465
01.12.2025 21:00	80360.0	80363.0	80000.0	80072.0	2561
01.12.2025 22:00	80042.0	80220.0	80018.0	80122.0	610
01.12.2025 23:00	80140.0	80300.0	80140.0	80189.0	263
02.12.2025 09:00	80188.0	80198.0	80007.0	80093.0	896
02.12.2025 10:00	80109.0	80238.0	79966.0	80185.0	8552
02.12.2025 11:00	80203.0	80265.0	80100.0	80108.0	9183
02.12.2025 12:00	80108.0	80129.0	80073.0	80086.0	19326
02.12.2025 13:00	80087.0	80117.0	80045.0	80051.0	11789
02.12.2025 14:00	80051.0	80056.0	79707.0	79751.0	16174
02.12.2025 15:00	79749.0	79990.0	79727.0	79772.0	8700
02.12.2025 16:00	79772.0	79921.0	79709.0	79916.0	9449
02.12.2025 17:00	79916.0	79990.0	79832.0	79919.0	4323
02.12.2025 18:00	79930.0	80758.0	79930.0	80278.0	8397
02.12.2025 19:00	80349.0	80553.0	80316.0	80487.0	2093
02.12.2025 20:00	80478.0	80541.0	80350.0	80387.0	1224
02.12.2025 21:00	80406.0	80436.0	80100.0	80236.0	860
02.12.2025 22:00	80191.0	80323.0	80169.0	80202.0	315
02.12.2025 23:00	80218.0	80218.0	80100.0	80161.0	1547
03.12.2025 09:00	80282.0	80778.0	80282.0	80733.0	4073
03.12.2025 10:00	80733.0	80770.0	80409.0	80546.0	7636
03.12.2025 11:00	80557.0	80579.0	80249.0	80360.0	9433
03.12.2025 12:00	80355.0	80355.0	79937.0	80018.0	12503
03.12.2025 13:00	80000.0	80085.0	79900.0	80076.0	14640
03.12.2025 14:00	80088.0	80174.0	80011.0	80087.0	2726
03.12.2025 15:00	80062.0	80117.0	79915.0	79979.0	3122
03.12.2025 16:00	79975.0	80037.0	79833.0	79945.0	4595
03.12.2025 17:00	79957.0	79997.0	79707.0	79754.0	6357
03.12.2025 18:00	79736.0	79736.0	79286.0	79405.0	13463
03.12.2025 19:00	79300.0	79404.0	79050.0	79243.0	5935
03.12.2025 20:00	79224.0	79256.0	79013.0	79209.0	2719
03.12.2025 21:00	79203.0	79256.0	79160.0	79235.0	850
03.12.2025 22:00	79241.0	79305.0	79209.0	79299.0	989
03.12.2025 23:00	79302.0	79328.0	79295.0	79309.0	431
04.12.2025 09:00	79317.0	79400.0	79060.0	79117.0	4029
04.12.2025 10:00	79145.0	79336.0	78681.0	79275.0	11947
04.12.2025 11:00	79275.0	79388.0	79150.0	79339.0	17918
04.12.2025 12:00	79354.0	79440.0	79209.0	79411.0	9748
04.12.2025 13:00	79423.0	79460.0	79145.0	79290.0	6818
04.12.2025 14:00	79300.0	79381.0	79243.0	79355.0	5070
04.12.2025 15:00	79356.0	79560.0	79319.0	79359.0	3095
04.12.2025 16:00	79362.0	79406.0	78790.0	78807.0	13342
04.12.2025 17:00	78802.0	78909.0	78272.0	78630.0	23641
04.12.2025 18:00	78630.0	78688.0	78454.0	78478.0	4408
04.12.2025 19:00	78479.0	78554.0	78250.0	78278.0	3365
04.12.2025 20:00	78250.0	78330.0	77951.0	78200.0	6464
04.12.2025 21:00	78186.0	78286.0	77831.0	77989.0	3192
04.12.2025 22:00	77994.0	78000.0	77884.0	77987.0	1615
04.12.2025 23:00	77988.0	78134.0	77988.0	78081.0	656
05.12.2025 08:00	78909.0	78909.0	78138.0	78196.0	845
05.12.2025 09:00	78163.0	78174.0	77540.0	77660.0	8873
05.12.2025 10:00	77685.0	78524.0	77642.0	78431.0	16509
05.12.2025 11:00	78431.0	78523.0	78272.0	78375.0	17041
05.12.2025 12:00	78375.0	78432.0	78153.0	78341.0	27895
05.12.2025 13:00	78341.0	79165.0	78306.0	79068.0	18596
05.12.2025 14:00	79042.0	79625.0	79004.0	79380.0	33127
05.12.2025 15:00	79391.0	79463.0	79061.0	79254.0	30646
05.12.2025 16:00	79243.0	79440.0	79170.0	79341.0	22889
05.12.2025 17:00	79341.0	79360.0	79005.0	79230.0	30924
05.12.2025 18:00	79229.0	79298.0	78950.0	79079.0	10195
05.12.2025 19:00	79089.0	79200.0	78992.0	79114.0	2679
05.12.2025 20:00	79114.0	79245.0	79110.0	79228.0	941
05.12.2025 21:00	79227.0	79247.0	79177.0	79177.0	800
05.12.2025 22:00	79176.0	79288.0	79145.0	79249.0	1291
05.12.2025 23:00	79243.0	79460.0	79235.0	79396.0	2025
08.12.2025 09:00	79396.0	79980.0	79287.0	79648.0	11954
08.12.2025 10:00	79669.0	79686.0	79084.0	79227.0	28190
08.12.2025 11:00	79226.0	79349.0	79038.0	79212.0	42498
08.12.2025 12:00	79205.0	79266.0	78951.0	79104.0	58302
08.12.2025 13:00	79092.0	79118.0	78910.0	79006.0	44688
08.12.2025 14:00	79007.0	79132.0	79000.0	79007.0	24701
08.12.2025 15:00	79007.0	79190.0	78970.0	78970.0	38317
08.12.2025 16:00	78970.0	79027.0	78639.0	78658.0	43689
08.12.2025 17:00	78657.0	78990.0	78600.0	78964.0	23759
08.12.2025 18:00	78987.0	79074.0	78724.0	78802.0	11296
08.12.2025 19:00	78848.0	79054.0	78784.0	78996.0	2218
08.12.2025 20:00	78999.0	79043.0	78966.0	78980.0	979
08.12.2025 21:00	78981.0	79211.0	78972.0	79123.0	1691
08.12.2025 22:00	79122.0	79187.0	79050.0	79128.0	605
08.12.2025 23:00	79135.0	79153.0	79090.0	79140.0	483
09.12.2025 09:00	79162.0	79307.0	78992.0	79111.0	2541
09.12.2025 10:00	79059.0	79220.0	78839.0	78845.0	23831
09.12.2025 11:00	78843.0	78983.0	78750.0	78902.0	56885
09.12.2025 12:00	78906.0	79081.0	78859.0	79058.0	46171
09.12.2025 13:00	79064.0	79207.0	79000.0	79151.0	20840
09.12.2025 14:00	79116.0	79640.0	79111.0	79528.0	17114
09.12.2025 15:00	79522.0	79689.0	79438.0	79501.0	34624
09.12.2025 16:00	79500.0	79567.0	79350.0	79511.0	22563
09.12.2025 17:00	79513.0	79960.0	79411.0	79944.0	23464
09.12.2025 18:00	79945.0	80189.0	79892.0	79978.0	31089
09.12.2025 19:00	79950.0	80150.0	79929.0	80009.0	4458
09.12.2025 20:00	80014.0	80095.0	79970.0	80089.0	1737
09.12.2025 21:00	80089.0	80105.0	80000.0	80055.0	1343
09.12.2025 22:00	80050.0	80063.0	79777.0	79838.0	3436
09.12.2025 23:00	79820.0	79878.0	79783.0	79825.0	1182
10.12.2025 09:00	79820.0	80225.0	79713.0	80125.0	6533
10.12.2025 10:00	80111.0	80164.0	79734.0	79769.0	24971
10.12.2025 11:00	79772.0	79870.0	79523.0	79684.0	27876
10.12.2025 12:00	79684.0	79801.0	79600.0	79737.0	42455
10.12.2025 13:00	79736.0	80111.0	79733.0	80004.0	38071
10.12.2025 14:00	80000.0	80257.0	80000.0	80240.0	51602
10.12.2025 15:00	80249.0	80530.0	80040.0	80454.0	51593
10.12.2025 16:00	80450.0	80650.0	80436.0	80468.0	50870
10.12.2025 17:00	80471.0	80867.0	80295.0	80841.0	63677
10.12.2025 18:00	80848.0	81487.0	80848.0	81350.0	27967
10.12.2025 19:00	81352.0	81428.0	81172.0	81207.0	11043
10.12.2025 20:00	81210.0	81249.0	81200.0	81240.0	2605
10.12.2025 21:00	81246.0	81258.0	81150.0	81170.0	3369
10.12.2025 22:00	81176.0	81245.0	81150.0	81217.0	3479
10.12.2025 23:00	81217.0	81268.0	81155.0	81230.0	2735
11.12.2025 08:00	81230.0	81230.0	81211.0	81230.0	4
11.12.2025 09:00	81229.0	81266.0	81135.0	81222.0	7306
11.12.2025 10:00	81224.0	81224.0	80700.0	81100.0	45563
11.12.2025 11:00	81108.0	81877.0	81105.0	81696.0	95662
11.12.2025 12:00	81700.0	81971.0	81661.0	81693.0	73366
11.12.2025 13:00	81695.0	81860.0	81613.0	81761.0	65594
11.12.2025 14:00	81766.0	81890.0	81696.0	81808.0	66452
11.12.2025 15:00	81807.0	81819.0	81611.0	81660.0	40947
11.12.2025 16:00	81672.0	81750.0	81407.0	81740.0	30496
11.12.2025 17:00	81737.0	82111.0	81650.0	81982.0	39891
11.12.2025 18:00	81983.0	82020.0	81700.0	81700.0	13128
11.12.2025 19:00	81760.0	81850.0	81500.0	81633.0	12096
11.12.2025 20:00	81633.0	81849.0	81613.0	81786.0	3791
11.12.2025 21:00	81774.0	81854.0	81710.0	81767.0	2450
11.12.2025 22:00	81767.0	81832.0	81671.0	81676.0	2711
11.12.2025 23:00	81673.0	81769.0	81650.0	81727.0	1699
12.12.2025 09:00	81730.0	81745.0	81369.0	81498.0	12289
12.12.2025 10:00	81498.0	81997.0	81350.0	81961.0	27512
12.12.2025 11:00	81961.0	82143.0	81921.0	82051.0	57250
12.12.2025 12:00	82051.0	82177.0	81916.0	82123.0	71446
12.12.2025 13:00	82124.0	82168.0	81995.0	82103.0	44342
12.12.2025 14:00	82100.0	82143.0	81776.0	81936.0	33314
12.12.2025 15:00	81955.0	82014.0	81881.0	81965.0	7771
12.12.2025 16:00	81965.0	81996.0	81841.0	81901.0	8588
12.12.2025 17:00	81906.0	81916.0	81525.0	81563.0	24265
12.12.2025 18:00	81562.0	81659.0	81192.0	81484.0	28332
12.12.2025 19:00	81480.0	81693.0	81443.0	81600.0	5585
12.12.2025 20:00	81603.0	81612.0	81408.0	81536.0	3250
12.12.2025 21:00	81535.0	81642.0	81523.0	81606.0	1672
12.12.2025 22:00	81616.0	81646.0	81597.0	81620.0	1338
12.12.2025 23:00	81620.0	81635.0	81600.0	81635.0	1317
15.12.2025 08:00	81700.0	81700.0	81641.0	81641.0	65
15.12.2025 09:00	81641.0	81801.0	81400.0	81600.0	12998
15.12.2025 10:00	81608.0	81689.0	81256.0	81460.0	74461
15.12.2025 11:00	81459.0	81555.0	81223.0	81307.0	66519
15.12.2025 12:00	81307.0	81391.0	81118.0	81371.0	83200
15.12.2025 13:00	81369.0	81454.0	81150.0	81190.0	78494
15.12.2025 14:00	81190.0	81192.0	80840.0	81155.0	77655
15.12.2025 15:00	81140.0	81750.0	81129.0	81700.0	40572
15.12.2025 16:00	81698.0	81797.0	81305.0	81361.0	30951
15.12.2025 17:00	81359.0	81730.0	81308.0	81574.0	42068
15.12.2025 18:00	81574.0	81838.0	81500.0	81726.0	21605
15.12.2025 19:00	81764.0	81899.0	81720.0	81885.0	6603
15.12.2025 20:00	81883.0	81904.0	81711.0	81792.0	5520
15.12.2025 21:00	81790.0	81831.0	81737.0	81831.0	1351
15.12.2025 22:00	81831.0	81834.0	81717.0	81737.0	1321
15.12.2025 23:00	81740.0	81755.0	81700.0	81755.0	1318
16.12.2025 08:00	81760.0	81760.0	81749.0	81750.0	4
16.12.2025 09:00	81760.0	81805.0	81642.0	81752.0	6902
16.12.2025 10:00	81772.0	81816.0	81536.0	81568.0	50893
16.12.2025 11:00	81568.0	81609.0	81333.0	81389.0	77562
16.12.2025 12:00	81390.0	81580.0	81290.0	81570.0	94358
16.12.2025 13:00	81569.0	81631.0	81474.0	81602.0	132307
16.12.2025 14:00	81576.0	81743.0	81576.0	81743.0	23681
16.12.2025 15:00	81742.0	81755.0	81635.0	81652.0	30405
16.12.2025 16:00	81649.0	81655.0	81408.0	81455.0	76143
16.12.2025 17:00	81455.0	81538.0	81350.0	81401.0	81574
16.12.2025 18:00	81403.0	81544.0	81400.0	81520.0	29774
16.12.2025 19:00	81535.0	81600.0	81499.0	81552.0	5352
16.12.2025 20:00	81552.0	81572.0	81524.0	81564.0	4881
16.12.2025 21:00	81567.0	81582.0	81507.0	81531.0	3539
16.12.2025 22:00	81530.0	81589.0	81522.0	81562.0	2209
16.12.2025 23:00	81562.0	81599.0	81501.0	81579.0	2417
17.12.2025 09:00	81550.0	81910.0	81512.0	81832.0	34587
17.12.2025 10:00	81833.0	82204.0	81663.0	82186.0	113825
17.12.2025 11:00	82186.0	82450.0	82146.0	82408.0	122882
17.12.2025 12:00	82407.0	82632.0	82330.0	82599.0	133127
17.12.2025 13:00	82605.0	82774.0	82361.0	82402.0	138958
17.12.2025 14:00	82399.0	82520.0	82233.0	82262.0	91325
17.12.2025 15:00	82260.0	82420.0	82142.0	82415.0	109077
17.12.2025 16:00	82416.0	82463.0	82090.0	82229.0	70509
17.12.2025 17:00	82230.0	82407.0	82100.0	82306.0	87036
17.12.2025 18:00	82308.0	82710.0	82289.0	82705.0	168923
17.12.2025 19:00	82705.0	82710.0	82600.0	82639.0	16857
17.12.2025 20:00	82640.0	82658.0	82570.0	82602.0	8091
17.12.2025 21:00	82602.0	82715.0	82568.0	82715.0	8159
17.12.2025 22:00	82715.0	82715.0	82580.0	82631.0	6263
17.12.2025 23:00	82626.0	82680.0	82590.0	82600.0	4913
18.12.2025 08:00	82602.0	82602.0	82592.0	82592.0	52
18.12.2025 09:00	82592.0	82729.0	82455.0	82586.0	33390
18.12.2025 10:00	82586.0	82749.0	82301.0	82404.0	115789
18.12.2025 11:00	82397.0	82461.0	82034.0	82041.0	91772
18.12.2025 12:00	82040.0	82320.0	81930.0	82214.0	137407
18.12.2025 13:00	82214.0	82550.0	82190.0	82366.0	274919
18.12.2025 14:00	82368.0	82386.0	82170.0	82326.0	50853
18.12.2025 15:00	82326.0	82376.0	82253.0	82308.0	49384
18.12.2025 16:00	82306.0	82396.0	82177.0	82372.0	68231
18.12.2025 17:00	82374.0	82887.0	82301.0	82858.0	203958
18.12.2025 18:00	82860.0	83084.0	82798.0	82800.0	122173
18.12.2025 19:00	82849.0	82898.0	82779.0	82820.0	20900
18.12.2025 20:00	82826.0	83492.0	82826.0	83222.0	77317
18.12.2025 21:00	83218.0	83299.0	83117.0	83163.0	9974
18.12.2025 22:00	83164.0	83200.0	83157.0	83179.0	5584
18.12.2025 23:00	83179.0	83249.0	83158.0	83240.0	5456
19.12.2025 08:00	83260.0	83260.0	83242.0	83260.0	40
19.12.2025 09:00	83260.0	83378.0	83120.0	83299.0	33195
19.12.2025 10:00	83299.0	83860.0	83172.0	83808.0	261700
19.12.2025 11:00	83808.0	83959.0	83174.0	83252.0	332231
19.12.2025 12:00	83250.0	83542.0	83050.0	83063.0	144661
19.12.2025 13:00	83063.0	83222.0	82650.0	83101.0	184173
19.12.2025 14:00	83074.0	83272.0	82833.0	83106.0	93084
19.12.2025 15:00	83110.0	83197.0	82500.0	82616.0	190110
19.12.2025 16:00	82617.0	82621.0	82300.0	82342.0	94986
19.12.2025 17:00	82336.0	82396.0	81950.0	82020.0	128654
19.12.2025 18:00	82019.0	82288.0	81991.0	82195.0	70070
19.12.2025 19:00	82198.0	82270.0	82127.0	82151.0	17099
19.12.2025 20:00	82151.0	82214.0	82105.0	82175.0	5003
19.12.2025 21:00	82173.0	82177.0	82115.0	82147.0	3552
19.12.2025 22:00	82148.0	82148.0	82091.0	82098.0	4739
19.12.2025 23:00	82099.0	82167.0	82065.0	82159.0	5781
22.12.2025 09:00	82090.0	82129.0	81630.0	81707.0	49850
22.12.2025 10:00	81707.0	81980.0	81570.0	81920.0	91184
22.12.2025 11:00	81920.0	81920.0	81015.0	81044.0	219398
22.12.2025 12:00	81044.0	81125.0	80910.0	81111.0	241067
22.12.2025 13:00	81114.0	81127.0	80400.0	80404.0	219151
22.12.2025 14:00	80405.0	80818.0	80305.0	80780.0	174638
22.12.2025 15:00	80781.0	80965.0	80564.0	80800.0	125997
22.12.2025 16:00	80798.0	80947.0	80700.0	80790.0	46016
22.12.2025 17:00	80789.0	80825.0	80189.0	80278.0	106265
22.12.2025 18:00	80273.0	80602.0	80147.0	80339.0	53986
22.12.2025 19:00	80328.0	80542.0	80185.0	80384.0	14486
22.12.2025 20:00	80385.0	80465.0	80299.0	80299.0	5708
22.12.2025 21:00	80298.0	80417.0	80289.0	80385.0	2285
22.12.2025 22:00	80386.0	80410.0	80317.0	80345.0	3893
22.12.2025 23:00	80345.0	80378.0	80315.0	80315.0	2985
23.12.2025 08:00	80249.0	80304.0	80249.0	80304.0	171
23.12.2025 09:00	80278.0	80536.0	80063.0	80284.0	45328
23.12.2025 10:00	80284.0	80687.0	80258.0	80325.0	119621
23.12.2025 11:00	80328.0	80409.0	79972.0	80080.0	224419
23.12.2025 12:00	80078.0	80188.0	79809.0	80086.0	318003
23.12.2025 13:00	80086.0	80250.0	80057.0	80127.0	90218
23.12.2025 14:00	80128.0	80200.0	79708.0	79873.0	89322
23.12.2025 15:00	79875.0	79950.0	79511.0	79662.0	104652
23.12.2025 16:00	79661.0	79832.0	79501.0	79521.0	118370
23.12.2025 17:00	79524.0	79769.0	79388.0	79695.0	224264
23.12.2025 18:00	79696.0	79851.0	79555.0	79737.0	32536
23.12.2025 19:00	79722.0	79922.0	79696.0	79840.0	14521
23.12.2025 20:00	79842.0	79845.0	79751.0	79816.0	6270
23.12.2025 21:00	79815.0	79835.0	79750.0	79770.0	3379
23.12.2025 22:00	79761.0	79776.0	79633.0	79714.0	7310
23.12.2025 23:00	79712.0	79898.0	79712.0	79846.0	3935
24.12.2025 09:00	79815.0	80000.0	79602.0	79822.0	43987
24.12.2025 10:00	79831.0	80020.0	79565.0	79799.0	134467
24.12.2025 11:00	79800.0	80124.0	79663.0	79752.0	241209
24.12.2025 12:00	79753.0	80436.0	79734.0	80221.0	231826
24.12.2025 13:00	80227.0	80753.0	80220.0	80541.0	106692
24.12.2025 14:00	80568.0	80886.0	80473.0	80844.0	115415
24.12.2025 15:00	80849.0	81112.0	80838.0	80895.0	396746
24.12.2025 16:00	80894.0	80968.0	80422.0	80519.0	264888
24.12.2025 17:00	80518.0	80525.0	80136.0	80242.0	87586
24.12.2025 18:00	80236.0	80425.0	80156.0	80332.0	36764
24.12.2025 19:00	80359.0	80439.0	80250.0	80290.0	13141
24.12.2025 20:00	80290.0	80339.0	80205.0	80227.0	5151
24.12.2025 21:00	80227.0	80282.0	80200.0	80234.0	4170
24.12.2025 22:00	80238.0	80300.0	80220.0	80233.0	2241
24.12.2025 23:00	80234.0	80264.0	80221.0	80221.0	2552
25.12.2025 09:00	80244.0	80286.0	80035.0	80110.0	26474
25.12.2025 10:00	80107.0	80150.0	79600.0	79880.0	116503
25.12.2025 11:00	79884.0	79987.0	79755.0	79940.0	59603
25.12.2025 12:00	79939.0	79985.0	79515.0	79645.0	112174
25.12.2025 13:00	79644.0	79829.0	79530.0	79627.0	107129
25.12.2025 14:00	79620.0	79900.0	79460.0	79775.0	121515
25.12.2025 15:00	79774.0	79848.0	79358.0	79363.0	267176
25.12.2025 16:00	79369.0	79513.0	79134.0	79280.0	140917
25.12.2025 17:00	79279.0	79422.0	79231.0	79363.0	87982
25.12.2025 18:00	79363.0	79430.0	79233.0	79347.0	77927
25.12.2025 19:00	79377.0	79388.0	79108.0	79208.0	16704
25.12.2025 20:00	79206.0	79277.0	79160.0	79197.0	6772
25.12.2025 21:00	79203.0	79210.0	79160.0	79199.0	3258
25.12.2025 22:00	79197.0	79266.0	79180.0	79259.0	2785
25.12.2025 23:00	79261.0	79270.0	79202.0	79247.0	3504
26.12.2025 09:00	79275.0	79375.0	78990.0	79046.0	50207
26.12.2025 10:00	79045.0	79777.0	78839.0	79656.0	177352
26.12.2025 11:00	79656.0	80055.0	79566.0	79692.0	175498
26.12.2025 12:00	79695.0	79708.0	79111.0	79244.0	112672
26.12.2025 13:00	79244.0	79473.0	79191.0	79357.0	97156
26.12.2025 14:00	79357.0	79408.0	79236.0	79285.0	47537
26.12.2025 15:00	79285.0	79472.0	79126.0	79191.0	83621
26.12.2025 16:00	79191.0	79213.0	78733.0	78859.0	276038
26.12.2025 17:00	78859.0	79176.0	78835.0	78989.0	131610
26.12.2025 18:00	78990.0	79222.0	78988.0	79102.0	49423
26.12.2025 19:00	79150.0	79155.0	78983.0	79023.0	10694
26.12.2025 20:00	79023.0	79090.0	79021.0	79029.0	3139
26.12.2025 21:00	79030.0	79062.0	79007.0	79017.0	2950
26.12.2025 22:00	79017.0	79112.0	79005.0	79036.0	3962
26.12.2025 23:00	79037.0	79100.0	79037.0	79050.0	4883
29.12.2025 09:00	79071.0	79318.0	79010.0	79198.0	41435
29.12.2025 10:00	79193.0	79523.0	78974.0	79354.0	100518
29.12.2025 11:00	79353.0	79374.0	78946.0	79000.0	62968
29.12.2025 12:00	79000.0	79292.0	78833.0	79216.0	93277
29.12.2025 13:00	79217.0	79379.0	79146.0	79178.0	61871
29.12.2025 14:00	79177.0	79450.0	79163.0	79449.0	42608
29.12.2025 15:00	79449.0	79843.0	79449.0	79769.0	82692
29.12.2025 16:00	79766.0	79830.0	79413.0	79444.0	85558
29.12.2025 17:00	79444.0	79627.0	79335.0	79379.0	65026
29.12.2025 18:00	79378.0	79800.0	79311.0	79721.0	67830
29.12.2025 19:00	79769.0	79850.0	79585.0	79612.0	22867
29.12.2025 20:00	79612.0	79742.0	79604.0	79687.0	5720
29.12.2025 21:00	79687.0	79757.0	79650.0	79700.0	5979
29.12.2025 22:00	79699.0	79729.0	79627.0	79667.0	3233
29.12.2025 23:00	79663.0	79769.0	79608.0	79618.0	5254
30.12.2025 09:00	79646.0	79699.0	79500.0	79575.0	21647
30.12.2025 10:00	79573.0	80317.0	79355.0	80024.0	171818
30.12.2025 11:00	80024.0	80059.0	79510.0	79618.0	84115
30.12.2025 12:00	79619.0	79677.0	79111.0	79125.0	359373
30.12.2025 13:00	79125.0	79477.0	79104.0	79433.0	159130
30.12.2025 14:00	79425.0	79972.0	79254.0	79944.0	113358
30.12.2025 15:00	79950.0	80200.0	79844.0	80185.0	158735
30.12.2025 16:00	80183.0	80458.0	80154.0	80374.0	141591
30.12.2025 17:00	80377.0	80531.0	80049.0	80085.0	113258
30.12.2025 18:00	80082.0	80257.0	80033.0	80195.0	50698
30.12.2025 19:00	80250.0	80250.0	80113.0	80145.0	16898
30.12.2025 20:00	80143.0	80164.0	80110.0	80158.0	4840
30.12.2025 21:00	80158.0	80234.0	80140.0	80199.0	5639
30.12.2025 22:00	80201.0	80243.0	80156.0	80228.0	5253
30.12.2025 23:00	80223.0	80250.0	80175.0	80223.0	5988
05.01.2026 09:00	80260.0	80633.0	80200.0	80446.0	36826
05.01.2026 10:00	80444.0	81675.0	80363.0	81662.0	146825
05.01.2026 11:00	81662.0	81709.0	81370.0	81466.0	47442
05.01.2026 12:00	81466.0	81667.0	81250.0	81288.0	52781
05.01.2026 13:00	81288.0	81500.0	81217.0	81421.0	25297
05.01.2026 14:00	81417.0	81517.0	81273.0	81319.0	19497
05.01.2026 15:00	81325.0	81484.0	81279.0	81470.0	12711
05.01.2026 16:00	81469.0	81550.0	81410.0	81476.0	11653
05.01.2026 17:00	81477.0	81562.0	81428.0	81479.0	10615
05.01.2026 18:00	81479.0	81554.0	81370.0	81501.0	12868
05.01.2026 19:00	81501.0	81650.0	81501.0	81597.0	10030
05.01.2026 20:00	81595.0	81600.0	81542.0	81551.0	3745
05.01.2026 21:00	81551.0	81633.0	81549.0	81626.0	3091
05.01.2026 22:00	81625.0	81819.0	81625.0	81663.0	12791
05.01.2026 23:00	81660.0	81737.0	81640.0	81660.0	2840
06.01.2026 09:00	81714.0	81797.0	81486.0	81753.0	21755
06.01.2026 10:00	81741.0	81853.0	81016.0	81309.0	99417
06.01.2026 11:00	81307.0	81390.0	81219.0	81242.0	18236
06.01.2026 12:00	81236.0	81345.0	81121.0	81252.0	21302
06.01.2026 13:00	81249.0	81593.0	81234.0	81492.0	29208
06.01.2026 14:00	81492.0	81507.0	81292.0	81330.0	14211
06.01.2026 15:00	81330.0	81357.0	81077.0	81264.0	23031
06.01.2026 16:00	81260.0	81269.0	81107.0	81150.0	8080
06.01.2026 17:00	81149.0	81212.0	80777.0	80794.0	38266
06.01.2026 18:00	80795.0	80921.0	80713.0	80818.0	19186
06.01.2026 19:00	80816.0	80860.0	80800.0	80848.0	3581
06.01.2026 20:00	80847.0	80874.0	80844.0	80846.0	2636
06.01.2026 21:00	80845.0	80858.0	80822.0	80829.0	1767
06.01.2026 22:00	80833.0	80871.0	80805.0	80866.0	2972
06.01.2026 23:00	80866.0	80899.0	80826.0	80870.0	2370
08.01.2026 08:00	80946.0	80946.0	80928.0	80928.0	259
08.01.2026 09:00	80946.0	81199.0	80924.0	81035.0	31169
08.01.2026 10:00	81022.0	81436.0	80607.0	81331.0	105422
08.01.2026 11:00	81331.0	81495.0	81244.0	81365.0	39423
08.01.2026 12:00	81362.0	81420.0	81135.0	81394.0	31618
08.01.2026 13:00	81394.0	81420.0	81086.0	81130.0	25666
08.01.2026 14:00	81121.0	81168.0	80910.0	81161.0	26353
08.01.2026 15:00	81161.0	81270.0	80963.0	81068.0	19984
08.01.2026 16:00	81068.0	81110.0	80674.0	80709.0	42405
08.01.2026 17:00	80712.0	80760.0	80579.0	80704.0	41641
08.01.2026 18:00	80705.0	80745.0	80619.0	80693.0	16483
08.01.2026 19:00	80698.0	80848.0	80662.0	80838.0	8170
08.01.2026 20:00	80838.0	80861.0	80779.0	80781.0	3413
08.01.2026 21:00	80786.0	80805.0	80748.0	80800.0	2200
08.01.2026 22:00	80801.0	80810.0	80777.0	80806.0	2022
08.01.2026 23:00	80805.0	80820.0	80790.0	80793.0	1979
09.01.2026 09:00	80793.0	80905.0	80652.0	80740.0	14883
09.01.2026 10:00	80740.0	80787.0	80230.0	80501.0	78804
09.01.2026 11:00	80498.0	80498.0	80161.0	80212.0	36924
09.01.2026 12:00	80211.0	80211.0	79955.0	80170.0	63186
09.01.2026 13:00	80169.0	80249.0	80082.0	80132.0	20933
09.01.2026 14:00	80132.0	80203.0	80050.0	80126.0	11065
09.01.2026 15:00	80120.0	80173.0	79911.0	80125.0	26563
09.01.2026 16:00	80126.0	80126.0	79939.0	80027.0	16102
09.01.2026 17:00	80028.0	80038.0	79861.0	79912.0	16883
09.01.2026 18:00	79912.0	79963.0	79850.0	79903.0	13345
09.01.2026 19:00	79890.0	79989.0	79879.0	79930.0	6255
09.01.2026 20:00	79931.0	80074.0	79897.0	80030.0	6745
09.01.2026 21:00	80035.0	80050.0	80002.0	80024.0	2929
09.01.2026 22:00	80024.0	80027.0	79940.0	79977.0	3167
09.01.2026 23:00	79978.0	79988.0	79860.0	79880.0	6202
12.01.2026 09:00	79947.0	80094.0	79622.0	79912.0	44762
12.01.2026 10:00	79918.0	80780.0	79873.0	80568.0	134329
12.01.2026 11:00	80564.0	80677.0	80425.0	80447.0	52525
12.01.2026 12:00	80443.0	80448.0	80144.0	80393.0	73085
12.01.2026 13:00	80392.0	80500.0	80144.0	80164.0	47822
12.01.2026 14:00	80166.0	80252.0	80081.0	80228.0	32698
12.01.2026 15:00	80230.0	80350.0	80100.0	80238.0	62121
12.01.2026 16:00	80238.0	80444.0	80116.0	80375.0	79631
12.01.2026 17:00	80373.0	80395.0	80191.0	80266.0	44447
12.01.2026 18:00	80270.0	80350.0	80220.0	80231.0	19105
12.01.2026 19:00	80210.0	80296.0	80164.0	80280.0	8880
12.01.2026 20:00	80280.0	80349.0	80254.0	80318.0	4818
12.01.2026 21:00	80320.0	80338.0	80259.0	80295.0	2171
12.01.2026 22:00	80296.0	80427.0	80280.0	80358.0	4222
12.01.2026 23:00	80358.0	80436.0	80341.0	80430.0	2622
13.01.2026 09:00	80440.0	80550.0	80321.0	80403.0	24305
13.01.2026 10:00	80402.0	80615.0	80161.0	80230.0	98977
13.01.2026 11:00	80219.0	80299.0	80051.0	80274.0	52645
13.01.2026 12:00	80273.0	80589.0	80256.0	80469.0	84488
13.01.2026 13:00	80468.0	80565.0	80364.0	80448.0	33934
13.01.2026 14:00	80447.0	80491.0	80301.0	80370.0	27145
13.01.2026 15:00	80362.0	80372.0	80188.0	80297.0	25364
13.01.2026 16:00	80295.0	80299.0	79987.0	80103.0	67355
13.01.2026 17:00	80103.0	80223.0	80070.0	80185.0	35316
13.01.2026 18:00	80181.0	80382.0	80105.0	80250.0	40627
13.01.2026 19:00	80241.0	80340.0	80210.0	80278.0	5947
13.01.2026 20:00	80277.0	80285.0	80180.0	80220.0	4618
13.01.2026 21:00	80220.0	80300.0	80197.0	80249.0	3389
13.01.2026 22:00	80249.0	80315.0	80238.0	80282.0	3250
13.01.2026 23:00	80283.0	80330.0	80217.0	80330.0	3591
14.01.2026 09:00	80326.0	80349.0	80134.0	80285.0	16339
14.01.2026 10:00	80284.0	80534.0	80031.0	80155.0	90072
14.01.2026 11:00	80153.0	80196.0	79727.0	79894.0	175361
14.01.2026 12:00	79891.0	80088.0	79818.0	80085.0	48790
14.01.2026 13:00	80086.0	80119.0	79731.0	79829.0	66743
14.01.2026 14:00	79826.0	79919.0	79590.0	79870.0	119603
14.01.2026 15:00	79870.0	79892.0	79762.0	79810.0	51999
14.01.2026 16:00	79810.0	79840.0	79475.0	79661.0	139916
14.01.2026 17:00	79658.0	79770.0	79528.0	79751.0	45078
14.01.2026 18:00	79750.0	79860.0	79578.0	79659.0	45123
14.01.2026 19:00	79664.0	79670.0	79550.0	79652.0	7444
14.01.2026 20:00	79651.0	79700.0	79592.0	79674.0	4911
14.01.2026 21:00	79673.0	79705.0	79561.0	79613.0	3601
14.01.2026 22:00	79614.0	79623.0	79374.0	79500.0	12065
14.01.2026 23:00	79500.0	79566.0	79493.0	79559.0	4513
15.01.2026 09:00	79552.0	79938.0	79540.0	79750.0	47202
15.01.2026 10:00	79750.0	79907.0	79565.0	79699.0	72194
15.01.2026 11:00	79699.0	79965.0	79668.0	79921.0	117835
15.01.2026 12:00	79926.0	80165.0	79830.0	80051.0	210641
15.01.2026 13:00	80051.0	80240.0	80008.0	80230.0	70880
15.01.2026 14:00	80227.0	80365.0	80221.0	80337.0	209856
15.01.2026 15:00	80336.0	80387.0	79970.0	80085.0	174469
15.01.2026 16:00	80086.0	80091.0	79868.0	79918.0	47592
15.01.2026 17:00	79918.0	79918.0	79158.0	79475.0	189123
15.01.2026 18:00	79475.0	79560.0	79339.0	79379.0	35343
15.01.2026 19:00	79351.0	79473.0	79346.0	79376.0	9605
15.01.2026 20:00	79376.0	79436.0	79343.0	79354.0	6654
15.01.2026 21:00	79353.0	79379.0	79325.0	79375.0	3336
15.01.2026 22:00	79374.0	79410.0	79350.0	79392.0	4025
15.01.2026 23:00	79392.0	79468.0	79379.0	79460.0	4222
16.01.2026 09:00	79459.0	79460.0	79056.0	79116.0	37494
16.01.2026 10:00	79123.0	79500.0	78945.0	79286.0	103943
16.01.2026 11:00	79281.0	79338.0	79120.0	79200.0	49179
16.01.2026 12:00	79200.0	79378.0	79135.0	79204.0	42439
16.01.2026 13:00	79210.0	79231.0	79092.0	79168.0	45458
16.01.2026 14:00	79160.0	79294.0	79111.0	79240.0	52453
16.01.2026 15:00	79239.0	79389.0	79204.0	79344.0	33889
16.01.2026 16:00	79349.0	79420.0	79170.0	79349.0	40056
16.01.2026 17:00	79349.0	79675.0	79265.0	79557.0	252124
16.01.2026 18:00	79558.0	79655.0	79470.0	79620.0	173029
16.01.2026 19:00	79615.0	79632.0	79466.0	79503.0	11963
16.01.2026 20:00	79503.0	79528.0	79482.0	79482.0	2756
16.01.2026 21:00	79483.0	79506.0	79363.0	79389.0	5223
16.01.2026 22:00	79387.0	79482.0	79381.0	79465.0	4278
16.01.2026 23:00	79465.0	79473.0	79412.0	79437.0	3696
19.01.2026 09:00	79433.0	79602.0	79254.0	79602.0	25976
19.01.2026 10:00	79601.0	79720.0	79331.0	79380.0	77089
19.01.2026 11:00	79379.0	79620.0	79270.0	79580.0	67705
19.01.2026 12:00	79579.0	79643.0	79435.0	79478.0	38948
19.01.2026 13:00	79472.0	79479.0	79158.0	79218.0	69243
19.01.2026 14:00	79217.0	79237.0	79093.0	79195.0	33335
19.01.2026 15:00	79195.0	79338.0	79156.0	79228.0	34065
19.01.2026 16:00	79228.0	79390.0	79150.0	79230.0	31530
19.01.2026 17:00	79229.0	79258.0	79151.0	79208.0	16928
19.01.2026 18:00	79209.0	79300.0	79177.0	79243.0	17155
19.01.2026 19:00	79236.0	79355.0	79166.0	79205.0	6735
19.01.2026 20:00	79205.0	79220.0	79198.0	79214.0	2200
19.01.2026 21:00	79213.0	79238.0	79203.0	79233.0	2146
19.01.2026 22:00	79232.0	79255.0	79175.0	79190.0	4185
19.01.2026 23:00	79190.0	79266.0	79174.0	79266.0	3043
20.01.2026 09:00	79210.0	79298.0	79007.0	79117.0	36745
20.01.2026 10:00	79119.0	79496.0	79015.0	79491.0	94461
20.01.2026 11:00	79493.0	79555.0	79413.0	79461.0	75679
20.01.2026 12:00	79466.0	79600.0	79322.0	79560.0	71938
20.01.2026 13:00	79560.0	79718.0	79540.0	79569.0	86047
20.01.2026 14:00	79568.0	79608.0	79370.0	79417.0	46705
20.01.2026 15:00	79416.0	79417.0	79173.0	79340.0	159611
20.01.2026 16:00	79341.0	79390.0	79289.0	79310.0	26008
20.01.2026 17:00	79313.0	79321.0	79171.0	79267.0	118582
20.01.2026 18:00	79265.0	79347.0	79250.0	79250.0	19313
20.01.2026 19:00	79250.0	79326.0	79227.0	79244.0	7195
20.01.2026 20:00	79243.0	79262.0	79202.0	79229.0	2801
20.01.2026 21:00	79229.0	79274.0	79207.0	79260.0	2455
20.01.2026 22:00	79262.0	79275.0	79222.0	79267.0	1907
20.01.2026 23:00	79266.0	79321.0	79236.0	79303.0	3848
21.01.2026 09:00	79300.0	79450.0	79242.0	79390.0	28422
21.01.2026 10:00	79390.0	79441.0	78791.0	78822.0	133775
21.01.2026 11:00	78822.0	79040.0	78792.0	78893.0	46247
21.01.2026 12:00	78893.0	79090.0	78743.0	78987.0	82116
21.01.2026 13:00	78985.0	79035.0	78777.0	78850.0	113820
21.01.2026 14:00	78857.0	78857.0	78568.0	78595.0	81664
21.01.2026 15:00	78595.0	78735.0	78529.0	78618.0	47551
21.01.2026 16:00	78619.0	78636.0	78281.0	78308.0	63738
21.01.2026 17:00	78307.0	78474.0	78212.0	78278.0	69567
21.01.2026 18:00	78279.0	78294.0	77940.0	77995.0	78860
21.01.2026 19:00	78000.0	78020.0	77700.0	77830.0	30699
21.01.2026 20:00	77831.0	77889.0	77804.0	77863.0	8203
21.01.2026 21:00	77865.0	77970.0	77807.0	77921.0	8089
21.01.2026 22:00	77922.0	77991.0	77922.0	77958.0	10064
21.01.2026 23:00	77958.0	77981.0	77800.0	77862.0	10351
22.01.2026 08:00	77936.0	77936.0	77901.0	77901.0	28
22.01.2026 09:00	77900.0	77988.0	77657.0	77737.0	41107
22.01.2026 10:00	77740.0	77868.0	77117.0	77203.0	182111
22.01.2026 11:00	77203.0	77303.0	76971.0	77042.0	95184
22.01.2026 12:00	77043.0	77314.0	76900.0	77125.0	98293
22.01.2026 13:00	77125.0	77173.0	76810.0	77051.0	82923
22.01.2026 14:00	77050.0	77286.0	76911.0	77219.0	62986
22.01.2026 15:00	77219.0	77390.0	77161.0	77257.0	51058
22.01.2026 16:00	77257.0	77360.0	77156.0	77229.0	53032
22.01.2026 17:00	77233.0	77397.0	77031.0	77138.0	63486
22.01.2026 18:00	77138.0	77160.0	76930.0	76940.0	41979
22.01.2026 19:00	76931.0	77068.0	76821.0	76971.0	22499
22.01.2026 20:00	76970.0	77000.0	76915.0	76978.0	7221
22.01.2026 21:00	76978.0	76979.0	76909.0	76918.0	5157
22.01.2026 22:00	76914.0	76970.0	76909.0	76960.0	2929
22.01.2026 23:00	76965.0	76973.0	76820.0	76872.0	6447
23.01.2026 08:00	76872.0	76877.0	76872.0	76877.0	14
23.01.2026 09:00	76877.0	76940.0	76529.0	76848.0	50075
23.01.2026 10:00	76840.0	77215.0	76794.0	77183.0	128179
23.01.2026 11:00	77180.0	77421.0	77180.0	77247.0	136569
23.01.2026 12:00	77247.0	77350.0	77094.0	77172.0	73428
23.01.2026 13:00	77167.0	77291.0	77115.0	77223.0	46856
23.01.2026 14:00	77226.0	77317.0	77024.0	77040.0	73486
23.01.2026 15:00	77041.0	77113.0	76956.0	77059.0	44719
23.01.2026 16:00	77057.0	77240.0	77027.0	77209.0	23386
23.01.2026 17:00	77210.0	77258.0	77103.0	77106.0	25304
23.01.2026 18:00	77107.0	77153.0	77012.0	77041.0	28501
23.01.2026 19:00	77046.0	77048.0	76716.0	76866.0	32324
23.01.2026 20:00	76866.0	76917.0	76672.0	76717.0	14251
23.01.2026 21:00	76717.0	76784.0	76680.0	76718.0	6352
23.01.2026 22:00	76719.0	76733.0	76600.0	76669.0	6518
23.01.2026 23:00	76671.0	76680.0	76608.0	76649.0	6618
26.01.2026 09:00	76664.0	77044.0	76550.0	76863.0	66868
26.01.2026 10:00	76855.0	77144.0	76629.0	76741.0	108549
26.01.2026 11:00	76741.0	77485.0	76691.0	77388.0	146903
26.01.2026 12:00	77394.0	77835.0	77354.0	77786.0	196328
26.01.2026 13:00	77791.0	77939.0	77667.0	77792.0	105591
26.01.2026 14:00	77792.0	77848.0	77628.0	77668.0	61588
26.01.2026 15:00	77669.0	77815.0	77500.0	77787.0	103407
26.01.2026 16:00	77787.0	77900.0	77685.0	77846.0	67008
26.01.2026 17:00	77843.0	77974.0	77622.0	77783.0	189780
26.01.2026 18:00	77781.0	78212.0	77771.0	78021.0	89499
26.01.2026 19:00	78021.0	78102.0	77960.0	78079.0	12176
26.01.2026 20:00	78079.0	78095.0	77906.0	77971.0	9646
26.01.2026 21:00	77964.0	78040.0	77926.0	78021.0	5390
26.01.2026 22:00	78021.0	78090.0	77957.0	78007.0	6902
26.01.2026 23:00	78007.0	78099.0	77980.0	78054.0	5456
27.01.2026 09:00	78093.0	78173.0	77950.0	78094.0	25687
27.01.2026 10:00	78102.0	78340.0	77664.0	77752.0	138277
27.01.2026 11:00	77752.0	77823.0	77537.0	77660.0	65093
27.01.2026 12:00	77656.0	77883.0	77558.0	77607.0	111492
27.01.2026 13:00	77606.0	77619.0	77328.0	77600.0	106773
27.01.2026 14:00	77600.0	77669.0	77437.0	77634.0	41588
27.01.2026 15:00	77636.0	77749.0	77561.0	77623.0	163978
27.01.2026 16:00	77622.0	77700.0	77390.0	77424.0	78462
27.01.2026 17:00	77421.0	77468.0	77284.0	77407.0	52502
27.01.2026 18:00	77408.0	77412.0	77223.0	77260.0	54590
27.01.2026 19:00	77320.0	77340.0	77009.0	77288.0	23085
27.01.2026 20:00	77290.0	77367.0	77260.0	77334.0	6177
27.01.2026 21:00	77336.0	77338.0	77280.0	77283.0	3725
27.01.2026 22:00	77288.0	77328.0	77250.0	77255.0	3620
27.01.2026 23:00	77255.0	77276.0	77137.0	77258.0	10756
28.01.2026 09:00	77176.0	77333.0	77088.0	77229.0	33628
28.01.2026 10:00	77215.0	77450.0	76819.0	77404.0	180952
28.01.2026 11:00	77404.0	77490.0	77212.0	77347.0	98355
28.01.2026 12:00	77350.0	77445.0	77261.0	77360.0	82369
28.01.2026 13:00	77366.0	77435.0	77220.0	77400.0	85450
28.01.2026 14:00	77399.0	77810.0	77352.0	77788.0	213345
28.01.2026 15:00	77793.0	77900.0	77627.0	77774.0	248515
28.01.2026 16:00	77778.0	77845.0	77645.0	77668.0	124816
28.01.2026 17:00	77667.0	77748.0	77535.0	77631.0	39256
28.01.2026 18:00	77629.0	77770.0	77564.0	77666.0	45691
28.01.2026 19:00	77660.0	77726.0	77572.0	77583.0	9759
28.01.2026 20:00	77583.0	77626.0	77551.0	77553.0	6610
28.01.2026 21:00	77553.0	77690.0	77511.0	77688.0	7997
28.01.2026 22:00	77687.0	77715.0	77571.0	77598.0	5215
28.01.2026 23:00	77598.0	77640.0	77551.0	77592.0	5860
29.01.2026 09:00	77575.0	77704.0	77406.0	77454.0	33631
29.01.2026 10:00	77457.0	77539.0	77120.0	77415.0	179158
29.01.2026 11:00	77414.0	77609.0	77301.0	77540.0	249839
29.01.2026 12:00	77539.0	77560.0	77250.0	77281.0	141611
29.01.2026 13:00	77281.0	77303.0	76952.0	77005.0	190622
29.01.2026 14:00	77006.0	77050.0	76782.0	76958.0	127943
29.01.2026 15:00	76958.0	76987.0	76770.0	76877.0	55834
29.01.2026 16:00	76876.0	76909.0	76606.0	76729.0	226826
29.01.2026 17:00	76728.0	76766.0	76152.0	76312.0	138829
29.01.2026 18:00	76316.0	76508.0	76227.0	76417.0	111244
29.01.2026 19:00	76429.0	76560.0	76378.0	76400.0	29307
29.01.2026 20:00	76400.0	76516.0	76347.0	76397.0	15400
29.01.2026 21:00	76398.0	76486.0	76370.0	76411.0	6446
29.01.2026 22:00	76414.0	76480.0	76406.0	76426.0	5677
29.01.2026 23:00	76432.0	76460.0	76334.0	76460.0	6828
30.01.2026 09:00	76453.0	76832.0	76305.0	76551.0	72179
30.01.2026 10:00	76555.0	76979.0	76500.0	76941.0	176123
30.01.2026 11:00	76939.0	77088.0	76756.0	76842.0	144781
30.01.2026 12:00	76843.0	76893.0	76682.0	76767.0	170264
30.01.2026 13:00	76766.0	77358.0	76766.0	77283.0	237570
30.01.2026 14:00	77281.0	77522.0	77239.0	77507.0	131475
30.01.2026 15:00	77509.0	77560.0	77240.0	77285.0	105055
30.01.2026 16:00	77285.0	77499.0	77223.0	77456.0	45295
30.01.2026 17:00	77454.0	77484.0	77316.0	77392.0	51965
30.01.2026 18:00	77393.0	77449.0	77247.0	77339.0	38272
30.01.2026 19:00	77343.0	77416.0	77279.0	77341.0	13584
30.01.2026 20:00	77339.0	77341.0	77176.0	77219.0	14920
30.01.2026 21:00	77225.0	77347.0	77197.0	77302.0	16675
30.01.2026 22:00	77304.0	77450.0	77283.0	77297.0	12286
30.01.2026 23:00	77297.0	77407.0	77257.0	77258.0	8910
02.02.2026 08:00	77260.0	77325.0	77260.0	77325.0	245
02.02.2026 09:00	77325.0	78147.0	77261.0	77878.0	77582
02.02.2026 10:00	77871.0	78750.0	77657.0	78689.0	256239
02.02.2026 11:00	78685.0	78750.0	78195.0	78233.0	154857
02.02.2026 12:00	78233.0	78244.0	77962.0	78052.0	90740
02.02.2026 13:00	78053.0	78108.0	77784.0	77845.0	88677
02.02.2026 14:00	77850.0	78084.0	77734.0	78058.0	79489
02.02.2026 15:00	78054.0	78102.0	77873.0	77914.0	61230
02.02.2026 16:00	77919.0	77993.0	77714.0	77731.0	215150
02.02.2026 17:00	77729.0	77743.0	77472.0	77660.0	136485
02.02.2026 18:00	77659.0	77728.0	77559.0	77642.0	50641
02.02.2026 19:00	77600.0	77780.0	77600.0	77747.0	15017
02.02.2026 20:00	77752.0	77790.0	77710.0	77710.0	4663
02.02.2026 21:00	77710.0	77842.0	77709.0	77769.0	7812
02.02.2026 22:00	77770.0	77817.0	77751.0	77758.0	3032
02.02.2026 23:00	77758.0	77835.0	77732.0	77783.0	3914
03.02.2026 09:00	77728.0	77838.0	77550.0	77676.0	23485
03.02.2026 10:00	77671.0	78045.0	77640.0	77868.0	144409
03.02.2026 11:00	77868.0	77921.0	77606.0	77893.0	325075
03.02.2026 12:00	77894.0	77961.0	77751.0	77834.0	120972
03.02.2026 13:00	77835.0	77906.0	77771.0	77807.0	63923
03.02.2026 14:00	77807.0	77845.0	77602.0	77710.0	148069
03.02.2026 15:00	77710.0	77930.0	77701.0	77846.0	42918
03.02.2026 16:00	77846.0	78179.0	77786.0	78073.0	108099
03.02.2026 17:00	78072.0	78140.0	77974.0	78084.0	45039
03.02.2026 18:00	78082.0	78138.0	78047.0	78062.0	32054
03.02.2026 19:00	78100.0	78369.0	78049.0	78260.0	27187
03.02.2026 20:00	78261.0	78273.0	78200.0	78229.0	6409
03.02.2026 21:00	78229.0	78229.0	78126.0	78130.0	7332
03.02.2026 22:00	78130.0	78264.0	78096.0	78219.0	7507
03.02.2026 23:00	78219.0	78219.0	78151.0	78161.0	3935
